Algorithm,Function,Dimension,Run,Best
CBA-SHADE,Ackley,30,0,7.549516567451064e-15
CBA-SHADE,Ackley,30,1,7.549516567451064e-15
CBA-SHADE,Ackley,30,2,7.549516567451064e-15
CBA-SHADE,Ackley,30,3,7.549516567451064e-15
CBA-SHADE,Ackley,30,4,7.549516567451064e-15
CBA-SHADE,Ackley,30,5,7.549516567451064e-15
CBA-SHADE,Ackley,30,6,7.549516567451064e-15
CBA-SHADE,Ackley,30,7,7.549516567451064e-15
CBA-SHADE,Ackley,30,8,7.549516567451064e-15
CBA-SHADE,Ackley,30,9,7.549516567451064e-15
CBA-SHADE,Ackley,30,10,3.996802888650564e-15
CBA-SHADE,Ackley,30,11,7.549516567451064e-15
CBA-SHADE,Ackley,30,12,7.549516567451064e-15
CBA-SHADE,Ackley,30,13,7.549516567451064e-15
CBA-SHADE,Ackley,30,14,7.549516567451064e-15
CBA-SHADE,Ackley,30,15,7.549516567451064e-15
CBA-SHADE,Ackley,30,16,7.549516567451064e-15
CBA-SHADE,Ackley,30,17,3.996802888650564e-15
CBA-SHADE,Ackley,30,18,7.549516567451064e-15
CBA-SHADE,Ackley,30,19,7.549516567451064e-15
CBA-SHADE,Ackley,30,20,7.549516567451064e-15
CBA-SHADE,Ackley,30,21,1.1102230246251564e-14
CBA-SHADE,Ackley,30,22,7.549516567451064e-15
CBA-SHADE,Ackley,30,23,7.549516567451064e-15
CBA-SHADE,Ackley,30,24,7.549516567451064e-15
CBA-SHADE,Ackley,30,25,7.549516567451064e-15
CBA-SHADE,Ackley,30,26,7.549516567451064e-15
CBA-SHADE,Ackley,30,27,7.549516567451064e-15
CBA-SHADE,Ackley,30,28,7.549516567451064e-15
CBA-SHADE,Ackley,30,29,7.549516567451064e-15
CBA-SHADE,BentCigar,30,0,4.081384346024455e-21
CBA-SHADE,BentCigar,30,1,1.5514756256541887e-20
CBA-SHADE,BentCigar,30,2,5.397011560415972e-21
CBA-SHADE,BentCigar,30,3,7.761571176023252e-22
CBA-SHADE,BentCigar,30,4,2.0547490298439064e-21
CBA-SHADE,BentCigar,30,5,1.0712285859806434e-22
CBA-SHADE,BentCigar,30,6,1.3156173764282819e-20
CBA-SHADE,BentCigar,30,7,1.2754967028839762e-21
CBA-SHADE,BentCigar,30,8,3.322690021399954e-21
CBA-SHADE,BentCigar,30,9,9.797984553286065e-22
CBA-SHADE,BentCigar,30,10,3.257225610319283e-22
CBA-SHADE,BentCigar,30,11,7.050608549698825e-22
CBA-SHADE,BentCigar,30,12,4.9096273372800665e-21
CBA-SHADE,BentCigar,30,13,4.075352947468242e-22
CBA-SHADE,BentCigar,30,14,1.294991856355722e-21
CBA-SHADE,BentCigar,30,15,1.1507042742987505e-21
CBA-SHADE,BentCigar,30,16,9.721371565462358e-23
CBA-SHADE,BentCigar,30,17,5.181029664497092e-21
CBA-SHADE,BentCigar,30,18,1.4967817817136602e-21
CBA-SHADE,BentCigar,30,19,9.999293178828511e-25
CBA-SHADE,BentCigar,30,20,7.479431936759998e-21
CBA-SHADE,BentCigar,30,21,1.6409507190904866e-21
CBA-SHADE,BentCigar,30,22,1.1964593782600133e-21
CBA-SHADE,BentCigar,30,23,6.638303992823373e-21
CBA-SHADE,BentCigar,30,24,7.474375737521149e-22
CBA-SHADE,BentCigar,30,25,1.5597271536368334e-20
CBA-SHADE,BentCigar,30,26,7.762991728342382e-21
CBA-SHADE,BentCigar,30,27,1.0218659619352367e-20
CBA-SHADE,BentCigar,30,28,6.2657967105209906e-21
CBA-SHADE,BentCigar,30,29,2.662247222848628e-22
CBA-SHADE,Composition,30,0,2.220446049250313e-16
CBA-SHADE,Composition,30,1,2.220446049250313e-16
CBA-SHADE,Composition,30,2,2.2204460492503136e-16
CBA-SHADE,Composition,30,3,1.9984014443252944e-15
CBA-SHADE,Composition,30,4,2.220446049250313e-16
CBA-SHADE,Composition,30,5,2.220446049250313e-16
CBA-SHADE,Composition,30,6,1.998401444325288e-15
CBA-SHADE,Composition,30,7,3.774758283725594e-15
CBA-SHADE,Composition,30,8,1.998401444325307e-15
CBA-SHADE,Composition,30,9,1.998401444325287e-15
CBA-SHADE,Composition,30,10,2.220446049250313e-16
CBA-SHADE,Composition,30,11,1.998401444325307e-15
CBA-SHADE,Composition,30,12,2.220446049250313e-16
CBA-SHADE,Composition,30,13,3.774758283725597e-15
CBA-SHADE,Composition,30,14,2.220446049250313e-16
CBA-SHADE,Composition,30,15,2.220446049250313e-16
CBA-SHADE,Composition,30,16,2.220446049250314e-16
CBA-SHADE,Composition,30,17,2.220446049250313e-16
CBA-SHADE,Composition,30,18,1.9984014443252853e-15
CBA-SHADE,Composition,30,19,2.220446049250313e-16
CBA-SHADE,Composition,30,20,2.220446049250313e-16
CBA-SHADE,Composition,30,21,2.220446049250313e-16
CBA-SHADE,Composition,30,22,2.220446049250313e-16
CBA-SHADE,Composition,30,23,2.2204460492503136e-16
CBA-SHADE,Composition,30,24,1.998401444325307e-15
CBA-SHADE,Composition,30,25,2.220446049250313e-16
CBA-SHADE,Composition,30,26,1.998401444325288e-15
CBA-SHADE,Composition,30,27,1.9984014443252845e-15
CBA-SHADE,Composition,30,28,2.220446049250313e-16
CBA-SHADE,Composition,30,29,2.220446049250313e-16
CBA-SHADE,DynamicSphere,30,0,0.0093864147649563
CBA-SHADE,DynamicSphere,30,1,0.0095086125552573
CBA-SHADE,DynamicSphere,30,2,0.0256566716088183
CBA-SHADE,DynamicSphere,30,3,0.0149851856537573
CBA-SHADE,DynamicSphere,30,4,0.0172268316408828
CBA-SHADE,DynamicSphere,30,5,0.0173987092511138
CBA-SHADE,DynamicSphere,30,6,0.0267327805887605
CBA-SHADE,DynamicSphere,30,7,0.0169383360416602
CBA-SHADE,DynamicSphere,30,8,0.021144479098283
CBA-SHADE,DynamicSphere,30,9,0.0129409477528882
CBA-SHADE,DynamicSphere,30,10,0.0096501416431676
CBA-SHADE,DynamicSphere,30,11,0.0240455925743546
CBA-SHADE,DynamicSphere,30,12,0.0160641559676872
CBA-SHADE,DynamicSphere,30,13,0.0106486052386272
CBA-SHADE,DynamicSphere,30,14,0.0150644139271472
CBA-SHADE,DynamicSphere,30,15,0.0122779124753599
CBA-SHADE,DynamicSphere,30,16,0.0103614350184694
CBA-SHADE,DynamicSphere,30,17,0.0113123596575697
CBA-SHADE,DynamicSphere,30,18,0.0189160424990569
CBA-SHADE,DynamicSphere,30,19,0.0055120738854812
CBA-SHADE,DynamicSphere,30,20,0.0191622459702288
CBA-SHADE,DynamicSphere,30,21,0.0063729958128085
CBA-SHADE,DynamicSphere,30,22,0.0106727992460509
CBA-SHADE,DynamicSphere,30,23,0.0134920221247002
CBA-SHADE,DynamicSphere,30,24,0.0231954591129428
CBA-SHADE,DynamicSphere,30,25,0.0144961261621248
CBA-SHADE,DynamicSphere,30,26,0.0115147838298224
CBA-SHADE,DynamicSphere,30,27,0.0071379504098043
CBA-SHADE,DynamicSphere,30,28,0.0125718782029085
CBA-SHADE,DynamicSphere,30,29,0.015200678129909
CBA-SHADE,Griewank,30,0,0.0
CBA-SHADE,Griewank,30,1,0.0
CBA-SHADE,Griewank,30,2,0.0
CBA-SHADE,Griewank,30,3,0.0
CBA-SHADE,Griewank,30,4,0.0
CBA-SHADE,Griewank,30,5,0.0
CBA-SHADE,Griewank,30,6,0.0
CBA-SHADE,Griewank,30,7,0.0
CBA-SHADE,Griewank,30,8,0.0
CBA-SHADE,Griewank,30,9,0.0
CBA-SHADE,Griewank,30,10,0.0
CBA-SHADE,Griewank,30,11,0.0
CBA-SHADE,Griewank,30,12,0.0
CBA-SHADE,Griewank,30,13,0.0
CBA-SHADE,Griewank,30,14,0.0
CBA-SHADE,Griewank,30,15,0.0
CBA-SHADE,Griewank,30,16,0.0
CBA-SHADE,Griewank,30,17,0.0
CBA-SHADE,Griewank,30,18,0.0
CBA-SHADE,Griewank,30,19,0.0
CBA-SHADE,Griewank,30,20,0.0
CBA-SHADE,Griewank,30,21,0.0
CBA-SHADE,Griewank,30,22,0.0
CBA-SHADE,Griewank,30,23,0.0
CBA-SHADE,Griewank,30,24,0.0
CBA-SHADE,Griewank,30,25,0.0
CBA-SHADE,Griewank,30,26,0.0
CBA-SHADE,Griewank,30,27,0.0
CBA-SHADE,Griewank,30,28,0.0
CBA-SHADE,Griewank,30,29,0.0
CBA-SHADE,Levy,30,0,5.130112917518737e-31
CBA-SHADE,Levy,30,1,1.4997597826618576e-32
CBA-SHADE,Levy,30,2,1.5583424861786968e-30
CBA-SHADE,Levy,30,3,1.4997597826618576e-32
CBA-SHADE,Levy,30,4,7.122167693219754e-31
CBA-SHADE,Levy,30,5,1.4997597826618576e-32
CBA-SHADE,Levy,30,6,4.134085529668223e-31
CBA-SHADE,Levy,30,7,1.4997597826618576e-32
CBA-SHADE,Levy,30,8,1.4997597826618576e-32
CBA-SHADE,Levy,30,9,1.4997597826618576e-32
CBA-SHADE,Levy,30,10,1.4997597826618576e-32
CBA-SHADE,Levy,30,11,1.4997597826618576e-32
CBA-SHADE,Levy,30,12,1.4997597826618576e-32
CBA-SHADE,Levy,30,13,1.4997597826618576e-32
CBA-SHADE,Levy,30,14,1.060328792253442e-30
CBA-SHADE,Levy,30,15,1.4997597826618576e-32
CBA-SHADE,Levy,30,16,1.6390414318798284e-31
CBA-SHADE,Levy,30,17,1.4997597826618576e-32
CBA-SHADE,Levy,30,18,8.6112331468334e-31
CBA-SHADE,Levy,30,19,1.4997597826618576e-32
CBA-SHADE,Levy,30,20,1.4997597826618576e-32
CBA-SHADE,Levy,30,21,1.4997597826618576e-32
CBA-SHADE,Levy,30,22,1.4997597826618576e-32
CBA-SHADE,Levy,30,23,1.4997597826618576e-32
CBA-SHADE,Levy,30,24,4.134085529668223e-31
CBA-SHADE,Levy,30,25,2.142030753967206e-31
CBA-SHADE,Levy,30,26,1.4997597826618576e-32
CBA-SHADE,Levy,30,27,2.6350688197303385e-31
CBA-SHADE,Levy,30,28,4.134085529668227e-31
CBA-SHADE,Levy,30,29,2.6350688197303385e-31
CBA-SHADE,NoisyRastrigin,30,0,0.1976207580872593
CBA-SHADE,NoisyRastrigin,30,1,0.1756361298604911
CBA-SHADE,NoisyRastrigin,30,2,0.2104020372206569
CBA-SHADE,NoisyRastrigin,30,3,0.1994880459124832
CBA-SHADE,NoisyRastrigin,30,4,0.1925555773812917
CBA-SHADE,NoisyRastrigin,30,5,0.158668251763224
CBA-SHADE,NoisyRastrigin,30,6,0.255350341403787
CBA-SHADE,NoisyRastrigin,30,7,0.2275681677625343
CBA-SHADE,NoisyRastrigin,30,8,0.1883755081558114
CBA-SHADE,NoisyRastrigin,30,9,0.1343756046936555
CBA-SHADE,NoisyRastrigin,30,10,0.184995609442419
CBA-SHADE,NoisyRastrigin,30,11,0.1346547091402712
CBA-SHADE,NoisyRastrigin,30,12,0.1902483282995604
CBA-SHADE,NoisyRastrigin,30,13,0.2318149390821098
CBA-SHADE,NoisyRastrigin,30,14,0.1995338506626591
CBA-SHADE,NoisyRastrigin,30,15,0.2145033034740944
CBA-SHADE,NoisyRastrigin,30,16,0.1613326387313094
CBA-SHADE,NoisyRastrigin,30,17,0.2249460322708429
CBA-SHADE,NoisyRastrigin,30,18,0.2795037134109677
CBA-SHADE,NoisyRastrigin,30,19,0.2487907929305333
CBA-SHADE,NoisyRastrigin,30,20,0.1918252622505694
CBA-SHADE,NoisyRastrigin,30,21,0.2505894440695275
CBA-SHADE,NoisyRastrigin,30,22,0.2173429118504977
CBA-SHADE,NoisyRastrigin,30,23,0.2124083152284193
CBA-SHADE,NoisyRastrigin,30,24,0.2499287988122081
CBA-SHADE,NoisyRastrigin,30,25,0.192802626102404
CBA-SHADE,NoisyRastrigin,30,26,0.2437583974425408
CBA-SHADE,NoisyRastrigin,30,27,0.1191032910263132
CBA-SHADE,NoisyRastrigin,30,28,0.1337549325239031
CBA-SHADE,NoisyRastrigin,30,29,0.196455044544427
CBA-SHADE,NoisySphere,30,0,0.015625668451146
CBA-SHADE,NoisySphere,30,1,0.011938500439764
CBA-SHADE,NoisySphere,30,2,0.0121068043718993
CBA-SHADE,NoisySphere,30,3,0.0079775746958641
CBA-SHADE,NoisySphere,30,4,0.0263018204594318
CBA-SHADE,NoisySphere,30,5,0.0078243647889469
CBA-SHADE,NoisySphere,30,6,0.0184830566918941
CBA-SHADE,NoisySphere,30,7,0.0113433609649552
CBA-SHADE,NoisySphere,30,8,0.0127624308713256
CBA-SHADE,NoisySphere,30,9,0.016355021165301
CBA-SHADE,NoisySphere,30,10,0.0129712728258247
CBA-SHADE,NoisySphere,30,11,0.0113907103965481
CBA-SHADE,NoisySphere,30,12,0.012003688976861
CBA-SHADE,NoisySphere,30,13,0.0143881294581003
CBA-SHADE,NoisySphere,30,14,0.0112637070859223
CBA-SHADE,NoisySphere,30,15,0.0088702329104041
CBA-SHADE,NoisySphere,30,16,0.0129306934074611
CBA-SHADE,NoisySphere,30,17,0.0134187057842458
CBA-SHADE,NoisySphere,30,18,0.0220311445715661
CBA-SHADE,NoisySphere,30,19,0.0149230521679764
CBA-SHADE,NoisySphere,30,20,0.0084680996195921
CBA-SHADE,NoisySphere,30,21,0.0161755414935407
CBA-SHADE,NoisySphere,30,22,0.0165929819590474
CBA-SHADE,NoisySphere,30,23,0.0125776832598816
CBA-SHADE,NoisySphere,30,24,0.0131712567531718
CBA-SHADE,NoisySphere,30,25,0.0152675494063486
CBA-SHADE,NoisySphere,30,26,0.0121017130389627
CBA-SHADE,NoisySphere,30,27,0.0129431816773267
CBA-SHADE,NoisySphere,30,28,0.0163811072978511
CBA-SHADE,NoisySphere,30,29,0.0100126490775706
CBA-SHADE,Rosenbrock,30,0,0.0750582761618529
CBA-SHADE,Rosenbrock,30,1,0.1999973806121542
CBA-SHADE,Rosenbrock,30,2,0.191108560362658
CBA-SHADE,Rosenbrock,30,3,0.0056387762094298
CBA-SHADE,Rosenbrock,30,4,0.4409037021408422
CBA-SHADE,Rosenbrock,30,5,0.3215143802565909
CBA-SHADE,Rosenbrock,30,6,0.049917256295346
CBA-SHADE,Rosenbrock,30,7,0.1092697262568812
CBA-SHADE,Rosenbrock,30,8,0.0420991560365696
CBA-SHADE,Rosenbrock,30,9,3.986623911826437
CBA-SHADE,Rosenbrock,30,10,0.5844801927592238
CBA-SHADE,Rosenbrock,30,11,0.0448104896835035
CBA-SHADE,Rosenbrock,30,12,0.0005198512202244
CBA-SHADE,Rosenbrock,30,13,0.2196694473993533
CBA-SHADE,Rosenbrock,30,14,0.0181881983300108
CBA-SHADE,Rosenbrock,30,15,0.0021432315302839
CBA-SHADE,Rosenbrock,30,16,0.2393976352309909
CBA-SHADE,Rosenbrock,30,17,0.0208284212646866
CBA-SHADE,Rosenbrock,30,18,0.008669613560063
CBA-SHADE,Rosenbrock,30,19,0.1540896055982928
CBA-SHADE,Rosenbrock,30,20,0.4897842612602822
CBA-SHADE,Rosenbrock,30,21,0.0449647731010366
CBA-SHADE,Rosenbrock,30,22,0.9239366642534828
CBA-SHADE,Rosenbrock,30,23,0.540695147018063
CBA-SHADE,Rosenbrock,30,24,0.2220765255062648
CBA-SHADE,Rosenbrock,30,25,3.986698841012144
CBA-SHADE,Rosenbrock,30,26,0.0284425022982219
CBA-SHADE,Rosenbrock,30,27,1.748295907544414e-08
CBA-SHADE,Rosenbrock,30,28,0.0004699929927303
CBA-SHADE,Rosenbrock,30,29,1.271502549265046
CBA-SHADE,RotatedElliptic,30,0,936.362370611246
CBA-SHADE,RotatedElliptic,30,1,9093.377597945198
CBA-SHADE,RotatedElliptic,30,2,748.0589114948402
CBA-SHADE,RotatedElliptic,30,3,504.0219922737655
CBA-SHADE,RotatedElliptic,30,4,7036.881617620033
CBA-SHADE,RotatedElliptic,30,5,17526.772929696257
CBA-SHADE,RotatedElliptic,30,6,1295.147608764874
CBA-SHADE,RotatedElliptic,30,7,2278.355079040699
CBA-SHADE,RotatedElliptic,30,8,62.92504433789888
CBA-SHADE,RotatedElliptic,30,9,922.6241084514484
CBA-SHADE,RotatedElliptic,30,10,18823.000621496456
CBA-SHADE,RotatedElliptic,30,11,1381.6564285308414
CBA-SHADE,RotatedElliptic,30,12,2609.961505617893
CBA-SHADE,RotatedElliptic,30,13,525.1957858898832
CBA-SHADE,RotatedElliptic,30,14,271.07034993357047
CBA-SHADE,RotatedElliptic,30,15,718.6215835171415
CBA-SHADE,RotatedElliptic,30,16,2371.9247234211807
CBA-SHADE,RotatedElliptic,30,17,263.2516475181931
CBA-SHADE,RotatedElliptic,30,18,5152.688594930432
CBA-SHADE,RotatedElliptic,30,19,417.3651429653618
CBA-SHADE,RotatedElliptic,30,20,1554.8793066270416
CBA-SHADE,RotatedElliptic,30,21,470.9549930439494
CBA-SHADE,RotatedElliptic,30,22,19.36055446127101
CBA-SHADE,RotatedElliptic,30,23,12040.33176610838
CBA-SHADE,RotatedElliptic,30,24,320.7373567162573
CBA-SHADE,RotatedElliptic,30,25,156.16708636820292
CBA-SHADE,RotatedElliptic,30,26,36.54022832503157
CBA-SHADE,RotatedElliptic,30,27,15221.176296283804
CBA-SHADE,RotatedElliptic,30,28,7.5347797674110355
CBA-SHADE,RotatedElliptic,30,29,6262.1786005491285
CBA-SHADE,Schwefel,30,0,0.0003818269888142
CBA-SHADE,Schwefel,30,1,0.0003818269888142
CBA-SHADE,Schwefel,30,2,0.0003818269888142
CBA-SHADE,Schwefel,30,3,0.0003818269888142
CBA-SHADE,Schwefel,30,4,0.0003818269888142
CBA-SHADE,Schwefel,30,5,0.0003818269888142
CBA-SHADE,Schwefel,30,6,0.0003818269888142
CBA-SHADE,Schwefel,30,7,0.0003818269888142
CBA-SHADE,Schwefel,30,8,0.0003818269888142
CBA-SHADE,Schwefel,30,9,0.0003818269888142
CBA-SHADE,Schwefel,30,10,0.0003818269888142
CBA-SHADE,Schwefel,30,11,0.0003818269888142
CBA-SHADE,Schwefel,30,12,0.0003818269888142
CBA-SHADE,Schwefel,30,13,0.0003818269888142
CBA-SHADE,Schwefel,30,14,0.0003818269888142
CBA-SHADE,Schwefel,30,15,0.0003818269888142
CBA-SHADE,Schwefel,30,16,0.0003818269888142
CBA-SHADE,Schwefel,30,17,0.0003818269888142
CBA-SHADE,Schwefel,30,18,0.0003818269888142
CBA-SHADE,Schwefel,30,19,0.0003818269888142
CBA-SHADE,Schwefel,30,20,0.0003818269888142
CBA-SHADE,Schwefel,30,21,0.0003818269888142
CBA-SHADE,Schwefel,30,22,0.0003818269888142
CBA-SHADE,Schwefel,30,23,0.0003818269888142
CBA-SHADE,Schwefel,30,24,0.0003818269888142
CBA-SHADE,Schwefel,30,25,0.0003818269888142
CBA-SHADE,Schwefel,30,26,0.0003818269888142
CBA-SHADE,Schwefel,30,27,0.0003818269888142
CBA-SHADE,Schwefel,30,28,0.0003818269888142
CBA-SHADE,Schwefel,30,29,0.0003818269888142
CBA-SHADE,Zakharov,30,0,5.282670438018835e-25
CBA-SHADE,Zakharov,30,1,2.291685611241749e-26
CBA-SHADE,Zakharov,30,2,5.881159115508837e-27
CBA-SHADE,Zakharov,30,3,5.685331945433103e-26
CBA-SHADE,Zakharov,30,4,1.1964853646201302e-25
CBA-SHADE,Zakharov,30,5,7.362996038479213e-26
CBA-SHADE,Zakharov,30,6,5.78519766847004e-25
CBA-SHADE,Zakharov,30,7,1.919376858358637e-24
CBA-SHADE,Zakharov,30,8,4.336375452607218e-25
CBA-SHADE,Zakharov,30,9,3.500745911729168e-27
CBA-SHADE,Zakharov,30,10,7.095014134148605e-26
CBA-SHADE,Zakharov,30,11,1.446427314273257e-26
CBA-SHADE,Zakharov,30,12,1.2052932585533951e-26
CBA-SHADE,Zakharov,30,13,5.205005941749301e-26
CBA-SHADE,Zakharov,30,14,7.96771778023379e-27
CBA-SHADE,Zakharov,30,15,4.019637661065754e-25
CBA-SHADE,Zakharov,30,16,1.9427887416372649e-25
CBA-SHADE,Zakharov,30,17,2.1543367616998067e-27
CBA-SHADE,Zakharov,30,18,3.663331068741592e-26
CBA-SHADE,Zakharov,30,19,2.336402815655504e-25
CBA-SHADE,Zakharov,30,20,5.586745055286678e-26
CBA-SHADE,Zakharov,30,21,1.2620973273568164e-24
CBA-SHADE,Zakharov,30,22,7.668629333962208e-28
CBA-SHADE,Zakharov,30,23,8.7909120074618e-25
CBA-SHADE,Zakharov,30,24,7.887019004448032e-27
CBA-SHADE,Zakharov,30,25,9.179493765202312e-25
CBA-SHADE,Zakharov,30,26,2.3287041109995304e-25
CBA-SHADE,Zakharov,30,27,6.930109926371545e-27
CBA-SHADE,Zakharov,30,28,8.026401173788061e-26
CBA-SHADE,Zakharov,30,29,2.595367785616684e-27
L-SHADE,Ackley,30,0,2.4411583865457938e-12
L-SHADE,Ackley,30,1,4.363176486776865e-12
L-SHADE,Ackley,30,2,2.309707980430176e-12
L-SHADE,Ackley,30,3,3.2085445411667024e-12
L-SHADE,Ackley,30,4,3.254729818991109e-12
L-SHADE,Ackley,30,5,3.47144535339794e-12
L-SHADE,Ackley,30,6,6.491251980378365e-12
L-SHADE,Ackley,30,7,6.790124018607457e-13
L-SHADE,Ackley,30,8,1.0378364834195965e-12
L-SHADE,Ackley,30,9,1.41797684705125e-12
L-SHADE,Ackley,30,10,2.4944490917278017e-12
L-SHADE,Ackley,30,11,5.794920099333467e-12
L-SHADE,Ackley,30,12,3.833822148635591e-12
L-SHADE,Ackley,30,13,6.111111616746712e-12
L-SHADE,Ackley,30,14,8.708589405159728e-13
L-SHADE,Ackley,30,15,1.7768009286101005e-12
L-SHADE,Ackley,30,16,1.4215295607300504e-12
L-SHADE,Ackley,30,17,5.7842619582970656e-12
L-SHADE,Ackley,30,18,2.5726087926614127e-12
L-SHADE,Ackley,30,19,1.34692257347524e-12
L-SHADE,Ackley,30,20,2.281286270999772e-12
L-SHADE,Ackley,30,21,2.707611912455832e-12
L-SHADE,Ackley,30,22,1.7696955012524997e-12
L-SHADE,Ackley,30,23,3.610001186871159e-12
L-SHADE,Ackley,30,24,2.6862956303830288e-12
L-SHADE,Ackley,30,25,2.7999824681046448e-12
L-SHADE,Ackley,30,26,2.814193322819847e-12
L-SHADE,Ackley,30,27,1.737721078143295e-12
L-SHADE,Ackley,30,28,5.617728504603292e-13
L-SHADE,Ackley,30,29,2.2670754162845697e-12
L-SHADE,BentCigar,30,0,1.2473361006950348e-15
L-SHADE,BentCigar,30,1,8.094024181219211e-15
L-SHADE,BentCigar,30,2,1.2990728834267135e-16
L-SHADE,BentCigar,30,3,2.5690076555878452e-14
L-SHADE,BentCigar,30,4,7.435108189192804e-14
L-SHADE,BentCigar,30,5,7.906660631321247e-16
L-SHADE,BentCigar,30,6,1.1978065178325424e-14
L-SHADE,BentCigar,30,7,7.963605846745719e-15
L-SHADE,BentCigar,30,8,6.081085046736335e-15
L-SHADE,BentCigar,30,9,5.0372538273968876e-14
L-SHADE,BentCigar,30,10,1.4102691700015191e-14
L-SHADE,BentCigar,30,11,6.541836292806181e-15
L-SHADE,BentCigar,30,12,2.034748211970749e-15
L-SHADE,BentCigar,30,13,1.0730320903753153e-13
L-SHADE,BentCigar,30,14,7.242833233255768e-16
L-SHADE,BentCigar,30,15,7.304855820532296e-16
L-SHADE,BentCigar,30,16,2.410743693947952e-14
L-SHADE,BentCigar,30,17,1.3760579880110099e-14
L-SHADE,BentCigar,30,18,4.4824565398202265e-14
L-SHADE,BentCigar,30,19,1.143231960697122e-14
L-SHADE,BentCigar,30,20,1.4358876585138995e-14
L-SHADE,BentCigar,30,21,2.433780408353081e-14
L-SHADE,BentCigar,30,22,1.8136248914536396e-13
L-SHADE,BentCigar,30,23,1.0660497672463994e-14
L-SHADE,BentCigar,30,24,5.230143042059842e-15
L-SHADE,BentCigar,30,25,2.6732621059494512e-14
L-SHADE,BentCigar,30,26,4.7078262504368756e-14
L-SHADE,BentCigar,30,27,7.708624255547698e-15
L-SHADE,BentCigar,30,28,2.918192850415707e-13
L-SHADE,BentCigar,30,29,7.122990313328378e-14
L-SHADE,Composition,30,0,1.1388667786653537e-12
L-SHADE,Composition,30,1,5.819567050607124e-12
L-SHADE,Composition,30,2,1.0464962230157806e-12
L-SHADE,Composition,30,3,2.394751064137976e-12
L-SHADE,Composition,30,4,5.416334048046311e-12
L-SHADE,Composition,30,5,1.0038636588698476e-12
L-SHADE,Composition,30,6,5.9581228840864345e-12
L-SHADE,Composition,30,7,5.307976280838495e-12
L-SHADE,Composition,30,8,6.343592318254157e-12
L-SHADE,Composition,30,9,2.5297541839348917e-12
L-SHADE,Composition,30,10,1.2934098236945742e-12
L-SHADE,Composition,30,11,7.929878975923456e-12
L-SHADE,Composition,30,12,8.191225475709539e-13
L-SHADE,Composition,30,13,9.493072994697864e-12
L-SHADE,Composition,30,14,1.360911383592453e-12
L-SHADE,Composition,30,15,4.990008406573581e-12
L-SHADE,Composition,30,16,8.667067064320399e-12
L-SHADE,Composition,30,17,4.785727370035115e-12
L-SHADE,Composition,30,18,2.160271961333117e-12
L-SHADE,Composition,30,19,1.845856800754559e-12
L-SHADE,Composition,30,20,4.2654768606166763e-13
L-SHADE,Composition,30,21,3.762545830507747e-12
L-SHADE,Composition,30,22,2.4213964167294626e-12
L-SHADE,Composition,30,23,2.204680882318864e-12
L-SHADE,Composition,30,24,2.5155433292194195e-12
L-SHADE,Composition,30,25,1.4532819392422378e-12
L-SHADE,Composition,30,26,1.955990924798952e-12
L-SHADE,Composition,30,27,4.80704365210863e-12
L-SHADE,Composition,30,28,3.2118752102792437e-12
L-SHADE,Composition,30,29,2.936539900165884e-12
L-SHADE,DynamicSphere,30,0,1.3103562276341325
L-SHADE,DynamicSphere,30,1,1.3834599314945792
L-SHADE,DynamicSphere,30,2,1.3215362312654753
L-SHADE,DynamicSphere,30,3,1.1247802728817038
L-SHADE,DynamicSphere,30,4,1.0387525336201842
L-SHADE,DynamicSphere,30,5,1.9976285373965093
L-SHADE,DynamicSphere,30,6,0.9909390651097054
L-SHADE,DynamicSphere,30,7,0.9488127003756576
L-SHADE,DynamicSphere,30,8,0.9086082502184608
L-SHADE,DynamicSphere,30,9,1.0588897042776877
L-SHADE,DynamicSphere,30,10,1.3328986375398122
L-SHADE,DynamicSphere,30,11,1.807475658358339
L-SHADE,DynamicSphere,30,12,0.7978097702767997
L-SHADE,DynamicSphere,30,13,0.9366127015371762
L-SHADE,DynamicSphere,30,14,1.530416354671121
L-SHADE,DynamicSphere,30,15,1.4759574348114337
L-SHADE,DynamicSphere,30,16,1.0792709170984969
L-SHADE,DynamicSphere,30,17,1.1051276290236438
L-SHADE,DynamicSphere,30,18,1.2062759839331398
L-SHADE,DynamicSphere,30,19,1.2602384705633236
L-SHADE,DynamicSphere,30,20,0.9027597313140652
L-SHADE,DynamicSphere,30,21,1.0001562819501033
L-SHADE,DynamicSphere,30,22,1.7003572793554955
L-SHADE,DynamicSphere,30,23,1.2576413535877726
L-SHADE,DynamicSphere,30,24,1.22467572832656
L-SHADE,DynamicSphere,30,25,0.6749595571397868
L-SHADE,DynamicSphere,30,26,0.9477705351573416
L-SHADE,DynamicSphere,30,27,1.0941959525428908
L-SHADE,DynamicSphere,30,28,0.8478212970616827
L-SHADE,DynamicSphere,30,29,0.9743039206944848
L-SHADE,Griewank,30,0,0.0
L-SHADE,Griewank,30,1,0.0
L-SHADE,Griewank,30,2,0.0
L-SHADE,Griewank,30,3,0.0
L-SHADE,Griewank,30,4,1.1102230246251563e-16
L-SHADE,Griewank,30,5,0.0
L-SHADE,Griewank,30,6,0.0
L-SHADE,Griewank,30,7,0.0
L-SHADE,Griewank,30,8,0.0
L-SHADE,Griewank,30,9,0.0
L-SHADE,Griewank,30,10,1.1102230246251563e-16
L-SHADE,Griewank,30,11,0.0
L-SHADE,Griewank,30,12,0.0
L-SHADE,Griewank,30,13,0.0
L-SHADE,Griewank,30,14,0.0
L-SHADE,Griewank,30,15,0.0
L-SHADE,Griewank,30,16,0.0
L-SHADE,Griewank,30,17,0.0
L-SHADE,Griewank,30,18,0.0
L-SHADE,Griewank,30,19,0.0
L-SHADE,Griewank,30,20,0.0
L-SHADE,Griewank,30,21,0.0
L-SHADE,Griewank,30,22,0.0
L-SHADE,Griewank,30,23,0.0
L-SHADE,Griewank,30,24,0.0
L-SHADE,Griewank,30,25,0.0
L-SHADE,Griewank,30,26,0.0
L-SHADE,Griewank,30,27,0.0
L-SHADE,Griewank,30,28,0.0
L-SHADE,Griewank,30,29,0.0
L-SHADE,Levy,30,0,3.215833777169537e-23
L-SHADE,Levy,30,1,1.8282083263820355e-24
L-SHADE,Levy,30,2,3.5206233259498336e-24
L-SHADE,Levy,30,3,4.814993837933921e-24
L-SHADE,Levy,30,4,1.2591075860335315e-24
L-SHADE,Levy,30,5,7.477307304524614e-24
L-SHADE,Levy,30,6,1.2639027274598433e-23
L-SHADE,Levy,30,7,1.0502290086661213e-23
L-SHADE,Levy,30,8,3.84627472946888e-23
L-SHADE,Levy,30,9,2.7331838154055793e-24
L-SHADE,Levy,30,10,9.350396894165541e-24
L-SHADE,Levy,30,11,9.213080571422006e-24
L-SHADE,Levy,30,12,4.6375595851882566e-24
L-SHADE,Levy,30,13,2.5471159839572187e-24
L-SHADE,Levy,30,14,4.736607501700112e-23
L-SHADE,Levy,30,15,1.3594536675267026e-23
L-SHADE,Levy,30,16,4.254842995554044e-24
L-SHADE,Levy,30,17,1.812113933110017e-24
L-SHADE,Levy,30,18,5.8894959396543565e-24
L-SHADE,Levy,30,19,3.7638238744956394e-23
L-SHADE,Levy,30,20,4.8071288408543226e-23
L-SHADE,Levy,30,21,1.4551152761437484e-23
L-SHADE,Levy,30,22,1.2702815680139805e-23
L-SHADE,Levy,30,23,1.0257830302393163e-23
L-SHADE,Levy,30,24,1.477057608969807e-23
L-SHADE,Levy,30,25,5.257818553592709e-25
L-SHADE,Levy,30,26,4.621210082651275e-23
L-SHADE,Levy,30,27,9.126116627930828e-23
L-SHADE,Levy,30,28,1.6075951613665924e-22
L-SHADE,Levy,30,29,2.801105946533524e-23
L-SHADE,NoisyRastrigin,30,0,1.4458021391464655
L-SHADE,NoisyRastrigin,30,1,1.6683884317543465
L-SHADE,NoisyRastrigin,30,2,1.4850248355680549
L-SHADE,NoisyRastrigin,30,3,1.7722947707410643
L-SHADE,NoisyRastrigin,30,4,2.281458495774384
L-SHADE,NoisyRastrigin,30,5,1.4363536410123476
L-SHADE,NoisyRastrigin,30,6,0.9876171548996808
L-SHADE,NoisyRastrigin,30,7,1.5047809605346083
L-SHADE,NoisyRastrigin,30,8,1.4235177698805153
L-SHADE,NoisyRastrigin,30,9,2.172639007264525
L-SHADE,NoisyRastrigin,30,10,1.6521202165875977
L-SHADE,NoisyRastrigin,30,11,2.338623885870607
L-SHADE,NoisyRastrigin,30,12,1.845614653041581
L-SHADE,NoisyRastrigin,30,13,0.6290454109779784
L-SHADE,NoisyRastrigin,30,14,2.061405811054943
L-SHADE,NoisyRastrigin,30,15,2.0690854756562604
L-SHADE,NoisyRastrigin,30,16,1.5555647082247184
L-SHADE,NoisyRastrigin,30,17,1.4891254067198076
L-SHADE,NoisyRastrigin,30,18,2.249236985147556
L-SHADE,NoisyRastrigin,30,19,2.4437208733157707
L-SHADE,NoisyRastrigin,30,20,1.0096738410189945
L-SHADE,NoisyRastrigin,30,21,1.4940883562283285
L-SHADE,NoisyRastrigin,30,22,1.2868323597798987
L-SHADE,NoisyRastrigin,30,23,2.1899173509090257
L-SHADE,NoisyRastrigin,30,24,1.1947388922827518
L-SHADE,NoisyRastrigin,30,25,1.4815558718263215
L-SHADE,NoisyRastrigin,30,26,2.226694242462454
L-SHADE,NoisyRastrigin,30,27,1.1793811919912098
L-SHADE,NoisyRastrigin,30,28,1.127155647931124
L-SHADE,NoisyRastrigin,30,29,1.659151423436338
L-SHADE,NoisySphere,30,0,0.017333856057253
L-SHADE,NoisySphere,30,1,0.0160951108078907
L-SHADE,NoisySphere,30,2,0.0101707651604628
L-SHADE,NoisySphere,30,3,0.0175854131534997
L-SHADE,NoisySphere,30,4,0.0116449515076109
L-SHADE,NoisySphere,30,5,0.0133722296695964
L-SHADE,NoisySphere,30,6,0.0099621359971927
L-SHADE,NoisySphere,30,7,0.0093717138114045
L-SHADE,NoisySphere,30,8,0.0092938727974278
L-SHADE,NoisySphere,30,9,0.0148559853413066
L-SHADE,NoisySphere,30,10,0.0200056118060956
L-SHADE,NoisySphere,30,11,0.0126198001084353
L-SHADE,NoisySphere,30,12,0.0129961022022228
L-SHADE,NoisySphere,30,13,0.0115204565923738
L-SHADE,NoisySphere,30,14,0.0141953183889178
L-SHADE,NoisySphere,30,15,0.0109769418064924
L-SHADE,NoisySphere,30,16,0.0127910468450778
L-SHADE,NoisySphere,30,17,0.0080900620636263
L-SHADE,NoisySphere,30,18,0.0121640668715676
L-SHADE,NoisySphere,30,19,0.0130236385554427
L-SHADE,NoisySphere,30,20,0.0095053562060893
L-SHADE,NoisySphere,30,21,0.016849766171766
L-SHADE,NoisySphere,30,22,0.013976165908833
L-SHADE,NoisySphere,30,23,0.0126098832512037
L-SHADE,NoisySphere,30,24,0.0129849193076894
L-SHADE,NoisySphere,30,25,0.0098090856386248
L-SHADE,NoisySphere,30,26,0.0092798815113368
L-SHADE,NoisySphere,30,27,0.0082363436197245
L-SHADE,NoisySphere,30,28,0.0139732154003111
L-SHADE,NoisySphere,30,29,0.015273140734713
L-SHADE,Rosenbrock,30,0,13.78315286998967
L-SHADE,Rosenbrock,30,1,14.890698945625852
L-SHADE,Rosenbrock,30,2,13.436475538459524
L-SHADE,Rosenbrock,30,3,14.096463137411584
L-SHADE,Rosenbrock,30,4,13.527591218930649
L-SHADE,Rosenbrock,30,5,13.950263547792302
L-SHADE,Rosenbrock,30,6,13.07531978071523
L-SHADE,Rosenbrock,30,7,13.315940923284378
L-SHADE,Rosenbrock,30,8,13.844501093578735
L-SHADE,Rosenbrock,30,9,14.733301621559406
L-SHADE,Rosenbrock,30,10,13.357864050190347
L-SHADE,Rosenbrock,30,11,13.552302233235768
L-SHADE,Rosenbrock,30,12,12.955680042155524
L-SHADE,Rosenbrock,30,13,13.5370839059778
L-SHADE,Rosenbrock,30,14,11.584078567745236
L-SHADE,Rosenbrock,30,15,13.697545519760626
L-SHADE,Rosenbrock,30,16,13.515008241337084
L-SHADE,Rosenbrock,30,17,13.063298336909298
L-SHADE,Rosenbrock,30,18,13.13987527367215
L-SHADE,Rosenbrock,30,19,12.077001331321767
L-SHADE,Rosenbrock,30,20,12.57962511846292
L-SHADE,Rosenbrock,30,21,13.305932158743884
L-SHADE,Rosenbrock,30,22,12.868276043543167
L-SHADE,Rosenbrock,30,23,13.477739348730337
L-SHADE,Rosenbrock,30,24,12.937343527519674
L-SHADE,Rosenbrock,30,25,13.692041265318826
L-SHADE,Rosenbrock,30,26,12.091610964333489
L-SHADE,Rosenbrock,30,27,12.967834433800553
L-SHADE,Rosenbrock,30,28,11.223820919617792
L-SHADE,Rosenbrock,30,29,11.975216654967673
L-SHADE,RotatedElliptic,30,0,1379.7110726715196
L-SHADE,RotatedElliptic,30,1,302.6660228372829
L-SHADE,RotatedElliptic,30,2,224.3144494303051
L-SHADE,RotatedElliptic,30,3,2844.394579625733
L-SHADE,RotatedElliptic,30,4,3172.2566503410703
L-SHADE,RotatedElliptic,30,5,1270.422502675635
L-SHADE,RotatedElliptic,30,6,1600.8884625813637
L-SHADE,RotatedElliptic,30,7,413.8320772425162
L-SHADE,RotatedElliptic,30,8,13659.102691044714
L-SHADE,RotatedElliptic,30,9,1135.8033767810698
L-SHADE,RotatedElliptic,30,10,419.2112745839435
L-SHADE,RotatedElliptic,30,11,2475.0449976293007
L-SHADE,RotatedElliptic,30,12,2830.6834568916656
L-SHADE,RotatedElliptic,30,13,2411.4173663895435
L-SHADE,RotatedElliptic,30,14,668.4552159556771
L-SHADE,RotatedElliptic,30,15,116.83122385718356
L-SHADE,RotatedElliptic,30,16,341.0547073009888
L-SHADE,RotatedElliptic,30,17,3275.7621237511376
L-SHADE,RotatedElliptic,30,18,68.2935115691344
L-SHADE,RotatedElliptic,30,19,162.4981126833853
L-SHADE,RotatedElliptic,30,20,516.9399384191468
L-SHADE,RotatedElliptic,30,21,2830.373665838625
L-SHADE,RotatedElliptic,30,22,4709.283412928206
L-SHADE,RotatedElliptic,30,23,80.71809316388882
L-SHADE,RotatedElliptic,30,24,455.6371127979424
L-SHADE,RotatedElliptic,30,25,3655.983046891334
L-SHADE,RotatedElliptic,30,26,167.29043202453803
L-SHADE,RotatedElliptic,30,27,7939.786103676655
L-SHADE,RotatedElliptic,30,28,1011.1408626572294
L-SHADE,RotatedElliptic,30,29,1519.51482796022
L-SHADE,Schwefel,30,0,0.0293887895441002
L-SHADE,Schwefel,30,1,0.1141406569404352
L-SHADE,Schwefel,30,2,0.0706525589193916
L-SHADE,Schwefel,30,3,0.0191279136797675
L-SHADE,Schwefel,30,4,0.1195857938455446
L-SHADE,Schwefel,30,5,0.0074588721399777
L-SHADE,Schwefel,30,6,0.0241045856182609
L-SHADE,Schwefel,30,7,0.0531062441787071
L-SHADE,Schwefel,30,8,0.1050520988555945
L-SHADE,Schwefel,30,9,0.1544609942411625
L-SHADE,Schwefel,30,10,0.0389207175157935
L-SHADE,Schwefel,30,11,0.3434934535562206
L-SHADE,Schwefel,30,12,0.0827610445576283
L-SHADE,Schwefel,30,13,0.0906357521234895
L-SHADE,Schwefel,30,14,0.0357857949566096
L-SHADE,Schwefel,30,15,0.0748774979401787
L-SHADE,Schwefel,30,16,0.3992547743546311
L-SHADE,Schwefel,30,17,0.1255002818052162
L-SHADE,Schwefel,30,18,0.0060040803036827
L-SHADE,Schwefel,30,19,0.0731932175276597
L-SHADE,Schwefel,30,20,0.0302931220758182
L-SHADE,Schwefel,30,21,0.100862523268006
L-SHADE,Schwefel,30,22,1.4316742118244292
L-SHADE,Schwefel,30,23,0.1057032868575333
L-SHADE,Schwefel,30,24,0.2336485262221685
L-SHADE,Schwefel,30,25,0.0644739362960535
L-SHADE,Schwefel,30,26,0.1515753550575027
L-SHADE,Schwefel,30,27,0.0511284180538496
L-SHADE,Schwefel,30,28,0.1165505811186449
L-SHADE,Schwefel,30,29,0.0988860405632294
L-SHADE,Zakharov,30,0,2.640088618344396e-09
L-SHADE,Zakharov,30,1,3.1870981369765356e-09
L-SHADE,Zakharov,30,2,1.7612188775354923e-09
L-SHADE,Zakharov,30,3,1.485195896702499e-09
L-SHADE,Zakharov,30,4,3.791897873171314e-10
L-SHADE,Zakharov,30,5,1.1409751451143675e-09
L-SHADE,Zakharov,30,6,7.57681764390708e-10
L-SHADE,Zakharov,30,7,2.503407489170126e-10
L-SHADE,Zakharov,30,8,8.578900642658733e-10
L-SHADE,Zakharov,30,9,8.162414059719166e-11
L-SHADE,Zakharov,30,10,7.671685055492796e-09
L-SHADE,Zakharov,30,11,3.61410823406744e-10
L-SHADE,Zakharov,30,12,2.1476762618406608e-10
L-SHADE,Zakharov,30,13,5.2328342656975774e-09
L-SHADE,Zakharov,30,14,1.3937359918659459e-09
L-SHADE,Zakharov,30,15,1.1514143278651907e-09
L-SHADE,Zakharov,30,16,9.14295374602259e-11
L-SHADE,Zakharov,30,17,7.19242841946128e-10
L-SHADE,Zakharov,30,18,3.121144735078279e-11
L-SHADE,Zakharov,30,19,3.2237533939197593e-10
L-SHADE,Zakharov,30,20,9.062396353738316e-09
L-SHADE,Zakharov,30,21,2.965520157637436e-09
L-SHADE,Zakharov,30,22,4.659477416228097e-10
L-SHADE,Zakharov,30,23,2.1298001283845028e-10
L-SHADE,Zakharov,30,24,6.798738658111765e-10
L-SHADE,Zakharov,30,25,8.423197209445211e-10
L-SHADE,Zakharov,30,26,2.0793437844142587e-09
L-SHADE,Zakharov,30,27,6.739923299874085e-09
L-SHADE,Zakharov,30,28,6.383317208731097e-10
L-SHADE,Zakharov,30,29,2.731274688780598e-10
jSO,Ackley,30,0,4.836131495267182e-13
jSO,Ackley,30,1,2.2426505097428162e-13
jSO,Ackley,30,2,9.992007221626409e-14
jSO,Ackley,30,3,4.232170169871097e-13
jSO,Ackley,30,4,2.278177646530821e-13
jSO,Ackley,30,5,1.745270594710746e-13
jSO,Ackley,30,6,3.5926817076870066e-13
jSO,Ackley,30,7,4.622968674539152e-13
jSO,Ackley,30,8,1.389999226830696e-13
jSO,Ackley,30,9,3.628208844475012e-13
jSO,Ackley,30,10,4.587441537751147e-13
jSO,Ackley,30,11,7.820410985459604e-13
jSO,Ackley,30,12,5.013767179207207e-13
jSO,Ackley,30,13,2.740030424774887e-13
jSO,Ackley,30,14,2.4202861936828413e-13
jSO,Ackley,30,15,2.349231920106831e-13
jSO,Ackley,30,16,1.503241975342462e-12
jSO,Ackley,30,17,6.186162693211372e-13
jSO,Ackley,30,18,3.2729374765949615e-13
jSO,Ackley,30,19,3.2374103398069565e-13
jSO,Ackley,30,20,6.008527009271347e-13
jSO,Ackley,30,21,4.836131495267182e-13
jSO,Ackley,30,22,7.074341112911497e-13
jSO,Ackley,30,23,7.505107646466058e-14
jSO,Ackley,30,24,5.759837051755312e-13
jSO,Ackley,30,25,2.4202861936828413e-13
jSO,Ackley,30,26,6.932232565759477e-13
jSO,Ackley,30,27,4.1611158962950877e-13
jSO,Ackley,30,28,9.383605004131825e-13
jSO,Ackley,30,29,3.699263118051022e-13
jSO,BentCigar,30,0,1.3616812131062492e-16
jSO,BentCigar,30,1,5.624005502264454e-17
jSO,BentCigar,30,2,9.18949205403215e-17
jSO,BentCigar,30,3,1.7338443292089206e-18
jSO,BentCigar,30,4,5.5475841205719284e-17
jSO,BentCigar,30,5,9.360619416827974e-19
jSO,BentCigar,30,6,1.1528328679542217e-18
jSO,BentCigar,30,7,9.064543741348921e-18
jSO,BentCigar,30,8,7.124859062102994e-17
jSO,BentCigar,30,9,4.0676148197523045e-16
jSO,BentCigar,30,10,5.194241599714875e-18
jSO,BentCigar,30,11,7.123769770135514e-19
jSO,BentCigar,30,12,1.3612707177587562e-19
jSO,BentCigar,30,13,9.966321177906905e-18
jSO,BentCigar,30,14,2.5542867099128397e-18
jSO,BentCigar,30,15,1.6820555124827817e-18
jSO,BentCigar,30,16,1.4762036766863416e-16
jSO,BentCigar,30,17,3.5661124115586016e-17
jSO,BentCigar,30,18,1.914446751178177e-18
jSO,BentCigar,30,19,6.649932433883824e-19
jSO,BentCigar,30,20,2.5734244940850964e-18
jSO,BentCigar,30,21,8.490945954448739e-17
jSO,BentCigar,30,22,1.3473387403252108e-18
jSO,BentCigar,30,23,2.7398141938761307e-17
jSO,BentCigar,30,24,5.943918813475436e-19
jSO,BentCigar,30,25,1.8290998275136273e-18
jSO,BentCigar,30,26,7.361889404604709e-18
jSO,BentCigar,30,27,1.7246427840734548e-17
jSO,BentCigar,30,28,2.8576890496267598e-18
jSO,BentCigar,30,29,1.880802700981442e-17
jSO,Composition,30,0,4.3365311341929443e-13
jSO,Composition,30,1,1.2223555501178877e-12
jSO,Composition,30,2,6.645795025422788e-13
jSO,Composition,30,3,2.471356452817902e-13
jSO,Composition,30,4,5.722089468930353e-13
jSO,Composition,30,5,1.5654144647223785e-13
jSO,Composition,30,6,1.8141044222387425e-13
jSO,Composition,30,7,2.0983215165431821e-13
jSO,Composition,30,8,9.96758231512186e-13
jSO,Composition,30,9,6.3438143627232e-13
jSO,Composition,30,10,1.1923795284479498e-13
jSO,Composition,30,11,1.192379528447945e-13
jSO,Composition,30,12,1.312949748928166e-12
jSO,Composition,30,13,2.044808766770289e-12
jSO,Composition,30,14,2.684519273546344e-13
jSO,Composition,30,15,2.0095036745730533e-13
jSO,Composition,30,16,2.2581936320894806e-13
jSO,Composition,30,17,3.164135620185415e-13
jSO,Composition,30,18,3.714806240400975e-13
jSO,Composition,30,19,4.44311254455728e-13
jSO,Composition,30,20,6.32605079432913e-13
jSO,Composition,30,21,1.1015632850376328e-12
jSO,Composition,30,22,8.137934770527199e-13
jSO,Composition,30,23,6.645795025422764e-13
jSO,Composition,30,24,7.28528348761019e-13
jSO,Composition,30,25,9.310330284539036e-13
jSO,Composition,30,26,4.318767565798842e-13
jSO,Composition,30,27,2.8443913890926894e-13
jSO,Composition,30,28,1.026956297782212e-12
jSO,Composition,30,29,9.081624341436897e-14
jSO,DynamicSphere,30,0,1.0251258675223889
jSO,DynamicSphere,30,1,1.2887387391536431
jSO,DynamicSphere,30,2,1.2118978523293558
jSO,DynamicSphere,30,3,1.25083641704197
jSO,DynamicSphere,30,4,0.6926232512132624
jSO,DynamicSphere,30,5,1.040966378926618
jSO,DynamicSphere,30,6,1.0933492125299444
jSO,DynamicSphere,30,7,0.8684532976753766
jSO,DynamicSphere,30,8,1.0431898367268186
jSO,DynamicSphere,30,9,1.5063640337369806
jSO,DynamicSphere,30,10,1.294535011921086
jSO,DynamicSphere,30,11,1.204835339006506
jSO,DynamicSphere,30,12,1.6438395702963975
jSO,DynamicSphere,30,13,0.9927739500017224
jSO,DynamicSphere,30,14,0.9812819763750212
jSO,DynamicSphere,30,15,1.3835674995475231
jSO,DynamicSphere,30,16,1.1730134873079214
jSO,DynamicSphere,30,17,1.3718410313269838
jSO,DynamicSphere,30,18,0.8840443880870328
jSO,DynamicSphere,30,19,1.4230639184781837
jSO,DynamicSphere,30,20,1.2536425336982788
jSO,DynamicSphere,30,21,1.631484394736876
jSO,DynamicSphere,30,22,1.3063391314556083
jSO,DynamicSphere,30,23,1.9308281769843176
jSO,DynamicSphere,30,24,0.852832943459553
jSO,DynamicSphere,30,25,0.8773543695213282
jSO,DynamicSphere,30,26,2.1989491883959986
jSO,DynamicSphere,30,27,1.0503193760284772
jSO,DynamicSphere,30,28,1.7358667927942384
jSO,DynamicSphere,30,29,1.2795448549297803
jSO,Griewank,30,0,0.0
jSO,Griewank,30,1,0.0
jSO,Griewank,30,2,0.0
jSO,Griewank,30,3,0.0
jSO,Griewank,30,4,0.0
jSO,Griewank,30,5,0.0
jSO,Griewank,30,6,0.0
jSO,Griewank,30,7,0.0
jSO,Griewank,30,8,0.0
jSO,Griewank,30,9,0.0
jSO,Griewank,30,10,0.0
jSO,Griewank,30,11,0.0
jSO,Griewank,30,12,0.0
jSO,Griewank,30,13,0.0
jSO,Griewank,30,14,0.0
jSO,Griewank,30,15,0.0
jSO,Griewank,30,16,0.0
jSO,Griewank,30,17,0.0
jSO,Griewank,30,18,0.0
jSO,Griewank,30,19,0.0
jSO,Griewank,30,20,0.0
jSO,Griewank,30,21,0.0
jSO,Griewank,30,22,0.0
jSO,Griewank,30,23,0.0
jSO,Griewank,30,24,0.0
jSO,Griewank,30,25,0.0
jSO,Griewank,30,26,0.0
jSO,Griewank,30,27,0.0
jSO,Griewank,30,28,0.0
jSO,Griewank,30,29,0.0
jSO,Levy,30,0,1.9038967145599492e-24
jSO,Levy,30,1,3.7198491769791677e-25
jSO,Levy,30,2,1.0062424975430348e-24
jSO,Levy,30,3,1.5132149496510322e-25
jSO,Levy,30,4,3.8948515812574846e-24
jSO,Levy,30,5,1.05397861272814e-25
jSO,Levy,30,6,1.7078635677329477e-25
jSO,Levy,30,7,6.091627372155408e-25
jSO,Levy,30,8,1.3441496091817386e-25
jSO,Levy,30,9,1.8044626495759983e-25
jSO,Levy,30,10,6.717677236716187e-25
jSO,Levy,30,11,1.2877079003657653e-25
jSO,Levy,30,12,2.58583842198754e-25
jSO,Levy,30,13,9.539455011672952e-26
jSO,Levy,30,14,2.106058769589844e-25
jSO,Levy,30,15,5.917655809149118e-25
jSO,Levy,30,16,6.08877191268606e-25
jSO,Levy,30,17,2.5256189607256422e-24
jSO,Levy,30,18,1.1495995119672606e-25
jSO,Levy,30,19,1.083832951086861e-24
jSO,Levy,30,20,4.9156246365995695e-24
jSO,Levy,30,21,1.8070901095684184e-25
jSO,Levy,30,22,7.831069471121505e-24
jSO,Levy,30,23,1.2208144615917575e-24
jSO,Levy,30,24,9.67639584109154e-25
jSO,Levy,30,25,1.0108146043905652e-24
jSO,Levy,30,26,6.302786027707317e-25
jSO,Levy,30,27,1.5940829086627486e-24
jSO,Levy,30,28,9.562145342345122e-25
jSO,Levy,30,29,3.031561400387207e-25
jSO,NoisyRastrigin,30,0,4.529922051836847
jSO,NoisyRastrigin,30,1,2.9995211269426285
jSO,NoisyRastrigin,30,2,4.134091315359777
jSO,NoisyRastrigin,30,3,3.898345195284588
jSO,NoisyRastrigin,30,4,5.17095414880316
jSO,NoisyRastrigin,30,5,1.9529617098632173
jSO,NoisyRastrigin,30,6,3.931087933747776
jSO,NoisyRastrigin,30,7,4.129021397208977
jSO,NoisyRastrigin,30,8,6.132421466970698
jSO,NoisyRastrigin,30,9,5.015113045144609
jSO,NoisyRastrigin,30,10,6.850989029320981
jSO,NoisyRastrigin,30,11,1.1751741375906697
jSO,NoisyRastrigin,30,12,4.200958228225746
jSO,NoisyRastrigin,30,13,7.09870993277036
jSO,NoisyRastrigin,30,14,8.368559598629961
jSO,NoisyRastrigin,30,15,3.2741393802743737
jSO,NoisyRastrigin,30,16,3.8076604328586257
jSO,NoisyRastrigin,30,17,5.584999505338059
jSO,NoisyRastrigin,30,18,2.926607504251457
jSO,NoisyRastrigin,30,19,3.363048551677064
jSO,NoisyRastrigin,30,20,4.973938898894456
jSO,NoisyRastrigin,30,21,7.330635964998875
jSO,NoisyRastrigin,30,22,7.556792196269368
jSO,NoisyRastrigin,30,23,5.938377742888452
jSO,NoisyRastrigin,30,24,4.390081112689902
jSO,NoisyRastrigin,30,25,2.355742646346439
jSO,NoisyRastrigin,30,26,4.630979404727512
jSO,NoisyRastrigin,30,27,5.209204251920989
jSO,NoisyRastrigin,30,28,5.042358323594112
jSO,NoisyRastrigin,30,29,6.321169404914286
jSO,NoisySphere,30,0,0.0075107467858215
jSO,NoisySphere,30,1,0.0070339059145119
jSO,NoisySphere,30,2,0.0078489724031154
jSO,NoisySphere,30,3,0.0054715581573422
jSO,NoisySphere,30,4,0.0055785270572244
jSO,NoisySphere,30,5,0.0110517070649064
jSO,NoisySphere,30,6,0.0147007473958113
jSO,NoisySphere,30,7,0.0105295418097496
jSO,NoisySphere,30,8,0.0075710186796929
jSO,NoisySphere,30,9,0.010971818174532
jSO,NoisySphere,30,10,0.0071268245416705
jSO,NoisySphere,30,11,0.0087807322219605
jSO,NoisySphere,30,12,0.0140252210037696
jSO,NoisySphere,30,13,0.0065560308603769
jSO,NoisySphere,30,14,0.0116127430393506
jSO,NoisySphere,30,15,0.0080462586153528
jSO,NoisySphere,30,16,0.0083376985868856
jSO,NoisySphere,30,17,0.0117462542551535
jSO,NoisySphere,30,18,0.0088789004957422
jSO,NoisySphere,30,19,0.009724976576595
jSO,NoisySphere,30,20,0.0080790427367224
jSO,NoisySphere,30,21,0.0089420549378774
jSO,NoisySphere,30,22,0.0152138634427196
jSO,NoisySphere,30,23,0.0064482506664867
jSO,NoisySphere,30,24,0.0051304040378357
jSO,NoisySphere,30,25,0.007953833877854
jSO,NoisySphere,30,26,0.0099305563937681
jSO,NoisySphere,30,27,0.010476344491724
jSO,NoisySphere,30,28,0.0068091507982046
jSO,NoisySphere,30,29,0.0086453566522222
jSO,Rosenbrock,30,0,12.41688105490943
jSO,Rosenbrock,30,1,12.2376987558167
jSO,Rosenbrock,30,2,12.89408847490963
jSO,Rosenbrock,30,3,12.823891269296467
jSO,Rosenbrock,30,4,12.750171927010069
jSO,Rosenbrock,30,5,12.66724639975986
jSO,Rosenbrock,30,6,11.931610700352165
jSO,Rosenbrock,30,7,13.684856224107165
jSO,Rosenbrock,30,8,12.543923292559706
jSO,Rosenbrock,30,9,12.29949554332358
jSO,Rosenbrock,30,10,13.419220073463569
jSO,Rosenbrock,30,11,12.384111695601216
jSO,Rosenbrock,30,12,11.75914359374556
jSO,Rosenbrock,30,13,11.929317503982904
jSO,Rosenbrock,30,14,13.084604886881376
jSO,Rosenbrock,30,15,11.233203860344716
jSO,Rosenbrock,30,16,12.68585385933586
jSO,Rosenbrock,30,17,12.74948779416017
jSO,Rosenbrock,30,18,10.128371877775198
jSO,Rosenbrock,30,19,10.94062496425726
jSO,Rosenbrock,30,20,11.751739916094904
jSO,Rosenbrock,30,21,12.18918693510902
jSO,Rosenbrock,30,22,10.905982389621256
jSO,Rosenbrock,30,23,9.863861141389142
jSO,Rosenbrock,30,24,12.289176011392486
jSO,Rosenbrock,30,25,11.915569961535596
jSO,Rosenbrock,30,26,13.120733678107497
jSO,Rosenbrock,30,27,11.679042140434886
jSO,Rosenbrock,30,28,12.90677724357857
jSO,Rosenbrock,30,29,11.77807511498534
jSO,RotatedElliptic,30,0,254.00589259619284
jSO,RotatedElliptic,30,1,374.3852310053359
jSO,RotatedElliptic,30,2,2017.276097528753
jSO,RotatedElliptic,30,3,1714.1742676960826
jSO,RotatedElliptic,30,4,257.2671152143893
jSO,RotatedElliptic,30,5,507.8659771179079
jSO,RotatedElliptic,30,6,65.30712795669363
jSO,RotatedElliptic,30,7,207.77217104571577
jSO,RotatedElliptic,30,8,3177.0180363743984
jSO,RotatedElliptic,30,9,606.9639733640174
jSO,RotatedElliptic,30,10,1200.7363429807838
jSO,RotatedElliptic,30,11,105.2770447106926
jSO,RotatedElliptic,30,12,65.46708132005757
jSO,RotatedElliptic,30,13,828.7612005389522
jSO,RotatedElliptic,30,14,1154.623756931073
jSO,RotatedElliptic,30,15,540.6810025791867
jSO,RotatedElliptic,30,16,6642.4789676856535
jSO,RotatedElliptic,30,17,840.3874637586201
jSO,RotatedElliptic,30,18,1695.0746835622317
jSO,RotatedElliptic,30,19,66.57662283184946
jSO,RotatedElliptic,30,20,1547.1253212305191
jSO,RotatedElliptic,30,21,118.64394197278108
jSO,RotatedElliptic,30,22,8181.162011133406
jSO,RotatedElliptic,30,23,1702.410400736393
jSO,RotatedElliptic,30,24,470.0276587798923
jSO,RotatedElliptic,30,25,213.88883607655177
jSO,RotatedElliptic,30,26,615.9908832390696
jSO,RotatedElliptic,30,27,806.230844234233
jSO,RotatedElliptic,30,28,10496.050234947208
jSO,RotatedElliptic,30,29,58.315555844169765
jSO,Schwefel,30,0,3.770299188774516
jSO,Schwefel,30,1,4.552893592759574
jSO,Schwefel,30,2,0.4155575696113374
jSO,Schwefel,30,3,2.9222769302414235
jSO,Schwefel,30,4,0.4848870561399963
jSO,Schwefel,30,5,21.73722249576349
jSO,Schwefel,30,6,3.007869053782997
jSO,Schwefel,30,7,1.0133403158597505
jSO,Schwefel,30,8,2.053158516262556
jSO,Schwefel,30,9,0.9316833441989728
jSO,Schwefel,30,10,6.011260908222539
jSO,Schwefel,30,11,8.376353003583063
jSO,Schwefel,30,12,0.1405164521293045
jSO,Schwefel,30,13,0.3984879096369695
jSO,Schwefel,30,14,2.994181592244786
jSO,Schwefel,30,15,4.050179118716187
jSO,Schwefel,30,16,6.660950211031377
jSO,Schwefel,30,17,8.563133915569779
jSO,Schwefel,30,18,1.0683753744760909
jSO,Schwefel,30,19,0.4335039102261362
jSO,Schwefel,30,20,0.7190466951651615
jSO,Schwefel,30,21,1.637873308494818
jSO,Schwefel,30,22,0.3757238347643579
jSO,Schwefel,30,23,1.1674672536373691
jSO,Schwefel,30,24,4.519229225670642
jSO,Schwefel,30,25,7.776990695181666
jSO,Schwefel,30,26,1.8603467875600472
jSO,Schwefel,30,27,3.923423556565467
jSO,Schwefel,30,28,0.2782863644224562
jSO,Schwefel,30,29,0.551235951768831
jSO,Zakharov,30,0,3.2596003588148345e-10
jSO,Zakharov,30,1,4.629813501208449e-11
jSO,Zakharov,30,2,2.8022212173529105e-10
jSO,Zakharov,30,3,4.5763912046286064e-10
jSO,Zakharov,30,4,2.494707342506397e-10
jSO,Zakharov,30,5,6.787659416686144e-10
jSO,Zakharov,30,6,2.2525478602049343e-10
jSO,Zakharov,30,7,1.6024528227771712e-10
jSO,Zakharov,30,8,1.03285108387605e-09
jSO,Zakharov,30,9,6.934791477555057e-10
jSO,Zakharov,30,10,3.095465349358685e-11
jSO,Zakharov,30,11,5.724284742195266e-10
jSO,Zakharov,30,12,1.9257692258498843e-10
jSO,Zakharov,30,13,3.034969860429773e-09
jSO,Zakharov,30,14,1.919857042387524e-09
jSO,Zakharov,30,15,1.1671372207575632e-09
jSO,Zakharov,30,16,1.264175561379056e-09
jSO,Zakharov,30,17,5.2580002737416e-10
jSO,Zakharov,30,18,2.0538675310369948e-10
jSO,Zakharov,30,19,7.703326987414242e-11
jSO,Zakharov,30,20,3.8102514446383027e-10
jSO,Zakharov,30,21,8.518298288249083e-11
jSO,Zakharov,30,22,4.1565635000026476e-10
jSO,Zakharov,30,23,1.2978516145198324e-10
jSO,Zakharov,30,24,7.421547982372946e-11
jSO,Zakharov,30,25,3.40879035751114e-10
jSO,Zakharov,30,26,4.2814177165181344e-11
jSO,Zakharov,30,27,4.5818353193203156e-10
jSO,Zakharov,30,28,3.116903206330459e-09
jSO,Zakharov,30,29,6.947347007870438e-09
LSHADE-cnEpSin,Ackley,30,0,3.486100297322992e-13
LSHADE-cnEpSin,Ackley,30,1,3.8768988019910476e-13
LSHADE-cnEpSin,Ackley,30,2,2.633449014410872e-13
LSHADE-cnEpSin,Ackley,30,3,8.744116541947733e-13
LSHADE-cnEpSin,Ackley,30,4,2.953193245502917e-13
LSHADE-cnEpSin,Ackley,30,5,2.526867604046857e-13
LSHADE-cnEpSin,Ackley,30,6,4.4098058538111223e-13
LSHADE-cnEpSin,Ackley,30,7,1.354472090042691e-13
LSHADE-cnEpSin,Ackley,30,8,3.0242475190789264e-13
LSHADE-cnEpSin,Ackley,30,9,1.1159961843532074e-12
LSHADE-cnEpSin,Ackley,30,10,3.2374103398069565e-13
LSHADE-cnEpSin,Ackley,30,11,1.6986412276764897e-12
LSHADE-cnEpSin,Ackley,30,12,5.013767179207207e-13
LSHADE-cnEpSin,Ackley,30,13,9.205969320191798e-13
LSHADE-cnEpSin,Ackley,30,14,7.251976796851524e-13
LSHADE-cnEpSin,Ackley,30,15,3.486100297322992e-13
LSHADE-cnEpSin,Ackley,30,16,6.754596881819452e-13
LSHADE-cnEpSin,Ackley,30,17,2.1005419625907962e-13
LSHADE-cnEpSin,Ackley,30,18,3.1308289294429414e-13
LSHADE-cnEpSin,Ackley,30,19,4.232170169871097e-13
LSHADE-cnEpSin,Ackley,30,20,9.916512055951898e-13
LSHADE-cnEpSin,Ackley,30,21,4.765077221691172e-13
LSHADE-cnEpSin,Ackley,30,22,3.628208844475012e-13
LSHADE-cnEpSin,Ackley,30,23,4.4808601273871323e-13
LSHADE-cnEpSin,Ackley,30,24,4.4098058538111223e-13
LSHADE-cnEpSin,Ackley,30,25,4.4098058538111223e-13
LSHADE-cnEpSin,Ackley,30,26,4.836131495267182e-13
LSHADE-cnEpSin,Ackley,30,27,5.688782778179302e-13
LSHADE-cnEpSin,Ackley,30,28,3.947953075567057e-13
LSHADE-cnEpSin,Ackley,30,29,1.141309269314661e-13
LSHADE-cnEpSin,BentCigar,30,0,7.18292984430382e-18
LSHADE-cnEpSin,BentCigar,30,1,2.5195886380107072e-17
LSHADE-cnEpSin,BentCigar,30,2,9.087620295510402e-19
LSHADE-cnEpSin,BentCigar,30,3,7.48935932941988e-18
LSHADE-cnEpSin,BentCigar,30,4,3.519650825792976e-16
LSHADE-cnEpSin,BentCigar,30,5,9.644793775476282e-19
LSHADE-cnEpSin,BentCigar,30,6,4.387156682452035e-16
LSHADE-cnEpSin,BentCigar,30,7,7.117585825274092e-16
LSHADE-cnEpSin,BentCigar,30,8,3.1482456690437316e-16
LSHADE-cnEpSin,BentCigar,30,9,2.5071668036607965e-17
LSHADE-cnEpSin,BentCigar,30,10,4.457650245096112e-17
LSHADE-cnEpSin,BentCigar,30,11,3.1386704441142245e-18
LSHADE-cnEpSin,BentCigar,30,12,2.9748719365770397e-18
LSHADE-cnEpSin,BentCigar,30,13,1.110624798283354e-16
LSHADE-cnEpSin,BentCigar,30,14,8.192773781903127e-17
LSHADE-cnEpSin,BentCigar,30,15,1.0835524966068736e-17
LSHADE-cnEpSin,BentCigar,30,16,3.0014315405345014e-17
LSHADE-cnEpSin,BentCigar,30,17,1.38913532692633e-17
LSHADE-cnEpSin,BentCigar,30,18,1.0104554772501069e-17
LSHADE-cnEpSin,BentCigar,30,19,1.3899933478083722e-15
LSHADE-cnEpSin,BentCigar,30,20,2.0483106790901254e-16
LSHADE-cnEpSin,BentCigar,30,21,8.89426163518478e-17
LSHADE-cnEpSin,BentCigar,30,22,2.2471539139972347e-15
LSHADE-cnEpSin,BentCigar,30,23,1.1130078097214476e-17
LSHADE-cnEpSin,BentCigar,30,24,2.7651314618758643e-17
LSHADE-cnEpSin,BentCigar,30,25,5.934768615908203e-16
LSHADE-cnEpSin,BentCigar,30,26,2.24815859359267e-16
LSHADE-cnEpSin,BentCigar,30,27,4.654926154542672e-17
LSHADE-cnEpSin,BentCigar,30,28,1.277607329107699e-16
LSHADE-cnEpSin,BentCigar,30,29,9.439478831168252e-17
LSHADE-cnEpSin,Composition,30,0,8.528733275197689e-13
LSHADE-cnEpSin,Composition,30,1,3.927969061129581e-13
LSHADE-cnEpSin,Composition,30,2,6.417089082334924e-14
LSHADE-cnEpSin,Composition,30,3,3.3595348725199535e-13
LSHADE-cnEpSin,Composition,30,4,9.878764473151226e-13
LSHADE-cnEpSin,Composition,30,5,2.199351811800559e-12
LSHADE-cnEpSin,Composition,30,6,7.62279128709811e-13
LSHADE-cnEpSin,Composition,30,7,1.6344703368631757e-12
LSHADE-cnEpSin,Composition,30,8,6.361577931117295e-13
LSHADE-cnEpSin,Composition,30,9,4.2121861554344774e-13
LSHADE-cnEpSin,Composition,30,10,1.0980105713588037e-12
LSHADE-cnEpSin,Composition,30,11,6.628031457028663e-13
LSHADE-cnEpSin,Composition,30,12,3.892441924341491e-13
LSHADE-cnEpSin,Composition,30,13,1.370015212388145e-13
LSHADE-cnEpSin,Composition,30,14,3.2174263253676043e-13
LSHADE-cnEpSin,Composition,30,15,1.1655121312565897e-12
LSHADE-cnEpSin,Composition,30,16,1.399991234059676e-12
LSHADE-cnEpSin,Composition,30,17,2.879918525880748e-13
LSHADE-cnEpSin,Composition,30,18,2.8799185258807585e-13
LSHADE-cnEpSin,Composition,30,19,2.7022828419403866e-13
LSHADE-cnEpSin,Composition,30,20,4.762856775650412e-13
LSHADE-cnEpSin,Composition,30,21,5.491163079807338e-13
LSHADE-cnEpSin,Composition,30,22,1.0376144388187125e-12
LSHADE-cnEpSin,Composition,30,23,5.224709553896182e-13
LSHADE-cnEpSin,Composition,30,24,3.324007735731859e-13
LSHADE-cnEpSin,Composition,30,25,4.372058270980996e-13
LSHADE-cnEpSin,Composition,30,26,5.011546733167354e-13
LSHADE-cnEpSin,Composition,30,27,6.201705815570506e-13
LSHADE-cnEpSin,Composition,30,28,4.602984660103837e-13
LSHADE-cnEpSin,Composition,30,29,5.295763827472526e-13
LSHADE-cnEpSin,DynamicSphere,30,0,0.6628082672547264
LSHADE-cnEpSin,DynamicSphere,30,1,1.0583450617907415
LSHADE-cnEpSin,DynamicSphere,30,2,1.008621557202441
LSHADE-cnEpSin,DynamicSphere,30,3,1.0684254574410468
LSHADE-cnEpSin,DynamicSphere,30,4,0.7771882214546273
LSHADE-cnEpSin,DynamicSphere,30,5,0.7392706019910809
LSHADE-cnEpSin,DynamicSphere,30,6,0.6498135263199413
LSHADE-cnEpSin,DynamicSphere,30,7,1.1142256653743416
LSHADE-cnEpSin,DynamicSphere,30,8,0.8566161942092982
LSHADE-cnEpSin,DynamicSphere,30,9,0.3618819287089367
LSHADE-cnEpSin,DynamicSphere,30,10,1.2868233292712374
LSHADE-cnEpSin,DynamicSphere,30,11,1.150757095722999
LSHADE-cnEpSin,DynamicSphere,30,12,0.7281454511822558
LSHADE-cnEpSin,DynamicSphere,30,13,1.132251387621921
LSHADE-cnEpSin,DynamicSphere,30,14,0.5652453197381234
LSHADE-cnEpSin,DynamicSphere,30,15,0.850660913323627
LSHADE-cnEpSin,DynamicSphere,30,16,0.6908122360255987
LSHADE-cnEpSin,DynamicSphere,30,17,0.8936218651307326
LSHADE-cnEpSin,DynamicSphere,30,18,0.6700330925403569
LSHADE-cnEpSin,DynamicSphere,30,19,0.9160842759574428
LSHADE-cnEpSin,DynamicSphere,30,20,1.0475982134878885
LSHADE-cnEpSin,DynamicSphere,30,21,0.5289407187025429
LSHADE-cnEpSin,DynamicSphere,30,22,1.095980255643187
LSHADE-cnEpSin,DynamicSphere,30,23,0.7737801439634105
LSHADE-cnEpSin,DynamicSphere,30,24,0.5404894157334809
LSHADE-cnEpSin,DynamicSphere,30,25,0.5925880589194653
LSHADE-cnEpSin,DynamicSphere,30,26,1.0275624872654603
LSHADE-cnEpSin,DynamicSphere,30,27,0.3309727068649597
LSHADE-cnEpSin,DynamicSphere,30,28,0.6923484793198558
LSHADE-cnEpSin,DynamicSphere,30,29,1.0245522984358706
LSHADE-cnEpSin,Griewank,30,0,0.0
LSHADE-cnEpSin,Griewank,30,1,0.0
LSHADE-cnEpSin,Griewank,30,2,0.0
LSHADE-cnEpSin,Griewank,30,3,0.0
LSHADE-cnEpSin,Griewank,30,4,0.0
LSHADE-cnEpSin,Griewank,30,5,0.0
LSHADE-cnEpSin,Griewank,30,6,0.0
LSHADE-cnEpSin,Griewank,30,7,0.0
LSHADE-cnEpSin,Griewank,30,8,0.0
LSHADE-cnEpSin,Griewank,30,9,0.0
LSHADE-cnEpSin,Griewank,30,10,1.1102230246251563e-16
LSHADE-cnEpSin,Griewank,30,11,0.0
LSHADE-cnEpSin,Griewank,30,12,0.0
LSHADE-cnEpSin,Griewank,30,13,0.0
LSHADE-cnEpSin,Griewank,30,14,0.0
LSHADE-cnEpSin,Griewank,30,15,0.0
LSHADE-cnEpSin,Griewank,30,16,0.0
LSHADE-cnEpSin,Griewank,30,17,0.0
LSHADE-cnEpSin,Griewank,30,18,0.0
LSHADE-cnEpSin,Griewank,30,19,0.0
LSHADE-cnEpSin,Griewank,30,20,0.0
LSHADE-cnEpSin,Griewank,30,21,0.0
LSHADE-cnEpSin,Griewank,30,22,0.0
LSHADE-cnEpSin,Griewank,30,23,0.0
LSHADE-cnEpSin,Griewank,30,24,0.0
LSHADE-cnEpSin,Griewank,30,25,0.0
LSHADE-cnEpSin,Griewank,30,26,0.0
LSHADE-cnEpSin,Griewank,30,27,0.0
LSHADE-cnEpSin,Griewank,30,28,0.0
LSHADE-cnEpSin,Griewank,30,29,0.0
LSHADE-cnEpSin,Levy,30,0,2.1176004209421373e-25
LSHADE-cnEpSin,Levy,30,1,3.8882078296065545e-26
LSHADE-cnEpSin,Levy,30,2,6.477526057321466e-26
LSHADE-cnEpSin,Levy,30,3,2.640681792495862e-26
LSHADE-cnEpSin,Levy,30,4,1.168536860465175e-25
LSHADE-cnEpSin,Levy,30,5,8.680131217093389e-26
LSHADE-cnEpSin,Levy,30,6,2.033438784829289e-26
LSHADE-cnEpSin,Levy,30,7,2.1881969897925515e-25
LSHADE-cnEpSin,Levy,30,8,1.0943604923808622e-25
LSHADE-cnEpSin,Levy,30,9,2.841387622943504e-25
LSHADE-cnEpSin,Levy,30,10,1.2755450316274411e-25
LSHADE-cnEpSin,Levy,30,11,5.569364440847222e-26
LSHADE-cnEpSin,Levy,30,12,2.3322387058242043e-25
LSHADE-cnEpSin,Levy,30,13,8.646352892742385e-26
LSHADE-cnEpSin,Levy,30,14,6.397266253681358e-26
LSHADE-cnEpSin,Levy,30,15,2.401621087153444e-25
LSHADE-cnEpSin,Levy,30,16,7.600722081945096e-26
LSHADE-cnEpSin,Levy,30,17,1.3463897812465883e-24
LSHADE-cnEpSin,Levy,30,18,1.1664632921527756e-24
LSHADE-cnEpSin,Levy,30,19,2.1390430139461454e-25
LSHADE-cnEpSin,Levy,30,20,3.419218052182535e-24
LSHADE-cnEpSin,Levy,30,21,2.3000745536259878e-24
LSHADE-cnEpSin,Levy,30,22,5.358389273940951e-26
LSHADE-cnEpSin,Levy,30,23,3.6254960675933055e-25
LSHADE-cnEpSin,Levy,30,24,2.5392899657932447e-26
LSHADE-cnEpSin,Levy,30,25,7.001088370428344e-25
LSHADE-cnEpSin,Levy,30,26,2.3792567297056093e-25
LSHADE-cnEpSin,Levy,30,27,1.0100531556107427e-24
LSHADE-cnEpSin,Levy,30,28,9.326869139160301e-26
LSHADE-cnEpSin,Levy,30,29,2.290080648192308e-25
LSHADE-cnEpSin,NoisyRastrigin,30,0,2.3580431133176187
LSHADE-cnEpSin,NoisyRastrigin,30,1,3.822962906817221
LSHADE-cnEpSin,NoisyRastrigin,30,2,5.043487449730428
LSHADE-cnEpSin,NoisyRastrigin,30,3,6.533596044546869
LSHADE-cnEpSin,NoisyRastrigin,30,4,2.131514991321163
LSHADE-cnEpSin,NoisyRastrigin,30,5,8.86662693871925
LSHADE-cnEpSin,NoisyRastrigin,30,6,6.657229799637584
LSHADE-cnEpSin,NoisyRastrigin,30,7,3.6503663932784143
LSHADE-cnEpSin,NoisyRastrigin,30,8,2.3421633055205167
LSHADE-cnEpSin,NoisyRastrigin,30,9,3.3791190516355982
LSHADE-cnEpSin,NoisyRastrigin,30,10,5.408779348367121
LSHADE-cnEpSin,NoisyRastrigin,30,11,5.295434175330206
LSHADE-cnEpSin,NoisyRastrigin,30,12,2.659549756430973
LSHADE-cnEpSin,NoisyRastrigin,30,13,5.612476830085269
LSHADE-cnEpSin,NoisyRastrigin,30,14,3.4850842815992458
LSHADE-cnEpSin,NoisyRastrigin,30,15,2.498679540390336
LSHADE-cnEpSin,NoisyRastrigin,30,16,2.819449272045663
LSHADE-cnEpSin,NoisyRastrigin,30,17,4.598945387693384
LSHADE-cnEpSin,NoisyRastrigin,30,18,3.1915292017776267
LSHADE-cnEpSin,NoisyRastrigin,30,19,6.976705583826737
LSHADE-cnEpSin,NoisyRastrigin,30,20,1.0274904891252667
LSHADE-cnEpSin,NoisyRastrigin,30,21,2.833366020970129
LSHADE-cnEpSin,NoisyRastrigin,30,22,4.07464504652817
LSHADE-cnEpSin,NoisyRastrigin,30,23,4.700942462770628
LSHADE-cnEpSin,NoisyRastrigin,30,24,4.909693866070938
LSHADE-cnEpSin,NoisyRastrigin,30,25,3.380748355295955
LSHADE-cnEpSin,NoisyRastrigin,30,26,4.043544877411156
LSHADE-cnEpSin,NoisyRastrigin,30,27,5.424260479095876
LSHADE-cnEpSin,NoisyRastrigin,30,28,4.779762323333353
LSHADE-cnEpSin,NoisyRastrigin,30,29,5.501927337355816
LSHADE-cnEpSin,NoisySphere,30,0,0.0098142958197791
LSHADE-cnEpSin,NoisySphere,30,1,0.0084407165921476
LSHADE-cnEpSin,NoisySphere,30,2,0.0101170436785476
LSHADE-cnEpSin,NoisySphere,30,3,0.0085763362231536
LSHADE-cnEpSin,NoisySphere,30,4,0.0120628021099049
LSHADE-cnEpSin,NoisySphere,30,5,0.007641326688642
LSHADE-cnEpSin,NoisySphere,30,6,0.007294377054667
LSHADE-cnEpSin,NoisySphere,30,7,0.0096359164515163
LSHADE-cnEpSin,NoisySphere,30,8,0.0087857022094986
LSHADE-cnEpSin,NoisySphere,30,9,0.0102135918964656
LSHADE-cnEpSin,NoisySphere,30,10,0.0085898389297212
LSHADE-cnEpSin,NoisySphere,30,11,0.0107818058371509
LSHADE-cnEpSin,NoisySphere,30,12,0.0093899231247536
LSHADE-cnEpSin,NoisySphere,30,13,0.0093195186917124
LSHADE-cnEpSin,NoisySphere,30,14,0.0084646221705063
LSHADE-cnEpSin,NoisySphere,30,15,0.0084975206461381
LSHADE-cnEpSin,NoisySphere,30,16,0.0089174465838836
LSHADE-cnEpSin,NoisySphere,30,17,0.0090928486651337
LSHADE-cnEpSin,NoisySphere,30,18,0.0063516862979495
LSHADE-cnEpSin,NoisySphere,30,19,0.0115358728651852
LSHADE-cnEpSin,NoisySphere,30,20,0.0085669306750107
LSHADE-cnEpSin,NoisySphere,30,21,0.0142393285450666
LSHADE-cnEpSin,NoisySphere,30,22,0.0159457953785106
LSHADE-cnEpSin,NoisySphere,30,23,0.0066495850471312
LSHADE-cnEpSin,NoisySphere,30,24,0.0101575467041678
LSHADE-cnEpSin,NoisySphere,30,25,0.006902534399621
LSHADE-cnEpSin,NoisySphere,30,26,0.0099935200044598
LSHADE-cnEpSin,NoisySphere,30,27,0.0121377928712031
LSHADE-cnEpSin,NoisySphere,30,28,0.0092506456460647
LSHADE-cnEpSin,NoisySphere,30,29,0.0107793662087367
LSHADE-cnEpSin,Rosenbrock,30,0,12.044142890056484
LSHADE-cnEpSin,Rosenbrock,30,1,13.769425107943023
LSHADE-cnEpSin,Rosenbrock,30,2,13.459616224362277
LSHADE-cnEpSin,Rosenbrock,30,3,13.112281618078349
LSHADE-cnEpSin,Rosenbrock,30,4,13.375644532389588
LSHADE-cnEpSin,Rosenbrock,30,5,13.781719681947491
LSHADE-cnEpSin,Rosenbrock,30,6,12.9873162032244
LSHADE-cnEpSin,Rosenbrock,30,7,13.574250693915715
LSHADE-cnEpSin,Rosenbrock,30,8,12.988693199299052
LSHADE-cnEpSin,Rosenbrock,30,9,12.941843722212536
LSHADE-cnEpSin,Rosenbrock,30,10,12.479849716562134
LSHADE-cnEpSin,Rosenbrock,30,11,12.917366999693815
LSHADE-cnEpSin,Rosenbrock,30,12,11.32343759646606
LSHADE-cnEpSin,Rosenbrock,30,13,11.835413428736423
LSHADE-cnEpSin,Rosenbrock,30,14,14.901241848491011
LSHADE-cnEpSin,Rosenbrock,30,15,13.123065658836389
LSHADE-cnEpSin,Rosenbrock,30,16,13.652577003620474
LSHADE-cnEpSin,Rosenbrock,30,17,13.138368699510895
LSHADE-cnEpSin,Rosenbrock,30,18,12.660509862822064
LSHADE-cnEpSin,Rosenbrock,30,19,12.587139645400416
LSHADE-cnEpSin,Rosenbrock,30,20,12.454868444406175
LSHADE-cnEpSin,Rosenbrock,30,21,13.257499501152171
LSHADE-cnEpSin,Rosenbrock,30,22,10.50912434957864
LSHADE-cnEpSin,Rosenbrock,30,23,13.289705471912349
LSHADE-cnEpSin,Rosenbrock,30,24,14.43063115119308
LSHADE-cnEpSin,Rosenbrock,30,25,13.352894605106078
LSHADE-cnEpSin,Rosenbrock,30,26,13.643591182838287
LSHADE-cnEpSin,Rosenbrock,30,27,13.406117578756216
LSHADE-cnEpSin,Rosenbrock,30,28,12.532257870007465
LSHADE-cnEpSin,Rosenbrock,30,29,13.383434693677916
LSHADE-cnEpSin,RotatedElliptic,30,0,8.78203199203264
LSHADE-cnEpSin,RotatedElliptic,30,1,0.0228935968229562
LSHADE-cnEpSin,RotatedElliptic,30,2,0.3163519243058069
LSHADE-cnEpSin,RotatedElliptic,30,3,1.181541066433471
LSHADE-cnEpSin,RotatedElliptic,30,4,0.1724239250088419
LSHADE-cnEpSin,RotatedElliptic,30,5,1.354982059117587
LSHADE-cnEpSin,RotatedElliptic,30,6,0.0388739114908191
LSHADE-cnEpSin,RotatedElliptic,30,7,0.0042093205551562
LSHADE-cnEpSin,RotatedElliptic,30,8,74.42001115582597
LSHADE-cnEpSin,RotatedElliptic,30,9,0.1624037626481822
LSHADE-cnEpSin,RotatedElliptic,30,10,0.9365832317371096
LSHADE-cnEpSin,RotatedElliptic,30,11,0.0380467597246015
LSHADE-cnEpSin,RotatedElliptic,30,12,0.011258469278382
LSHADE-cnEpSin,RotatedElliptic,30,13,0.1922070384237531
LSHADE-cnEpSin,RotatedElliptic,30,14,0.048736980629916
LSHADE-cnEpSin,RotatedElliptic,30,15,2.558772553874215
LSHADE-cnEpSin,RotatedElliptic,30,16,10.690552942692058
LSHADE-cnEpSin,RotatedElliptic,30,17,0.0151050454474173
LSHADE-cnEpSin,RotatedElliptic,30,18,0.2860170402904863
LSHADE-cnEpSin,RotatedElliptic,30,19,0.4876475033908801
LSHADE-cnEpSin,RotatedElliptic,30,20,0.5605993675758589
LSHADE-cnEpSin,RotatedElliptic,30,21,7.131869240718957
LSHADE-cnEpSin,RotatedElliptic,30,22,1.8040043148765992
LSHADE-cnEpSin,RotatedElliptic,30,23,0.0623454396487672
LSHADE-cnEpSin,RotatedElliptic,30,24,1.9879162752283224
LSHADE-cnEpSin,RotatedElliptic,30,25,0.1149940533600185
LSHADE-cnEpSin,RotatedElliptic,30,26,0.0228391811646737
LSHADE-cnEpSin,RotatedElliptic,30,27,0.0821872905994773
LSHADE-cnEpSin,RotatedElliptic,30,28,1.4162288855848568
LSHADE-cnEpSin,RotatedElliptic,30,29,0.0221366225667552
LSHADE-cnEpSin,Schwefel,30,0,86.2109343198299
LSHADE-cnEpSin,Schwefel,30,1,19.561499127226853
LSHADE-cnEpSin,Schwefel,30,2,12.01722738747594
LSHADE-cnEpSin,Schwefel,30,3,50.58997402210116
LSHADE-cnEpSin,Schwefel,30,4,6.944635213654692
LSHADE-cnEpSin,Schwefel,30,5,1.984933709154575
LSHADE-cnEpSin,Schwefel,30,6,4.307390332694922
LSHADE-cnEpSin,Schwefel,30,7,1.000116084511319
LSHADE-cnEpSin,Schwefel,30,8,6.964667412285053
LSHADE-cnEpSin,Schwefel,30,9,17.713851637328844
LSHADE-cnEpSin,Schwefel,30,10,5.39851495701987
LSHADE-cnEpSin,Schwefel,30,11,1.1910378665888857
LSHADE-cnEpSin,Schwefel,30,12,8.214005216319492
LSHADE-cnEpSin,Schwefel,30,13,1.9175318299094213
LSHADE-cnEpSin,Schwefel,30,14,10.74887164599386
LSHADE-cnEpSin,Schwefel,30,15,5.127961951955513
LSHADE-cnEpSin,Schwefel,30,16,37.72048204989915
LSHADE-cnEpSin,Schwefel,30,17,13.292322288698417
LSHADE-cnEpSin,Schwefel,30,18,2.563496130989733
LSHADE-cnEpSin,Schwefel,30,19,5.028571386865224
LSHADE-cnEpSin,Schwefel,30,20,8.912132961722818
LSHADE-cnEpSin,Schwefel,30,21,15.264567614287444
LSHADE-cnEpSin,Schwefel,30,22,3.013955682208689
LSHADE-cnEpSin,Schwefel,30,23,0.4034417835810018
LSHADE-cnEpSin,Schwefel,30,24,7.360903862569103
LSHADE-cnEpSin,Schwefel,30,25,124.00203896318271
LSHADE-cnEpSin,Schwefel,30,26,14.456856299910214
LSHADE-cnEpSin,Schwefel,30,27,10.791344782508531
LSHADE-cnEpSin,Schwefel,30,28,4.61452146279953
LSHADE-cnEpSin,Schwefel,30,29,13.298785008004415
LSHADE-cnEpSin,Zakharov,30,0,2.482783640851276e-13
LSHADE-cnEpSin,Zakharov,30,1,4.2607475570613045e-13
LSHADE-cnEpSin,Zakharov,30,2,2.922993637639735e-13
LSHADE-cnEpSin,Zakharov,30,3,4.8355917547804e-13
LSHADE-cnEpSin,Zakharov,30,4,7.416114513917611e-12
LSHADE-cnEpSin,Zakharov,30,5,1.46088295356339e-14
LSHADE-cnEpSin,Zakharov,30,6,4.232774301068268e-13
LSHADE-cnEpSin,Zakharov,30,7,5.842116600738866e-13
LSHADE-cnEpSin,Zakharov,30,8,1.1453519744306038e-12
LSHADE-cnEpSin,Zakharov,30,9,1.0497282964724398e-12
LSHADE-cnEpSin,Zakharov,30,10,4.815220815384248e-13
LSHADE-cnEpSin,Zakharov,30,11,2.789490125556102e-13
LSHADE-cnEpSin,Zakharov,30,12,9.522374458825093e-13
LSHADE-cnEpSin,Zakharov,30,13,9.107621831173921e-14
LSHADE-cnEpSin,Zakharov,30,14,1.0937397205405425e-13
LSHADE-cnEpSin,Zakharov,30,15,5.615418879322221e-12
LSHADE-cnEpSin,Zakharov,30,16,1.4016210770873249e-12
LSHADE-cnEpSin,Zakharov,30,17,5.99164829271058e-13
LSHADE-cnEpSin,Zakharov,30,18,2.8875869892226437e-12
LSHADE-cnEpSin,Zakharov,30,19,1.0669277452459784e-12
LSHADE-cnEpSin,Zakharov,30,20,7.912706709510276e-14
LSHADE-cnEpSin,Zakharov,30,21,1.9258006654616092e-13
LSHADE-cnEpSin,Zakharov,30,22,3.895607305318016e-13
LSHADE-cnEpSin,Zakharov,30,23,6.783433192529779e-14
LSHADE-cnEpSin,Zakharov,30,24,1.3501414401434478e-13
LSHADE-cnEpSin,Zakharov,30,25,2.961907815702737e-13
LSHADE-cnEpSin,Zakharov,30,26,5.527000252999045e-13
LSHADE-cnEpSin,Zakharov,30,27,6.18463832769792e-12
LSHADE-cnEpSin,Zakharov,30,28,2.7540684435749825e-13
LSHADE-cnEpSin,Zakharov,30,29,2.2043806272961818e-12
SHADE,Ackley,30,0,7.549516567451064e-15
SHADE,Ackley,30,1,7.549516567451064e-15
SHADE,Ackley,30,2,7.549516567451064e-15
SHADE,Ackley,30,3,7.549516567451064e-15
SHADE,Ackley,30,4,7.549516567451064e-15
SHADE,Ackley,30,5,7.549516567451064e-15
SHADE,Ackley,30,6,7.549516567451064e-15
SHADE,Ackley,30,7,7.549516567451064e-15
SHADE,Ackley,30,8,7.549516567451064e-15
SHADE,Ackley,30,9,7.549516567451064e-15
SHADE,Ackley,30,10,7.549516567451064e-15
SHADE,Ackley,30,11,7.549516567451064e-15
SHADE,Ackley,30,12,3.996802888650564e-15
SHADE,Ackley,30,13,7.549516567451064e-15
SHADE,Ackley,30,14,7.549516567451064e-15
SHADE,Ackley,30,15,7.549516567451064e-15
SHADE,Ackley,30,16,7.549516567451064e-15
SHADE,Ackley,30,17,3.996802888650564e-15
SHADE,Ackley,30,18,7.549516567451064e-15
SHADE,Ackley,30,19,7.549516567451064e-15
SHADE,Ackley,30,20,7.549516567451064e-15
SHADE,Ackley,30,21,7.549516567451064e-15
SHADE,Ackley,30,22,7.549516567451064e-15
SHADE,Ackley,30,23,7.549516567451064e-15
SHADE,Ackley,30,24,7.549516567451064e-15
SHADE,Ackley,30,25,7.549516567451064e-15
SHADE,Ackley,30,26,7.549516567451064e-15
SHADE,Ackley,30,27,7.549516567451064e-15
SHADE,Ackley,30,28,7.549516567451064e-15
SHADE,Ackley,30,29,7.549516567451064e-15
SHADE,BentCigar,30,0,0.0
SHADE,BentCigar,30,1,0.0
SHADE,BentCigar,30,2,0.0
SHADE,BentCigar,30,3,0.0
SHADE,BentCigar,30,4,0.0
SHADE,BentCigar,30,5,0.0
SHADE,BentCigar,30,6,0.0
SHADE,BentCigar,30,7,0.0
SHADE,BentCigar,30,8,0.0
SHADE,BentCigar,30,9,0.0
SHADE,BentCigar,30,10,0.0
SHADE,BentCigar,30,11,0.0
SHADE,BentCigar,30,12,0.0
SHADE,BentCigar,30,13,0.0
SHADE,BentCigar,30,14,0.0
SHADE,BentCigar,30,15,0.0
SHADE,BentCigar,30,16,0.0
SHADE,BentCigar,30,17,0.0
SHADE,BentCigar,30,18,0.0
SHADE,BentCigar,30,19,0.0
SHADE,BentCigar,30,20,0.0
SHADE,BentCigar,30,21,0.0
SHADE,BentCigar,30,22,0.0
SHADE,BentCigar,30,23,0.0
SHADE,BentCigar,30,24,0.0
SHADE,BentCigar,30,25,0.0
SHADE,BentCigar,30,26,0.0
SHADE,BentCigar,30,27,0.0
SHADE,BentCigar,30,28,0.0
SHADE,BentCigar,30,29,0.0
SHADE,Composition,30,0,2.220446049250313e-16
SHADE,Composition,30,1,2.220446049250313e-16
SHADE,Composition,30,2,2.220446049250313e-16
SHADE,Composition,30,3,2.220446049250313e-16
SHADE,Composition,30,4,2.220446049250313e-16
SHADE,Composition,30,5,2.220446049250313e-16
SHADE,Composition,30,6,2.220446049250313e-16
SHADE,Composition,30,7,2.220446049250313e-16
SHADE,Composition,30,8,2.220446049250313e-16
SHADE,Composition,30,9,2.220446049250313e-16
SHADE,Composition,30,10,2.220446049250313e-16
SHADE,Composition,30,11,2.220446049250313e-16
SHADE,Composition,30,12,2.220446049250313e-16
SHADE,Composition,30,13,2.220446049250313e-16
SHADE,Composition,30,14,2.220446049250313e-16
SHADE,Composition,30,15,2.220446049250313e-16
SHADE,Composition,30,16,2.220446049250313e-16
SHADE,Composition,30,17,2.220446049250313e-16
SHADE,Composition,30,18,2.220446049250313e-16
SHADE,Composition,30,19,2.220446049250313e-16
SHADE,Composition,30,20,2.220446049250313e-16
SHADE,Composition,30,21,2.220446049250313e-16
SHADE,Composition,30,22,2.220446049250313e-16
SHADE,Composition,30,23,2.220446049250313e-16
SHADE,Composition,30,24,2.220446049250313e-16
SHADE,Composition,30,25,2.220446049250313e-16
SHADE,Composition,30,26,2.220446049250313e-16
SHADE,Composition,30,27,2.220446049250313e-16
SHADE,Composition,30,28,2.220446049250313e-16
SHADE,Composition,30,29,2.220446049250313e-16
SHADE,DynamicSphere,30,0,1.9314717396260337
SHADE,DynamicSphere,30,1,1.3502695097985522
SHADE,DynamicSphere,30,2,2.4387699058121344
SHADE,DynamicSphere,30,3,2.323462100096036
SHADE,DynamicSphere,30,4,2.169610586838542
SHADE,DynamicSphere,30,5,1.673609272028075
SHADE,DynamicSphere,30,6,2.345048930898461
SHADE,DynamicSphere,30,7,2.123039489518795
SHADE,DynamicSphere,30,8,1.939175050486324
SHADE,DynamicSphere,30,9,1.885238896402604
SHADE,DynamicSphere,30,10,2.260803873814934
SHADE,DynamicSphere,30,11,1.6869974528882594
SHADE,DynamicSphere,30,12,2.3698307380434764
SHADE,DynamicSphere,30,13,1.9733989571501551
SHADE,DynamicSphere,30,14,2.2465661624031483
SHADE,DynamicSphere,30,15,2.053233253190545
SHADE,DynamicSphere,30,16,2.532635891337483
SHADE,DynamicSphere,30,17,1.225687760119451
SHADE,DynamicSphere,30,18,1.8148190749213544
SHADE,DynamicSphere,30,19,2.858414992621228
SHADE,DynamicSphere,30,20,1.867233882215384
SHADE,DynamicSphere,30,21,1.8149786603298268
SHADE,DynamicSphere,30,22,1.3799762782105571
SHADE,DynamicSphere,30,23,1.6224397911511452
SHADE,DynamicSphere,30,24,1.9155315420714685
SHADE,DynamicSphere,30,25,1.6640829884685453
SHADE,DynamicSphere,30,26,1.7657282808489323
SHADE,DynamicSphere,30,27,1.5696166236436453
SHADE,DynamicSphere,30,28,1.3690615360736635
SHADE,DynamicSphere,30,29,1.5837040078519924
SHADE,Griewank,30,0,0.0
SHADE,Griewank,30,1,0.0
SHADE,Griewank,30,2,0.0
SHADE,Griewank,30,3,0.0
SHADE,Griewank,30,4,0.0
SHADE,Griewank,30,5,0.0
SHADE,Griewank,30,6,0.0
SHADE,Griewank,30,7,0.0
SHADE,Griewank,30,8,0.0
SHADE,Griewank,30,9,0.0
SHADE,Griewank,30,10,0.0
SHADE,Griewank,30,11,0.0
SHADE,Griewank,30,12,0.0
SHADE,Griewank,30,13,0.0
SHADE,Griewank,30,14,0.0
SHADE,Griewank,30,15,0.0
SHADE,Griewank,30,16,0.0
SHADE,Griewank,30,17,0.0
SHADE,Griewank,30,18,0.0
SHADE,Griewank,30,19,0.0
SHADE,Griewank,30,20,0.0
SHADE,Griewank,30,21,0.0
SHADE,Griewank,30,22,0.0
SHADE,Griewank,30,23,0.0
SHADE,Griewank,30,24,0.0
SHADE,Griewank,30,25,0.0
SHADE,Griewank,30,26,0.0
SHADE,Griewank,30,27,0.0
SHADE,Griewank,30,28,0.0
SHADE,Griewank,30,29,0.0
SHADE,Levy,30,0,1.4997597826618576e-32
SHADE,Levy,30,1,1.4997597826618576e-32
SHADE,Levy,30,2,1.4997597826618576e-32
SHADE,Levy,30,3,1.4997597826618576e-32
SHADE,Levy,30,4,1.4997597826618576e-32
SHADE,Levy,30,5,1.4997597826618576e-32
SHADE,Levy,30,6,1.4997597826618576e-32
SHADE,Levy,30,7,1.4997597826618576e-32
SHADE,Levy,30,8,1.4997597826618576e-32
SHADE,Levy,30,9,1.4997597826618576e-32
SHADE,Levy,30,10,1.4997597826618576e-32
SHADE,Levy,30,11,1.4997597826618576e-32
SHADE,Levy,30,12,1.4997597826618576e-32
SHADE,Levy,30,13,1.4997597826618576e-32
SHADE,Levy,30,14,1.4997597826618576e-32
SHADE,Levy,30,15,1.4997597826618576e-32
SHADE,Levy,30,16,1.4997597826618576e-32
SHADE,Levy,30,17,1.4997597826618576e-32
SHADE,Levy,30,18,1.4997597826618576e-32
SHADE,Levy,30,19,1.4997597826618576e-32
SHADE,Levy,30,20,1.4997597826618576e-32
SHADE,Levy,30,21,1.4997597826618576e-32
SHADE,Levy,30,22,1.4997597826618576e-32
SHADE,Levy,30,23,1.4997597826618576e-32
SHADE,Levy,30,24,1.4997597826618576e-32
SHADE,Levy,30,25,1.4997597826618576e-32
SHADE,Levy,30,26,1.4997597826618576e-32
SHADE,Levy,30,27,1.4997597826618576e-32
SHADE,Levy,30,28,1.4997597826618576e-32
SHADE,Levy,30,29,1.4997597826618576e-32
SHADE,NoisyRastrigin,30,0,12.445699884386832
SHADE,NoisyRastrigin,30,1,15.098296151417278
SHADE,NoisyRastrigin,30,2,13.676719079082126
SHADE,NoisyRastrigin,30,3,11.76117649872647
SHADE,NoisyRastrigin,30,4,12.162971502187592
SHADE,NoisyRastrigin,30,5,10.715104787162588
SHADE,NoisyRastrigin,30,6,15.961047362663924
SHADE,NoisyRastrigin,30,7,12.231433590600908
SHADE,NoisyRastrigin,30,8,12.106922523527505
SHADE,NoisyRastrigin,30,9,15.17577105054302
SHADE,NoisyRastrigin,30,10,13.814954555424316
SHADE,NoisyRastrigin,30,11,13.616346806815487
SHADE,NoisyRastrigin,30,12,12.187342212529767
SHADE,NoisyRastrigin,30,13,11.838811181241343
SHADE,NoisyRastrigin,30,14,11.876618293566018
SHADE,NoisyRastrigin,30,15,12.538458088236982
SHADE,NoisyRastrigin,30,16,16.698095416882424
SHADE,NoisyRastrigin,30,17,12.69723945778069
SHADE,NoisyRastrigin,30,18,12.313646481193418
SHADE,NoisyRastrigin,30,19,14.105194078553328
SHADE,NoisyRastrigin,30,20,11.710195705166406
SHADE,NoisyRastrigin,30,21,11.15943110980385
SHADE,NoisyRastrigin,30,22,11.496712491656307
SHADE,NoisyRastrigin,30,23,12.007536669695552
SHADE,NoisyRastrigin,30,24,10.366538012941858
SHADE,NoisyRastrigin,30,25,13.403849329178811
SHADE,NoisyRastrigin,30,26,14.190535525554628
SHADE,NoisyRastrigin,30,27,10.39350845074176
SHADE,NoisyRastrigin,30,28,12.152881627922753
SHADE,NoisyRastrigin,30,29,9.69817218874116
SHADE,NoisySphere,30,0,0.0121620074281142
SHADE,NoisySphere,30,1,0.0065531792808152
SHADE,NoisySphere,30,2,0.0102632138611047
SHADE,NoisySphere,30,3,0.0115092647657483
SHADE,NoisySphere,30,4,0.0121375864932234
SHADE,NoisySphere,30,5,0.0129938557750159
SHADE,NoisySphere,30,6,0.014347440733933
SHADE,NoisySphere,30,7,0.0108641539636399
SHADE,NoisySphere,30,8,0.013210523479809
SHADE,NoisySphere,30,9,0.0083053349170801
SHADE,NoisySphere,30,10,0.0143687325132123
SHADE,NoisySphere,30,11,0.0093485432263641
SHADE,NoisySphere,30,12,0.0076440411135483
SHADE,NoisySphere,30,13,0.013608382708857
SHADE,NoisySphere,30,14,0.009612175031726
SHADE,NoisySphere,30,15,0.0145131380996056
SHADE,NoisySphere,30,16,0.0140836544495909
SHADE,NoisySphere,30,17,0.0100215949746656
SHADE,NoisySphere,30,18,0.0165598447973436
SHADE,NoisySphere,30,19,0.0109760487960663
SHADE,NoisySphere,30,20,0.0129793235842815
SHADE,NoisySphere,30,21,0.008758390189392
SHADE,NoisySphere,30,22,0.0097334298516286
SHADE,NoisySphere,30,23,0.0127875936365399
SHADE,NoisySphere,30,24,0.0129237750759934
SHADE,NoisySphere,30,25,0.0078888347778578
SHADE,NoisySphere,30,26,0.0117339878190036
SHADE,NoisySphere,30,27,0.013230227226872
SHADE,NoisySphere,30,28,0.0103026867397736
SHADE,NoisySphere,30,29,0.0106441100702239
SHADE,Rosenbrock,30,0,0.5176518921743972
SHADE,Rosenbrock,30,1,0.8733792457915699
SHADE,Rosenbrock,30,2,0.5927366388760421
SHADE,Rosenbrock,30,3,1.029940565325936
SHADE,Rosenbrock,30,4,0.2721986172983071
SHADE,Rosenbrock,30,5,0.951760106225538
SHADE,Rosenbrock,30,6,1.7730773017764911
SHADE,Rosenbrock,30,7,0.9738235860327642
SHADE,Rosenbrock,30,8,0.7189128214123252
SHADE,Rosenbrock,30,9,2.295154315658017
SHADE,Rosenbrock,30,10,0.9315612351266866
SHADE,Rosenbrock,30,11,0.0041179865944968
SHADE,Rosenbrock,30,12,0.6901428652603159
SHADE,Rosenbrock,30,13,0.0717949603385356
SHADE,Rosenbrock,30,14,0.4740757805262738
SHADE,Rosenbrock,30,15,0.2587812129667011
SHADE,Rosenbrock,30,16,0.7076080629575984
SHADE,Rosenbrock,30,17,1.1733929815369466
SHADE,Rosenbrock,30,18,0.1342722212594182
SHADE,Rosenbrock,30,19,0.1741113564285851
SHADE,Rosenbrock,30,20,1.8230998329084644
SHADE,Rosenbrock,30,21,0.3847618206722329
SHADE,Rosenbrock,30,22,0.2224358930750081
SHADE,Rosenbrock,30,23,1.7239874605704826
SHADE,Rosenbrock,30,24,1.346757942294894
SHADE,Rosenbrock,30,25,1.3113786910375869
SHADE,Rosenbrock,30,26,0.1829283159172022
SHADE,Rosenbrock,30,27,0.7877288063409953
SHADE,Rosenbrock,30,28,0.596497196679377
SHADE,Rosenbrock,30,29,0.9739051054111468
SHADE,RotatedElliptic,30,0,82367.6309770437
SHADE,RotatedElliptic,30,1,85466.84653442864
SHADE,RotatedElliptic,30,2,38330.26717148566
SHADE,RotatedElliptic,30,3,154594.0768175468
SHADE,RotatedElliptic,30,4,147446.3025449109
SHADE,RotatedElliptic,30,5,67642.4541516455
SHADE,RotatedElliptic,30,6,78219.6252043879
SHADE,RotatedElliptic,30,7,67351.52146708536
SHADE,RotatedElliptic,30,8,33173.51552573189
SHADE,RotatedElliptic,30,9,93019.41564277111
SHADE,RotatedElliptic,30,10,254920.39510394484
SHADE,RotatedElliptic,30,11,116572.14100222947
SHADE,RotatedElliptic,30,12,62748.09398463881
SHADE,RotatedElliptic,30,13,226230.49481064169
SHADE,RotatedElliptic,30,14,101670.51380122257
SHADE,RotatedElliptic,30,15,377122.7744469561
SHADE,RotatedElliptic,30,16,74637.35095491383
SHADE,RotatedElliptic,30,17,31687.773701750903
SHADE,RotatedElliptic,30,18,161926.60489874994
SHADE,RotatedElliptic,30,19,94094.61061363124
SHADE,RotatedElliptic,30,20,98520.56295316508
SHADE,RotatedElliptic,30,21,38493.01333555815
SHADE,RotatedElliptic,30,22,48697.92049724935
SHADE,RotatedElliptic,30,23,120856.40546096837
SHADE,RotatedElliptic,30,24,127805.98042392294
SHADE,RotatedElliptic,30,25,93880.87625100344
SHADE,RotatedElliptic,30,26,160572.76272756146
SHADE,RotatedElliptic,30,27,50856.37936430213
SHADE,RotatedElliptic,30,28,176519.53491826478
SHADE,RotatedElliptic,30,29,141636.58319944906
SHADE,Schwefel,30,0,0.0044091934505559
SHADE,Schwefel,30,1,1.239885696062629
SHADE,Schwefel,30,2,0.0868933819128869
SHADE,Schwefel,30,3,0.0255488119091751
SHADE,Schwefel,30,4,118.46701619454323
SHADE,Schwefel,30,5,2.9999245647723
SHADE,Schwefel,30,6,29.31228119055777
SHADE,Schwefel,30,7,0.6964430821444694
SHADE,Schwefel,30,8,12.869714467784434
SHADE,Schwefel,30,9,9.425577155081555
SHADE,Schwefel,30,10,0.0075971663773088
SHADE,Schwefel,30,11,0.0317920509878604
SHADE,Schwefel,30,12,0.0132973615018272
SHADE,Schwefel,30,13,0.0050260303505638
SHADE,Schwefel,30,14,0.0156066557792655
SHADE,Schwefel,30,15,0.1190762915393861
SHADE,Schwefel,30,16,118.46369882395992
SHADE,Schwefel,30,17,14.139697724793225
SHADE,Schwefel,30,18,0.1748187552566378
SHADE,Schwefel,30,19,0.9955489202366152
SHADE,Schwefel,30,20,118.4429604270954
SHADE,Schwefel,30,21,119.09746064955834
SHADE,Schwefel,30,22,118.57651336788147
SHADE,Schwefel,30,23,118.4388509466662
SHADE,Schwefel,30,24,0.1901118995447177
SHADE,Schwefel,30,25,4.474219971971252
SHADE,Schwefel,30,26,0.1116110550865414
SHADE,Schwefel,30,27,0.0938007976546941
SHADE,Schwefel,30,28,0.6250971453300735
SHADE,Schwefel,30,29,23.304965360232018
SHADE,Zakharov,30,0,3.553420732685749e-13
SHADE,Zakharov,30,1,6.94236765517269e-12
SHADE,Zakharov,30,2,1.9753710799438167e-12
SHADE,Zakharov,30,3,9.387269930294881e-14
SHADE,Zakharov,30,4,1.214067505141883e-13
SHADE,Zakharov,30,5,7.509370287234599e-13
SHADE,Zakharov,30,6,1.3374906361578584e-13
SHADE,Zakharov,30,7,1.2562369481190747e-11
SHADE,Zakharov,30,8,6.246731367773469e-11
SHADE,Zakharov,30,9,1.3924382311835945e-13
SHADE,Zakharov,30,10,4.6922839399137505e-11
SHADE,Zakharov,30,11,1.7825708215811143e-11
SHADE,Zakharov,30,12,4.1867925342717355e-14
SHADE,Zakharov,30,13,6.339964262058346e-11
SHADE,Zakharov,30,14,9.596848246773e-14
SHADE,Zakharov,30,15,4.733881550007544e-13
SHADE,Zakharov,30,16,1.209359708268039e-13
SHADE,Zakharov,30,17,9.381733628283622e-13
SHADE,Zakharov,30,18,1.742451201394794e-13
SHADE,Zakharov,30,19,1.0676375165408654e-11
SHADE,Zakharov,30,20,2.496763271734825e-13
SHADE,Zakharov,30,21,4.701815204757535e-14
SHADE,Zakharov,30,22,1.0603562270565922e-11
SHADE,Zakharov,30,23,5.046088128283287e-13
SHADE,Zakharov,30,24,1.1406733331828193e-12
SHADE,Zakharov,30,25,6.860846582166951e-12
SHADE,Zakharov,30,26,1.308800851601534e-13
SHADE,Zakharov,30,27,2.188944167130041e-12
SHADE,Zakharov,30,28,1.139274611441736e-13
SHADE,Zakharov,30,29,5.058545536506369e-13
CMA-ES,Ackley,30,0,6.921462488552493
CMA-ES,Ackley,30,1,7.549516567451064e-15
CMA-ES,Ackley,30,2,7.549516567451064e-15
CMA-ES,Ackley,30,3,7.549516567451064e-15
CMA-ES,Ackley,30,4,5.558026362274273
CMA-ES,Ackley,30,5,16.412805441896275
CMA-ES,Ackley,30,6,7.549516567451064e-15
CMA-ES,Ackley,30,7,5.123889906538746
CMA-ES,Ackley,30,8,5.497445946270577
CMA-ES,Ackley,30,9,10.47214687545932
CMA-ES,Ackley,30,10,10.472563943880846
CMA-ES,Ackley,30,11,9.922434123032849
CMA-ES,Ackley,30,12,5.794500079701386
CMA-ES,Ackley,30,13,7.549516567451064e-15
CMA-ES,Ackley,30,14,5.089135478613763
CMA-ES,Ackley,30,15,9.692476262936882
CMA-ES,Ackley,30,16,6.880581069615772
CMA-ES,Ackley,30,17,5.497445946270577
CMA-ES,Ackley,30,18,7.933508891429962
CMA-ES,Ackley,30,19,8.982707363950443
CMA-ES,Ackley,30,20,5.226114104118992
CMA-ES,Ackley,30,21,7.549516567451064e-15
CMA-ES,Ackley,30,22,7.549516567451064e-15
CMA-ES,Ackley,30,23,7.549516567451064e-15
CMA-ES,Ackley,30,24,10.72349486042202
CMA-ES,Ackley,30,25,7.549516567451064e-15
CMA-ES,Ackley,30,26,4.694995852719494
CMA-ES,Ackley,30,27,3.996802888650564e-15
CMA-ES,Ackley,30,28,5.737424394275127
CMA-ES,Ackley,30,29,5.61761137443575
CMA-ES,BentCigar,30,0,6050434854.1268
CMA-ES,BentCigar,30,1,1706905728.255591
CMA-ES,BentCigar,30,2,536574554.7376314
CMA-ES,BentCigar,30,3,0.0
CMA-ES,BentCigar,30,4,536581344.4758284
CMA-ES,BentCigar,30,5,2300663161.8798304
CMA-ES,BentCigar,30,6,0.0
CMA-ES,BentCigar,30,7,536574554.7376314
CMA-ES,BentCigar,30,8,0.0
CMA-ES,BentCigar,30,9,0.0
CMA-ES,BentCigar,30,10,890881072.6016507
CMA-ES,BentCigar,30,11,6789.73819697464
CMA-ES,BentCigar,30,12,1659503534.459478
CMA-ES,BentCigar,30,13,0.0
CMA-ES,BentCigar,30,14,1222073024.6032882
CMA-ES,BentCigar,30,15,685498469.8656567
CMA-ES,BentCigar,30,16,829145989.3448821
CMA-ES,BentCigar,30,17,484825913.9141057
CMA-ES,BentCigar,30,18,0.0
CMA-ES,BentCigar,30,19,484825913.9141057
CMA-ES,BentCigar,30,20,536574554.7376314
CMA-ES,BentCigar,30,21,829159819.1359991
CMA-ES,BentCigar,30,22,1170331173.5179596
CMA-ES,BentCigar,30,23,484825913.9141057
CMA-ES,BentCigar,30,24,2144329448.373584
CMA-ES,BentCigar,30,25,484825913.9141057
CMA-ES,BentCigar,30,26,2345002004.3251348
CMA-ES,BentCigar,30,27,0.0
CMA-ES,BentCigar,30,28,484825913.9141057
CMA-ES,BentCigar,30,29,0.0
CMA-ES,Composition,30,0,2.220446049250313e-16
CMA-ES,Composition,30,1,677.1876252130725
CMA-ES,Composition,30,2,2.220446049250313e-16
CMA-ES,Composition,30,3,2.220446049250313e-16
CMA-ES,Composition,30,4,412.02927215950143
CMA-ES,Composition,30,5,2.220446049250313e-16
CMA-ES,Composition,30,6,884.3562662102881
CMA-ES,Composition,30,7,2.220446049250313e-16
CMA-ES,Composition,30,8,2.220446049250313e-16
CMA-ES,Composition,30,9,2.220446049250313e-16
CMA-ES,Composition,30,10,412.02927215950143
CMA-ES,Composition,30,11,1579.8570124147884
CMA-ES,Composition,30,12,2639.376589813219
CMA-ES,Composition,30,13,2.220446049250313e-16
CMA-ES,Composition,30,14,2.220446049250313e-16
CMA-ES,Composition,30,15,2.220446049250313e-16
CMA-ES,Composition,30,16,702.0606801958178
CMA-ES,Composition,30,17,1011.21113689476
CMA-ES,Composition,30,18,2.220446049250313e-16
CMA-ES,Composition,30,19,533.2788219212688
CMA-ES,Composition,30,20,3224.156666367402
CMA-ES,Composition,30,21,2.220446049250313e-16
CMA-ES,Composition,30,22,2.220446049250313e-16
CMA-ES,Composition,30,23,2.220446049250313e-16
CMA-ES,Composition,30,24,2.220446049250313e-16
CMA-ES,Composition,30,25,1207.928006369619
CMA-ES,Composition,30,26,329.1237300529518
CMA-ES,Composition,30,27,2.220446049250313e-16
CMA-ES,Composition,30,28,1207.928006369619
CMA-ES,Composition,30,29,949.3360165611124
CMA-ES,DynamicSphere,30,0,974.6385626893018
CMA-ES,DynamicSphere,30,1,0.0064922665983473
CMA-ES,DynamicSphere,30,2,540.0852853203595
CMA-ES,DynamicSphere,30,3,1561.597045171107
CMA-ES,DynamicSphere,30,4,5380.566858027669
CMA-ES,DynamicSphere,30,5,834.4587473929508
CMA-ES,DynamicSphere,30,6,2104.3751049192483
CMA-ES,DynamicSphere,30,7,0.0142570403123467
CMA-ES,DynamicSphere,30,8,1613.6501292819787
CMA-ES,DynamicSphere,30,9,2177.4137156533425
CMA-ES,DynamicSphere,30,10,540.1641211692288
CMA-ES,DynamicSphere,30,11,1341.5835195615057
CMA-ES,DynamicSphere,30,12,834.4895734277095
CMA-ES,DynamicSphere,30,13,0.0106556827946782
CMA-ES,DynamicSphere,30,14,540.0392524632016
CMA-ES,DynamicSphere,30,15,1959.8948277004167
CMA-ES,DynamicSphere,30,16,0.0095044583536939
CMA-ES,DynamicSphere,30,17,906.8736358301868
CMA-ES,DynamicSphere,30,18,0.0062032324303348
CMA-ES,DynamicSphere,30,19,0.0134944049944799
CMA-ES,DynamicSphere,30,20,901.7011913555972
CMA-ES,DynamicSphere,30,21,1809.0806719962136
CMA-ES,DynamicSphere,30,22,2232.187313626902
CMA-ES,DynamicSphere,30,23,0.0084419560067523
CMA-ES,DynamicSphere,30,24,513.0000769554829
CMA-ES,DynamicSphere,30,25,540.0876421548589
CMA-ES,DynamicSphere,30,26,4398.039475046217
CMA-ES,DynamicSphere,30,27,707.0048238061023
CMA-ES,DynamicSphere,30,28,1397.4664197969123
CMA-ES,DynamicSphere,30,29,1397.3876807150614
CMA-ES,Griewank,30,0,17.937830175297876
CMA-ES,Griewank,30,1,12.67228013955169
CMA-ES,Griewank,30,2,40.16971019420147
CMA-ES,Griewank,30,3,0.0147797767548256
CMA-ES,Griewank,30,4,0.0
CMA-ES,Griewank,30,5,12.672280139551692
CMA-ES,Griewank,30,6,12.393391390565991
CMA-ES,Griewank,30,7,24.82991196332534
CMA-ES,Griewank,30,8,0.0
CMA-ES,Griewank,30,9,0.0073960403341148
CMA-ES,Griewank,30,10,5.891128913454805
CMA-ES,Griewank,30,11,0.0
CMA-ES,Griewank,30,12,0.0
CMA-ES,Griewank,30,13,32.05107854258287
CMA-ES,Griewank,30,14,0.0
CMA-ES,Griewank,30,15,0.0
CMA-ES,Griewank,30,16,0.0
CMA-ES,Griewank,30,17,0.0073960403341148
CMA-ES,Griewank,30,18,37.18308767732957
CMA-ES,Griewank,30,19,5.891128913454804
CMA-ES,Griewank,30,20,0.0
CMA-ES,Griewank,30,21,0.0
CMA-ES,Griewank,30,22,0.0
CMA-ES,Griewank,30,23,12.67228013955169
CMA-ES,Griewank,30,24,0.0
CMA-ES,Griewank,30,25,0.0073960403341148
CMA-ES,Griewank,30,26,7.175953262463528
CMA-ES,Griewank,30,27,0.0
CMA-ES,Griewank,30,28,0.0
CMA-ES,Griewank,30,29,7.175953262463528
CMA-ES,Levy,30,0,20.65868209891065
CMA-ES,Levy,30,1,2.317581210247494
CMA-ES,Levy,30,2,14.419806145551377
CMA-ES,Levy,30,3,22.811019159216027
CMA-ES,Levy,30,4,17.21195492255641
CMA-ES,Levy,30,5,20.7324991635304
CMA-ES,Levy,30,6,5.609852022728141
CMA-ES,Levy,30,7,5.124863712296293
CMA-ES,Levy,30,8,2.597127554057548
CMA-ES,Levy,30,9,1.375808499882003
CMA-ES,Levy,30,10,0.6558761072661441
CMA-ES,Levy,30,11,14.401151718284307
CMA-ES,Levy,30,12,10.789137443588734
CMA-ES,Levy,30,13,7.503197124952534
CMA-ES,Levy,30,14,8.405268022275905
CMA-ES,Levy,30,15,2.3241583501056704
CMA-ES,Levy,30,16,24.920817077894032
CMA-ES,Levy,30,17,4.99178944992137
CMA-ES,Levy,30,18,15.025118533520414
CMA-ES,Levy,30,19,8.97484550716682
CMA-ES,Levy,30,20,2.7944008166807563
CMA-ES,Levy,30,21,12.353545592737897
CMA-ES,Levy,30,22,4.662789949719793
CMA-ES,Levy,30,23,15.62750665881864
CMA-ES,Levy,30,24,20.529772400166447
CMA-ES,Levy,30,25,28.69215293617396
CMA-ES,Levy,30,26,6.244534990979721
CMA-ES,Levy,30,27,45.08313651050369
CMA-ES,Levy,30,28,5.245559576605882
CMA-ES,Levy,30,29,41.76099070168059
CMA-ES,NoisyRastrigin,30,0,62.99331654709323
CMA-ES,NoisyRastrigin,30,1,71.00237713108135
CMA-ES,NoisyRastrigin,30,2,87.35363079738158
CMA-ES,NoisyRastrigin,30,3,71.59965395984075
CMA-ES,NoisyRastrigin,30,4,100.15346801574802
CMA-ES,NoisyRastrigin,30,5,74.36911015282706
CMA-ES,NoisyRastrigin,30,6,99.60418964919027
CMA-ES,NoisyRastrigin,30,7,81.20950983126968
CMA-ES,NoisyRastrigin,30,8,64.18363811937793
CMA-ES,NoisyRastrigin,30,9,83.8299950136875
CMA-ES,NoisyRastrigin,30,10,95.72234149545363
CMA-ES,NoisyRastrigin,30,11,66.26230580868175
CMA-ES,NoisyRastrigin,30,12,91.85019160009335
CMA-ES,NoisyRastrigin,30,13,84.92483095103248
CMA-ES,NoisyRastrigin,30,14,86.2504610659172
CMA-ES,NoisyRastrigin,30,15,69.36927178727689
CMA-ES,NoisyRastrigin,30,16,58.29942634485303
CMA-ES,NoisyRastrigin,30,17,101.3198456850344
CMA-ES,NoisyRastrigin,30,18,62.2279951534658
CMA-ES,NoisyRastrigin,30,19,103.18842506988597
CMA-ES,NoisyRastrigin,30,20,56.43229248870559
CMA-ES,NoisyRastrigin,30,21,61.28870529555631
CMA-ES,NoisyRastrigin,30,22,75.99971027410095
CMA-ES,NoisyRastrigin,30,23,72.02699941742458
CMA-ES,NoisyRastrigin,30,24,65.76187361008694
CMA-ES,NoisyRastrigin,30,25,84.66032587533451
CMA-ES,NoisyRastrigin,30,26,58.49123320209422
CMA-ES,NoisyRastrigin,30,27,98.0781157919788
CMA-ES,NoisyRastrigin,30,28,82.55416975718992
CMA-ES,NoisyRastrigin,30,29,80.53441913875635
CMA-ES,NoisySphere,30,0,0.1172250294562453
CMA-ES,NoisySphere,30,1,0.1196836312113648
CMA-ES,NoisySphere,30,2,0.1136223306182961
CMA-ES,NoisySphere,30,3,608.8846228453673
CMA-ES,NoisySphere,30,4,605.7219316842398
CMA-ES,NoisySphere,30,5,566.9800009621716
CMA-ES,NoisySphere,30,6,0.1752333649605002
CMA-ES,NoisySphere,30,7,0.1945912420441368
CMA-ES,NoisySphere,30,8,0.1819736159316637
CMA-ES,NoisySphere,30,9,4991.023308608312
CMA-ES,NoisySphere,30,10,0.1640375754963221
CMA-ES,NoisySphere,30,11,1917.5524192711705
CMA-ES,NoisySphere,30,12,608.8577259782181
CMA-ES,NoisySphere,30,13,2484.2551250345555
CMA-ES,NoisySphere,30,14,4023.978365982018
CMA-ES,NoisySphere,30,15,0.2000061944811879
CMA-ES,NoisySphere,30,16,608.8852171613275
CMA-ES,NoisySphere,30,17,0.122806349750224
CMA-ES,NoisySphere,30,18,705.0159777907488
CMA-ES,NoisySphere,30,19,605.7086404148084
CMA-ES,NoisySphere,30,20,2961.652424828489
CMA-ES,NoisySphere,30,21,1917.5729213429263
CMA-ES,NoisySphere,30,22,566.8544425695943
CMA-ES,NoisySphere,30,23,2943.8558151015245
CMA-ES,NoisySphere,30,24,705.0390025633366
CMA-ES,NoisySphere,30,25,0.2199471317431112
CMA-ES,NoisySphere,30,26,705.0491610608847
CMA-ES,NoisySphere,30,27,704.9915277866903
CMA-ES,NoisySphere,30,28,0.1582081499690474
CMA-ES,NoisySphere,30,29,0.1759937609494289
CMA-ES,Rosenbrock,30,0,1.2325655821238852e-26
CMA-ES,Rosenbrock,30,1,1249422.8629940846
CMA-ES,Rosenbrock,30,2,9.875010115363202e-27
CMA-ES,Rosenbrock,30,3,3.986623854300933
CMA-ES,Rosenbrock,30,4,4.388531823357641e-28
CMA-ES,Rosenbrock,30,5,7.123463277952313e-27
CMA-ES,Rosenbrock,30,6,9.880482837893171e-29
CMA-ES,Rosenbrock,30,7,920811.2911711938
CMA-ES,Rosenbrock,30,8,1.463189067765248e-26
CMA-ES,Rosenbrock,30,9,107348.64564313526
CMA-ES,Rosenbrock,30,10,87867.65004677058
CMA-ES,Rosenbrock,30,11,1.3799149384578547e-27
CMA-ES,Rosenbrock,30,12,1.5291489327982042e-26
CMA-ES,Rosenbrock,30,13,87867.65004677058
CMA-ES,Rosenbrock,30,14,1045301.8033300416
CMA-ES,Rosenbrock,30,15,1.0796547564081071e-27
CMA-ES,Rosenbrock,30,16,358499.27495982096
CMA-ES,Rosenbrock,30,17,945958.2124672992
CMA-ES,Rosenbrock,30,18,946933.4007340078
CMA-ES,Rosenbrock,30,19,2799199.02439299
CMA-ES,Rosenbrock,30,20,87867.65004677058
CMA-ES,Rosenbrock,30,21,466.7469029516466
CMA-ES,Rosenbrock,30,22,87867.65004677058
CMA-ES,Rosenbrock,30,23,1.8856240825111e-27
CMA-ES,Rosenbrock,30,24,2.253479783376973e-27
CMA-ES,Rosenbrock,30,25,7.1076367560413155e-28
CMA-ES,Rosenbrock,30,26,466.7469029516466
CMA-ES,Rosenbrock,30,27,508352.5918974509
CMA-ES,Rosenbrock,30,28,1034905.9332077112
CMA-ES,Rosenbrock,30,29,3.986623854300933
CMA-ES,RotatedElliptic,30,0,69217.53536123491
CMA-ES,RotatedElliptic,30,1,3585369.9200783647
CMA-ES,RotatedElliptic,30,2,982786.1937311832
CMA-ES,RotatedElliptic,30,3,1385449.7396486849
CMA-ES,RotatedElliptic,30,4,463736.8826829736
CMA-ES,RotatedElliptic,30,5,26046543.798724186
CMA-ES,RotatedElliptic,30,6,1880805.1559199956
CMA-ES,RotatedElliptic,30,7,4018642.303459732
CMA-ES,RotatedElliptic,30,8,12271033.08176216
CMA-ES,RotatedElliptic,30,9,897230.9131841129
CMA-ES,RotatedElliptic,30,10,5616379.267012679
CMA-ES,RotatedElliptic,30,11,672789.195282094
CMA-ES,RotatedElliptic,30,12,113243.7501877218
CMA-ES,RotatedElliptic,30,13,1162855.1096651042
CMA-ES,RotatedElliptic,30,14,1217028.8553680656
CMA-ES,RotatedElliptic,30,15,425453.5601890719
CMA-ES,RotatedElliptic,30,16,60999.623615590746
CMA-ES,RotatedElliptic,30,17,298139.66876325343
CMA-ES,RotatedElliptic,30,18,81473.27453524712
CMA-ES,RotatedElliptic,30,19,141622.8573228169
CMA-ES,RotatedElliptic,30,20,2461178.62927808
CMA-ES,RotatedElliptic,30,21,1124615.8563249866
CMA-ES,RotatedElliptic,30,22,5681324.163727498
CMA-ES,RotatedElliptic,30,23,897027.8043963227
CMA-ES,RotatedElliptic,30,24,42266.700944491575
CMA-ES,RotatedElliptic,30,25,359305.0607887536
CMA-ES,RotatedElliptic,30,26,3939643.471498777
CMA-ES,RotatedElliptic,30,27,4398077.969506317
CMA-ES,RotatedElliptic,30,28,81387.07197996687
CMA-ES,RotatedElliptic,30,29,4606104.789961579
CMA-ES,Schwefel,30,0,6145.153302697669
CMA-ES,Schwefel,30,1,4778.353911646123
CMA-ES,Schwefel,30,2,5425.634887014921
CMA-ES,Schwefel,30,3,5132.470413766024
CMA-ES,Schwefel,30,4,4812.203011055095
CMA-ES,Schwefel,30,5,5114.139549910441
CMA-ES,Schwefel,30,6,6473.367856200741
CMA-ES,Schwefel,30,7,5600.082680675131
CMA-ES,Schwefel,30,8,5838.820557345554
CMA-ES,Schwefel,30,9,4731.615881627552
CMA-ES,Schwefel,30,10,5280.777293093659
CMA-ES,Schwefel,30,11,5313.026377497311
CMA-ES,Schwefel,30,12,5410.326995150953
CMA-ES,Schwefel,30,13,5442.311692269311
CMA-ES,Schwefel,30,14,6637.15194131386
CMA-ES,Schwefel,30,15,5030.67598292841
CMA-ES,Schwefel,30,16,5012.51501963942
CMA-ES,Schwefel,30,17,6360.933594045918
CMA-ES,Schwefel,30,18,5922.052537293735
CMA-ES,Schwefel,30,19,5152.115535089615
CMA-ES,Schwefel,30,20,5349.532061104716
CMA-ES,Schwefel,30,21,5345.172537579657
CMA-ES,Schwefel,30,22,5045.905313119907
CMA-ES,Schwefel,30,23,4893.987515940382
CMA-ES,Schwefel,30,24,5171.849825497804
CMA-ES,Schwefel,30,25,4212.272475440104
CMA-ES,Schwefel,30,26,6178.871717835184
CMA-ES,Schwefel,30,27,6048.150075033012
CMA-ES,Schwefel,30,28,5421.082096793801
CMA-ES,Schwefel,30,29,5032.24931004761
CMA-ES,Zakharov,30,0,5.698056333464076e-29
CMA-ES,Zakharov,30,1,5.963603554196187e-29
CMA-ES,Zakharov,30,2,4.208388040079437e-29
CMA-ES,Zakharov,30,3,6.637601997533944e-29
CMA-ES,Zakharov,30,4,6.591302641670875e-29
CMA-ES,Zakharov,30,5,7.562279482433145e-29
CMA-ES,Zakharov,30,6,8.491656236396648e-29
CMA-ES,Zakharov,30,7,6.15927803654593e-29
CMA-ES,Zakharov,30,8,4.3535261206884583e-29
CMA-ES,Zakharov,30,9,8.584100873727237e-29
CMA-ES,Zakharov,30,10,9.421341139151255e-29
CMA-ES,Zakharov,30,11,5.763614988771018e-29
CMA-ES,Zakharov,30,12,9.597679284859351e-29
CMA-ES,Zakharov,30,13,6.800535670829104e-29
CMA-ES,Zakharov,30,14,8.93978161585667e-29
CMA-ES,Zakharov,30,15,6.097031980743336e-29
CMA-ES,Zakharov,30,16,6.93365594858515e-29
CMA-ES,Zakharov,30,17,9.88394951179307e-29
CMA-ES,Zakharov,30,18,7.078562917600847e-29
CMA-ES,Zakharov,30,19,8.531484467646576e-29
CMA-ES,Zakharov,30,20,5.32242295711079e-29
CMA-ES,Zakharov,30,21,8.677855143420006e-29
CMA-ES,Zakharov,30,22,7.583310637425852e-29
CMA-ES,Zakharov,30,23,6.09689045222909
CMA-ES,Zakharov,30,24,4.3156238193829175e-29
CMA-ES,Zakharov,30,25,6.608327862379258e-29
CMA-ES,Zakharov,30,26,7.919500968518088e-29
CMA-ES,Zakharov,30,27,7.954552893505936e-29
CMA-ES,Zakharov,30,28,8.781701286021366e-29
CMA-ES,Zakharov,30,29,7.970268481852137e-29
DE,Ackley,30,0,7.549516567451064e-15
DE,Ackley,30,1,6.437173016848874e-09
DE,Ackley,30,2,7.549516567451064e-15
DE,Ackley,30,3,3.996802888650564e-15
DE,Ackley,30,4,3.996802888650564e-15
DE,Ackley,30,5,3.996802888650564e-15
DE,Ackley,30,6,3.996802888650564e-15
DE,Ackley,30,7,3.996802888650564e-15
DE,Ackley,30,8,7.549516567451064e-15
DE,Ackley,30,9,3.996802888650564e-15
DE,Ackley,30,10,7.549516567451064e-15
DE,Ackley,30,11,7.549516567451064e-15
DE,Ackley,30,12,3.996802888650564e-15
DE,Ackley,30,13,3.996802888650564e-15
DE,Ackley,30,14,3.996802888650564e-15
DE,Ackley,30,15,3.996802888650564e-15
DE,Ackley,30,16,3.996802888650564e-15
DE,Ackley,30,17,3.996802888650564e-15
DE,Ackley,30,18,3.996802888650564e-15
DE,Ackley,30,19,3.996802888650564e-15
DE,Ackley,30,20,7.549516567451064e-15
DE,Ackley,30,21,3.996802888650564e-15
DE,Ackley,30,22,1.8207657603852567e-14
DE,Ackley,30,23,3.996802888650564e-15
DE,Ackley,30,24,7.549516567451064e-15
DE,Ackley,30,25,3.996802888650564e-15
DE,Ackley,30,26,3.996802888650564e-15
DE,Ackley,30,27,7.549516567451064e-15
DE,Ackley,30,28,3.996802888650564e-15
DE,Ackley,30,29,3.996802888650564e-15
DE,BentCigar,30,0,5.048709793414476e-23
DE,BentCigar,30,1,2.5243548967072382e-22
DE,BentCigar,30,2,5.048709793414476e-23
DE,BentCigar,30,3,5.048709793414476e-23
DE,BentCigar,30,4,3.0292258760486853e-22
DE,BentCigar,30,5,4.543838814073028e-22
DE,BentCigar,30,6,4.038967834731581e-22
DE,BentCigar,30,7,4.67005655890839e-22
DE,BentCigar,30,8,2.0194839173657905e-22
DE,BentCigar,30,9,0.0
DE,BentCigar,30,10,5.0487097934144765e-22
DE,BentCigar,30,11,4.038967834731581e-22
DE,BentCigar,30,12,5.048709793414476e-23
DE,BentCigar,30,13,2.5243548967072382e-22
DE,BentCigar,30,14,2.5243548967072382e-22
DE,BentCigar,30,15,8.582806648804608e-22
DE,BentCigar,30,16,2.5243548967072382e-22
DE,BentCigar,30,17,6.058451752097372e-22
DE,BentCigar,30,18,5.048709793414476e-23
DE,BentCigar,30,19,1.8175355256292112e-21
DE,BentCigar,30,20,0.0
DE,BentCigar,30,21,5.048709793414476e-23
DE,BentCigar,30,22,4.543838814073028e-22
DE,BentCigar,30,23,0.0
DE,BentCigar,30,24,3.0292258760486853e-22
DE,BentCigar,30,25,1.0097419586828952e-22
DE,BentCigar,30,26,1.0097419586828952e-22
DE,BentCigar,30,27,2.0194839173657905e-22
DE,BentCigar,30,28,5.553580772755923e-22
DE,BentCigar,30,29,6.310887241768094e-23
DE,Composition,30,0,7.327471962526185e-15
DE,Composition,30,1,5.551115123125884e-15
DE,Composition,30,2,7.32747196252626e-15
DE,Composition,30,3,3.774758283725583e-15
DE,Composition,30,4,1.0880185641326963e-14
DE,Composition,30,5,5.551115123125909e-15
DE,Composition,30,6,5.551115123125909e-15
DE,Composition,30,7,7.327471962526286e-15
DE,Composition,30,8,2.220446049250313e-16
DE,Composition,30,9,7.32747196252626e-15
DE,Composition,30,10,2.220446049250313e-16
DE,Composition,30,11,1.998401444325307e-15
DE,Composition,30,12,2.153832667772968e-14
DE,Composition,30,13,5.551115123125884e-15
DE,Composition,30,14,1.998401444325307e-15
DE,Composition,30,15,2.220446049250313e-16
DE,Composition,30,16,5.551115123125909e-15
DE,Composition,30,17,5.551115123125909e-15
DE,Composition,30,18,1.998401444325307e-15
DE,Composition,30,19,3.774758283725583e-15
DE,Composition,30,20,2.220446049250313e-16
DE,Composition,30,21,2.220446049250313e-16
DE,Composition,30,22,1.0880185641326963e-14
DE,Composition,30,23,5.551115123125884e-15
DE,Composition,30,24,5.551115123125909e-15
DE,Composition,30,25,7.327471962526185e-15
DE,Composition,30,26,2.220446049250313e-16
DE,Composition,30,27,5.551115123125884e-15
DE,Composition,30,28,2.220446049250313e-16
DE,Composition,30,29,7.327471962526185e-15
DE,DynamicSphere,30,0,0.8110498615669185
DE,DynamicSphere,30,1,0.4532365630148879
DE,DynamicSphere,30,2,0.0336269529454523
DE,DynamicSphere,30,3,0.4723633238772777
DE,DynamicSphere,30,4,0.3246309994430535
DE,DynamicSphere,30,5,0.3206187689177874
DE,DynamicSphere,30,6,0.1631745362535569
DE,DynamicSphere,30,7,0.5333418516499617
DE,DynamicSphere,30,8,0.1911876081532978
DE,DynamicSphere,30,9,0.9680623511925897
DE,DynamicSphere,30,10,0.1688941052089782
DE,DynamicSphere,30,11,0.6075998075734587
DE,DynamicSphere,30,12,0.2216643375719354
DE,DynamicSphere,30,13,0.3890520165596353
DE,DynamicSphere,30,14,0.8826969937218202
DE,DynamicSphere,30,15,0.4750804295572106
DE,DynamicSphere,30,16,0.6552999303850512
DE,DynamicSphere,30,17,0.3530910861304841
DE,DynamicSphere,30,18,0.4342423441191059
DE,DynamicSphere,30,19,0.2697837242650881
DE,DynamicSphere,30,20,0.6539876435638146
DE,DynamicSphere,30,21,0.4132756142321431
DE,DynamicSphere,30,22,0.3055591171025753
DE,DynamicSphere,30,23,0.2625205043079831
DE,DynamicSphere,30,24,0.2793245290959207
DE,DynamicSphere,30,25,0.463781340017396
DE,DynamicSphere,30,26,0.254341511808354
DE,DynamicSphere,30,27,0.1812615351026098
DE,DynamicSphere,30,28,0.3731010166508903
DE,DynamicSphere,30,29,0.5337869526867548
DE,Griewank,30,0,0.0147797767548256
DE,Griewank,30,1,1.1102230246251563e-16
DE,Griewank,30,2,0.0
DE,Griewank,30,3,0.0
DE,Griewank,30,4,0.0
DE,Griewank,30,5,0.0073960403341148
DE,Griewank,30,6,0.0
DE,Griewank,30,7,0.0
DE,Griewank,30,8,0.0147797767548256
DE,Griewank,30,9,0.0
DE,Griewank,30,10,0.0
DE,Griewank,30,11,0.0
DE,Griewank,30,12,0.0
DE,Griewank,30,13,0.0
DE,Griewank,30,14,0.0
DE,Griewank,30,15,0.0
DE,Griewank,30,16,0.0
DE,Griewank,30,17,0.0
DE,Griewank,30,18,0.0
DE,Griewank,30,19,0.0
DE,Griewank,30,20,0.0
DE,Griewank,30,21,1.1102230246251563e-16
DE,Griewank,30,22,0.0
DE,Griewank,30,23,0.0
DE,Griewank,30,24,0.0
DE,Griewank,30,25,0.0123160725192615
DE,Griewank,30,26,0.0172262938597128
DE,Griewank,30,27,0.0
DE,Griewank,30,28,0.0
DE,Griewank,30,29,0.0
DE,Levy,30,0,0.4543240185907736
DE,Levy,30,1,0.5438522690072146
DE,Levy,30,2,0.4543240185907736
DE,Levy,30,3,0.4543240185907736
DE,Levy,30,4,0.4543240185907736
DE,Levy,30,5,0.4543240185907736
DE,Levy,30,6,2.122128241318715e-31
DE,Levy,30,7,0.1790565008328818
DE,Levy,30,8,0.4543240185907736
DE,Levy,30,9,1.375808499882003
DE,Levy,30,10,0.9086480371815472
DE,Levy,30,11,1.7277466680329543
DE,Levy,30,12,1.4997597826618576e-32
DE,Levy,30,13,1.362972055772321
DE,Levy,30,14,0.4543240185907736
DE,Levy,30,15,1.4997597826618576e-32
DE,Levy,30,16,1.4997597826618576e-32
DE,Levy,30,17,1.4997597826618576e-32
DE,Levy,30,18,0.9086480371815472
DE,Levy,30,19,1.4997597826618576e-32
DE,Levy,30,20,0.4543240185907736
DE,Levy,30,21,0.0895282504164409
DE,Levy,30,22,11.6984075891315
DE,Levy,30,23,4.134085529668223e-31
DE,Levy,30,24,0.0895282504164409
DE,Levy,30,25,1.375808499882003
DE,Levy,30,26,1.4997597826618576e-32
DE,Levy,30,27,0.4543240185907736
DE,Levy,30,28,1.8301325184727768
DE,Levy,30,29,0.4543240185907736
DE,NoisyRastrigin,30,0,39.72653806086952
DE,NoisyRastrigin,30,1,39.88901138141814
DE,NoisyRastrigin,30,2,99.01653201415463
DE,NoisyRastrigin,30,3,99.99368497980552
DE,NoisyRastrigin,30,4,130.21954941495216
DE,NoisyRastrigin,30,5,53.23160334711847
DE,NoisyRastrigin,30,6,129.85884320742016
DE,NoisyRastrigin,30,7,43.72402180997736
DE,NoisyRastrigin,30,8,26.03250991618038
DE,NoisyRastrigin,30,9,79.3138578276102
DE,NoisyRastrigin,30,10,19.26794266809374
DE,NoisyRastrigin,30,11,92.82373274170877
DE,NoisyRastrigin,30,12,47.49275155276622
DE,NoisyRastrigin,30,13,50.56985926664857
DE,NoisyRastrigin,30,14,64.70637610068314
DE,NoisyRastrigin,30,15,18.17068549426873
DE,NoisyRastrigin,30,16,61.55100435718555
DE,NoisyRastrigin,30,17,42.853775842703946
DE,NoisyRastrigin,30,18,81.43757038832456
DE,NoisyRastrigin,30,19,18.436914150668155
DE,NoisyRastrigin,30,20,82.41670587518033
DE,NoisyRastrigin,30,21,71.5160753309802
DE,NoisyRastrigin,30,22,43.41933314618574
DE,NoisyRastrigin,30,23,46.38831668183112
DE,NoisyRastrigin,30,24,122.1379808939359
DE,NoisyRastrigin,30,25,52.10766991152561
DE,NoisyRastrigin,30,26,37.73513691932691
DE,NoisyRastrigin,30,27,47.19265973320959
DE,NoisyRastrigin,30,28,52.36835006680084
DE,NoisyRastrigin,30,29,19.410202485819084
DE,NoisySphere,30,0,0.0107247234361687
DE,NoisySphere,30,1,0.014403128691231
DE,NoisySphere,30,2,0.0237049702613199
DE,NoisySphere,30,3,0.0102725477452561
DE,NoisySphere,30,4,0.0181996336883585
DE,NoisySphere,30,5,0.0140351264903495
DE,NoisySphere,30,6,0.0076432377008206
DE,NoisySphere,30,7,0.0120855308025113
DE,NoisySphere,30,8,0.0153174375164801
DE,NoisySphere,30,9,0.0147893816442183
DE,NoisySphere,30,10,0.0154147052403314
DE,NoisySphere,30,11,0.0095342017068871
DE,NoisySphere,30,12,0.0157001418233402
DE,NoisySphere,30,13,0.0125107646917109
DE,NoisySphere,30,14,0.0137446543468722
DE,NoisySphere,30,15,0.0148781782619515
DE,NoisySphere,30,16,0.016011260642153
DE,NoisySphere,30,17,0.017032825543688
DE,NoisySphere,30,18,0.0166783185866829
DE,NoisySphere,30,19,0.0196279955374426
DE,NoisySphere,30,20,0.014217402781059
DE,NoisySphere,30,21,0.0161277922327139
DE,NoisySphere,30,22,0.0118717996979673
DE,NoisySphere,30,23,0.0180922916242588
DE,NoisySphere,30,24,0.0174961188399539
DE,NoisySphere,30,25,0.0153867332411307
DE,NoisySphere,30,26,0.0144155134865363
DE,NoisySphere,30,27,0.0179212571846185
DE,NoisySphere,30,28,0.0148546670710778
DE,NoisySphere,30,29,0.0126761467172877
DE,Rosenbrock,30,0,25.719054326001643
DE,Rosenbrock,30,1,72.80592233940537
DE,Rosenbrock,30,2,96.78586037992562
DE,Rosenbrock,30,3,23.15937679529949
DE,Rosenbrock,30,4,1.9885811847168704
DE,Rosenbrock,30,5,20.696892177238908
DE,Rosenbrock,30,6,18.730034961146544
DE,Rosenbrock,30,7,26.436222251274742
DE,Rosenbrock,30,8,17.114175664510544
DE,Rosenbrock,30,9,26.80546029805881
DE,Rosenbrock,30,10,20.72063668750946
DE,Rosenbrock,30,11,14.322613809937843
DE,Rosenbrock,30,12,25.94061539615513
DE,Rosenbrock,30,13,79.34897633451911
DE,Rosenbrock,30,14,25.765600685775283
DE,Rosenbrock,30,15,89.28212744915719
DE,Rosenbrock,30,16,24.964198449367423
DE,Rosenbrock,30,17,25.51805232098202
DE,Rosenbrock,30,18,76.91404040465679
DE,Rosenbrock,30,19,24.26246547546555
DE,Rosenbrock,30,20,25.833235266352613
DE,Rosenbrock,30,21,93.58067277556012
DE,Rosenbrock,30,22,2.957826992445181
DE,Rosenbrock,30,23,28.524695673589857
DE,Rosenbrock,30,24,0.3087906273279727
DE,Rosenbrock,30,25,25.364705802043208
DE,Rosenbrock,30,26,72.73693320607275
DE,Rosenbrock,30,27,68.42514757509421
DE,Rosenbrock,30,28,88.82756046427708
DE,Rosenbrock,30,29,22.51803267387177
DE,RotatedElliptic,30,0,5832294.708118672
DE,RotatedElliptic,30,1,4963610.516045553
DE,RotatedElliptic,30,2,5149954.132308219
DE,RotatedElliptic,30,3,1741967.4110073098
DE,RotatedElliptic,30,4,5350283.726189327
DE,RotatedElliptic,30,5,3191815.8223662265
DE,RotatedElliptic,30,6,2673024.0060541634
DE,RotatedElliptic,30,7,4990348.2138929935
DE,RotatedElliptic,30,8,3866744.939914716
DE,RotatedElliptic,30,9,3529896.7936027152
DE,RotatedElliptic,30,10,1848852.937824692
DE,RotatedElliptic,30,11,2550096.123830371
DE,RotatedElliptic,30,12,5190584.433257397
DE,RotatedElliptic,30,13,4248281.491068292
DE,RotatedElliptic,30,14,3110112.8737844788
DE,RotatedElliptic,30,15,3870897.257719932
DE,RotatedElliptic,30,16,1225379.5263109144
DE,RotatedElliptic,30,17,4815726.65174971
DE,RotatedElliptic,30,18,3919579.790640372
DE,RotatedElliptic,30,19,4868026.924608833
DE,RotatedElliptic,30,20,3409695.838487334
DE,RotatedElliptic,30,21,4124681.995703192
DE,RotatedElliptic,30,22,2847049.299915001
DE,RotatedElliptic,30,23,1811798.0498099688
DE,RotatedElliptic,30,24,4623858.237658237
DE,RotatedElliptic,30,25,2618403.474700295
DE,RotatedElliptic,30,26,6995625.058854396
DE,RotatedElliptic,30,27,3943755.825963807
DE,RotatedElliptic,30,28,2074182.0185406024
DE,RotatedElliptic,30,29,4354346.07609443
DE,Schwefel,30,0,2257.914037062139
DE,Schwefel,30,1,2031.1136662842327
DE,Schwefel,30,2,2223.454270952421
DE,Schwefel,30,3,1661.1711854534517
DE,Schwefel,30,4,2740.8329065030266
DE,Schwefel,30,5,1138.9934119102854
DE,Schwefel,30,6,2142.5098214720347
DE,Schwefel,30,7,1664.229468042924
DE,Schwefel,30,8,1245.812740684125
DE,Schwefel,30,9,2653.138097575971
DE,Schwefel,30,10,1545.249830170491
DE,Schwefel,30,11,1182.088931534896
DE,Schwefel,30,12,2095.162347795962
DE,Schwefel,30,13,2867.723759537186
DE,Schwefel,30,14,2049.4417675401583
DE,Schwefel,30,15,3851.265296699443
DE,Schwefel,30,16,1990.187453306768
DE,Schwefel,30,17,2106.363517029389
DE,Schwefel,30,18,1434.7258183008216
DE,Schwefel,30,19,2292.4899174085717
DE,Schwefel,30,20,2226.8169040509656
DE,Schwefel,30,21,2552.090301009144
DE,Schwefel,30,22,1685.290835665528
DE,Schwefel,30,23,1903.3211708238211
DE,Schwefel,30,24,1544.2499103511782
DE,Schwefel,30,25,1741.2174748282123
DE,Schwefel,30,26,2430.040206542375
DE,Schwefel,30,27,1526.0299700250416
DE,Schwefel,30,28,1187.417846995706
DE,Schwefel,30,29,3906.2201275475218
DE,Zakharov,30,0,0.0206906557883511
DE,Zakharov,30,1,0.1171877359417799
DE,Zakharov,30,2,0.06930341363939
DE,Zakharov,30,3,0.185060055344637
DE,Zakharov,30,4,0.0079035737170516
DE,Zakharov,30,5,0.0252231213255878
DE,Zakharov,30,6,0.2864165353015258
DE,Zakharov,30,7,0.0435555368760538
DE,Zakharov,30,8,0.0530215235162979
DE,Zakharov,30,9,0.4920553631638267
DE,Zakharov,30,10,0.311473761758995
DE,Zakharov,30,11,0.2268559690121817
DE,Zakharov,30,12,0.2832476717715979
DE,Zakharov,30,13,0.0920937584500653
DE,Zakharov,30,14,0.1311695423732041
DE,Zakharov,30,15,0.0284971840368825
DE,Zakharov,30,16,0.0068425801751738
DE,Zakharov,30,17,0.0077249068736235
DE,Zakharov,30,18,0.7702169958978745
DE,Zakharov,30,19,0.1057062971441202
DE,Zakharov,30,20,0.0588585317992175
DE,Zakharov,30,21,0.1314365678404473
DE,Zakharov,30,22,0.0637956953211661
DE,Zakharov,30,23,0.0306712612094786
DE,Zakharov,30,24,0.1799642935413717
DE,Zakharov,30,25,0.0636610986855646
DE,Zakharov,30,26,0.0190319943395551
DE,Zakharov,30,27,0.0092861621900602
DE,Zakharov,30,28,0.2523246883068265
DE,Zakharov,30,29,0.0450770283399762
CBA-SHADE,Ackley,50,0,1.4654943925052066e-14
CBA-SHADE,Ackley,50,1,1.1102230246251564e-14
CBA-SHADE,Ackley,50,2,1.4654943925052066e-14
CBA-SHADE,Ackley,50,3,1.1102230246251564e-14
CBA-SHADE,Ackley,50,4,1.4654943925052066e-14
CBA-SHADE,Ackley,50,5,1.4654943925052066e-14
CBA-SHADE,Ackley,50,6,1.4654943925052066e-14
CBA-SHADE,Ackley,50,7,1.4654943925052066e-14
CBA-SHADE,Ackley,50,8,1.1102230246251564e-14
CBA-SHADE,Ackley,50,9,1.4654943925052066e-14
CBA-SHADE,Ackley,50,10,1.1102230246251564e-14
CBA-SHADE,Ackley,50,11,1.4654943925052066e-14
CBA-SHADE,Ackley,50,12,1.1102230246251564e-14
CBA-SHADE,Ackley,50,13,1.4654943925052066e-14
CBA-SHADE,Ackley,50,14,1.1102230246251564e-14
CBA-SHADE,Ackley,50,15,1.4654943925052066e-14
CBA-SHADE,Ackley,50,16,1.1102230246251564e-14
CBA-SHADE,Ackley,50,17,1.4654943925052066e-14
CBA-SHADE,Ackley,50,18,1.1102230246251564e-14
CBA-SHADE,Ackley,50,19,1.4654943925052066e-14
CBA-SHADE,Ackley,50,20,1.4654943925052066e-14
CBA-SHADE,Ackley,50,21,1.4654943925052066e-14
CBA-SHADE,Ackley,50,22,1.4654943925052066e-14
CBA-SHADE,Ackley,50,23,1.1102230246251564e-14
CBA-SHADE,Ackley,50,24,1.1102230246251564e-14
CBA-SHADE,Ackley,50,25,1.4654943925052066e-14
CBA-SHADE,Ackley,50,26,1.4654943925052066e-14
CBA-SHADE,Ackley,50,27,1.4654943925052066e-14
CBA-SHADE,Ackley,50,28,1.4654943925052066e-14
CBA-SHADE,Ackley,50,29,1.4654943925052066e-14
CBA-SHADE,BentCigar,50,0,7.757542968251269e-22
CBA-SHADE,BentCigar,50,1,8.098743650775403e-22
CBA-SHADE,BentCigar,50,2,1.067958269223602e-21
CBA-SHADE,BentCigar,50,3,5.568711110137964e-18
CBA-SHADE,BentCigar,50,4,6.755432481519917e-22
CBA-SHADE,BentCigar,50,5,1.008647039467971e-21
CBA-SHADE,BentCigar,50,6,6.1780055234383975e-22
CBA-SHADE,BentCigar,50,7,1.2536397298387129e-21
CBA-SHADE,BentCigar,50,8,5.959875093846665e-22
CBA-SHADE,BentCigar,50,9,7.155839162910369e-22
CBA-SHADE,BentCigar,50,10,5.601652280169031e-17
CBA-SHADE,BentCigar,50,11,3.518897511931903e-17
CBA-SHADE,BentCigar,50,12,1.2533302912600313e-21
CBA-SHADE,BentCigar,50,13,1.3092366616646523e-20
CBA-SHADE,BentCigar,50,14,2.0930522657602213e-21
CBA-SHADE,BentCigar,50,15,7.970501788702579e-18
CBA-SHADE,BentCigar,50,16,4.943107476832999e-22
CBA-SHADE,BentCigar,50,17,1.8398719675438067e-21
CBA-SHADE,BentCigar,50,18,7.396128908322203e-22
CBA-SHADE,BentCigar,50,19,4.39987087662856e-17
CBA-SHADE,BentCigar,50,20,6.381850139575902e-22
CBA-SHADE,BentCigar,50,21,5.544693699300531e-21
CBA-SHADE,BentCigar,50,22,5.2491980036154905e-22
CBA-SHADE,BentCigar,50,23,6.383813811584222e-22
CBA-SHADE,BentCigar,50,24,8.608675431420335e-19
CBA-SHADE,BentCigar,50,25,1.576943385377718e-21
CBA-SHADE,BentCigar,50,26,3.0790572954248344e-17
CBA-SHADE,BentCigar,50,27,8.539870219799486e-22
CBA-SHADE,BentCigar,50,28,1.6066172047986428e-21
CBA-SHADE,BentCigar,50,29,2.3127995801620345e-21
CBA-SHADE,Composition,50,0,5.551115123125983e-15
CBA-SHADE,Composition,50,1,7.327471962526437e-15
CBA-SHADE,Composition,50,2,5.551115123125971e-15
CBA-SHADE,Composition,50,3,5.551115123125947e-15
CBA-SHADE,Composition,50,4,5.551115123125971e-15
CBA-SHADE,Composition,50,5,2.220446049250313e-16
CBA-SHADE,Composition,50,6,3.7747582837256324e-15
CBA-SHADE,Composition,50,7,1.9984014443252885e-15
CBA-SHADE,Composition,50,8,5.551115123125966e-15
CBA-SHADE,Composition,50,9,7.327471962526295e-15
CBA-SHADE,Composition,50,10,5.551115123125988e-15
CBA-SHADE,Composition,50,11,3.774758283725583e-15
CBA-SHADE,Composition,50,12,7.327471962526259e-15
CBA-SHADE,Composition,50,13,1.2656542480727654e-14
CBA-SHADE,Composition,50,14,2.220446049250313e-16
CBA-SHADE,Composition,50,15,3.774758283725641e-15
CBA-SHADE,Composition,50,16,3.77475828372564e-15
CBA-SHADE,Composition,50,17,5.551115123125944e-15
CBA-SHADE,Composition,50,18,3.77475828372567e-15
CBA-SHADE,Composition,50,19,7.327471962526282e-15
CBA-SHADE,Composition,50,20,5.551115123125975e-15
CBA-SHADE,Composition,50,21,3.774758283725665e-15
CBA-SHADE,Composition,50,22,3.7747582837256506e-15
CBA-SHADE,Composition,50,23,3.774758283725679e-15
CBA-SHADE,Composition,50,24,7.327471962526254e-15
CBA-SHADE,Composition,50,25,7.32747196252626e-15
CBA-SHADE,Composition,50,26,5.551115123125981e-15
CBA-SHADE,Composition,50,27,5.5511151231259326e-15
CBA-SHADE,Composition,50,28,3.774758283725644e-15
CBA-SHADE,Composition,50,29,5.5511151231259626e-15
CBA-SHADE,DynamicSphere,50,0,0.0213071750144924
CBA-SHADE,DynamicSphere,50,1,0.0342366076072012
CBA-SHADE,DynamicSphere,50,2,0.0212731240774223
CBA-SHADE,DynamicSphere,50,3,0.0305208620006464
CBA-SHADE,DynamicSphere,50,4,0.0214751151937088
CBA-SHADE,DynamicSphere,50,5,0.0137568747239185
CBA-SHADE,DynamicSphere,50,6,0.0380189916766022
CBA-SHADE,DynamicSphere,50,7,0.0315400099697925
CBA-SHADE,DynamicSphere,50,8,0.027534439009838
CBA-SHADE,DynamicSphere,50,9,0.0235790554626938
CBA-SHADE,DynamicSphere,50,10,0.0303003634083701
CBA-SHADE,DynamicSphere,50,11,0.0348486046311385
CBA-SHADE,DynamicSphere,50,12,0.0231224890322986
CBA-SHADE,DynamicSphere,50,13,0.0252445187515205
CBA-SHADE,DynamicSphere,50,14,0.0282807292307163
CBA-SHADE,DynamicSphere,50,15,0.0200115579268852
CBA-SHADE,DynamicSphere,50,16,0.0309416388993908
CBA-SHADE,DynamicSphere,50,17,0.0241151891836483
CBA-SHADE,DynamicSphere,50,18,0.0257751598190105
CBA-SHADE,DynamicSphere,50,19,0.0179056568445377
CBA-SHADE,DynamicSphere,50,20,0.0294708055405572
CBA-SHADE,DynamicSphere,50,21,0.0257725898662506
CBA-SHADE,DynamicSphere,50,22,0.0370650336609084
CBA-SHADE,DynamicSphere,50,23,0.0256057844817522
CBA-SHADE,DynamicSphere,50,24,0.0246234819176033
CBA-SHADE,DynamicSphere,50,25,0.0531959203824353
CBA-SHADE,DynamicSphere,50,26,0.0236558455392808
CBA-SHADE,DynamicSphere,50,27,0.0298851359414275
CBA-SHADE,DynamicSphere,50,28,0.0200538512036027
CBA-SHADE,DynamicSphere,50,29,0.032292631644232
CBA-SHADE,Griewank,50,0,0.0
CBA-SHADE,Griewank,50,1,0.0
CBA-SHADE,Griewank,50,2,0.0
CBA-SHADE,Griewank,50,3,0.0
CBA-SHADE,Griewank,50,4,0.0
CBA-SHADE,Griewank,50,5,0.0
CBA-SHADE,Griewank,50,6,0.0
CBA-SHADE,Griewank,50,7,0.0
CBA-SHADE,Griewank,50,8,0.0
CBA-SHADE,Griewank,50,9,0.0
CBA-SHADE,Griewank,50,10,0.0
CBA-SHADE,Griewank,50,11,0.0
CBA-SHADE,Griewank,50,12,0.0
CBA-SHADE,Griewank,50,13,0.0
CBA-SHADE,Griewank,50,14,0.0
CBA-SHADE,Griewank,50,15,0.0
CBA-SHADE,Griewank,50,16,0.0
CBA-SHADE,Griewank,50,17,0.0
CBA-SHADE,Griewank,50,18,0.0
CBA-SHADE,Griewank,50,19,0.0
CBA-SHADE,Griewank,50,20,0.0
CBA-SHADE,Griewank,50,21,0.0
CBA-SHADE,Griewank,50,22,0.0
CBA-SHADE,Griewank,50,23,0.0
CBA-SHADE,Griewank,50,24,0.0
CBA-SHADE,Griewank,50,25,0.0
CBA-SHADE,Griewank,50,26,0.0
CBA-SHADE,Griewank,50,27,0.0
CBA-SHADE,Griewank,50,28,0.0
CBA-SHADE,Griewank,50,29,0.0
CBA-SHADE,Levy,50,0,4.5464246497302296e-30
CBA-SHADE,Levy,50,1,4.940855102340733e-30
CBA-SHADE,Levy,50,2,3.5010934553034054e-30
CBA-SHADE,Levy,50,3,3.251589045524566e-30
CBA-SHADE,Levy,50,4,5.4931482310044245e-30
CBA-SHADE,Levy,50,5,3.6460194981350725e-30
CBA-SHADE,Levy,50,6,2.3551643964591063e-30
CBA-SHADE,Levy,50,7,4.243635930845377e-30
CBA-SHADE,Levy,50,8,3.048403065424765e-30
CBA-SHADE,Levy,50,9,3.7496027394498186e-30
CBA-SHADE,Levy,50,10,2.9034770225931003e-30
CBA-SHADE,Levy,50,11,3.4507945230946665e-30
CBA-SHADE,Levy,50,12,5.1943400146492704e-30
CBA-SHADE,Levy,50,13,3.299897726468454e-30
CBA-SHADE,Levy,50,14,3.9448277144902245e-30
CBA-SHADE,Levy,50,15,4.3472191721601254e-30
CBA-SHADE,Levy,50,16,4.944835604870434e-30
CBA-SHADE,Levy,50,17,3.351191784309615e-30
CBA-SHADE,Levy,50,18,1.6066511671225864e-30
CBA-SHADE,Levy,50,19,3.0010895101133004e-30
CBA-SHADE,Levy,50,20,6.534498922901549e-30
CBA-SHADE,Levy,50,21,4.5967235819389656e-30
CBA-SHADE,Levy,50,22,3.8995044104436095e-30
CBA-SHADE,Levy,50,23,3.1006922488983543e-30
CBA-SHADE,Levy,50,24,2.2555616576740553e-30
CBA-SHADE,Levy,50,25,2.9014867713282484e-30
CBA-SHADE,Levy,50,26,4.148013694590024e-30
CBA-SHADE,Levy,50,27,2.9014867713282484e-30
CBA-SHADE,Levy,50,28,3.948808217019921e-30
CBA-SHADE,Levy,50,29,2.8038742838080468e-30
CBA-SHADE,NoisyRastrigin,50,0,0.3439007366398705
CBA-SHADE,NoisyRastrigin,50,1,0.4299547953105609
CBA-SHADE,NoisyRastrigin,50,2,0.4188509341631476
CBA-SHADE,NoisyRastrigin,50,3,1.4509905856048704
CBA-SHADE,NoisyRastrigin,50,4,0.4079698491998069
CBA-SHADE,NoisyRastrigin,50,5,0.4043109644539289
CBA-SHADE,NoisyRastrigin,50,6,0.3796960648616814
CBA-SHADE,NoisyRastrigin,50,7,0.3968844547023309
CBA-SHADE,NoisyRastrigin,50,8,0.4611536431100482
CBA-SHADE,NoisyRastrigin,50,9,1.4021003980364934
CBA-SHADE,NoisyRastrigin,50,10,1.3271797125549352
CBA-SHADE,NoisyRastrigin,50,11,0.4602717326322825
CBA-SHADE,NoisyRastrigin,50,12,0.3952988653137286
CBA-SHADE,NoisyRastrigin,50,13,0.2980701689581106
CBA-SHADE,NoisyRastrigin,50,14,1.2956594197489937
CBA-SHADE,NoisyRastrigin,50,15,0.3736026342503749
CBA-SHADE,NoisyRastrigin,50,16,0.3481573443474719
CBA-SHADE,NoisyRastrigin,50,17,0.5017857225413191
CBA-SHADE,NoisyRastrigin,50,18,0.30842491419099
CBA-SHADE,NoisyRastrigin,50,19,0.3841238905471709
CBA-SHADE,NoisyRastrigin,50,20,0.2864639345061626
CBA-SHADE,NoisyRastrigin,50,21,1.262792106738987
CBA-SHADE,NoisyRastrigin,50,22,0.3695727559442048
CBA-SHADE,NoisyRastrigin,50,23,0.3910987065966385
CBA-SHADE,NoisyRastrigin,50,24,1.4234979195155884
CBA-SHADE,NoisyRastrigin,50,25,0.3968684094989019
CBA-SHADE,NoisyRastrigin,50,26,1.3947579920184427
CBA-SHADE,NoisyRastrigin,50,27,0.3764744309155521
CBA-SHADE,NoisyRastrigin,50,28,0.4869619348458318
CBA-SHADE,NoisyRastrigin,50,29,0.3471559283426213
CBA-SHADE,NoisySphere,50,0,0.0346640505838268
CBA-SHADE,NoisySphere,50,1,0.0210128602142626
CBA-SHADE,NoisySphere,50,2,0.027161237952948
CBA-SHADE,NoisySphere,50,3,0.0222194348763167
CBA-SHADE,NoisySphere,50,4,0.0281593576817501
CBA-SHADE,NoisySphere,50,5,0.0277865375058857
CBA-SHADE,NoisySphere,50,6,0.0308704505988708
CBA-SHADE,NoisySphere,50,7,0.0211573941901571
CBA-SHADE,NoisySphere,50,8,0.0266427966856549
CBA-SHADE,NoisySphere,50,9,0.0312672447857998
CBA-SHADE,NoisySphere,50,10,0.0178835849753548
CBA-SHADE,NoisySphere,50,11,0.026453921902399
CBA-SHADE,NoisySphere,50,12,0.0260984844417244
CBA-SHADE,NoisySphere,50,13,0.0281940862212939
CBA-SHADE,NoisySphere,50,14,0.0296724723574578
CBA-SHADE,NoisySphere,50,15,0.0323052544563733
CBA-SHADE,NoisySphere,50,16,0.0254984390141995
CBA-SHADE,NoisySphere,50,17,0.0249503995377155
CBA-SHADE,NoisySphere,50,18,0.019344046427571
CBA-SHADE,NoisySphere,50,19,0.0281369091478849
CBA-SHADE,NoisySphere,50,20,0.0294952625434767
CBA-SHADE,NoisySphere,50,21,0.0319746773548729
CBA-SHADE,NoisySphere,50,22,0.0178463272536552
CBA-SHADE,NoisySphere,50,23,0.0247879007241836
CBA-SHADE,NoisySphere,50,24,0.0227060638275754
CBA-SHADE,NoisySphere,50,25,0.0262452261229173
CBA-SHADE,NoisySphere,50,26,0.0228393794361028
CBA-SHADE,NoisySphere,50,27,0.0342192228513951
CBA-SHADE,NoisySphere,50,28,0.0174329443381233
CBA-SHADE,NoisySphere,50,29,0.0256266735534199
CBA-SHADE,Rosenbrock,50,0,21.2822142287675
CBA-SHADE,Rosenbrock,50,1,25.202319413010184
CBA-SHADE,Rosenbrock,50,2,23.28414258743116
CBA-SHADE,Rosenbrock,50,3,23.23309135357985
CBA-SHADE,Rosenbrock,50,4,18.661199902111264
CBA-SHADE,Rosenbrock,50,5,19.47501745616726
CBA-SHADE,Rosenbrock,50,6,19.14860017391177
CBA-SHADE,Rosenbrock,50,7,20.5850659666414
CBA-SHADE,Rosenbrock,50,8,22.51089928849612
CBA-SHADE,Rosenbrock,50,9,20.55677490038312
CBA-SHADE,Rosenbrock,50,10,22.603432675612343
CBA-SHADE,Rosenbrock,50,11,22.21128539441511
CBA-SHADE,Rosenbrock,50,12,16.81432996914443
CBA-SHADE,Rosenbrock,50,13,20.553888498516663
CBA-SHADE,Rosenbrock,50,14,20.928627947604408
CBA-SHADE,Rosenbrock,50,15,17.894217470817196
CBA-SHADE,Rosenbrock,50,16,21.00295328046616
CBA-SHADE,Rosenbrock,50,17,19.6271899280835
CBA-SHADE,Rosenbrock,50,18,18.219954003377957
CBA-SHADE,Rosenbrock,50,19,22.829664319066428
CBA-SHADE,Rosenbrock,50,20,23.653540229148334
CBA-SHADE,Rosenbrock,50,21,21.87317223546431
CBA-SHADE,Rosenbrock,50,22,19.780383322426637
CBA-SHADE,Rosenbrock,50,23,20.096792206342
CBA-SHADE,Rosenbrock,50,24,21.567472750756732
CBA-SHADE,Rosenbrock,50,25,20.505986751534223
CBA-SHADE,Rosenbrock,50,26,20.149490269615384
CBA-SHADE,Rosenbrock,50,27,19.668830151018355
CBA-SHADE,Rosenbrock,50,28,20.2587015304514
CBA-SHADE,Rosenbrock,50,29,21.589011266804995
CBA-SHADE,RotatedElliptic,50,0,31426.07863354717
CBA-SHADE,RotatedElliptic,50,1,57997.9678841282
CBA-SHADE,RotatedElliptic,50,2,50825.37070301751
CBA-SHADE,RotatedElliptic,50,3,46924.82974763199
CBA-SHADE,RotatedElliptic,50,4,82209.2185111928
CBA-SHADE,RotatedElliptic,50,5,57096.08183656121
CBA-SHADE,RotatedElliptic,50,6,30308.891872439777
CBA-SHADE,RotatedElliptic,50,7,18412.047986391302
CBA-SHADE,RotatedElliptic,50,8,103247.83564572092
CBA-SHADE,RotatedElliptic,50,9,23441.42446973842
CBA-SHADE,RotatedElliptic,50,10,22225.622421876116
CBA-SHADE,RotatedElliptic,50,11,78513.39324278354
CBA-SHADE,RotatedElliptic,50,12,90532.5790675323
CBA-SHADE,RotatedElliptic,50,13,22621.24639049052
CBA-SHADE,RotatedElliptic,50,14,54709.324155552895
CBA-SHADE,RotatedElliptic,50,15,35253.324261000926
CBA-SHADE,RotatedElliptic,50,16,20745.472885861665
CBA-SHADE,RotatedElliptic,50,17,38133.61056769609
CBA-SHADE,RotatedElliptic,50,18,82365.708624723
CBA-SHADE,RotatedElliptic,50,19,46336.34405472804
CBA-SHADE,RotatedElliptic,50,20,22752.58363424932
CBA-SHADE,RotatedElliptic,50,21,22348.59551009669
CBA-SHADE,RotatedElliptic,50,22,16616.608610369592
CBA-SHADE,RotatedElliptic,50,23,43958.962388773936
CBA-SHADE,RotatedElliptic,50,24,41204.324621180414
CBA-SHADE,RotatedElliptic,50,25,80934.05097404924
CBA-SHADE,RotatedElliptic,50,26,52097.99054769872
CBA-SHADE,RotatedElliptic,50,27,51985.82760688092
CBA-SHADE,RotatedElliptic,50,28,78283.55317988023
CBA-SHADE,RotatedElliptic,50,29,37461.845275500615
CBA-SHADE,Schwefel,50,0,0.0006363783177221
CBA-SHADE,Schwefel,50,1,0.0006363783177221
CBA-SHADE,Schwefel,50,2,0.0006363783177221
CBA-SHADE,Schwefel,50,3,0.0006363783177221
CBA-SHADE,Schwefel,50,4,0.0006363783177221
CBA-SHADE,Schwefel,50,5,0.0006363783177221
CBA-SHADE,Schwefel,50,6,0.0006363783177221
CBA-SHADE,Schwefel,50,7,0.0006363783177221
CBA-SHADE,Schwefel,50,8,0.0006363783177221
CBA-SHADE,Schwefel,50,9,0.0006363783177221
CBA-SHADE,Schwefel,50,10,0.0006363783177221
CBA-SHADE,Schwefel,50,11,0.0006363783177221
CBA-SHADE,Schwefel,50,12,0.0006363783177221
CBA-SHADE,Schwefel,50,13,0.0006363783177221
CBA-SHADE,Schwefel,50,14,0.00063637832136
CBA-SHADE,Schwefel,50,15,0.0006363783177221
CBA-SHADE,Schwefel,50,16,0.0006363783177221
CBA-SHADE,Schwefel,50,17,0.0006363783177221
CBA-SHADE,Schwefel,50,18,0.0006363783177221
CBA-SHADE,Schwefel,50,19,0.0006363783177221
CBA-SHADE,Schwefel,50,20,0.0006363783177221
CBA-SHADE,Schwefel,50,21,0.0006363783177221
CBA-SHADE,Schwefel,50,22,0.0006363783177221
CBA-SHADE,Schwefel,50,23,0.0006363783177221
CBA-SHADE,Schwefel,50,24,0.0006363783177221
CBA-SHADE,Schwefel,50,25,0.0006363783177221
CBA-SHADE,Schwefel,50,26,0.0006363783177221
CBA-SHADE,Schwefel,50,27,0.0006363783177221
CBA-SHADE,Schwefel,50,28,0.0006363783177221
CBA-SHADE,Schwefel,50,29,0.0006363783177221
CBA-SHADE,Zakharov,50,0,1.0793465035278133e-10
CBA-SHADE,Zakharov,50,1,1.3376093137206795e-10
CBA-SHADE,Zakharov,50,2,4.937013504844281e-10
CBA-SHADE,Zakharov,50,3,2.581073556879289e-11
CBA-SHADE,Zakharov,50,4,1.9661482228355127e-11
CBA-SHADE,Zakharov,50,5,2.656660296641978e-10
CBA-SHADE,Zakharov,50,6,4.0902871456832167e-11
CBA-SHADE,Zakharov,50,7,5.949981675132458e-11
CBA-SHADE,Zakharov,50,8,3.840123812743307e-10
CBA-SHADE,Zakharov,50,9,8.41930692266364e-12
CBA-SHADE,Zakharov,50,10,1.0472068318155596e-10
CBA-SHADE,Zakharov,50,11,6.388168670596307e-11
CBA-SHADE,Zakharov,50,12,1.8790270738403182e-10
CBA-SHADE,Zakharov,50,13,2.0124390563695352e-10
CBA-SHADE,Zakharov,50,14,1.0649487434929769e-10
CBA-SHADE,Zakharov,50,15,4.494494831377009e-11
CBA-SHADE,Zakharov,50,16,2.3546458759206263e-11
CBA-SHADE,Zakharov,50,17,1.861526688261353e-10
CBA-SHADE,Zakharov,50,18,5.4958295589231655e-11
CBA-SHADE,Zakharov,50,19,4.0504803220036896e-11
CBA-SHADE,Zakharov,50,20,2.0490914087619558e-11
CBA-SHADE,Zakharov,50,21,6.394442140475355e-11
CBA-SHADE,Zakharov,50,22,5.031579304816426e-11
CBA-SHADE,Zakharov,50,23,4.251421253448363e-11
CBA-SHADE,Zakharov,50,24,1.5393313727467864e-09
CBA-SHADE,Zakharov,50,25,2.6216155841673968e-11
CBA-SHADE,Zakharov,50,26,5.638855826050257e-10
CBA-SHADE,Zakharov,50,27,1.86850660806264e-09
CBA-SHADE,Zakharov,50,28,4.1039949453338255e-12
CBA-SHADE,Zakharov,50,29,2.5996285426759324e-10
L-SHADE,Ackley,50,0,3.054667629953656e-11
L-SHADE,Ackley,50,1,2.5611956999682658e-11
L-SHADE,Ackley,50,2,3.9396486073428605e-11
L-SHADE,Ackley,50,3,5.1713744397829935e-11
L-SHADE,Ackley,50,4,7.658984557679105e-11
L-SHADE,Ackley,50,5,1.7063017665464028e-10
L-SHADE,Ackley,50,6,3.963451788990824e-11
L-SHADE,Ackley,50,7,3.419531324766467e-11
L-SHADE,Ackley,50,8,2.318545355706192e-11
L-SHADE,Ackley,50,9,3.3854252734499823e-11
L-SHADE,Ackley,50,10,2.7951019276883926e-10
L-SHADE,Ackley,50,11,7.307265903477854e-11
L-SHADE,Ackley,50,12,8.421396913149691e-11
L-SHADE,Ackley,50,13,1.2271472726865795e-10
L-SHADE,Ackley,50,14,5.149347614974431e-11
L-SHADE,Ackley,50,15,1.0281953066737516e-10
L-SHADE,Ackley,50,16,3.133182602255147e-11
L-SHADE,Ackley,50,17,9.523448696313608e-11
L-SHADE,Ackley,50,18,4.489253413453298e-11
L-SHADE,Ackley,50,19,5.1802562239799954e-11
L-SHADE,Ackley,50,20,2.178568436761452e-11
L-SHADE,Ackley,50,21,2.524958020444501e-11
L-SHADE,Ackley,50,22,2.2510437958089824e-11
L-SHADE,Ackley,50,23,5.548672632471608e-11
L-SHADE,Ackley,50,24,1.6454793083653383e-10
L-SHADE,Ackley,50,25,2.629763073969116e-11
L-SHADE,Ackley,50,26,6.34412522515504e-11
L-SHADE,Ackley,50,27,4.8899995164219945e-11
L-SHADE,Ackley,50,28,2.596012294020511e-11
L-SHADE,Ackley,50,29,4.2370107422584624e-11
L-SHADE,BentCigar,50,0,1.3966577552199606e-09
L-SHADE,BentCigar,50,1,2.583743519679192e-10
L-SHADE,BentCigar,50,2,9.134505212036154e-11
L-SHADE,BentCigar,50,3,1.0098102727616446e-09
L-SHADE,BentCigar,50,4,5.366766771320405e-10
L-SHADE,BentCigar,50,5,1.398934206795695e-09
L-SHADE,BentCigar,50,6,5.250212823471304e-10
L-SHADE,BentCigar,50,7,1.3309600981665955e-10
L-SHADE,BentCigar,50,8,3.725191449190138e-09
L-SHADE,BentCigar,50,9,2.519924274834462e-09
L-SHADE,BentCigar,50,10,1.4808551866106174e-10
L-SHADE,BentCigar,50,11,2.954236345482817e-09
L-SHADE,BentCigar,50,12,5.281866595915028e-10
L-SHADE,BentCigar,50,13,1.0466253892246467e-09
L-SHADE,BentCigar,50,14,6.873644353545503e-10
L-SHADE,BentCigar,50,15,2.7394354052924327e-09
L-SHADE,BentCigar,50,16,1.0907018450322398e-09
L-SHADE,BentCigar,50,17,2.0536341922583627e-10
L-SHADE,BentCigar,50,18,2.8951618510356574e-09
L-SHADE,BentCigar,50,19,4.3895900135127237e-10
L-SHADE,BentCigar,50,20,1.0536754366485683e-09
L-SHADE,BentCigar,50,21,1.302067259156839e-10
L-SHADE,BentCigar,50,22,1.5567761475837467e-10
L-SHADE,BentCigar,50,23,2.956950922642983e-09
L-SHADE,BentCigar,50,24,2.7776069680772416e-10
L-SHADE,BentCigar,50,25,5.918480435495931e-10
L-SHADE,BentCigar,50,26,1.9844742236363487e-10
L-SHADE,BentCigar,50,27,9.634956811208932e-10
L-SHADE,BentCigar,50,28,3.391564869239248e-10
L-SHADE,BentCigar,50,29,2.2987135315485595e-09
L-SHADE,Composition,50,0,9.507261650263649e-11
L-SHADE,Composition,50,1,5.345790478737642e-11
L-SHADE,Composition,50,2,3.0052627059223056e-11
L-SHADE,Composition,50,3,1.4382473003276747e-10
L-SHADE,Composition,50,4,2.7562174769487244e-11
L-SHADE,Composition,50,5,1.5073475815075868e-10
L-SHADE,Composition,50,6,2.8778979204904643e-11
L-SHADE,Composition,50,7,1.0707901239531408e-10
L-SHADE,Composition,50,8,9.798228900908629e-11
L-SHADE,Composition,50,9,1.1688272580568716e-10
L-SHADE,Composition,50,10,9.432654662920679e-11
L-SHADE,Composition,50,11,5.3660409467203244e-11
L-SHADE,Composition,50,12,7.207412447889781e-11
L-SHADE,Composition,50,13,2.870081950394305e-11
L-SHADE,Composition,50,14,1.202595801623919e-10
L-SHADE,Composition,50,15,2.2694046674091042e-10
L-SHADE,Composition,50,16,6.561706736211979e-11
L-SHADE,Composition,50,17,1.8012635847625423e-10
L-SHADE,Composition,50,18,5.97426552896216e-11
L-SHADE,Composition,50,19,9.891665270776122e-11
L-SHADE,Composition,50,20,4.127209686187622e-11
L-SHADE,Composition,50,21,5.4358517705559915e-11
L-SHADE,Composition,50,22,1.1017164965690903e-10
L-SHADE,Composition,50,23,4.254041564587258e-11
L-SHADE,Composition,50,24,5.316835862236159e-11
L-SHADE,Composition,50,25,7.455391862897253e-11
L-SHADE,Composition,50,26,7.452016784899234e-11
L-SHADE,Composition,50,27,8.670419942271629e-11
L-SHADE,Composition,50,28,1.0254930244890741e-10
L-SHADE,Composition,50,29,1.030431296508968e-10
L-SHADE,DynamicSphere,50,0,3.12380604587745
L-SHADE,DynamicSphere,50,1,3.985409708488216
L-SHADE,DynamicSphere,50,2,3.800772591051524
L-SHADE,DynamicSphere,50,3,3.6851338001509633
L-SHADE,DynamicSphere,50,4,3.528621241561152
L-SHADE,DynamicSphere,50,5,3.850528992961438
L-SHADE,DynamicSphere,50,6,3.981701403858381
L-SHADE,DynamicSphere,50,7,3.478087047632652
L-SHADE,DynamicSphere,50,8,2.810773503878211
L-SHADE,DynamicSphere,50,9,4.749226557318852
L-SHADE,DynamicSphere,50,10,3.679062391720163
L-SHADE,DynamicSphere,50,11,3.912341126510769
L-SHADE,DynamicSphere,50,12,3.198324029058746
L-SHADE,DynamicSphere,50,13,2.650370357655751
L-SHADE,DynamicSphere,50,14,3.924565364533152
L-SHADE,DynamicSphere,50,15,2.973139354505211
L-SHADE,DynamicSphere,50,16,3.997911588128492
L-SHADE,DynamicSphere,50,17,4.133007871356725
L-SHADE,DynamicSphere,50,18,5.363205030092697
L-SHADE,DynamicSphere,50,19,2.9523532595151383
L-SHADE,DynamicSphere,50,20,3.483415243082633
L-SHADE,DynamicSphere,50,21,2.8881467554282585
L-SHADE,DynamicSphere,50,22,3.3889810131356684
L-SHADE,DynamicSphere,50,23,4.761947882951193
L-SHADE,DynamicSphere,50,24,3.550196713356785
L-SHADE,DynamicSphere,50,25,4.77791971800459
L-SHADE,DynamicSphere,50,26,3.0550607736753084
L-SHADE,DynamicSphere,50,27,3.5100256234084664
L-SHADE,DynamicSphere,50,28,2.7533522814974174
L-SHADE,DynamicSphere,50,29,3.745730095177112
L-SHADE,Griewank,50,0,0.0
L-SHADE,Griewank,50,1,0.0
L-SHADE,Griewank,50,2,0.0
L-SHADE,Griewank,50,3,1.1102230246251563e-16
L-SHADE,Griewank,50,4,0.0
L-SHADE,Griewank,50,5,1.1102230246251563e-16
L-SHADE,Griewank,50,6,0.0
L-SHADE,Griewank,50,7,0.0
L-SHADE,Griewank,50,8,1.1102230246251563e-16
L-SHADE,Griewank,50,9,1.1102230246251563e-16
L-SHADE,Griewank,50,10,1.1102230246251563e-16
L-SHADE,Griewank,50,11,0.0
L-SHADE,Griewank,50,12,1.1102230246251563e-16
L-SHADE,Griewank,50,13,1.1102230246251563e-16
L-SHADE,Griewank,50,14,0.0
L-SHADE,Griewank,50,15,0.0
L-SHADE,Griewank,50,16,3.3306690738754696e-16
L-SHADE,Griewank,50,17,1.1102230246251563e-16
L-SHADE,Griewank,50,18,0.0
L-SHADE,Griewank,50,19,0.0
L-SHADE,Griewank,50,20,0.0
L-SHADE,Griewank,50,21,0.0
L-SHADE,Griewank,50,22,0.0
L-SHADE,Griewank,50,23,0.0
L-SHADE,Griewank,50,24,1.1102230246251563e-16
L-SHADE,Griewank,50,25,1.1102230246251563e-16
L-SHADE,Griewank,50,26,0.0
L-SHADE,Griewank,50,27,1.1102230246251563e-16
L-SHADE,Griewank,50,28,1.1102230246251563e-16
L-SHADE,Griewank,50,29,0.0
L-SHADE,Levy,50,0,1.959206474927077e-21
L-SHADE,Levy,50,1,8.177731099074656e-21
L-SHADE,Levy,50,2,5.419289864438704e-21
L-SHADE,Levy,50,3,1.2071492432354684e-20
L-SHADE,Levy,50,4,2.351782200683714e-21
L-SHADE,Levy,50,5,4.860581928356735e-21
L-SHADE,Levy,50,6,7.338179012616624e-21
L-SHADE,Levy,50,7,2.2221975641828463e-20
L-SHADE,Levy,50,8,9.862391731023351e-21
L-SHADE,Levy,50,9,1.3383943110092816e-21
L-SHADE,Levy,50,10,4.2606153585374015e-21
L-SHADE,Levy,50,11,3.635238801642904e-22
L-SHADE,Levy,50,12,8.599079970507201e-21
L-SHADE,Levy,50,13,5.088352607985548e-21
L-SHADE,Levy,50,14,6.1916296789593034e-21
L-SHADE,Levy,50,15,1.6385982354184976e-21
L-SHADE,Levy,50,16,4.8275617645019736e-20
L-SHADE,Levy,50,17,2.6801583411890228e-21
L-SHADE,Levy,50,18,5.38415380550711e-21
L-SHADE,Levy,50,19,3.488358098161954e-21
L-SHADE,Levy,50,20,9.55210619681908e-21
L-SHADE,Levy,50,21,7.492987845032303e-21
L-SHADE,Levy,50,22,5.229934054347243e-21
L-SHADE,Levy,50,23,5.720577832373877e-21
L-SHADE,Levy,50,24,1.6229903069709857e-21
L-SHADE,Levy,50,25,7.112610323474094e-21
L-SHADE,Levy,50,26,9.629378816996894e-21
L-SHADE,Levy,50,27,7.574908772249536e-21
L-SHADE,Levy,50,28,1.4587065061934788e-20
L-SHADE,Levy,50,29,3.980927350828561e-21
L-SHADE,NoisyRastrigin,50,0,13.832682390977824
L-SHADE,NoisyRastrigin,50,1,12.505691719463464
L-SHADE,NoisyRastrigin,50,2,13.341579897215686
L-SHADE,NoisyRastrigin,50,3,10.914560161562637
L-SHADE,NoisyRastrigin,50,4,12.935289859752633
L-SHADE,NoisyRastrigin,50,5,8.579747787322955
L-SHADE,NoisyRastrigin,50,6,13.413992520776166
L-SHADE,NoisyRastrigin,50,7,14.208532838998014
L-SHADE,NoisyRastrigin,50,8,10.578904981615908
L-SHADE,NoisyRastrigin,50,9,12.772529281318048
L-SHADE,NoisyRastrigin,50,10,16.013839917471532
L-SHADE,NoisyRastrigin,50,11,17.0987974977711
L-SHADE,NoisyRastrigin,50,12,14.178920149718191
L-SHADE,NoisyRastrigin,50,13,12.64560155805879
L-SHADE,NoisyRastrigin,50,14,12.064579070540349
L-SHADE,NoisyRastrigin,50,15,12.379976447704458
L-SHADE,NoisyRastrigin,50,16,13.698454920204446
L-SHADE,NoisyRastrigin,50,17,14.152932368336336
L-SHADE,NoisyRastrigin,50,18,12.437248145481345
L-SHADE,NoisyRastrigin,50,19,9.83557497476231
L-SHADE,NoisyRastrigin,50,20,14.813827063781662
L-SHADE,NoisyRastrigin,50,21,13.63208005119406
L-SHADE,NoisyRastrigin,50,22,14.846345538783332
L-SHADE,NoisyRastrigin,50,23,10.7622818319141
L-SHADE,NoisyRastrigin,50,24,10.91676095940652
L-SHADE,NoisyRastrigin,50,25,12.784654938677065
L-SHADE,NoisyRastrigin,50,26,15.248503883927498
L-SHADE,NoisyRastrigin,50,27,12.580824333638176
L-SHADE,NoisyRastrigin,50,28,17.3508947638885
L-SHADE,NoisyRastrigin,50,29,11.773420355388884
L-SHADE,NoisySphere,50,0,0.0157887563002342
L-SHADE,NoisySphere,50,1,0.0174634105632179
L-SHADE,NoisySphere,50,2,0.0131392007718604
L-SHADE,NoisySphere,50,3,0.0158414452957166
L-SHADE,NoisySphere,50,4,0.0166141805595516
L-SHADE,NoisySphere,50,5,0.0104356040651742
L-SHADE,NoisySphere,50,6,0.019114023002294
L-SHADE,NoisySphere,50,7,0.0236174879720988
L-SHADE,NoisySphere,50,8,0.0168558216163046
L-SHADE,NoisySphere,50,9,0.0169056695462595
L-SHADE,NoisySphere,50,10,0.0181110209308092
L-SHADE,NoisySphere,50,11,0.0148682234499366
L-SHADE,NoisySphere,50,12,0.017564325262055
L-SHADE,NoisySphere,50,13,0.0166647887433399
L-SHADE,NoisySphere,50,14,0.0132993875177469
L-SHADE,NoisySphere,50,15,0.0174393242906903
L-SHADE,NoisySphere,50,16,0.0175789885182024
L-SHADE,NoisySphere,50,17,0.0199896655172789
L-SHADE,NoisySphere,50,18,0.0159925232555052
L-SHADE,NoisySphere,50,19,0.0153926421257572
L-SHADE,NoisySphere,50,20,0.0189662298313507
L-SHADE,NoisySphere,50,21,0.0159334353350244
L-SHADE,NoisySphere,50,22,0.0131473684310201
L-SHADE,NoisySphere,50,23,0.0145827334991811
L-SHADE,NoisySphere,50,24,0.0105035809290867
L-SHADE,NoisySphere,50,25,0.0190876400094674
L-SHADE,NoisySphere,50,26,0.0136292011846235
L-SHADE,NoisySphere,50,27,0.0130379321056779
L-SHADE,NoisySphere,50,28,0.0137288231868584
L-SHADE,NoisySphere,50,29,0.0179092903365958
L-SHADE,Rosenbrock,50,0,35.09313221318717
L-SHADE,Rosenbrock,50,1,38.87481420110698
L-SHADE,Rosenbrock,50,2,34.94808199220609
L-SHADE,Rosenbrock,50,3,35.84052675472472
L-SHADE,Rosenbrock,50,4,34.876497226152686
L-SHADE,Rosenbrock,50,5,34.913891047895426
L-SHADE,Rosenbrock,50,6,35.67269106963249
L-SHADE,Rosenbrock,50,7,34.26305260597472
L-SHADE,Rosenbrock,50,8,35.256490531485014
L-SHADE,Rosenbrock,50,9,35.075240227928255
L-SHADE,Rosenbrock,50,10,36.210264875036735
L-SHADE,Rosenbrock,50,11,33.38914676007963
L-SHADE,Rosenbrock,50,12,36.0924505361365
L-SHADE,Rosenbrock,50,13,36.34332223865959
L-SHADE,Rosenbrock,50,14,35.0193865352407
L-SHADE,Rosenbrock,50,15,34.77513884220386
L-SHADE,Rosenbrock,50,16,35.68788469220792
L-SHADE,Rosenbrock,50,17,33.85180091928537
L-SHADE,Rosenbrock,50,18,35.34430915533736
L-SHADE,Rosenbrock,50,19,33.053631260517385
L-SHADE,Rosenbrock,50,20,34.70775336112548
L-SHADE,Rosenbrock,50,21,34.97399809671933
L-SHADE,Rosenbrock,50,22,34.058330016726764
L-SHADE,Rosenbrock,50,23,35.87527479736618
L-SHADE,Rosenbrock,50,24,34.911032924536386
L-SHADE,Rosenbrock,50,25,32.93499815493291
L-SHADE,Rosenbrock,50,26,32.760005230710895
L-SHADE,Rosenbrock,50,27,34.25262438272854
L-SHADE,Rosenbrock,50,28,34.591051403324045
L-SHADE,Rosenbrock,50,29,35.90254996103783
L-SHADE,RotatedElliptic,50,0,160604.96700854815
L-SHADE,RotatedElliptic,50,1,38958.99300892362
L-SHADE,RotatedElliptic,50,2,84041.06930669928
L-SHADE,RotatedElliptic,50,3,96616.64921013976
L-SHADE,RotatedElliptic,50,4,79410.68397519851
L-SHADE,RotatedElliptic,50,5,75900.60575758667
L-SHADE,RotatedElliptic,50,6,61406.382627004095
L-SHADE,RotatedElliptic,50,7,45385.5618431021
L-SHADE,RotatedElliptic,50,8,81185.85463861791
L-SHADE,RotatedElliptic,50,9,59466.832063899616
L-SHADE,RotatedElliptic,50,10,72533.76117657834
L-SHADE,RotatedElliptic,50,11,27316.488970578223
L-SHADE,RotatedElliptic,50,12,97391.2927257426
L-SHADE,RotatedElliptic,50,13,79447.64936119477
L-SHADE,RotatedElliptic,50,14,58371.48569608491
L-SHADE,RotatedElliptic,50,15,208220.9278589509
L-SHADE,RotatedElliptic,50,16,55134.93085712832
L-SHADE,RotatedElliptic,50,17,46332.9451576444
L-SHADE,RotatedElliptic,50,18,34558.71158864996
L-SHADE,RotatedElliptic,50,19,84193.71348417496
L-SHADE,RotatedElliptic,50,20,108405.9102232918
L-SHADE,RotatedElliptic,50,21,36618.65852497847
L-SHADE,RotatedElliptic,50,22,59172.96194568664
L-SHADE,RotatedElliptic,50,23,103743.84803353615
L-SHADE,RotatedElliptic,50,24,40192.93176145487
L-SHADE,RotatedElliptic,50,25,47374.36182830922
L-SHADE,RotatedElliptic,50,26,44597.39956462183
L-SHADE,RotatedElliptic,50,27,40029.28424426572
L-SHADE,RotatedElliptic,50,28,91933.60472029768
L-SHADE,RotatedElliptic,50,29,51408.90990328712
L-SHADE,Schwefel,50,0,62.31833741129231
L-SHADE,Schwefel,50,1,48.01195481109244
L-SHADE,Schwefel,50,2,111.57962380697064
L-SHADE,Schwefel,50,3,88.27642081426166
L-SHADE,Schwefel,50,4,161.21659879266372
L-SHADE,Schwefel,50,5,191.40085631772672
L-SHADE,Schwefel,50,6,29.733853345227544
L-SHADE,Schwefel,50,7,44.68088498985526
L-SHADE,Schwefel,50,8,136.11158826095925
L-SHADE,Schwefel,50,9,276.09717784844906
L-SHADE,Schwefel,50,10,107.40623230121491
L-SHADE,Schwefel,50,11,148.18573421398105
L-SHADE,Schwefel,50,12,156.30876679277208
L-SHADE,Schwefel,50,13,24.88690343154667
L-SHADE,Schwefel,50,14,44.27083656598916
L-SHADE,Schwefel,50,15,95.35282586362156
L-SHADE,Schwefel,50,16,65.89406676474755
L-SHADE,Schwefel,50,17,173.15339293253783
L-SHADE,Schwefel,50,18,149.10491110130897
L-SHADE,Schwefel,50,19,131.53273840182374
L-SHADE,Schwefel,50,20,48.53810508292736
L-SHADE,Schwefel,50,21,44.95945229165227
L-SHADE,Schwefel,50,22,49.15238246110312
L-SHADE,Schwefel,50,23,60.61560153474784
L-SHADE,Schwefel,50,24,145.31963095188985
L-SHADE,Schwefel,50,25,38.22717846744126
L-SHADE,Schwefel,50,26,172.30584679714593
L-SHADE,Schwefel,50,27,210.38243996527308
L-SHADE,Schwefel,50,28,200.14397453957645
L-SHADE,Schwefel,50,29,45.861079504480585
L-SHADE,Zakharov,50,0,0.0001464893420487
L-SHADE,Zakharov,50,1,0.0001164718208627
L-SHADE,Zakharov,50,2,3.365257529989927e-05
L-SHADE,Zakharov,50,3,1.059048851701226e-05
L-SHADE,Zakharov,50,4,5.1504372076518e-05
L-SHADE,Zakharov,50,5,1.3123178267107073e-05
L-SHADE,Zakharov,50,6,2.154811321796739e-05
L-SHADE,Zakharov,50,7,3.218253200608115e-05
L-SHADE,Zakharov,50,8,2.8893761863073808e-05
L-SHADE,Zakharov,50,9,8.540832679081852e-06
L-SHADE,Zakharov,50,10,6.157431674914161e-05
L-SHADE,Zakharov,50,11,7.931589731981178e-05
L-SHADE,Zakharov,50,12,3.814188250287901e-05
L-SHADE,Zakharov,50,13,1.074433592660623e-05
L-SHADE,Zakharov,50,14,3.834950793363447e-05
L-SHADE,Zakharov,50,15,2.628679305010887e-05
L-SHADE,Zakharov,50,16,2.402891109039855e-06
L-SHADE,Zakharov,50,17,2.9893407047553968e-05
L-SHADE,Zakharov,50,18,0.0001799200365614
L-SHADE,Zakharov,50,19,1.0581081038948353e-05
L-SHADE,Zakharov,50,20,0.0003963160020355
L-SHADE,Zakharov,50,21,1.5918009871641094e-05
L-SHADE,Zakharov,50,22,3.943279379180906e-05
L-SHADE,Zakharov,50,23,2.255441053821177e-05
L-SHADE,Zakharov,50,24,0.0019653110259573
L-SHADE,Zakharov,50,25,1.1383955579033112e-05
L-SHADE,Zakharov,50,26,9.922204307897736e-06
L-SHADE,Zakharov,50,27,0.0001711356480549
L-SHADE,Zakharov,50,28,0.0003716626375605
L-SHADE,Zakharov,50,29,5.213548812873996e-06
jSO,Ackley,50,0,5.2300386244041874e-12
jSO,Ackley,50,1,5.510703005029427e-12
jSO,Ackley,50,2,6.139533326177116e-12
jSO,Ackley,50,3,5.1589843508281774e-12
jSO,Ackley,50,4,6.498357407735966e-12
jSO,Ackley,50,5,3.467892639719139e-12
jSO,Ackley,50,6,1.7351897696471497e-11
jSO,Ackley,50,7,3.8480330033507926e-12
jSO,Ackley,50,8,3.951061700036007e-12
jSO,Ackley,50,9,5.478728581920223e-12
jSO,Ackley,50,10,9.056311256472329e-12
jSO,Ackley,50,11,1.4058532116223432e-11
jSO,Ackley,50,12,9.411582624352375e-12
jSO,Ackley,50,13,9.027889547041925e-12
jSO,Ackley,50,14,2.6844748646226435e-11
jSO,Ackley,50,15,3.702371742519972e-12
jSO,Ackley,50,16,2.1423307572376867e-11
jSO,Ackley,50,17,5.901501509697482e-12
jSO,Ackley,50,18,7.041922600592443e-12
jSO,Ackley,50,19,4.018563259933217e-12
jSO,Ackley,50,20,2.100097873380946e-12
jSO,Ackley,50,21,3.865796571744795e-12
jSO,Ackley,50,22,1.6616485964959793e-11
jSO,Ackley,50,23,1.0189626920009688e-11
jSO,Ackley,50,24,1.1767031793397108e-11
jSO,Ackley,50,25,2.3985258224001878e-12
jSO,Ackley,50,26,4.6829207178689095e-12
jSO,Ackley,50,27,3.880007426459997e-12
jSO,Ackley,50,28,7.830625037286154e-12
jSO,Ackley,50,29,8.22142354195421e-12
jSO,BentCigar,50,0,7.149374490118068e-12
jSO,BentCigar,50,1,1.1056620249560477e-13
jSO,BentCigar,50,2,6.878090903779839e-12
jSO,BentCigar,50,3,5.985739232440856e-13
jSO,BentCigar,50,4,6.366989867036121e-14
jSO,BentCigar,50,5,2.444064122799564e-13
jSO,BentCigar,50,6,9.699664412177107e-14
jSO,BentCigar,50,7,5.5256388577498137e-14
jSO,BentCigar,50,8,2.779052933108415e-13
jSO,BentCigar,50,9,1.9427929582738533e-13
jSO,BentCigar,50,10,9.260544627770888e-14
jSO,BentCigar,50,11,1.5624998327423457e-12
jSO,BentCigar,50,12,6.765775758851175e-13
jSO,BentCigar,50,13,1.3336808516604624e-11
jSO,BentCigar,50,14,2.051672202012227e-12
jSO,BentCigar,50,15,1.9030234779982766e-13
jSO,BentCigar,50,16,1.2107940563846502e-12
jSO,BentCigar,50,17,1.7974229070974881e-13
jSO,BentCigar,50,18,2.490642949484004e-13
jSO,BentCigar,50,19,9.811392049269288e-14
jSO,BentCigar,50,20,1.9861128356204247e-13
jSO,BentCigar,50,21,1.0018227266123544e-13
jSO,BentCigar,50,22,1.3414111337054589e-12
jSO,BentCigar,50,23,4.436206914929213e-12
jSO,BentCigar,50,24,6.368752084062588e-13
jSO,BentCigar,50,25,7.773289228880387e-13
jSO,BentCigar,50,26,1.9341893928021537e-12
jSO,BentCigar,50,27,2.243269931725278e-12
jSO,BentCigar,50,28,2.3927994547333128e-15
jSO,BentCigar,50,29,4.847651090466724e-14
jSO,Composition,50,0,2.4192425844054955e-11
jSO,Composition,50,1,1.1772138820176383e-11
jSO,Composition,50,2,1.110955771898537e-11
jSO,Composition,50,3,4.188871472020372e-12
jSO,Composition,50,4,1.3695933277553252e-11
jSO,Composition,50,5,6.2689853310940735e-12
jSO,Composition,50,6,7.55151496925175e-12
jSO,Composition,50,7,8.919309735730809e-12
jSO,Composition,50,8,9.725775740912438e-12
jSO,Composition,50,9,5.647260437257689e-12
jSO,Composition,50,10,3.732347764271876e-12
jSO,Composition,50,11,1.1832534952725108e-11
jSO,Composition,50,12,1.1768586106497169e-11
jSO,Composition,50,13,7.48756612302739e-12
jSO,Composition,50,14,8.10218558951963e-12
jSO,Composition,50,15,8.921086092570467e-12
jSO,Composition,50,16,1.0271117290676422e-11
jSO,Composition,50,17,1.197641985673788e-11
jSO,Composition,50,18,6.6118222011258724e-12
jSO,Composition,50,19,1.0393685912610768e-11
jSO,Composition,50,20,7.860601059337228e-12
jSO,Composition,50,21,9.034772930304732e-12
jSO,Composition,50,22,5.586864304713774e-12
jSO,Composition,50,23,7.512435118781319e-12
jSO,Composition,50,24,9.580114480064075e-12
jSO,Composition,50,25,6.693534615745e-12
jSO,Composition,50,26,1.2527090477036376e-11
jSO,Composition,50,27,3.041344953715936e-12
jSO,Composition,50,28,7.027489701580928e-12
jSO,Composition,50,29,6.801892382957569e-12
jSO,DynamicSphere,50,0,2.305592875353188
jSO,DynamicSphere,50,1,2.258261569751253
jSO,DynamicSphere,50,2,2.0176839098082064
jSO,DynamicSphere,50,3,2.361045325997382
jSO,DynamicSphere,50,4,3.0008910108303435
jSO,DynamicSphere,50,5,2.589120216136761
jSO,DynamicSphere,50,6,4.085457105512374
jSO,DynamicSphere,50,7,3.363657357131181
jSO,DynamicSphere,50,8,3.086138089876206
jSO,DynamicSphere,50,9,2.804985115732307
jSO,DynamicSphere,50,10,2.973407190025082
jSO,DynamicSphere,50,11,3.1977991400845576
jSO,DynamicSphere,50,12,3.925038140131629
jSO,DynamicSphere,50,13,3.2619049283748875
jSO,DynamicSphere,50,14,2.6647388956418827
jSO,DynamicSphere,50,15,1.986604791492265
jSO,DynamicSphere,50,16,2.284204772337468
jSO,DynamicSphere,50,17,3.309434349911748
jSO,DynamicSphere,50,18,2.4071267033660257
jSO,DynamicSphere,50,19,2.62971357879693
jSO,DynamicSphere,50,20,4.008775466355394
jSO,DynamicSphere,50,21,3.5982527577434027
jSO,DynamicSphere,50,22,3.08846414115906
jSO,DynamicSphere,50,23,3.993988927050481
jSO,DynamicSphere,50,24,5.831482518080925
jSO,DynamicSphere,50,25,3.4407537268155077
jSO,DynamicSphere,50,26,2.479971483729551
jSO,DynamicSphere,50,27,2.0220220859375546
jSO,DynamicSphere,50,28,1.519824149737706
jSO,DynamicSphere,50,29,3.2189649541167977
jSO,Griewank,50,0,0.0
jSO,Griewank,50,1,1.1102230246251563e-16
jSO,Griewank,50,2,0.0
jSO,Griewank,50,3,0.0
jSO,Griewank,50,4,0.0
jSO,Griewank,50,5,0.0
jSO,Griewank,50,6,0.0
jSO,Griewank,50,7,1.1102230246251563e-16
jSO,Griewank,50,8,0.0
jSO,Griewank,50,9,0.0
jSO,Griewank,50,10,1.1102230246251563e-16
jSO,Griewank,50,11,0.0
jSO,Griewank,50,12,0.0
jSO,Griewank,50,13,0.0
jSO,Griewank,50,14,0.0
jSO,Griewank,50,15,1.1102230246251563e-16
jSO,Griewank,50,16,0.0
jSO,Griewank,50,17,0.0
jSO,Griewank,50,18,0.0
jSO,Griewank,50,19,1.1102230246251563e-16
jSO,Griewank,50,20,0.0
jSO,Griewank,50,21,0.0
jSO,Griewank,50,22,0.0
jSO,Griewank,50,23,0.0
jSO,Griewank,50,24,1.1102230246251563e-16
jSO,Griewank,50,25,0.0
jSO,Griewank,50,26,0.0
jSO,Griewank,50,27,0.0
jSO,Griewank,50,28,0.0
jSO,Griewank,50,29,0.0
jSO,Levy,50,0,5.495365532905954e-23
jSO,Levy,50,1,7.7329545525569665e-22
jSO,Levy,50,2,2.50016226976724e-22
jSO,Levy,50,3,3.3537025917626066e-22
jSO,Levy,50,4,4.427552312651322e-22
jSO,Levy,50,5,1.4673101978224505e-21
jSO,Levy,50,6,8.961747631344168e-22
jSO,Levy,50,7,4.9125832357680495e-22
jSO,Levy,50,8,1.6789298368226965e-22
jSO,Levy,50,9,4.012124970016399e-22
jSO,Levy,50,10,2.6381972333934322e-22
jSO,Levy,50,11,6.379225219478994e-22
jSO,Levy,50,12,3.2438393338120125e-22
jSO,Levy,50,13,3.3178031099173864e-23
jSO,Levy,50,14,1.042945636053798e-21
jSO,Levy,50,15,2.235805660673278e-21
jSO,Levy,50,16,3.785459477741863e-23
jSO,Levy,50,17,1.0456460288406766e-22
jSO,Levy,50,18,1.290002514976753e-22
jSO,Levy,50,19,1.543433219620399e-21
jSO,Levy,50,20,5.586108968009335e-23
jSO,Levy,50,21,1.1087037893132741e-22
jSO,Levy,50,22,1.521027356013515e-22
jSO,Levy,50,23,2.303404783210195e-23
jSO,Levy,50,24,2.31667370456903e-22
jSO,Levy,50,25,1.2865646930477953e-21
jSO,Levy,50,26,1.1459824482983358e-22
jSO,Levy,50,27,3.083415850420608e-22
jSO,Levy,50,28,9.974834081560577e-23
jSO,Levy,50,29,2.3428438206162934e-22
jSO,NoisyRastrigin,50,0,13.953026061730638
jSO,NoisyRastrigin,50,1,25.10624004080713
jSO,NoisyRastrigin,50,2,19.47610940418196
jSO,NoisyRastrigin,50,3,18.20252531036441
jSO,NoisyRastrigin,50,4,24.1013834481169
jSO,NoisyRastrigin,50,5,16.24587572208002
jSO,NoisyRastrigin,50,6,19.73981840816002
jSO,NoisyRastrigin,50,7,23.06195202947791
jSO,NoisyRastrigin,50,8,20.0759568681146
jSO,NoisyRastrigin,50,9,21.396089197479917
jSO,NoisyRastrigin,50,10,23.76062355254249
jSO,NoisyRastrigin,50,11,19.136547767385416
jSO,NoisyRastrigin,50,12,21.368878936946697
jSO,NoisyRastrigin,50,13,19.713314662457005
jSO,NoisyRastrigin,50,14,16.993471970807896
jSO,NoisyRastrigin,50,15,21.417649376517552
jSO,NoisyRastrigin,50,16,21.288290783637105
jSO,NoisyRastrigin,50,17,26.126569938396933
jSO,NoisyRastrigin,50,18,18.637382890206247
jSO,NoisyRastrigin,50,19,21.176455830622626
jSO,NoisyRastrigin,50,20,17.491686495539383
jSO,NoisyRastrigin,50,21,17.153161432670586
jSO,NoisyRastrigin,50,22,23.63865305800977
jSO,NoisyRastrigin,50,23,24.192563120015144
jSO,NoisyRastrigin,50,24,19.881488746308285
jSO,NoisyRastrigin,50,25,21.38078283622549
jSO,NoisyRastrigin,50,26,17.664098079746843
jSO,NoisyRastrigin,50,27,19.146991805201885
jSO,NoisyRastrigin,50,28,17.620174166132664
jSO,NoisyRastrigin,50,29,22.084721663912223
jSO,NoisySphere,50,0,0.0223585100197065
jSO,NoisySphere,50,1,0.0160847879664698
jSO,NoisySphere,50,2,0.0170209201813979
jSO,NoisySphere,50,3,0.015038899858678
jSO,NoisySphere,50,4,0.0251111930508086
jSO,NoisySphere,50,5,0.0191306258676075
jSO,NoisySphere,50,6,0.0202959114355042
jSO,NoisySphere,50,7,0.0156226289729402
jSO,NoisySphere,50,8,0.0224827360616226
jSO,NoisySphere,50,9,0.0153066246295661
jSO,NoisySphere,50,10,0.0227895605368929
jSO,NoisySphere,50,11,0.0107619959191618
jSO,NoisySphere,50,12,0.0229723523657587
jSO,NoisySphere,50,13,0.0161403522338819
jSO,NoisySphere,50,14,0.0237923693263091
jSO,NoisySphere,50,15,0.0105353225295991
jSO,NoisySphere,50,16,0.0147574256994877
jSO,NoisySphere,50,17,0.0111590214155242
jSO,NoisySphere,50,18,0.0187018100921956
jSO,NoisySphere,50,19,0.0230059715953888
jSO,NoisySphere,50,20,0.0160475023193505
jSO,NoisySphere,50,21,0.0165216550617931
jSO,NoisySphere,50,22,0.0168620328597799
jSO,NoisySphere,50,23,0.0160501790400687
jSO,NoisySphere,50,24,0.0256666303954633
jSO,NoisySphere,50,25,0.0181942950400686
jSO,NoisySphere,50,26,0.014593266985853
jSO,NoisySphere,50,27,0.0154275229686019
jSO,NoisySphere,50,28,0.0141508390114388
jSO,NoisySphere,50,29,0.0146845463485537
jSO,Rosenbrock,50,0,33.23594328403385
jSO,Rosenbrock,50,1,32.02084147954386
jSO,Rosenbrock,50,2,33.11783866406175
jSO,Rosenbrock,50,3,33.11880200161345
jSO,Rosenbrock,50,4,32.86400170193808
jSO,Rosenbrock,50,5,32.8636982596808
jSO,Rosenbrock,50,6,34.81640642983496
jSO,Rosenbrock,50,7,31.86717302587284
jSO,Rosenbrock,50,8,33.25844565327135
jSO,Rosenbrock,50,9,32.64083444174123
jSO,Rosenbrock,50,10,34.39364584637441
jSO,Rosenbrock,50,11,32.4648186668647
jSO,Rosenbrock,50,12,32.57481043002142
jSO,Rosenbrock,50,13,32.521005623417764
jSO,Rosenbrock,50,14,32.618234670894545
jSO,Rosenbrock,50,15,33.65527572470038
jSO,Rosenbrock,50,16,33.65938609406315
jSO,Rosenbrock,50,17,32.71244549824833
jSO,Rosenbrock,50,18,32.56873585637657
jSO,Rosenbrock,50,19,31.89142435901885
jSO,Rosenbrock,50,20,35.6969942218566
jSO,Rosenbrock,50,21,31.19823984055642
jSO,Rosenbrock,50,22,33.470953356689385
jSO,Rosenbrock,50,23,34.13970845134045
jSO,Rosenbrock,50,24,33.394433934987745
jSO,Rosenbrock,50,25,33.02676326477016
jSO,Rosenbrock,50,26,34.36326083148309
jSO,Rosenbrock,50,27,33.06866062181201
jSO,Rosenbrock,50,28,33.02659122258189
jSO,Rosenbrock,50,29,33.87667853223075
jSO,RotatedElliptic,50,0,79685.66082277986
jSO,RotatedElliptic,50,1,75178.18582899452
jSO,RotatedElliptic,50,2,75390.24030450205
jSO,RotatedElliptic,50,3,27908.301107673007
jSO,RotatedElliptic,50,4,92692.9863065437
jSO,RotatedElliptic,50,5,76958.08892874121
jSO,RotatedElliptic,50,6,108662.61924699805
jSO,RotatedElliptic,50,7,32426.232549334567
jSO,RotatedElliptic,50,8,75413.05338433897
jSO,RotatedElliptic,50,9,55530.42217432756
jSO,RotatedElliptic,50,10,100238.34842330578
jSO,RotatedElliptic,50,11,48812.76630583226
jSO,RotatedElliptic,50,12,49491.94212707417
jSO,RotatedElliptic,50,13,41243.68784281587
jSO,RotatedElliptic,50,14,58508.50171347975
jSO,RotatedElliptic,50,15,81188.10676367654
jSO,RotatedElliptic,50,16,88260.8291430056
jSO,RotatedElliptic,50,17,76205.12829181418
jSO,RotatedElliptic,50,18,61224.70057182077
jSO,RotatedElliptic,50,19,81491.85290347689
jSO,RotatedElliptic,50,20,56571.70396908343
jSO,RotatedElliptic,50,21,24271.42155936587
jSO,RotatedElliptic,50,22,69954.9476429456
jSO,RotatedElliptic,50,23,56738.955383297936
jSO,RotatedElliptic,50,24,88359.12379721066
jSO,RotatedElliptic,50,25,44809.105809898814
jSO,RotatedElliptic,50,26,83925.63747773625
jSO,RotatedElliptic,50,27,26719.96330513904
jSO,RotatedElliptic,50,28,63550.211113211495
jSO,RotatedElliptic,50,29,70163.53076541719
jSO,Schwefel,50,0,469.0601692425808
jSO,Schwefel,50,1,253.9674636117852
jSO,Schwefel,50,2,190.46129324118735
jSO,Schwefel,50,3,402.93313836102607
jSO,Schwefel,50,4,312.0275010839141
jSO,Schwefel,50,5,504.37384303125145
jSO,Schwefel,50,6,806.123877035905
jSO,Schwefel,50,7,574.5177893688524
jSO,Schwefel,50,8,800.9508922058922
jSO,Schwefel,50,9,228.74625047512015
jSO,Schwefel,50,10,263.1471862632243
jSO,Schwefel,50,11,477.72649413923136
jSO,Schwefel,50,12,414.2593174474714
jSO,Schwefel,50,13,212.19261910239584
jSO,Schwefel,50,14,547.3582646974755
jSO,Schwefel,50,15,383.8946303888733
jSO,Schwefel,50,16,527.6822591147393
jSO,Schwefel,50,17,300.0670312954426
jSO,Schwefel,50,18,1027.8879774297384
jSO,Schwefel,50,19,521.910088686087
jSO,Schwefel,50,20,284.22881400197
jSO,Schwefel,50,21,565.3834037672495
jSO,Schwefel,50,22,296.17144822565024
jSO,Schwefel,50,23,608.953952845106
jSO,Schwefel,50,24,759.4088830762157
jSO,Schwefel,50,25,273.2191249019379
jSO,Schwefel,50,26,631.7414110319005
jSO,Schwefel,50,27,675.1814024874293
jSO,Schwefel,50,28,685.9643527586268
jSO,Schwefel,50,29,600.9260837769107
jSO,Zakharov,50,0,4.364390895372373e-05
jSO,Zakharov,50,1,1.4003274401179092e-05
jSO,Zakharov,50,2,1.491388909914465e-05
jSO,Zakharov,50,3,2.4564301608577032e-05
jSO,Zakharov,50,4,3.992412530501499e-06
jSO,Zakharov,50,5,3.7017272238888565e-05
jSO,Zakharov,50,6,2.361755862401579e-05
jSO,Zakharov,50,7,1.609296177891343e-05
jSO,Zakharov,50,8,9.042868262860585e-05
jSO,Zakharov,50,9,5.601336064585196e-05
jSO,Zakharov,50,10,0.0001010787544987
jSO,Zakharov,50,11,5.0185946370349614e-05
jSO,Zakharov,50,12,3.494265467033502e-05
jSO,Zakharov,50,13,2.6881267430700546e-05
jSO,Zakharov,50,14,3.3937172270556555e-05
jSO,Zakharov,50,15,2.243656032689079e-05
jSO,Zakharov,50,16,2.1752265980792486e-05
jSO,Zakharov,50,17,3.2779100464024103e-06
jSO,Zakharov,50,18,0.000144921559976
jSO,Zakharov,50,19,9.393724037059942e-05
jSO,Zakharov,50,20,7.808900309154331e-06
jSO,Zakharov,50,21,8.884011956289503e-06
jSO,Zakharov,50,22,3.944073415279633e-05
jSO,Zakharov,50,23,1.1753910819794468e-05
jSO,Zakharov,50,24,2.3172601340303623e-05
jSO,Zakharov,50,25,3.2319773587557985e-05
jSO,Zakharov,50,26,2.149552872770441e-05
jSO,Zakharov,50,27,0.0001368508498549
jSO,Zakharov,50,28,5.7669632512434274e-05
jSO,Zakharov,50,29,1.0528523742182646e-05
LSHADE-cnEpSin,Ackley,50,0,1.8032908499776568e-10
LSHADE-cnEpSin,Ackley,50,1,6.5426819517711e-10
LSHADE-cnEpSin,Ackley,50,2,1.6673284974899616e-10
LSHADE-cnEpSin,Ackley,50,3,2.2882717942707126e-10
LSHADE-cnEpSin,Ackley,50,4,8.356382252827643e-11
LSHADE-cnEpSin,Ackley,50,5,2.8910251970160056e-10
LSHADE-cnEpSin,Ackley,50,6,6.884848247068476e-11
LSHADE-cnEpSin,Ackley,50,7,1.358064771750378e-10
LSHADE-cnEpSin,Ackley,50,8,1.6679679859521454e-10
LSHADE-cnEpSin,Ackley,50,9,1.1645839848029027e-10
LSHADE-cnEpSin,Ackley,50,10,1.0322098731307959e-10
LSHADE-cnEpSin,Ackley,50,11,8.799405648574066e-11
LSHADE-cnEpSin,Ackley,50,12,1.4105028256494734e-10
LSHADE-cnEpSin,Ackley,50,13,1.9754553548523288e-10
LSHADE-cnEpSin,Ackley,50,14,1.5478862636086888e-10
LSHADE-cnEpSin,Ackley,50,15,7.348122110784061e-11
LSHADE-cnEpSin,Ackley,50,16,5.821165771635606e-11
LSHADE-cnEpSin,Ackley,50,17,2.0642021425487656e-10
LSHADE-cnEpSin,Ackley,50,18,9.069411888162904e-11
LSHADE-cnEpSin,Ackley,50,19,2.1134782812737282e-10
LSHADE-cnEpSin,Ackley,50,20,2.1971446884094803e-10
LSHADE-cnEpSin,Ackley,50,21,3.959965688693501e-10
LSHADE-cnEpSin,Ackley,50,22,1.0983969289668494e-10
LSHADE-cnEpSin,Ackley,50,23,1.570268359785132e-10
LSHADE-cnEpSin,Ackley,50,24,9.269784939647252e-11
LSHADE-cnEpSin,Ackley,50,25,1.5587220403290303e-10
LSHADE-cnEpSin,Ackley,50,26,2.305893254117564e-10
LSHADE-cnEpSin,Ackley,50,27,3.2804026162125405e-10
LSHADE-cnEpSin,Ackley,50,28,7.015232839080454e-11
LSHADE-cnEpSin,Ackley,50,29,9.162848257915356e-11
LSHADE-cnEpSin,BentCigar,50,0,1.3202968379395234e-10
LSHADE-cnEpSin,BentCigar,50,1,6.784840827937157e-10
LSHADE-cnEpSin,BentCigar,50,2,2.4596605452826104e-09
LSHADE-cnEpSin,BentCigar,50,3,1.8504935011850303e-10
LSHADE-cnEpSin,BentCigar,50,4,4.857795919685102e-11
LSHADE-cnEpSin,BentCigar,50,5,2.669018018460489e-10
LSHADE-cnEpSin,BentCigar,50,6,4.121289277575204e-11
LSHADE-cnEpSin,BentCigar,50,7,7.849030294229951e-10
LSHADE-cnEpSin,BentCigar,50,8,6.717566196669605e-11
LSHADE-cnEpSin,BentCigar,50,9,1.6403118447790467e-10
LSHADE-cnEpSin,BentCigar,50,10,5.450748418086702e-10
LSHADE-cnEpSin,BentCigar,50,11,2.2252036331302503e-10
LSHADE-cnEpSin,BentCigar,50,12,9.098494325364401e-10
LSHADE-cnEpSin,BentCigar,50,13,3.461562350862598e-11
LSHADE-cnEpSin,BentCigar,50,14,1.1176576469410178e-09
LSHADE-cnEpSin,BentCigar,50,15,1.2075807695718412e-10
LSHADE-cnEpSin,BentCigar,50,16,6.606927703277131e-10
LSHADE-cnEpSin,BentCigar,50,17,7.913526382075827e-10
LSHADE-cnEpSin,BentCigar,50,18,1.7013438540388622e-09
LSHADE-cnEpSin,BentCigar,50,19,1.6851612959796042e-11
LSHADE-cnEpSin,BentCigar,50,20,1.4193793241375072e-09
LSHADE-cnEpSin,BentCigar,50,21,5.079609629387697e-10
LSHADE-cnEpSin,BentCigar,50,22,2.9716722939733547e-10
LSHADE-cnEpSin,BentCigar,50,23,2.8990871161060996e-10
LSHADE-cnEpSin,BentCigar,50,24,6.51771030175863e-10
LSHADE-cnEpSin,BentCigar,50,25,1.3427472706110933e-10
LSHADE-cnEpSin,BentCigar,50,26,6.204212040926376e-11
LSHADE-cnEpSin,BentCigar,50,27,2.3203910861860447e-10
LSHADE-cnEpSin,BentCigar,50,28,5.183026509751517e-10
LSHADE-cnEpSin,BentCigar,50,29,3.078055363972365e-10
LSHADE-cnEpSin,Composition,50,0,1.6238765904002856e-10
LSHADE-cnEpSin,Composition,50,1,2.4873281251145727e-10
LSHADE-cnEpSin,Composition,50,2,1.5862000617610208e-10
LSHADE-cnEpSin,Composition,50,3,1.8071966166194927e-10
LSHADE-cnEpSin,Composition,50,4,7.456990584054276e-11
LSHADE-cnEpSin,Composition,50,5,3.5448466463016837e-10
LSHADE-cnEpSin,Composition,50,6,2.876741072753469e-10
LSHADE-cnEpSin,Composition,50,7,2.3354496148880627e-10
LSHADE-cnEpSin,Composition,50,8,1.1868039892980708e-10
LSHADE-cnEpSin,Composition,50,9,2.0294010941928984e-10
LSHADE-cnEpSin,Composition,50,10,8.818568102839435e-11
LSHADE-cnEpSin,Composition,50,11,7.096390145327908e-11
LSHADE-cnEpSin,Composition,50,12,1.0257417144469108e-10
LSHADE-cnEpSin,Composition,50,13,4.652656039570636e-11
LSHADE-cnEpSin,Composition,50,14,7.785794235340377e-11
LSHADE-cnEpSin,Composition,50,15,4.0488523747367996e-10
LSHADE-cnEpSin,Composition,50,16,3.5076319703522553e-10
LSHADE-cnEpSin,Composition,50,17,2.121789413649833e-10
LSHADE-cnEpSin,Composition,50,18,5.0706328041354105e-11
LSHADE-cnEpSin,Composition,50,19,1.6050472078646523e-10
LSHADE-cnEpSin,Composition,50,20,1.6464896130120643e-10
LSHADE-cnEpSin,Composition,50,21,2.5891488994720727e-10
LSHADE-cnEpSin,Composition,50,22,1.8473955719869366e-10
LSHADE-cnEpSin,Composition,50,23,5.392470932419159e-10
LSHADE-cnEpSin,Composition,50,24,1.3695378176591068e-10
LSHADE-cnEpSin,Composition,50,25,1.11356479670427e-10
LSHADE-cnEpSin,Composition,50,26,9.920264615925894e-11
LSHADE-cnEpSin,Composition,50,27,5.666331868242414e-10
LSHADE-cnEpSin,Composition,50,28,1.314737209071697e-10
LSHADE-cnEpSin,Composition,50,29,1.6915735496901086e-10
LSHADE-cnEpSin,DynamicSphere,50,0,3.0490794185731334
LSHADE-cnEpSin,DynamicSphere,50,1,3.603049403290049
LSHADE-cnEpSin,DynamicSphere,50,2,2.068534129724677
LSHADE-cnEpSin,DynamicSphere,50,3,3.0546270072452466
LSHADE-cnEpSin,DynamicSphere,50,4,2.7632355578607357
LSHADE-cnEpSin,DynamicSphere,50,5,4.113450851090262
LSHADE-cnEpSin,DynamicSphere,50,6,2.4132333479424064
LSHADE-cnEpSin,DynamicSphere,50,7,3.246805452257385
LSHADE-cnEpSin,DynamicSphere,50,8,2.726815640483649
LSHADE-cnEpSin,DynamicSphere,50,9,3.281548427259556
LSHADE-cnEpSin,DynamicSphere,50,10,3.579633280847449
LSHADE-cnEpSin,DynamicSphere,50,11,3.763483899690989
LSHADE-cnEpSin,DynamicSphere,50,12,3.31454090069802
LSHADE-cnEpSin,DynamicSphere,50,13,2.926958917069514
LSHADE-cnEpSin,DynamicSphere,50,14,2.8892879866219427
LSHADE-cnEpSin,DynamicSphere,50,15,2.6852358271078547
LSHADE-cnEpSin,DynamicSphere,50,16,3.440549358260636
LSHADE-cnEpSin,DynamicSphere,50,17,3.011284404147052
LSHADE-cnEpSin,DynamicSphere,50,18,2.461533701597567
LSHADE-cnEpSin,DynamicSphere,50,19,2.9045119302931006
LSHADE-cnEpSin,DynamicSphere,50,20,2.406709402638219
LSHADE-cnEpSin,DynamicSphere,50,21,2.8879112661242186
LSHADE-cnEpSin,DynamicSphere,50,22,4.341605433363222
LSHADE-cnEpSin,DynamicSphere,50,23,2.6079961417685578
LSHADE-cnEpSin,DynamicSphere,50,24,3.5325413846546345
LSHADE-cnEpSin,DynamicSphere,50,25,3.6054425290991112
LSHADE-cnEpSin,DynamicSphere,50,26,2.3543861657803373
LSHADE-cnEpSin,DynamicSphere,50,27,3.2006351372271604
LSHADE-cnEpSin,DynamicSphere,50,28,2.817692425025763
LSHADE-cnEpSin,DynamicSphere,50,29,2.8381101721085638
LSHADE-cnEpSin,Griewank,50,0,2.220446049250313e-16
LSHADE-cnEpSin,Griewank,50,1,4.440892098500626e-16
LSHADE-cnEpSin,Griewank,50,2,4.440892098500626e-16
LSHADE-cnEpSin,Griewank,50,3,1.1102230246251563e-15
LSHADE-cnEpSin,Griewank,50,4,2.220446049250313e-16
LSHADE-cnEpSin,Griewank,50,5,1.1102230246251563e-16
LSHADE-cnEpSin,Griewank,50,6,2.220446049250313e-16
LSHADE-cnEpSin,Griewank,50,7,5.551115123125784e-16
LSHADE-cnEpSin,Griewank,50,8,1.1102230246251563e-16
LSHADE-cnEpSin,Griewank,50,9,2.220446049250313e-16
LSHADE-cnEpSin,Griewank,50,10,5.551115123125784e-16
LSHADE-cnEpSin,Griewank,50,11,4.440892098500626e-16
LSHADE-cnEpSin,Griewank,50,12,3.3306690738754696e-16
LSHADE-cnEpSin,Griewank,50,13,2.220446049250313e-16
LSHADE-cnEpSin,Griewank,50,14,3.3306690738754696e-16
LSHADE-cnEpSin,Griewank,50,15,5.551115123125784e-16
LSHADE-cnEpSin,Griewank,50,16,2.220446049250313e-16
LSHADE-cnEpSin,Griewank,50,17,0.0
LSHADE-cnEpSin,Griewank,50,18,5.551115123125784e-16
LSHADE-cnEpSin,Griewank,50,19,1.1102230246251563e-15
LSHADE-cnEpSin,Griewank,50,20,0.0
LSHADE-cnEpSin,Griewank,50,21,1.1102230246251563e-16
LSHADE-cnEpSin,Griewank,50,22,0.0
LSHADE-cnEpSin,Griewank,50,23,1.1102230246251563e-15
LSHADE-cnEpSin,Griewank,50,24,2.220446049250313e-16
LSHADE-cnEpSin,Griewank,50,25,5.551115123125784e-16
LSHADE-cnEpSin,Griewank,50,26,2.220446049250313e-16
LSHADE-cnEpSin,Griewank,50,27,3.3306690738754696e-16
LSHADE-cnEpSin,Griewank,50,28,7.771561172376097e-16
LSHADE-cnEpSin,Griewank,50,29,6.661338147750939e-16
LSHADE-cnEpSin,Levy,50,0,4.587644126365925e-21
LSHADE-cnEpSin,Levy,50,1,3.4809212820958247e-20
LSHADE-cnEpSin,Levy,50,2,9.11117754437972e-21
LSHADE-cnEpSin,Levy,50,3,4.6507507474402393e-20
LSHADE-cnEpSin,Levy,50,4,2.0530693927397754e-20
LSHADE-cnEpSin,Levy,50,5,4.840926118442307e-20
LSHADE-cnEpSin,Levy,50,6,8.059702580118051e-20
LSHADE-cnEpSin,Levy,50,7,9.511108342505906e-21
LSHADE-cnEpSin,Levy,50,8,1.7170236174159708e-21
LSHADE-cnEpSin,Levy,50,9,4.719976354751769e-20
LSHADE-cnEpSin,Levy,50,10,1.2008546988967691e-20
LSHADE-cnEpSin,Levy,50,11,1.0692664901697512e-20
LSHADE-cnEpSin,Levy,50,12,8.791026344407796e-21
LSHADE-cnEpSin,Levy,50,13,1.1160372461763663e-20
LSHADE-cnEpSin,Levy,50,14,8.395648502767753e-21
LSHADE-cnEpSin,Levy,50,15,6.885891074377413e-20
LSHADE-cnEpSin,Levy,50,16,1.785258021167062e-20
LSHADE-cnEpSin,Levy,50,17,7.653687233998209e-21
LSHADE-cnEpSin,Levy,50,18,1.0317469208946872e-20
LSHADE-cnEpSin,Levy,50,19,1.9539147371908252e-20
LSHADE-cnEpSin,Levy,50,20,6.22275292371013e-20
LSHADE-cnEpSin,Levy,50,21,2.0031814200748255e-20
LSHADE-cnEpSin,Levy,50,22,9.076719479928632e-20
LSHADE-cnEpSin,Levy,50,23,1.0040755218908688e-20
LSHADE-cnEpSin,Levy,50,24,5.416189909704378e-20
LSHADE-cnEpSin,Levy,50,25,8.840064365036923e-21
LSHADE-cnEpSin,Levy,50,26,7.238877127043347e-21
LSHADE-cnEpSin,Levy,50,27,3.498755523000872e-20
LSHADE-cnEpSin,Levy,50,28,1.2112939385314356e-20
LSHADE-cnEpSin,Levy,50,29,8.491565869195607e-21
LSHADE-cnEpSin,NoisyRastrigin,50,0,26.953293790833538
LSHADE-cnEpSin,NoisyRastrigin,50,1,21.83514778074529
LSHADE-cnEpSin,NoisyRastrigin,50,2,18.542921088621405
LSHADE-cnEpSin,NoisyRastrigin,50,3,16.00810550042112
LSHADE-cnEpSin,NoisyRastrigin,50,4,19.698116127579944
LSHADE-cnEpSin,NoisyRastrigin,50,5,22.07979538806338
LSHADE-cnEpSin,NoisyRastrigin,50,6,22.951567934455
LSHADE-cnEpSin,NoisyRastrigin,50,7,23.898657093005
LSHADE-cnEpSin,NoisyRastrigin,50,8,24.73730763523248
LSHADE-cnEpSin,NoisyRastrigin,50,9,19.112447759470317
LSHADE-cnEpSin,NoisyRastrigin,50,10,29.56125746273489
LSHADE-cnEpSin,NoisyRastrigin,50,11,17.540994964643616
LSHADE-cnEpSin,NoisyRastrigin,50,12,25.439135570036285
LSHADE-cnEpSin,NoisyRastrigin,50,13,28.1934733869094
LSHADE-cnEpSin,NoisyRastrigin,50,14,28.405940789137343
LSHADE-cnEpSin,NoisyRastrigin,50,15,17.056139450329262
LSHADE-cnEpSin,NoisyRastrigin,50,16,28.985432980826232
LSHADE-cnEpSin,NoisyRastrigin,50,17,21.736438446762925
LSHADE-cnEpSin,NoisyRastrigin,50,18,27.24230923521065
LSHADE-cnEpSin,NoisyRastrigin,50,19,24.67914034628799
LSHADE-cnEpSin,NoisyRastrigin,50,20,14.288568736124423
LSHADE-cnEpSin,NoisyRastrigin,50,21,23.6525074406064
LSHADE-cnEpSin,NoisyRastrigin,50,22,23.249818891925077
LSHADE-cnEpSin,NoisyRastrigin,50,23,20.95821853124218
LSHADE-cnEpSin,NoisyRastrigin,50,24,28.63687534437961
LSHADE-cnEpSin,NoisyRastrigin,50,25,25.211491586488307
LSHADE-cnEpSin,NoisyRastrigin,50,26,25.940174453457946
LSHADE-cnEpSin,NoisyRastrigin,50,27,21.05342712914115
LSHADE-cnEpSin,NoisyRastrigin,50,28,24.26002230044485
LSHADE-cnEpSin,NoisyRastrigin,50,29,19.917118868329005
LSHADE-cnEpSin,NoisySphere,50,0,0.0201007824603529
LSHADE-cnEpSin,NoisySphere,50,1,0.0205911136390868
LSHADE-cnEpSin,NoisySphere,50,2,0.0131975510174615
LSHADE-cnEpSin,NoisySphere,50,3,0.0135818350000453
LSHADE-cnEpSin,NoisySphere,50,4,0.0145732240920748
LSHADE-cnEpSin,NoisySphere,50,5,0.0174870102195216
LSHADE-cnEpSin,NoisySphere,50,6,0.0129015684062706
LSHADE-cnEpSin,NoisySphere,50,7,0.0170195592056875
LSHADE-cnEpSin,NoisySphere,50,8,0.0158452722954648
LSHADE-cnEpSin,NoisySphere,50,9,0.0158189788587189
LSHADE-cnEpSin,NoisySphere,50,10,0.021159553556958
LSHADE-cnEpSin,NoisySphere,50,11,0.0113089219525202
LSHADE-cnEpSin,NoisySphere,50,12,0.0205142830151626
LSHADE-cnEpSin,NoisySphere,50,13,0.010162394391237
LSHADE-cnEpSin,NoisySphere,50,14,0.0219267276280302
LSHADE-cnEpSin,NoisySphere,50,15,0.0152760437658771
LSHADE-cnEpSin,NoisySphere,50,16,0.0129854863666603
LSHADE-cnEpSin,NoisySphere,50,17,0.0164949669604021
LSHADE-cnEpSin,NoisySphere,50,18,0.0289981743192912
LSHADE-cnEpSin,NoisySphere,50,19,0.016448679180856
LSHADE-cnEpSin,NoisySphere,50,20,0.0139836620482588
LSHADE-cnEpSin,NoisySphere,50,21,0.0227781979549228
LSHADE-cnEpSin,NoisySphere,50,22,0.0147297345467052
LSHADE-cnEpSin,NoisySphere,50,23,0.0142457914775242
LSHADE-cnEpSin,NoisySphere,50,24,0.014876170565514
LSHADE-cnEpSin,NoisySphere,50,25,0.0180687594405165
LSHADE-cnEpSin,NoisySphere,50,26,0.0200530702156418
LSHADE-cnEpSin,NoisySphere,50,27,0.0200568074323348
LSHADE-cnEpSin,NoisySphere,50,28,0.0167704654113112
LSHADE-cnEpSin,NoisySphere,50,29,0.0188154983137537
LSHADE-cnEpSin,Rosenbrock,50,0,36.46589528234504
LSHADE-cnEpSin,Rosenbrock,50,1,36.07135031547039
LSHADE-cnEpSin,Rosenbrock,50,2,35.85408091049673
LSHADE-cnEpSin,Rosenbrock,50,3,35.80486865854717
LSHADE-cnEpSin,Rosenbrock,50,4,36.18075440841745
LSHADE-cnEpSin,Rosenbrock,50,5,36.36173107387541
LSHADE-cnEpSin,Rosenbrock,50,6,36.14542270003003
LSHADE-cnEpSin,Rosenbrock,50,7,36.70735171975211
LSHADE-cnEpSin,Rosenbrock,50,8,35.234017564857766
LSHADE-cnEpSin,Rosenbrock,50,9,36.974852071677205
LSHADE-cnEpSin,Rosenbrock,50,10,35.214481743260194
LSHADE-cnEpSin,Rosenbrock,50,11,35.49317391324136
LSHADE-cnEpSin,Rosenbrock,50,12,37.18532375048432
LSHADE-cnEpSin,Rosenbrock,50,13,35.281359790126814
LSHADE-cnEpSin,Rosenbrock,50,14,36.54617218771156
LSHADE-cnEpSin,Rosenbrock,50,15,36.36539900783991
LSHADE-cnEpSin,Rosenbrock,50,16,37.02289744861127
LSHADE-cnEpSin,Rosenbrock,50,17,34.58266242135248
LSHADE-cnEpSin,Rosenbrock,50,18,37.03078860553133
LSHADE-cnEpSin,Rosenbrock,50,19,33.76422916386182
LSHADE-cnEpSin,Rosenbrock,50,20,36.417849218271606
LSHADE-cnEpSin,Rosenbrock,50,21,35.51562066118558
LSHADE-cnEpSin,Rosenbrock,50,22,35.515310697276725
LSHADE-cnEpSin,Rosenbrock,50,23,35.885122108307755
LSHADE-cnEpSin,Rosenbrock,50,24,36.953232348846846
LSHADE-cnEpSin,Rosenbrock,50,25,35.44994730480411
LSHADE-cnEpSin,Rosenbrock,50,26,36.21776035082604
LSHADE-cnEpSin,Rosenbrock,50,27,37.07635990688903
LSHADE-cnEpSin,Rosenbrock,50,28,35.67221045015608
LSHADE-cnEpSin,Rosenbrock,50,29,35.403862124845524
LSHADE-cnEpSin,RotatedElliptic,50,0,10931.600266614803
LSHADE-cnEpSin,RotatedElliptic,50,1,3291.4598872264246
LSHADE-cnEpSin,RotatedElliptic,50,2,8660.458677917333
LSHADE-cnEpSin,RotatedElliptic,50,3,19280.0058193034
LSHADE-cnEpSin,RotatedElliptic,50,4,9907.668724411264
LSHADE-cnEpSin,RotatedElliptic,50,5,28331.41853128726
LSHADE-cnEpSin,RotatedElliptic,50,6,21619.496172160256
LSHADE-cnEpSin,RotatedElliptic,50,7,16850.984807383025
LSHADE-cnEpSin,RotatedElliptic,50,8,22778.31213172528
LSHADE-cnEpSin,RotatedElliptic,50,9,6477.199386463779
LSHADE-cnEpSin,RotatedElliptic,50,10,10656.67868380564
LSHADE-cnEpSin,RotatedElliptic,50,11,4545.389184648444
LSHADE-cnEpSin,RotatedElliptic,50,12,4959.465240772124
LSHADE-cnEpSin,RotatedElliptic,50,13,9368.45812745653
LSHADE-cnEpSin,RotatedElliptic,50,14,7996.9449022117615
LSHADE-cnEpSin,RotatedElliptic,50,15,16041.512348545122
LSHADE-cnEpSin,RotatedElliptic,50,16,4469.712329639082
LSHADE-cnEpSin,RotatedElliptic,50,17,17508.600411590298
LSHADE-cnEpSin,RotatedElliptic,50,18,7334.854729036545
LSHADE-cnEpSin,RotatedElliptic,50,19,3427.167465578733
LSHADE-cnEpSin,RotatedElliptic,50,20,7544.399933710306
LSHADE-cnEpSin,RotatedElliptic,50,21,14657.987576220534
LSHADE-cnEpSin,RotatedElliptic,50,22,65681.54086931319
LSHADE-cnEpSin,RotatedElliptic,50,23,1302.765966437924
LSHADE-cnEpSin,RotatedElliptic,50,24,21811.695577806822
LSHADE-cnEpSin,RotatedElliptic,50,25,13427.87974399854
LSHADE-cnEpSin,RotatedElliptic,50,26,14921.17126134826
LSHADE-cnEpSin,RotatedElliptic,50,27,9003.191141425965
LSHADE-cnEpSin,RotatedElliptic,50,28,7543.841955739873
LSHADE-cnEpSin,RotatedElliptic,50,29,10645.109957113156
LSHADE-cnEpSin,Schwefel,50,0,1178.3394649051515
LSHADE-cnEpSin,Schwefel,50,1,982.6641090712692
LSHADE-cnEpSin,Schwefel,50,2,1294.8722378190396
LSHADE-cnEpSin,Schwefel,50,3,1002.571697716896
LSHADE-cnEpSin,Schwefel,50,4,1468.3875244173869
LSHADE-cnEpSin,Schwefel,50,5,1126.746717709113
LSHADE-cnEpSin,Schwefel,50,6,860.3619419429415
LSHADE-cnEpSin,Schwefel,50,7,1015.1826766011692
LSHADE-cnEpSin,Schwefel,50,8,1433.0523605932976
LSHADE-cnEpSin,Schwefel,50,9,1148.7953756521674
LSHADE-cnEpSin,Schwefel,50,10,1046.450164998496
LSHADE-cnEpSin,Schwefel,50,11,1211.6311582014969
LSHADE-cnEpSin,Schwefel,50,12,1439.894797480698
LSHADE-cnEpSin,Schwefel,50,13,917.644220390197
LSHADE-cnEpSin,Schwefel,50,14,955.1928009952062
LSHADE-cnEpSin,Schwefel,50,15,1735.276946128768
LSHADE-cnEpSin,Schwefel,50,16,1080.6091481440308
LSHADE-cnEpSin,Schwefel,50,17,1254.1518198287083
LSHADE-cnEpSin,Schwefel,50,18,1238.772295220551
LSHADE-cnEpSin,Schwefel,50,19,863.474882438546
LSHADE-cnEpSin,Schwefel,50,20,994.9982604256112
LSHADE-cnEpSin,Schwefel,50,21,1309.877085504675
LSHADE-cnEpSin,Schwefel,50,22,812.3900203779376
LSHADE-cnEpSin,Schwefel,50,23,1235.5736614747948
LSHADE-cnEpSin,Schwefel,50,24,1360.7452449953344
LSHADE-cnEpSin,Schwefel,50,25,1210.4346863647515
LSHADE-cnEpSin,Schwefel,50,26,1623.9250378477263
LSHADE-cnEpSin,Schwefel,50,27,1017.205392531585
LSHADE-cnEpSin,Schwefel,50,28,791.376324515968
LSHADE-cnEpSin,Schwefel,50,29,1355.1853310623155
LSHADE-cnEpSin,Zakharov,50,0,6.562737807228536e-08
LSHADE-cnEpSin,Zakharov,50,1,1.5135151996507466e-07
LSHADE-cnEpSin,Zakharov,50,2,1.1527165711013687e-06
LSHADE-cnEpSin,Zakharov,50,3,2.0279828586219522e-07
LSHADE-cnEpSin,Zakharov,50,4,4.1952255390283403e-07
LSHADE-cnEpSin,Zakharov,50,5,5.944552113506935e-07
LSHADE-cnEpSin,Zakharov,50,6,2.861362489454433e-07
LSHADE-cnEpSin,Zakharov,50,7,3.0623159391870577e-07
LSHADE-cnEpSin,Zakharov,50,8,8.662518909615301e-07
LSHADE-cnEpSin,Zakharov,50,9,1.0134845339616137e-06
LSHADE-cnEpSin,Zakharov,50,10,6.153491449986328e-08
LSHADE-cnEpSin,Zakharov,50,11,1.766681491286919e-07
LSHADE-cnEpSin,Zakharov,50,12,2.96371182979686e-07
LSHADE-cnEpSin,Zakharov,50,13,1.5613043269253365e-07
LSHADE-cnEpSin,Zakharov,50,14,3.714300133062432e-07
LSHADE-cnEpSin,Zakharov,50,15,5.233391352837316e-07
LSHADE-cnEpSin,Zakharov,50,16,5.746838723726276e-07
LSHADE-cnEpSin,Zakharov,50,17,1.5959881967957225e-06
LSHADE-cnEpSin,Zakharov,50,18,6.929416141622896e-08
LSHADE-cnEpSin,Zakharov,50,19,9.93051279126413e-08
LSHADE-cnEpSin,Zakharov,50,20,2.584645167592383e-07
LSHADE-cnEpSin,Zakharov,50,21,4.431842160262554e-07
LSHADE-cnEpSin,Zakharov,50,22,7.445171828633583e-08
LSHADE-cnEpSin,Zakharov,50,23,3.18171996170109e-07
LSHADE-cnEpSin,Zakharov,50,24,1.1826374404846955e-06
LSHADE-cnEpSin,Zakharov,50,25,7.474869570333507e-07
LSHADE-cnEpSin,Zakharov,50,26,3.291185826250852e-07
LSHADE-cnEpSin,Zakharov,50,27,3.420043529031171e-07
LSHADE-cnEpSin,Zakharov,50,28,9.73555043119401e-07
LSHADE-cnEpSin,Zakharov,50,29,2.0579005944287533e-06
SHADE,Ackley,50,0,1.4654943925052066e-14
SHADE,Ackley,50,1,1.4654943925052066e-14
SHADE,Ackley,50,2,1.4654943925052066e-14
SHADE,Ackley,50,3,7.549516567451064e-15
SHADE,Ackley,50,4,1.4654943925052066e-14
SHADE,Ackley,50,5,1.4654943925052066e-14
SHADE,Ackley,50,6,1.4654943925052066e-14
SHADE,Ackley,50,7,1.4654943925052066e-14
SHADE,Ackley,50,8,7.549516567451064e-15
SHADE,Ackley,50,9,1.4654943925052066e-14
SHADE,Ackley,50,10,1.4654943925052066e-14
SHADE,Ackley,50,11,1.4654943925052066e-14
SHADE,Ackley,50,12,1.4654943925052066e-14
SHADE,Ackley,50,13,1.4654943925052066e-14
SHADE,Ackley,50,14,7.549516567451064e-15
SHADE,Ackley,50,15,1.4654943925052066e-14
SHADE,Ackley,50,16,7.549516567451064e-15
SHADE,Ackley,50,17,1.4654943925052066e-14
SHADE,Ackley,50,18,1.4654943925052066e-14
SHADE,Ackley,50,19,1.4654943925052066e-14
SHADE,Ackley,50,20,1.4654943925052066e-14
SHADE,Ackley,50,21,1.4654943925052066e-14
SHADE,Ackley,50,22,1.4654943925052066e-14
SHADE,Ackley,50,23,7.549516567451064e-15
SHADE,Ackley,50,24,2.1760371282653068e-14
SHADE,Ackley,50,25,1.4654943925052066e-14
SHADE,Ackley,50,26,1.4654943925052066e-14
SHADE,Ackley,50,27,1.4654943925052066e-14
SHADE,Ackley,50,28,1.4654943925052066e-14
SHADE,Ackley,50,29,1.4654943925052066e-14
SHADE,BentCigar,50,0,0.0
SHADE,BentCigar,50,1,0.0
SHADE,BentCigar,50,2,0.0
SHADE,BentCigar,50,3,0.0
SHADE,BentCigar,50,4,0.0
SHADE,BentCigar,50,5,0.0
SHADE,BentCigar,50,6,0.0
SHADE,BentCigar,50,7,0.0
SHADE,BentCigar,50,8,0.0
SHADE,BentCigar,50,9,0.0
SHADE,BentCigar,50,10,0.0
SHADE,BentCigar,50,11,0.0
SHADE,BentCigar,50,12,0.0
SHADE,BentCigar,50,13,0.0
SHADE,BentCigar,50,14,0.0
SHADE,BentCigar,50,15,0.0
SHADE,BentCigar,50,16,0.0
SHADE,BentCigar,50,17,0.0
SHADE,BentCigar,50,18,0.0
SHADE,BentCigar,50,19,0.0
SHADE,BentCigar,50,20,0.0
SHADE,BentCigar,50,21,0.0
SHADE,BentCigar,50,22,0.0
SHADE,BentCigar,50,23,0.0
SHADE,BentCigar,50,24,0.0
SHADE,BentCigar,50,25,0.0
SHADE,BentCigar,50,26,0.0
SHADE,BentCigar,50,27,0.0
SHADE,BentCigar,50,28,0.0
SHADE,BentCigar,50,29,0.0
SHADE,Composition,50,0,2.220446049250313e-16
SHADE,Composition,50,1,2.220446049250313e-16
SHADE,Composition,50,2,2.220446049250313e-16
SHADE,Composition,50,3,2.220446049250313e-16
SHADE,Composition,50,4,2.220446049250313e-16
SHADE,Composition,50,5,2.220446049250313e-16
SHADE,Composition,50,6,2.220446049250313e-16
SHADE,Composition,50,7,2.220446049250313e-16
SHADE,Composition,50,8,2.220446049250313e-16
SHADE,Composition,50,9,2.220446049250313e-16
SHADE,Composition,50,10,2.220446049250313e-16
SHADE,Composition,50,11,2.220446049250313e-16
SHADE,Composition,50,12,2.220446049250313e-16
SHADE,Composition,50,13,2.220446049250313e-16
SHADE,Composition,50,14,2.220446049250313e-16
SHADE,Composition,50,15,2.220446049250313e-16
SHADE,Composition,50,16,2.220446049250313e-16
SHADE,Composition,50,17,2.220446049250313e-16
SHADE,Composition,50,18,2.220446049250313e-16
SHADE,Composition,50,19,2.220446049250313e-16
SHADE,Composition,50,20,2.220446049250313e-16
SHADE,Composition,50,21,2.220446049250313e-16
SHADE,Composition,50,22,2.220446049250313e-16
SHADE,Composition,50,23,2.220446049250313e-16
SHADE,Composition,50,24,2.220446049250313e-16
SHADE,Composition,50,25,2.220446049250313e-16
SHADE,Composition,50,26,2.220446049250313e-16
SHADE,Composition,50,27,2.220446049250313e-16
SHADE,Composition,50,28,2.220446049250313e-16
SHADE,Composition,50,29,2.220446049250313e-16
SHADE,DynamicSphere,50,0,2.726190078761732
SHADE,DynamicSphere,50,1,2.634965222634624
SHADE,DynamicSphere,50,2,1.1249174727653468
SHADE,DynamicSphere,50,3,2.2206218055769025
SHADE,DynamicSphere,50,4,1.402707460095031
SHADE,DynamicSphere,50,5,1.1483860372115011
SHADE,DynamicSphere,50,6,0.7989957380432807
SHADE,DynamicSphere,50,7,1.7374278615350949
SHADE,DynamicSphere,50,8,2.2565882488893387
SHADE,DynamicSphere,50,9,2.1523023651593727
SHADE,DynamicSphere,50,10,2.224178417932301
SHADE,DynamicSphere,50,11,1.963363039616855
SHADE,DynamicSphere,50,12,2.540597906690714
SHADE,DynamicSphere,50,13,3.231056195081606
SHADE,DynamicSphere,50,14,0.902674465499569
SHADE,DynamicSphere,50,15,1.7056162674428177
SHADE,DynamicSphere,50,16,2.022635180242901
SHADE,DynamicSphere,50,17,2.22957262585123
SHADE,DynamicSphere,50,18,2.0124709105977283
SHADE,DynamicSphere,50,19,2.200469328425979
SHADE,DynamicSphere,50,20,1.519142051023005
SHADE,DynamicSphere,50,21,2.0723765280143414
SHADE,DynamicSphere,50,22,0.974913291293428
SHADE,DynamicSphere,50,23,2.0748414876497376
SHADE,DynamicSphere,50,24,1.3195415812760598
SHADE,DynamicSphere,50,25,2.041193826888536
SHADE,DynamicSphere,50,26,2.4130868152026235
SHADE,DynamicSphere,50,27,2.6462316955655143
SHADE,DynamicSphere,50,28,2.091014018839249
SHADE,DynamicSphere,50,29,1.2532360094996084
SHADE,Griewank,50,0,0.0
SHADE,Griewank,50,1,0.0
SHADE,Griewank,50,2,0.0
SHADE,Griewank,50,3,0.007396040334115
SHADE,Griewank,50,4,0.0
SHADE,Griewank,50,5,0.0
SHADE,Griewank,50,6,0.0
SHADE,Griewank,50,7,0.0
SHADE,Griewank,50,8,0.0
SHADE,Griewank,50,9,0.0
SHADE,Griewank,50,10,0.0
SHADE,Griewank,50,11,0.0
SHADE,Griewank,50,12,0.0
SHADE,Griewank,50,13,0.0
SHADE,Griewank,50,14,0.0
SHADE,Griewank,50,15,0.0
SHADE,Griewank,50,16,0.0
SHADE,Griewank,50,17,0.0
SHADE,Griewank,50,18,0.0
SHADE,Griewank,50,19,0.0
SHADE,Griewank,50,20,0.0
SHADE,Griewank,50,21,0.0
SHADE,Griewank,50,22,0.0
SHADE,Griewank,50,23,0.0
SHADE,Griewank,50,24,0.0
SHADE,Griewank,50,25,0.0
SHADE,Griewank,50,26,0.0
SHADE,Griewank,50,27,0.0
SHADE,Griewank,50,28,0.0
SHADE,Griewank,50,29,0.0
SHADE,Levy,50,0,0.4543240185907736
SHADE,Levy,50,1,0.5438522690072146
SHADE,Levy,50,2,1.4997597826618576e-32
SHADE,Levy,50,3,1.4997597826618576e-32
SHADE,Levy,50,4,0.0895282504164409
SHADE,Levy,50,5,1.4997597826618576e-32
SHADE,Levy,50,6,0.0895282504164409
SHADE,Levy,50,7,0.0895282504164409
SHADE,Levy,50,8,1.4997597826618576e-32
SHADE,Levy,50,9,1.4997597826618576e-32
SHADE,Levy,50,10,1.4997597826618576e-32
SHADE,Levy,50,11,1.4997597826618576e-32
SHADE,Levy,50,12,0.0895282504164409
SHADE,Levy,50,13,0.0895282504164409
SHADE,Levy,50,14,0.4543240185907737
SHADE,Levy,50,15,1.4997597826618576e-32
SHADE,Levy,50,16,1.4997597826618576e-32
SHADE,Levy,50,17,0.0895282504164409
SHADE,Levy,50,18,1.4997597826618576e-32
SHADE,Levy,50,19,1.4997597826618576e-32
SHADE,Levy,50,20,1.4997597826618576e-32
SHADE,Levy,50,21,1.4997597826618576e-32
SHADE,Levy,50,22,0.0895282504164409
SHADE,Levy,50,23,1.4997597826618576e-32
SHADE,Levy,50,24,4.134085529668231e-31
SHADE,Levy,50,25,0.0895282504164409
SHADE,Levy,50,26,1.4997597826618576e-32
SHADE,Levy,50,27,1.4997597826618576e-32
SHADE,Levy,50,28,0.0895282504164409
SHADE,Levy,50,29,1.4997597826618576e-32
SHADE,NoisyRastrigin,50,0,15.995215315613454
SHADE,NoisyRastrigin,50,1,8.848223085233947
SHADE,NoisyRastrigin,50,2,16.027444098555478
SHADE,NoisyRastrigin,50,3,14.919505429513652
SHADE,NoisyRastrigin,50,4,13.069995791254415
SHADE,NoisyRastrigin,50,5,12.041613562796542
SHADE,NoisyRastrigin,50,6,6.831759624864542
SHADE,NoisyRastrigin,50,7,7.191435284646113
SHADE,NoisyRastrigin,50,8,10.03051857128134
SHADE,NoisyRastrigin,50,9,9.79751683119871
SHADE,NoisyRastrigin,50,10,8.155172518639045
SHADE,NoisyRastrigin,50,11,12.569017084047085
SHADE,NoisyRastrigin,50,12,12.898058103355982
SHADE,NoisyRastrigin,50,13,8.831154192929219
SHADE,NoisyRastrigin,50,14,13.70810410286492
SHADE,NoisyRastrigin,50,15,12.165999049268729
SHADE,NoisyRastrigin,50,16,12.085233588161708
SHADE,NoisyRastrigin,50,17,12.252101032313965
SHADE,NoisyRastrigin,50,18,15.258702280793347
SHADE,NoisyRastrigin,50,19,9.72465217150678
SHADE,NoisyRastrigin,50,20,16.062152524943595
SHADE,NoisyRastrigin,50,21,9.86594555735624
SHADE,NoisyRastrigin,50,22,16.035929400642544
SHADE,NoisyRastrigin,50,23,11.488742012174145
SHADE,NoisyRastrigin,50,24,12.8486972234561
SHADE,NoisyRastrigin,50,25,10.871486598738596
SHADE,NoisyRastrigin,50,26,13.559960333933615
SHADE,NoisyRastrigin,50,27,10.926110177973156
SHADE,NoisyRastrigin,50,28,14.380175129213166
SHADE,NoisyRastrigin,50,29,13.110776581678142
SHADE,NoisySphere,50,0,0.0179050791415321
SHADE,NoisySphere,50,1,0.0080945031020845
SHADE,NoisySphere,50,2,0.0153253899956142
SHADE,NoisySphere,50,3,0.0120916240760822
SHADE,NoisySphere,50,4,0.0183354541031312
SHADE,NoisySphere,50,5,0.0205994351419756
SHADE,NoisySphere,50,6,0.0117099622810924
SHADE,NoisySphere,50,7,0.013407249863388
SHADE,NoisySphere,50,8,0.008837987882567
SHADE,NoisySphere,50,9,0.0133990994081604
SHADE,NoisySphere,50,10,0.0168648548313585
SHADE,NoisySphere,50,11,0.0124243181057736
SHADE,NoisySphere,50,12,0.0261796118447253
SHADE,NoisySphere,50,13,0.0186138069355219
SHADE,NoisySphere,50,14,0.0201892447328351
SHADE,NoisySphere,50,15,0.0098851966968741
SHADE,NoisySphere,50,16,0.0175737198789557
SHADE,NoisySphere,50,17,0.018628947969127
SHADE,NoisySphere,50,18,0.012508809110579
SHADE,NoisySphere,50,19,0.0117928399285852
SHADE,NoisySphere,50,20,0.0141625242937472
SHADE,NoisySphere,50,21,0.0111703329126739
SHADE,NoisySphere,50,22,0.0144126896821186
SHADE,NoisySphere,50,23,0.013810803357306
SHADE,NoisySphere,50,24,0.0134265816544056
SHADE,NoisySphere,50,25,0.0101092435351391
SHADE,NoisySphere,50,26,0.0141973753616611
SHADE,NoisySphere,50,27,0.0176143771667182
SHADE,NoisySphere,50,28,0.0131071430350337
SHADE,NoisySphere,50,29,0.0157120023046958
SHADE,Rosenbrock,50,0,11.58494477826635
SHADE,Rosenbrock,50,1,68.83119466392904
SHADE,Rosenbrock,50,2,8.75855823200409
SHADE,Rosenbrock,50,3,13.252757752694986
SHADE,Rosenbrock,50,4,9.96153130063144
SHADE,Rosenbrock,50,5,11.60519648073372
SHADE,Rosenbrock,50,6,17.240957070255096
SHADE,Rosenbrock,50,7,24.088976714855324
SHADE,Rosenbrock,50,8,11.06888226682724
SHADE,Rosenbrock,50,9,11.8843720069189
SHADE,Rosenbrock,50,10,13.804731636143549
SHADE,Rosenbrock,50,11,16.070204281597093
SHADE,Rosenbrock,50,12,13.032750780809598
SHADE,Rosenbrock,50,13,4.701566133094152
SHADE,Rosenbrock,50,14,14.706796268247547
SHADE,Rosenbrock,50,15,10.720507641702854
SHADE,Rosenbrock,50,16,14.750637587738046
SHADE,Rosenbrock,50,17,13.278979390154234
SHADE,Rosenbrock,50,18,8.55427995950795
SHADE,Rosenbrock,50,19,8.574833276727292
SHADE,Rosenbrock,50,20,9.654475677391703
SHADE,Rosenbrock,50,21,8.533277386587836
SHADE,Rosenbrock,50,22,9.135805038430078
SHADE,Rosenbrock,50,23,11.000200559260438
SHADE,Rosenbrock,50,24,11.128698145885917
SHADE,Rosenbrock,50,25,11.546872515828223
SHADE,Rosenbrock,50,26,7.391219891825082
SHADE,Rosenbrock,50,27,11.864529926453494
SHADE,Rosenbrock,50,28,10.957331825523662
SHADE,Rosenbrock,50,29,8.7307665614832
SHADE,RotatedElliptic,50,0,345846.483369952
SHADE,RotatedElliptic,50,1,90778.83281038298
SHADE,RotatedElliptic,50,2,239681.6484631969
SHADE,RotatedElliptic,50,3,244283.3535201248
SHADE,RotatedElliptic,50,4,160090.92387100484
SHADE,RotatedElliptic,50,5,215220.4849492969
SHADE,RotatedElliptic,50,6,325158.04201573343
SHADE,RotatedElliptic,50,7,142404.04767234085
SHADE,RotatedElliptic,50,8,224603.6657583496
SHADE,RotatedElliptic,50,9,460567.51816064393
SHADE,RotatedElliptic,50,10,201567.06649907865
SHADE,RotatedElliptic,50,11,326845.3957243927
SHADE,RotatedElliptic,50,12,248265.38695857147
SHADE,RotatedElliptic,50,13,98127.24658835743
SHADE,RotatedElliptic,50,14,329250.36295353586
SHADE,RotatedElliptic,50,15,202045.4570998212
SHADE,RotatedElliptic,50,16,150296.05372324304
SHADE,RotatedElliptic,50,17,157159.85096086175
SHADE,RotatedElliptic,50,18,406272.2871727041
SHADE,RotatedElliptic,50,19,436501.2898990786
SHADE,RotatedElliptic,50,20,430957.9066319448
SHADE,RotatedElliptic,50,21,186513.1215530437
SHADE,RotatedElliptic,50,22,219687.41657568197
SHADE,RotatedElliptic,50,23,136192.61101481656
SHADE,RotatedElliptic,50,24,191633.46983295568
SHADE,RotatedElliptic,50,25,258630.3381907745
SHADE,RotatedElliptic,50,26,128421.17098371746
SHADE,RotatedElliptic,50,27,201152.68231931457
SHADE,RotatedElliptic,50,28,155867.1531573175
SHADE,RotatedElliptic,50,29,292897.77051734494
SHADE,Schwefel,50,0,118.49144120014898
SHADE,Schwefel,50,1,0.3844714380938967
SHADE,Schwefel,50,2,0.0056034722911135
SHADE,Schwefel,50,3,118.44019148312871
SHADE,Schwefel,50,4,0.0009358099778182
SHADE,Schwefel,50,5,4.846597019044566
SHADE,Schwefel,50,6,0.0082285211537964
SHADE,Schwefel,50,7,118.60629080685976
SHADE,Schwefel,50,8,118.446934286545
SHADE,Schwefel,50,9,0.0062833890297042
SHADE,Schwefel,50,10,0.051744808370131
SHADE,Schwefel,50,11,0.0191373714733344
SHADE,Schwefel,50,12,0.0060536117962328
SHADE,Schwefel,50,13,118.48651288282052
SHADE,Schwefel,50,14,0.0023225252516567
SHADE,Schwefel,50,15,118.64568815934764
SHADE,Schwefel,50,16,0.2262308584868151
SHADE,Schwefel,50,17,0.0032949456544884
SHADE,Schwefel,50,18,118.52748476459236
SHADE,Schwefel,50,19,0.2744293728428602
SHADE,Schwefel,50,20,118.65165970490123
SHADE,Schwefel,50,21,118.43902528824036
SHADE,Schwefel,50,22,0.1562771929602604
SHADE,Schwefel,50,23,0.0667007000702142
SHADE,Schwefel,50,24,118.51785562683654
SHADE,Schwefel,50,25,0.3079520259670971
SHADE,Schwefel,50,26,237.02604436255208
SHADE,Schwefel,50,27,0.885435893858812
SHADE,Schwefel,50,28,3.465359790905495
SHADE,Schwefel,50,29,0.0019949317356804
SHADE,Zakharov,50,0,4.356073164652635e-07
SHADE,Zakharov,50,1,3.198166533027991e-07
SHADE,Zakharov,50,2,2.708479589446673e-07
SHADE,Zakharov,50,3,5.566920813227174e-07
SHADE,Zakharov,50,4,7.509663872303084e-07
SHADE,Zakharov,50,5,3.2935629267683065e-07
SHADE,Zakharov,50,6,3.471498369752921e-07
SHADE,Zakharov,50,7,2.668128947050688e-06
SHADE,Zakharov,50,8,5.492437611915397e-08
SHADE,Zakharov,50,9,1.6093838808639994e-07
SHADE,Zakharov,50,10,2.40855836669389e-06
SHADE,Zakharov,50,11,1.5118208529644848e-06
SHADE,Zakharov,50,12,4.738256819854446e-06
SHADE,Zakharov,50,13,2.772636545796938e-07
SHADE,Zakharov,50,14,1.304454443474174e-06
SHADE,Zakharov,50,15,1.926893771076956e-06
SHADE,Zakharov,50,16,3.211003183599086e-07
SHADE,Zakharov,50,17,2.092587652765785e-07
SHADE,Zakharov,50,18,6.844474204273241e-07
SHADE,Zakharov,50,19,1.7715902707358114e-06
SHADE,Zakharov,50,20,4.545414092960304e-07
SHADE,Zakharov,50,21,6.400152400456801e-07
SHADE,Zakharov,50,22,1.3933640564465344e-05
SHADE,Zakharov,50,23,2.366189833922154e-06
SHADE,Zakharov,50,24,3.626245580128994e-07
SHADE,Zakharov,50,25,4.906869595376649e-06
SHADE,Zakharov,50,26,1.967821956318131e-07
SHADE,Zakharov,50,27,3.468950456942335e-07
SHADE,Zakharov,50,28,4.790172943182061e-07
SHADE,Zakharov,50,29,1.504783283229786e-06
CMA-ES,Ackley,50,0,7.089370550659295
CMA-ES,Ackley,50,1,6.04178649743838
CMA-ES,Ackley,50,2,12.153276078754637
CMA-ES,Ackley,50,3,8.066208678011588
CMA-ES,Ackley,50,4,1.1102230246251564e-14
CMA-ES,Ackley,50,5,1.4654943925052066e-14
CMA-ES,Ackley,50,6,13.974277539618903
CMA-ES,Ackley,50,7,5.5030768328860376
CMA-ES,Ackley,50,8,1.4654943925052066e-14
CMA-ES,Ackley,50,9,8.658059954486115
CMA-ES,Ackley,50,10,10.898591256761051
CMA-ES,Ackley,50,11,8.548385384151675
CMA-ES,Ackley,50,12,1.4654943925052066e-14
CMA-ES,Ackley,50,13,1.4654943925052066e-14
CMA-ES,Ackley,50,14,1.1102230246251564e-14
CMA-ES,Ackley,50,15,1.4654943925052066e-14
CMA-ES,Ackley,50,16,9.415545540200462
CMA-ES,Ackley,50,17,1.4654943925052066e-14
CMA-ES,Ackley,50,18,9.573305699512018
CMA-ES,Ackley,50,19,5.142656732320805
CMA-ES,Ackley,50,20,6.391963163958668
CMA-ES,Ackley,50,21,6.3797817427032975
CMA-ES,Ackley,50,22,8.130536524783428
CMA-ES,Ackley,50,23,12.660339942587616
CMA-ES,Ackley,50,24,1.8207657603852567e-14
CMA-ES,Ackley,50,25,6.913716168064948
CMA-ES,Ackley,50,26,1.4654943925052066e-14
CMA-ES,Ackley,50,27,10.21022887162503
CMA-ES,Ackley,50,28,5.897575715848539
CMA-ES,Ackley,50,29,6.291635750836857
CMA-ES,BentCigar,50,0,494477681.78123647
CMA-ES,BentCigar,50,1,1414801854.260023
CMA-ES,BentCigar,50,2,856252613.9976664
CMA-ES,BentCigar,50,3,2055970581.662548
CMA-ES,BentCigar,50,4,2271054468.257689
CMA-ES,BentCigar,50,5,665129305.6194004
CMA-ES,BentCigar,50,6,4188567043.365182
CMA-ES,BentCigar,50,7,6.512039862177924e-22
CMA-ES,BentCigar,50,8,665148434.7025251
CMA-ES,BentCigar,50,9,1486170368.1186676
CMA-ES,BentCigar,50,10,981255682.8221602
CMA-ES,BentCigar,50,11,508458014.6036003
CMA-ES,BentCigar,50,12,3473521589.1570463
CMA-ES,BentCigar,50,13,5353951654.857319
CMA-ES,BentCigar,50,14,0.0
CMA-ES,BentCigar,50,15,3742605723.6153226
CMA-ES,BentCigar,50,16,464839198.3630575
CMA-ES,BentCigar,50,17,1478613852.111019
CMA-ES,BentCigar,50,18,1183864755.516502
CMA-ES,BentCigar,50,19,3772617652.797391
CMA-ES,BentCigar,50,20,1414801854.2600234
CMA-ES,BentCigar,50,21,954670869.5418472
CMA-ES,BentCigar,50,22,464839198.3630575
CMA-ES,BentCigar,50,23,3805.911239463021
CMA-ES,BentCigar,50,24,973293407.0554184
CMA-ES,BentCigar,50,25,954670869.5418472
CMA-ES,BentCigar,50,26,3205829863.404464
CMA-ES,BentCigar,50,27,3588127954.528901
CMA-ES,BentCigar,50,28,3250407915.514256
CMA-ES,BentCigar,50,29,2111224186.8036563
CMA-ES,Composition,50,0,1642.4147304001135
CMA-ES,Composition,50,1,434.08937187578726
CMA-ES,Composition,50,2,2467.4877603670634
CMA-ES,Composition,50,3,2.220446049250313e-16
CMA-ES,Composition,50,4,1422.9386162448804
CMA-ES,Composition,50,5,302.5076138556888
CMA-ES,Composition,50,6,2.220446049250313e-16
CMA-ES,Composition,50,7,1169.3581506409485
CMA-ES,Composition,50,8,1422.9386162448802
CMA-ES,Composition,50,9,487.6002526358672
CMA-ES,Composition,50,10,3.774758283725641e-15
CMA-ES,Composition,50,11,335.7268862147726
CMA-ES,Composition,50,12,3.774758283725612e-15
CMA-ES,Composition,50,13,487.6002526358672
CMA-ES,Composition,50,14,5.5511151231259626e-15
CMA-ES,Composition,50,15,1009.3999261353628
CMA-ES,Composition,50,16,677.3451065832874
CMA-ES,Composition,50,17,1459.173556527343
CMA-ES,Composition,50,18,522.1790461303744
CMA-ES,Composition,50,19,3.7747582837256056e-15
CMA-ES,Composition,50,20,434.0893718757873
CMA-ES,Composition,50,21,2.220446049250313e-16
CMA-ES,Composition,50,22,737.0519995367658
CMA-ES,Composition,50,23,2.220446049250313e-16
CMA-ES,Composition,50,24,3.7747582837256206e-15
CMA-ES,Composition,50,25,1659.3329716596857
CMA-ES,Composition,50,26,449.30330303001534
CMA-ES,Composition,50,27,247.07048855872688
CMA-ES,Composition,50,28,1008.6321682219552
CMA-ES,Composition,50,29,1280.7564704185345
CMA-ES,DynamicSphere,50,0,0.0243607075949073
CMA-ES,DynamicSphere,50,1,0.0275631927091358
CMA-ES,DynamicSphere,50,2,360.3002932862314
CMA-ES,DynamicSphere,50,3,4058.901275472352
CMA-ES,DynamicSphere,50,4,7648.33678994954
CMA-ES,DynamicSphere,50,5,1416.6439229686025
CMA-ES,DynamicSphere,50,6,1678.7499322493036
CMA-ES,DynamicSphere,50,7,246.6082981791666
CMA-ES,DynamicSphere,50,8,2126.5868418178893
CMA-ES,DynamicSphere,50,9,959.6466815165824
CMA-ES,DynamicSphere,50,10,317.1872835493975
CMA-ES,DynamicSphere,50,11,0.0375717690860485
CMA-ES,DynamicSphere,50,12,1112.13193425255
CMA-ES,DynamicSphere,50,13,767.1785406678515
CMA-ES,DynamicSphere,50,14,1322.950418766805
CMA-ES,DynamicSphere,50,15,0.0173640129958826
CMA-ES,DynamicSphere,50,16,360.339310951174
CMA-ES,DynamicSphere,50,17,3847.639449559192
CMA-ES,DynamicSphere,50,18,552.9860888684171
CMA-ES,DynamicSphere,50,19,1982.1751847219932
CMA-ES,DynamicSphere,50,20,1162.2390908516124
CMA-ES,DynamicSphere,50,21,3953.6159713715865
CMA-ES,DynamicSphere,50,22,0.0348889835483853
CMA-ES,DynamicSphere,50,23,1727.038158505989
CMA-ES,DynamicSphere,50,24,2690.066770138818
CMA-ES,DynamicSphere,50,25,1061.2889987289393
CMA-ES,DynamicSphere,50,26,552.913725576658
CMA-ES,DynamicSphere,50,27,3502.2031501086617
CMA-ES,DynamicSphere,50,28,0.0412835123063151
CMA-ES,DynamicSphere,50,29,0.0413653925795413
CMA-ES,Griewank,50,0,0.0
CMA-ES,Griewank,50,1,4.971065179412656
CMA-ES,Griewank,50,2,0.0
CMA-ES,Griewank,50,3,4.971065179412657
CMA-ES,Griewank,50,4,7.371062709308032
CMA-ES,Griewank,50,5,0.0
CMA-ES,Griewank,50,6,35.95846336164658
CMA-ES,Griewank,50,7,0.0
CMA-ES,Griewank,50,8,31.7109971806402
CMA-ES,Griewank,50,9,4.572215508048725
CMA-ES,Griewank,50,10,9.816864790098984
CMA-ES,Griewank,50,11,0.0
CMA-ES,Griewank,50,12,0.0172361119176615
CMA-ES,Griewank,50,13,11.209000783466754
CMA-ES,Griewank,50,14,28.97320320581309
CMA-ES,Griewank,50,15,4.971065179412656
CMA-ES,Griewank,50,16,4.829462980441392
CMA-ES,Griewank,50,17,35.87495671635036
CMA-ES,Griewank,50,18,14.551049266220977
CMA-ES,Griewank,50,19,9.601938315896149
CMA-ES,Griewank,50,20,0.0
CMA-ES,Griewank,50,21,41.99956459871943
CMA-ES,Griewank,50,22,11.798969297150784
CMA-ES,Griewank,50,23,32.173341713196564
CMA-ES,Griewank,50,24,0.0
CMA-ES,Griewank,50,25,35.00007664353494
CMA-ES,Griewank,50,26,0.0
CMA-ES,Griewank,50,27,44.223173472224616
CMA-ES,Griewank,50,28,20.304051846945004
CMA-ES,Griewank,50,29,33.87273398901392
CMA-ES,Levy,50,0,22.17730125094418
CMA-ES,Levy,50,1,30.634827292889614
CMA-ES,Levy,50,2,69.75855705569987
CMA-ES,Levy,50,3,35.87503349447853
CMA-ES,Levy,50,4,26.32613513498872
CMA-ES,Levy,50,5,85.97642611503059
CMA-ES,Levy,50,6,41.85157407256143
CMA-ES,Levy,50,7,49.43530152826752
CMA-ES,Levy,50,8,35.420295043268645
CMA-ES,Levy,50,9,36.62865661292062
CMA-ES,Levy,50,10,79.9633828306466
CMA-ES,Levy,50,11,15.900180348048496
CMA-ES,Levy,50,12,9.868845398332155
CMA-ES,Levy,50,13,46.420065998129054
CMA-ES,Levy,50,14,38.729606779424365
CMA-ES,Levy,50,15,31.2302974572573
CMA-ES,Levy,50,16,38.39585404108962
CMA-ES,Levy,50,17,7.4789060070946
CMA-ES,Levy,50,18,44.71236205478494
CMA-ES,Levy,50,19,22.94381982657659
CMA-ES,Levy,50,20,60.58240372250458
CMA-ES,Levy,50,21,7.498174957604426
CMA-ES,Levy,50,22,53.42189347679253
CMA-ES,Levy,50,23,5.074431992859003
CMA-ES,Levy,50,24,38.23656979290837
CMA-ES,Levy,50,25,42.92554452978908
CMA-ES,Levy,50,26,86.68135548713215
CMA-ES,Levy,50,27,18.054637539291544
CMA-ES,Levy,50,28,22.05304070853253
CMA-ES,Levy,50,29,16.029781397310387
CMA-ES,NoisyRastrigin,50,0,156.43852497284166
CMA-ES,NoisyRastrigin,50,1,116.66573225199517
CMA-ES,NoisyRastrigin,50,2,137.24081585050453
CMA-ES,NoisyRastrigin,50,3,145.07199321020704
CMA-ES,NoisyRastrigin,50,4,144.24587660938323
CMA-ES,NoisyRastrigin,50,5,130.30093585701965
CMA-ES,NoisyRastrigin,50,6,182.85717927907928
CMA-ES,NoisyRastrigin,50,7,107.40111807511316
CMA-ES,NoisyRastrigin,50,8,151.7489901040503
CMA-ES,NoisyRastrigin,50,9,131.4113952388154
CMA-ES,NoisyRastrigin,50,10,175.55132920065952
CMA-ES,NoisyRastrigin,50,11,141.98981566297545
CMA-ES,NoisyRastrigin,50,12,126.21010296459748
CMA-ES,NoisyRastrigin,50,13,101.69768416808849
CMA-ES,NoisyRastrigin,50,14,139.78373545233637
CMA-ES,NoisyRastrigin,50,15,177.24932198803123
CMA-ES,NoisyRastrigin,50,16,100.06289473041484
CMA-ES,NoisyRastrigin,50,17,143.50016091454987
CMA-ES,NoisyRastrigin,50,18,102.83549084848204
CMA-ES,NoisyRastrigin,50,19,103.12029860515896
CMA-ES,NoisyRastrigin,50,20,126.20335641397882
CMA-ES,NoisyRastrigin,50,21,145.9242359387135
CMA-ES,NoisyRastrigin,50,22,185.84065496657416
CMA-ES,NoisyRastrigin,50,23,105.90089959716823
CMA-ES,NoisyRastrigin,50,24,187.13515554482208
CMA-ES,NoisyRastrigin,50,25,165.79181842663277
CMA-ES,NoisyRastrigin,50,26,142.1599072840153
CMA-ES,NoisyRastrigin,50,27,159.32782054269836
CMA-ES,NoisyRastrigin,50,28,134.08372368565924
CMA-ES,NoisyRastrigin,50,29,136.93844859278468
CMA-ES,NoisySphere,50,0,0.361277487292077
CMA-ES,NoisySphere,50,1,2089.419342420817
CMA-ES,NoisySphere,50,2,3576.798970264462
CMA-ES,NoisySphere,50,3,2659.3586563026297
CMA-ES,NoisySphere,50,4,1851.4223951633016
CMA-ES,NoisySphere,50,5,2381.488908123605
CMA-ES,NoisySphere,50,6,0.2845974214943161
CMA-ES,NoisySphere,50,7,0.3313677509985809
CMA-ES,NoisySphere,50,8,3845.291452008461
CMA-ES,NoisySphere,50,9,449.6308054123562
CMA-ES,NoisySphere,50,10,0.2995796508658017
CMA-ES,NoisySphere,50,11,1486.014032980279
CMA-ES,NoisySphere,50,12,995.163535723892
CMA-ES,NoisySphere,50,13,6059.432010510487
CMA-ES,NoisySphere,50,14,0.3065908373274503
CMA-ES,NoisySphere,50,15,0.2608785181924076
CMA-ES,NoisySphere,50,16,995.28549812483
CMA-ES,NoisySphere,50,17,3637.3620124457175
CMA-ES,NoisySphere,50,18,1182.2924266436862
CMA-ES,NoisySphere,50,19,421.0598643659191
CMA-ES,NoisySphere,50,20,4569.246882882631
CMA-ES,NoisySphere,50,21,4169.821168793799
CMA-ES,NoisySphere,50,22,0.3534842991449156
CMA-ES,NoisySphere,50,23,0.3330803869925089
CMA-ES,NoisySphere,50,24,8060.777820648649
CMA-ES,NoisySphere,50,25,0.2709439663190133
CMA-ES,NoisySphere,50,26,0.3970202855747158
CMA-ES,NoisySphere,50,27,603.5566786506981
CMA-ES,NoisySphere,50,28,3923.810855957821
CMA-ES,NoisySphere,50,29,0.2589097289948612
CMA-ES,Rosenbrock,50,0,216584.2869711566
CMA-ES,Rosenbrock,50,1,571763.1689829523
CMA-ES,Rosenbrock,50,2,5.799440367224531e-26
CMA-ES,Rosenbrock,50,3,396240.6381253059
CMA-ES,Rosenbrock,50,4,436268.5926047277
CMA-ES,Rosenbrock,50,5,385422.644771747
CMA-ES,Rosenbrock,50,6,3.986623854300933
CMA-ES,Rosenbrock,50,7,6138555.839415722
CMA-ES,Rosenbrock,50,8,4668115.149799869
CMA-ES,Rosenbrock,50,9,436183.1065589296
CMA-ES,Rosenbrock,50,10,1.54992328891436e-24
CMA-ES,Rosenbrock,50,11,316508.23839977704
CMA-ES,Rosenbrock,50,12,769734.8743545532
CMA-ES,Rosenbrock,50,13,459408.3181075489
CMA-ES,Rosenbrock,50,14,460502.13985993335
CMA-ES,Rosenbrock,50,15,16170510.97535448
CMA-ES,Rosenbrock,50,16,119674.86808503744
CMA-ES,Rosenbrock,50,17,1483595.0460149976
CMA-ES,Rosenbrock,50,18,10076938.438783413
CMA-ES,Rosenbrock,50,19,3.150656221265487e-26
CMA-ES,Rosenbrock,50,20,316512.1314583821
CMA-ES,Rosenbrock,50,21,2070146.453392611
CMA-ES,Rosenbrock,50,22,1813002.8592732856
CMA-ES,Rosenbrock,50,23,436272.4856633329
CMA-ES,Rosenbrock,50,24,627174.9421160248
CMA-ES,Rosenbrock,50,25,247119.680707011
CMA-ES,Rosenbrock,50,26,594.9966991061741
CMA-ES,Rosenbrock,50,27,611757.0232083006
CMA-ES,Rosenbrock,50,28,294566.66598166444
CMA-ES,Rosenbrock,50,29,186922.1037824773
CMA-ES,RotatedElliptic,50,0,514207.9502073298
CMA-ES,RotatedElliptic,50,1,4075495.724623905
CMA-ES,RotatedElliptic,50,2,1140740.7181584374
CMA-ES,RotatedElliptic,50,3,10039901.3513469
CMA-ES,RotatedElliptic,50,4,1350436.1864937148
CMA-ES,RotatedElliptic,50,5,1001267.9248070432
CMA-ES,RotatedElliptic,50,6,5396578.4107851
CMA-ES,RotatedElliptic,50,7,1238785.964318607
CMA-ES,RotatedElliptic,50,8,2801889.531615898
CMA-ES,RotatedElliptic,50,9,1335460.492276111
CMA-ES,RotatedElliptic,50,10,2835291.611029512
CMA-ES,RotatedElliptic,50,11,2779418.9256860344
CMA-ES,RotatedElliptic,50,12,3386423.56385002
CMA-ES,RotatedElliptic,50,13,659449.9587246614
CMA-ES,RotatedElliptic,50,14,15074896.25941523
CMA-ES,RotatedElliptic,50,15,5210065.671635801
CMA-ES,RotatedElliptic,50,16,9596035.996240314
CMA-ES,RotatedElliptic,50,17,1111927.7403827384
CMA-ES,RotatedElliptic,50,18,1457331.0473389872
CMA-ES,RotatedElliptic,50,19,1453013.51075387
CMA-ES,RotatedElliptic,50,20,477939.1769988756
CMA-ES,RotatedElliptic,50,21,10617233.391605187
CMA-ES,RotatedElliptic,50,22,13409710.583407637
CMA-ES,RotatedElliptic,50,23,3010969.849494412
CMA-ES,RotatedElliptic,50,24,18890440.924749948
CMA-ES,RotatedElliptic,50,25,2683402.8702082806
CMA-ES,RotatedElliptic,50,26,13049382.144444784
CMA-ES,RotatedElliptic,50,27,1142529.83801341
CMA-ES,RotatedElliptic,50,28,255990.9374538129
CMA-ES,RotatedElliptic,50,29,401785.2374110382
CMA-ES,Schwefel,50,0,9508.727115764315
CMA-ES,Schwefel,50,1,10002.37301274518
CMA-ES,Schwefel,50,2,8295.565027111868
CMA-ES,Schwefel,50,3,8264.830778209222
CMA-ES,Schwefel,50,4,8403.626139358548
CMA-ES,Schwefel,50,5,8755.435654703104
CMA-ES,Schwefel,50,6,10386.94106010972
CMA-ES,Schwefel,50,7,7863.942272529153
CMA-ES,Schwefel,50,8,8848.2576970119
CMA-ES,Schwefel,50,9,10246.4951784017
CMA-ES,Schwefel,50,10,8554.461769013033
CMA-ES,Schwefel,50,11,10927.370860979763
CMA-ES,Schwefel,50,12,8105.679142735185
CMA-ES,Schwefel,50,13,9497.871212585194
CMA-ES,Schwefel,50,14,7945.988556495746
CMA-ES,Schwefel,50,15,8060.058882958036
CMA-ES,Schwefel,50,16,9015.58229488638
CMA-ES,Schwefel,50,17,8719.065898120698
CMA-ES,Schwefel,50,18,10532.227688763416
CMA-ES,Schwefel,50,19,8218.092748190651
CMA-ES,Schwefel,50,20,9064.188843912012
CMA-ES,Schwefel,50,21,10352.970718750968
CMA-ES,Schwefel,50,22,8038.811649525549
CMA-ES,Schwefel,50,23,8795.029015511764
CMA-ES,Schwefel,50,24,8480.580290864942
CMA-ES,Schwefel,50,25,9736.635743260573
CMA-ES,Schwefel,50,26,9070.28562475448
CMA-ES,Schwefel,50,27,8298.41326632174
CMA-ES,Schwefel,50,28,8258.875586475038
CMA-ES,Schwefel,50,29,9332.358652206458
CMA-ES,Zakharov,50,0,3.624761933452105e-28
CMA-ES,Zakharov,50,1,3.682447387146393e-28
CMA-ES,Zakharov,50,2,3.679912863339579e-28
CMA-ES,Zakharov,50,3,3.89171893490351e-28
CMA-ES,Zakharov,50,4,3.5051693876254366e-28
CMA-ES,Zakharov,50,5,3.736003647039913e-28
CMA-ES,Zakharov,50,6,5.186128746806394e-28
CMA-ES,Zakharov,50,7,3.847800028451704e-28
CMA-ES,Zakharov,50,8,3.7436149221801315e-28
CMA-ES,Zakharov,50,9,3.860719166518653e-28
CMA-ES,Zakharov,50,10,4.627601359214318e-28
CMA-ES,Zakharov,50,11,3.6240454875127935e-28
CMA-ES,Zakharov,50,12,3.290166272353823e-28
CMA-ES,Zakharov,50,13,3.5832619950104502e-28
CMA-ES,Zakharov,50,14,4.2647561576917615e-28
CMA-ES,Zakharov,50,15,4.091460981295799e-28
CMA-ES,Zakharov,50,16,3.888098186608062e-28
CMA-ES,Zakharov,50,17,3.1510447968910663e-28
CMA-ES,Zakharov,50,18,4.301248678278012e-28
CMA-ES,Zakharov,50,19,4.429608057211532e-28
CMA-ES,Zakharov,50,20,3.2159024136982513e-28
CMA-ES,Zakharov,50,21,4.694377202246112e-28
CMA-ES,Zakharov,50,22,3.6703063247769758e-28
CMA-ES,Zakharov,50,23,3.8381626750099892e-28
CMA-ES,Zakharov,50,24,4.732495207705424e-28
CMA-ES,Zakharov,50,25,2.887169283350683e-28
CMA-ES,Zakharov,50,26,3.25355819597091e-28
CMA-ES,Zakharov,50,27,3.0574600090334018e-28
CMA-ES,Zakharov,50,28,4.334675118392797e-28
CMA-ES,Zakharov,50,29,2.2340248094507507e-28
DE,Ackley,50,0,7.549516567451064e-15
DE,Ackley,50,1,7.549516567451064e-15
DE,Ackley,50,2,1.0270819853272397
DE,Ackley,50,3,1.1102230246251564e-14
DE,Ackley,50,4,1.4654943925052066e-14
DE,Ackley,50,5,2.1760371282653068e-14
DE,Ackley,50,6,1.4654943925052066e-14
DE,Ackley,50,7,0.8790511698908543
DE,Ackley,50,8,1.269747648008512
DE,Ackley,50,9,7.549516567451064e-15
DE,Ackley,50,10,2.1760371282653068e-14
DE,Ackley,50,11,1.0270819853272397
DE,Ackley,50,12,2.1760371282653068e-14
DE,Ackley,50,13,2.257994184459605
DE,Ackley,50,14,2.7751134723530413e-12
DE,Ackley,50,15,0.8790511698908614
DE,Ackley,50,16,1.8014870735592765
DE,Ackley,50,17,5.728750807065809e-14
DE,Ackley,50,18,1.4654943925052066e-14
DE,Ackley,50,19,1.3743121236248084
DE,Ackley,50,20,1.4654943925052066e-14
DE,Ackley,50,21,1.2697476480085084
DE,Ackley,50,22,1.1551485027098285
DE,Ackley,50,23,1.4654943925052066e-14
DE,Ackley,50,24,2.886579864025407e-14
DE,Ackley,50,25,2.1760371282653068e-14
DE,Ackley,50,26,1.4654943925052066e-14
DE,Ackley,50,27,1.1551485027098285
DE,Ackley,50,28,1.4654943925052066e-14
DE,Ackley,50,29,6.439293542825908e-14
DE,BentCigar,50,0,3.736045247126712e-21
DE,BentCigar,50,1,3.5340968553901334e-22
DE,BentCigar,50,2,1.9689968194316455e-21
DE,BentCigar,50,3,5.0487097934144765e-22
DE,BentCigar,50,4,1.06022905661704e-21
DE,BentCigar,50,5,2.7767903863779616e-21
DE,BentCigar,50,6,1.9185097214975007e-21
DE,BentCigar,50,7,1.06022905661704e-21
DE,BentCigar,50,8,3.0292258760486853e-22
DE,BentCigar,50,9,5.0487097934144765e-22
DE,BentCigar,50,10,6.1089388500315154e-21
DE,BentCigar,50,11,9.592548607487504e-22
DE,BentCigar,50,12,9.1381647260802e-21
DE,BentCigar,50,13,3.685558149192567e-21
DE,BentCigar,50,14,1.5651000359584874e-21
DE,BentCigar,50,15,1.0097419586828953e-21
DE,BentCigar,50,16,2.7144703748655016e-21
DE,BentCigar,50,17,1.06022905661704e-21
DE,BentCigar,50,18,2.271919407036514e-21
DE,BentCigar,50,19,4.745787205809607e-21
DE,BentCigar,50,20,9.718766352322864e-22
DE,BentCigar,50,21,2.5243548967072382e-22
DE,BentCigar,50,22,1.464125840090198e-21
DE,BentCigar,50,23,5.048709793414476e-23
DE,BentCigar,50,24,4.543838814073028e-22
DE,BentCigar,50,25,6.058451752097372e-22
DE,BentCigar,50,26,0.1508845213034919
DE,BentCigar,50,27,1.2621774483536189e-21
DE,BentCigar,50,28,6.866245319043687e-21
DE,BentCigar,50,29,2.0447274663328623e-20
DE,Composition,50,0,1.2656542480727692e-14
DE,Composition,50,1,1.9761969838330336e-14
DE,Composition,50,2,9.103828801926814e-15
DE,Composition,50,3,1.4432899320128247e-14
DE,Composition,50,4,1.2656542480727692e-14
DE,Composition,50,5,9.79216707719982e-14
DE,Composition,50,6,1.2656542480727723e-14
DE,Composition,50,7,9.103828801926814e-15
DE,Composition,50,8,3.774758283725633e-15
DE,Composition,50,9,1.3877787807826341e-13
DE,Composition,50,10,2.686739719593305e-14
DE,Composition,50,11,7.327471962526437e-15
DE,Composition,50,12,6.061817714455586e-14
DE,Composition,50,13,7.327471962526437e-15
DE,Composition,50,14,1.6209256159528775e-14
DE,Composition,50,15,7.327471962526418e-15
DE,Composition,50,16,1.4432899320128247e-14
DE,Composition,50,17,1.0880185641327342e-14
DE,Composition,50,18,2.153832667773109e-14
DE,Composition,50,19,3.7747582837256585e-15
DE,Composition,50,20,1.733946319878353e-12
DE,Composition,50,21,1.0880185641327164e-14
DE,Composition,50,22,5.551115123125985e-15
DE,Composition,50,23,5.551115123125991e-15
DE,Composition,50,24,2.805339408592816e-08
DE,Composition,50,25,1.4432899320128045e-14
DE,Composition,50,26,3.77475828372564e-15
DE,Composition,50,27,7.327471962526437e-15
DE,Composition,50,28,7.32747196252626e-15
DE,Composition,50,29,4.1078251911141426e-14
DE,DynamicSphere,50,0,0.2907760582714683
DE,DynamicSphere,50,1,2.800676992420645
DE,DynamicSphere,50,2,3.6625309399452113
DE,DynamicSphere,50,3,0.41845687210859
DE,DynamicSphere,50,4,5.751420516406599
DE,DynamicSphere,50,5,2.353501539171487
DE,DynamicSphere,50,6,3.3551584511863277
DE,DynamicSphere,50,7,3.3343290030406263
DE,DynamicSphere,50,8,0.2079214335618132
DE,DynamicSphere,50,9,0.4748635129840636
DE,DynamicSphere,50,10,3.4552838160746098
DE,DynamicSphere,50,11,5.805886665955863
DE,DynamicSphere,50,12,5.229749613437591
DE,DynamicSphere,50,13,4.522006561612932
DE,DynamicSphere,50,14,0.6456086578020724
DE,DynamicSphere,50,15,1.7511012884127426
DE,DynamicSphere,50,16,4.203617461306868
DE,DynamicSphere,50,17,3.535029890071684
DE,DynamicSphere,50,18,2.40071803446473
DE,DynamicSphere,50,19,4.990814171618467
DE,DynamicSphere,50,20,2.0438642152967663
DE,DynamicSphere,50,21,0.9048211153895812
DE,DynamicSphere,50,22,2.754017751853326
DE,DynamicSphere,50,23,4.082992456378586
DE,DynamicSphere,50,24,2.3167085134855805
DE,DynamicSphere,50,25,0.8245594280789419
DE,DynamicSphere,50,26,2.915742103040904
DE,DynamicSphere,50,27,1.13232186521242
DE,DynamicSphere,50,28,3.5774236267210617
DE,DynamicSphere,50,29,1.8517559310108964
DE,Griewank,50,0,3.3306690738754696e-16
DE,Griewank,50,1,1.1102230246251563e-16
DE,Griewank,50,2,0.0
DE,Griewank,50,3,4.773959005888173e-15
DE,Griewank,50,4,0.0098572846078208
DE,Griewank,50,5,0.0
DE,Griewank,50,6,1.1102230246251563e-16
DE,Griewank,50,7,0.0786422497799433
DE,Griewank,50,8,0.0393996173368141
DE,Griewank,50,9,0.0073960403341151
DE,Griewank,50,10,0.1253845754739784
DE,Griewank,50,11,0.0
DE,Griewank,50,12,0.3138136888701091
DE,Griewank,50,13,0.0
DE,Griewank,50,14,0.0294591150734916
DE,Griewank,50,15,0.0
DE,Griewank,50,16,0.0
DE,Griewank,50,17,3.3306690738754696e-16
DE,Griewank,50,18,0.0514421614340738
DE,Griewank,50,19,6.661338147750939e-16
DE,Griewank,50,20,0.0098572846078208
DE,Griewank,50,21,1.1102230246251563e-16
DE,Griewank,50,22,0.0
DE,Griewank,50,23,2.220446049250313e-16
DE,Griewank,50,24,1.1102230246251563e-16
DE,Griewank,50,25,0.0
DE,Griewank,50,26,0.0489055818038507
DE,Griewank,50,27,4.440892098500626e-16
DE,Griewank,50,28,0.0688462592554893
DE,Griewank,50,29,0.0
DE,Levy,50,0,1.5420285566052028
DE,Levy,50,1,4.364141373247459
DE,Levy,50,2,1.7378680083960911
DE,Levy,50,3,0.5438522690072145
DE,Levy,50,4,3.361838681849129
DE,Levy,50,5,2.27159893704017
DE,Levy,50,6,2.3611271874566104
DE,Levy,50,7,3.9056161254046833
DE,Levy,50,8,8.362762628255538
DE,Levy,50,9,2.907439837806695
DE,Levy,50,10,2.8401778151566076e-29
DE,Levy,50,11,1.8172960743630944
DE,Levy,50,12,0.6018868591892792
DE,Levy,50,13,1.452500306188762
DE,Levy,50,14,0.9086480371815476
DE,Levy,50,15,2.9049794564638254
DE,Levy,50,16,3.8160878749882414
DE,Levy,50,17,1.5420285566052032
DE,Levy,50,18,0.4543240551676654
DE,Levy,50,19,0.5438522690072145
DE,Levy,50,20,1.817296074363095
DE,Levy,50,21,1.2499814610903526
DE,Levy,50,22,1.906803168865837
DE,Levy,50,23,1.0877045380144292
DE,Levy,50,24,1.0877045380144297
DE,Levy,50,25,1.9068031688658371
DE,Levy,50,26,1.452500306188762
DE,Levy,50,27,1.362972055772321
DE,Levy,50,28,0.5438522690072147
DE,Levy,50,29,0.9981762875979882
DE,NoisyRastrigin,50,0,35.75742692347427
DE,NoisyRastrigin,50,1,93.77839961257442
DE,NoisyRastrigin,50,2,100.49365129119964
DE,NoisyRastrigin,50,3,28.3314496254109
DE,NoisyRastrigin,50,4,46.2622277013468
DE,NoisyRastrigin,50,5,37.48136615332948
DE,NoisyRastrigin,50,6,21.40904725250666
DE,NoisyRastrigin,50,7,23.128464174756942
DE,NoisyRastrigin,50,8,29.91978907162121
DE,NoisyRastrigin,50,9,33.24499071881584
DE,NoisyRastrigin,50,10,35.04285332348122
DE,NoisyRastrigin,50,11,27.919889676394916
DE,NoisyRastrigin,50,12,31.01373134712858
DE,NoisyRastrigin,50,13,50.68163943495679
DE,NoisyRastrigin,50,14,31.298252535947192
DE,NoisyRastrigin,50,15,23.11770179714225
DE,NoisyRastrigin,50,16,36.77896808347847
DE,NoisyRastrigin,50,17,34.09282941886793
DE,NoisyRastrigin,50,18,42.37734695023905
DE,NoisyRastrigin,50,19,37.22628614350611
DE,NoisyRastrigin,50,20,48.33809123553677
DE,NoisyRastrigin,50,21,36.86609404728003
DE,NoisyRastrigin,50,22,34.31952796220148
DE,NoisyRastrigin,50,23,30.468487724097827
DE,NoisyRastrigin,50,24,44.71833814661159
DE,NoisyRastrigin,50,25,42.8660360109938
DE,NoisyRastrigin,50,26,35.75641998441899
DE,NoisyRastrigin,50,27,33.02318659720487
DE,NoisyRastrigin,50,28,26.005850720562528
DE,NoisyRastrigin,50,29,46.75406929120389
DE,NoisySphere,50,0,0.0283157554582558
DE,NoisySphere,50,1,0.0180582002769295
DE,NoisySphere,50,2,0.02273207345924
DE,NoisySphere,50,3,0.0609306464522219
DE,NoisySphere,50,4,0.0502128176216042
DE,NoisySphere,50,5,0.0200729473093907
DE,NoisySphere,50,6,0.0287044357962984
DE,NoisySphere,50,7,0.055287881240508
DE,NoisySphere,50,8,0.0357895874005204
DE,NoisySphere,50,9,0.0324722882382797
DE,NoisySphere,50,10,0.0255725737491203
DE,NoisySphere,50,11,0.0216254987917516
DE,NoisySphere,50,12,0.0315369890007627
DE,NoisySphere,50,13,0.0412810098974373
DE,NoisySphere,50,14,0.0177543393497741
DE,NoisySphere,50,15,0.021487247542294
DE,NoisySphere,50,16,0.0363674010857749
DE,NoisySphere,50,17,0.0207091193602337
DE,NoisySphere,50,18,0.0288982131885274
DE,NoisySphere,50,19,0.0245184867364975
DE,NoisySphere,50,20,0.0572125965435439
DE,NoisySphere,50,21,0.0328135989170293
DE,NoisySphere,50,22,0.0289272421758761
DE,NoisySphere,50,23,0.0677919241607319
DE,NoisySphere,50,24,0.0328692907739512
DE,NoisySphere,50,25,0.024550975611428
DE,NoisySphere,50,26,0.0278563641849158
DE,NoisySphere,50,27,0.0404734554911443
DE,NoisySphere,50,28,0.0196235628956445
DE,NoisySphere,50,29,0.0282605607802168
DE,Rosenbrock,50,0,87.06139659987971
DE,Rosenbrock,50,1,335.1096382534725
DE,Rosenbrock,50,2,449.9941225047838
DE,Rosenbrock,50,3,160.9017392244078
DE,Rosenbrock,50,4,79.53757589787999
DE,Rosenbrock,50,5,9.890094342340271
DE,Rosenbrock,50,6,22.95178863628453
DE,Rosenbrock,50,7,187.49079589855464
DE,Rosenbrock,50,8,93.17352579434832
DE,Rosenbrock,50,9,143.0266958661199
DE,Rosenbrock,50,10,35.27137780770508
DE,Rosenbrock,50,11,46.33774141454028
DE,Rosenbrock,50,12,105.15522614408002
DE,Rosenbrock,50,13,7566.554657163536
DE,Rosenbrock,50,14,95.57920585624294
DE,Rosenbrock,50,15,44.90931248326427
DE,Rosenbrock,50,16,37.10922325752469
DE,Rosenbrock,50,17,197.8728662629522
DE,Rosenbrock,50,18,90.72869035463864
DE,Rosenbrock,50,19,45.66836487977822
DE,Rosenbrock,50,20,167.5718402092125
DE,Rosenbrock,50,21,168.1763005307797
DE,Rosenbrock,50,22,370.926955998635
DE,Rosenbrock,50,23,73.31169463860934
DE,Rosenbrock,50,24,83.94152790691734
DE,Rosenbrock,50,25,86.40051229119935
DE,Rosenbrock,50,26,45.59952100256353
DE,Rosenbrock,50,27,619.0995882273533
DE,Rosenbrock,50,28,86.01018219058294
DE,Rosenbrock,50,29,166.32638018309396
DE,RotatedElliptic,50,0,7811396.353312345
DE,RotatedElliptic,50,1,6906614.434030185
DE,RotatedElliptic,50,2,6626690.653585178
DE,RotatedElliptic,50,3,5459540.541821972
DE,RotatedElliptic,50,4,8379871.569904069
DE,RotatedElliptic,50,5,6714861.709268858
DE,RotatedElliptic,50,6,11808689.221033951
DE,RotatedElliptic,50,7,4930038.583180057
DE,RotatedElliptic,50,8,7124576.315237387
DE,RotatedElliptic,50,9,12589073.689295229
DE,RotatedElliptic,50,10,6625573.584222919
DE,RotatedElliptic,50,11,5633998.703963606
DE,RotatedElliptic,50,12,8258761.954389609
DE,RotatedElliptic,50,13,14969902.927274011
DE,RotatedElliptic,50,14,5182205.599414272
DE,RotatedElliptic,50,15,9601400.7572941
DE,RotatedElliptic,50,16,5211267.642404381
DE,RotatedElliptic,50,17,26299571.993195493
DE,RotatedElliptic,50,18,7070811.49268648
DE,RotatedElliptic,50,19,7332072.159432645
DE,RotatedElliptic,50,20,10898933.71236362
DE,RotatedElliptic,50,21,2004374.357213147
DE,RotatedElliptic,50,22,8529799.455798704
DE,RotatedElliptic,50,23,2865794.1943305773
DE,RotatedElliptic,50,24,10939390.466704007
DE,RotatedElliptic,50,25,11241652.865942271
DE,RotatedElliptic,50,26,6667585.1776922215
DE,RotatedElliptic,50,27,4621081.851194501
DE,RotatedElliptic,50,28,28565371.422020387
DE,RotatedElliptic,50,29,8529545.79464254
DE,Schwefel,50,0,3789.09381630486
DE,Schwefel,50,1,3299.348282885294
DE,Schwefel,50,2,4542.299451785289
DE,Schwefel,50,3,5916.609582912779
DE,Schwefel,50,4,4281.985396644071
DE,Schwefel,50,5,3603.486825111133
DE,Schwefel,50,6,4869.478353499022
DE,Schwefel,50,7,4035.5598346163024
DE,Schwefel,50,8,3325.3763626555738
DE,Schwefel,50,9,4804.122393529871
DE,Schwefel,50,10,5613.240788106466
DE,Schwefel,50,11,4176.132634792819
DE,Schwefel,50,12,4441.59536178684
DE,Schwefel,50,13,4341.215441173714
DE,Schwefel,50,14,6072.3555672954735
DE,Schwefel,50,15,4515.827946848614
DE,Schwefel,50,16,6188.563372723485
DE,Schwefel,50,17,4874.177069716259
DE,Schwefel,50,18,3792.522577500509
DE,Schwefel,50,19,4142.2930026791655
DE,Schwefel,50,20,5232.526192583906
DE,Schwefel,50,21,3421.324353050833
DE,Schwefel,50,22,4212.027262673182
DE,Schwefel,50,23,5118.1137625667525
DE,Schwefel,50,24,4456.619656763818
DE,Schwefel,50,25,3247.099246856568
DE,Schwefel,50,26,3328.838101330599
DE,Schwefel,50,27,3783.9438798115225
DE,Schwefel,50,28,4684.212706721357
DE,Schwefel,50,29,3566.8042104209526
DE,Zakharov,50,0,196.83312929705903
DE,Zakharov,50,1,44.43648470351836
DE,Zakharov,50,2,75.47926140769708
DE,Zakharov,50,3,56.60369148096934
DE,Zakharov,50,4,63.94499094183054
DE,Zakharov,50,5,74.99828425059093
DE,Zakharov,50,6,106.18480135572342
DE,Zakharov,50,7,98.30179523991563
DE,Zakharov,50,8,186.31401385459816
DE,Zakharov,50,9,49.96628515476672
DE,Zakharov,50,10,58.70949597437461
DE,Zakharov,50,11,118.338024483131
DE,Zakharov,50,12,98.40141503085198
DE,Zakharov,50,13,51.38933183788735
DE,Zakharov,50,14,39.405710471418885
DE,Zakharov,50,15,90.15993301627054
DE,Zakharov,50,16,59.09843524863795
DE,Zakharov,50,17,82.02798787664672
DE,Zakharov,50,18,39.2524999589425
DE,Zakharov,50,19,95.96253436928372
DE,Zakharov,50,20,52.23228758599144
DE,Zakharov,50,21,119.95074115971228
DE,Zakharov,50,22,96.02519310512042
DE,Zakharov,50,23,103.61646587767198
DE,Zakharov,50,24,63.1317847589523
DE,Zakharov,50,25,87.31478763704312
DE,Zakharov,50,26,117.33164688470458
DE,Zakharov,50,27,99.27855684035096
DE,Zakharov,50,28,27.92499751728077
DE,Zakharov,50,29,89.12436996369573
CBA-SHADE,Ackley,100,0,2.886579864025407e-14
CBA-SHADE,Ackley,100,1,2.886579864025407e-14
CBA-SHADE,Ackley,100,2,2.5313084961453572e-14
CBA-SHADE,Ackley,100,3,2.5313084961453572e-14
CBA-SHADE,Ackley,100,4,2.5313084961453572e-14
CBA-SHADE,Ackley,100,5,2.5313084961453572e-14
CBA-SHADE,Ackley,100,6,2.886579864025407e-14
CBA-SHADE,Ackley,100,7,2.1760371282653068e-14
CBA-SHADE,Ackley,100,8,2.886579864025407e-14
CBA-SHADE,Ackley,100,9,2.5313084961453572e-14
CBA-SHADE,Ackley,100,10,2.5313084961453572e-14
CBA-SHADE,Ackley,100,11,2.5313084961453572e-14
CBA-SHADE,Ackley,100,12,2.886579864025407e-14
CBA-SHADE,Ackley,100,13,2.886579864025407e-14
CBA-SHADE,Ackley,100,14,2.5313084961453572e-14
CBA-SHADE,Ackley,100,15,2.5313084961453572e-14
CBA-SHADE,Ackley,100,16,2.1760371282653068e-14
CBA-SHADE,Ackley,100,17,2.886579864025407e-14
CBA-SHADE,Ackley,100,18,2.886579864025407e-14
CBA-SHADE,Ackley,100,19,2.1760371282653068e-14
CBA-SHADE,Ackley,100,20,2.5313084961453572e-14
CBA-SHADE,Ackley,100,21,2.5313084961453572e-14
CBA-SHADE,Ackley,100,22,2.886579864025407e-14
CBA-SHADE,Ackley,100,23,2.5313084961453572e-14
CBA-SHADE,Ackley,100,24,2.886579864025407e-14
CBA-SHADE,Ackley,100,25,2.1760371282653068e-14
CBA-SHADE,Ackley,100,26,2.1760371282653068e-14
CBA-SHADE,Ackley,100,27,2.5313084961453572e-14
CBA-SHADE,Ackley,100,28,2.5313084961453572e-14
CBA-SHADE,Ackley,100,29,2.5313084961453572e-14
CBA-SHADE,BentCigar,100,0,3.9902336559374566e-21
CBA-SHADE,BentCigar,100,1,4.456748094897237e-21
CBA-SHADE,BentCigar,100,2,3.1739578082803215e-21
CBA-SHADE,BentCigar,100,3,3.6788499731100015e-21
CBA-SHADE,BentCigar,100,4,2.5387870977114665e-21
CBA-SHADE,BentCigar,100,5,3.5571284147254636e-21
CBA-SHADE,BentCigar,100,6,3.800354050394602e-21
CBA-SHADE,BentCigar,100,7,3.0574025688661456e-21
CBA-SHADE,BentCigar,100,8,5.045068102353434e-21
CBA-SHADE,BentCigar,100,9,3.9732980847473275e-21
CBA-SHADE,BentCigar,100,10,3.3568691258331466e-21
CBA-SHADE,BentCigar,100,11,2.8052226706710557e-21
CBA-SHADE,BentCigar,100,12,3.978853591906089e-21
CBA-SHADE,BentCigar,100,13,3.621225537017874e-21
CBA-SHADE,BentCigar,100,14,2.578006936196869e-21
CBA-SHADE,BentCigar,100,15,3.1244329149920432e-21
CBA-SHADE,BentCigar,100,16,4.580748166099191e-21
CBA-SHADE,BentCigar,100,17,3.573601870223565e-21
CBA-SHADE,BentCigar,100,18,2.7469471028836265e-21
CBA-SHADE,BentCigar,100,19,3.486702979722277e-21
CBA-SHADE,BentCigar,100,20,4.226273245195041e-21
CBA-SHADE,BentCigar,100,21,2.720443808366134e-21
CBA-SHADE,BentCigar,100,22,3.296363476110983e-21
CBA-SHADE,BentCigar,100,23,3.102502603582204e-21
CBA-SHADE,BentCigar,100,24,3.3479445144439056e-21
CBA-SHADE,BentCigar,100,25,5.507370139142092e-21
CBA-SHADE,BentCigar,100,26,4.025316365544204e-21
CBA-SHADE,BentCigar,100,27,5.8123963872012046e-21
CBA-SHADE,BentCigar,100,28,2.281305976616773e-21
CBA-SHADE,BentCigar,100,29,3.9458444358894646e-21
CBA-SHADE,Composition,100,0,9.103828801927298e-15
CBA-SHADE,Composition,100,1,1.0880185641327659e-14
CBA-SHADE,Composition,100,2,1.2656542480728523e-14
CBA-SHADE,Composition,100,3,9.103828801927164e-15
CBA-SHADE,Composition,100,4,1.4432899320129777e-14
CBA-SHADE,Composition,100,5,1.2656542480728635e-14
CBA-SHADE,Composition,100,6,1.0880185641327946e-14
CBA-SHADE,Composition,100,7,1.088018564132819e-14
CBA-SHADE,Composition,100,8,1.4432899320129272e-14
CBA-SHADE,Composition,100,9,1.0880185641328162e-14
CBA-SHADE,Composition,100,10,1.443289932012937e-14
CBA-SHADE,Composition,100,11,1.0880185641328112e-14
CBA-SHADE,Composition,100,12,1.0880185641328023e-14
CBA-SHADE,Composition,100,13,1.4432899320129367e-14
CBA-SHADE,Composition,100,14,9.103828801927308e-15
CBA-SHADE,Composition,100,15,1.0880185641327987e-14
CBA-SHADE,Composition,100,16,1.0880185641327921e-14
CBA-SHADE,Composition,100,17,1.0880185641327826e-14
CBA-SHADE,Composition,100,18,1.0880185641328211e-14
CBA-SHADE,Composition,100,19,1.0880185641327687e-14
CBA-SHADE,Composition,100,20,1.0880185641327872e-14
CBA-SHADE,Composition,100,21,1.0880185641327851e-14
CBA-SHADE,Composition,100,22,1.0880185641328022e-14
CBA-SHADE,Composition,100,23,1.4432899320129386e-14
CBA-SHADE,Composition,100,24,1.0880185641328132e-14
CBA-SHADE,Composition,100,25,9.103828801927356e-15
CBA-SHADE,Composition,100,26,1.0880185641328038e-14
CBA-SHADE,Composition,100,27,1.0880185641327695e-14
CBA-SHADE,Composition,100,28,9.10382880192738e-15
CBA-SHADE,Composition,100,29,9.103828801927252e-15
CBA-SHADE,DynamicSphere,100,0,0.2878046723531495
CBA-SHADE,DynamicSphere,100,1,0.1889885338916161
CBA-SHADE,DynamicSphere,100,2,0.3424670284457956
CBA-SHADE,DynamicSphere,100,3,0.2614799715383669
CBA-SHADE,DynamicSphere,100,4,0.2936468704975432
CBA-SHADE,DynamicSphere,100,5,0.3300283046965589
CBA-SHADE,DynamicSphere,100,6,0.3331815363016761
CBA-SHADE,DynamicSphere,100,7,0.3230283079619259
CBA-SHADE,DynamicSphere,100,8,0.3073867766134736
CBA-SHADE,DynamicSphere,100,9,0.3241940021103488
CBA-SHADE,DynamicSphere,100,10,0.3064909720100082
CBA-SHADE,DynamicSphere,100,11,0.3247661857472873
CBA-SHADE,DynamicSphere,100,12,0.3107937851254294
CBA-SHADE,DynamicSphere,100,13,0.2388759607105544
CBA-SHADE,DynamicSphere,100,14,0.2171348468367807
CBA-SHADE,DynamicSphere,100,15,0.2791168116845822
CBA-SHADE,DynamicSphere,100,16,0.2873722124378726
CBA-SHADE,DynamicSphere,100,17,0.2355682782288757
CBA-SHADE,DynamicSphere,100,18,0.3844968841292656
CBA-SHADE,DynamicSphere,100,19,0.35061411833421
CBA-SHADE,DynamicSphere,100,20,0.317374526381142
CBA-SHADE,DynamicSphere,100,21,0.2708754158445763
CBA-SHADE,DynamicSphere,100,22,0.3299154402005942
CBA-SHADE,DynamicSphere,100,23,0.3844234136887633
CBA-SHADE,DynamicSphere,100,24,0.3494016470882921
CBA-SHADE,DynamicSphere,100,25,0.3142802429938663
CBA-SHADE,DynamicSphere,100,26,0.2808490738088557
CBA-SHADE,DynamicSphere,100,27,0.330586342023168
CBA-SHADE,DynamicSphere,100,28,0.2182316845923055
CBA-SHADE,DynamicSphere,100,29,0.2816640715626973
CBA-SHADE,Griewank,100,0,1.1102230246251563e-16
CBA-SHADE,Griewank,100,1,0.0
CBA-SHADE,Griewank,100,2,4.440892098500626e-16
CBA-SHADE,Griewank,100,3,8.881784197001252e-16
CBA-SHADE,Griewank,100,4,0.0
CBA-SHADE,Griewank,100,5,0.0073960403341152
CBA-SHADE,Griewank,100,6,0.0
CBA-SHADE,Griewank,100,7,0.0
CBA-SHADE,Griewank,100,8,5.551115123125784e-16
CBA-SHADE,Griewank,100,9,0.0098646720610061
CBA-SHADE,Griewank,100,10,1.1102230246251563e-16
CBA-SHADE,Griewank,100,11,3.3306690738754696e-16
CBA-SHADE,Griewank,100,12,1.1102230246251563e-16
CBA-SHADE,Griewank,100,13,0.0
CBA-SHADE,Griewank,100,14,1.1102230246251563e-16
CBA-SHADE,Griewank,100,15,0.0123160725192621
CBA-SHADE,Griewank,100,16,3.3306690738754696e-16
CBA-SHADE,Griewank,100,17,1.1102230246251563e-16
CBA-SHADE,Griewank,100,18,0.0
CBA-SHADE,Griewank,100,19,0.0
CBA-SHADE,Griewank,100,20,0.0
CBA-SHADE,Griewank,100,21,7.771561172376097e-16
CBA-SHADE,Griewank,100,22,0.0
CBA-SHADE,Griewank,100,23,0.0073960403341151
CBA-SHADE,Griewank,100,24,3.3306690738754696e-16
CBA-SHADE,Griewank,100,25,0.0
CBA-SHADE,Griewank,100,26,2.220446049250313e-16
CBA-SHADE,Griewank,100,27,0.0
CBA-SHADE,Griewank,100,28,0.0
CBA-SHADE,Griewank,100,29,6.661338147750939e-16
CBA-SHADE,Levy,100,0,0.089528250416441
CBA-SHADE,Levy,100,1,0.0895282504164409
CBA-SHADE,Levy,100,2,0.089528250416441
CBA-SHADE,Levy,100,3,0.1790565008328819
CBA-SHADE,Levy,100,4,0.2685847512493229
CBA-SHADE,Levy,100,5,0.1790565008328819
CBA-SHADE,Levy,100,6,0.089528250416441
CBA-SHADE,Levy,100,7,2.0682068332908506e-29
CBA-SHADE,Levy,100,8,2.343297203832528e-29
CBA-SHADE,Levy,100,9,0.2685847512493229
CBA-SHADE,Levy,100,10,0.0895282504164409
CBA-SHADE,Levy,100,11,0.089528250416441
CBA-SHADE,Levy,100,12,2.1932787375098858e-29
CBA-SHADE,Levy,100,13,2.2226408346893e-29
CBA-SHADE,Levy,100,14,0.089528250416441
CBA-SHADE,Levy,100,15,0.2685847512493229
CBA-SHADE,Levy,100,16,1.9435541409646725e-29
CBA-SHADE,Levy,100,17,1.984826856769585e-29
CBA-SHADE,Levy,100,18,2.0482862855338402e-29
CBA-SHADE,Levy,100,19,0.089528250416441
CBA-SHADE,Levy,100,20,2.1327993446562698e-29
CBA-SHADE,Levy,100,21,0.1790565008328819
CBA-SHADE,Levy,100,22,0.089528250416441
CBA-SHADE,Levy,100,23,0.0895282504164409
CBA-SHADE,Levy,100,24,0.5438522690072148
CBA-SHADE,Levy,100,25,0.089528250416441
CBA-SHADE,Levy,100,26,2.1626801662917846e-29
CBA-SHADE,Levy,100,27,0.089528250416441
CBA-SHADE,Levy,100,28,0.179056500832882
CBA-SHADE,Levy,100,29,1.9835942616051768e-29
CBA-SHADE,NoisyRastrigin,100,0,12.08281991982336
CBA-SHADE,NoisyRastrigin,100,1,12.197195697892154
CBA-SHADE,NoisyRastrigin,100,2,14.344314924302214
CBA-SHADE,NoisyRastrigin,100,3,12.809691166832556
CBA-SHADE,NoisyRastrigin,100,4,15.03740597706231
CBA-SHADE,NoisyRastrigin,100,5,13.572392768189586
CBA-SHADE,NoisyRastrigin,100,6,14.404521878710854
CBA-SHADE,NoisyRastrigin,100,7,11.71616654422489
CBA-SHADE,NoisyRastrigin,100,8,12.047564471599092
CBA-SHADE,NoisyRastrigin,100,9,12.785379943385
CBA-SHADE,NoisyRastrigin,100,10,12.148089326372654
CBA-SHADE,NoisyRastrigin,100,11,14.115683816165095
CBA-SHADE,NoisyRastrigin,100,12,12.981408432882326
CBA-SHADE,NoisyRastrigin,100,13,13.220782168043645
CBA-SHADE,NoisyRastrigin,100,14,15.409271114988078
CBA-SHADE,NoisyRastrigin,100,15,12.435030267205104
CBA-SHADE,NoisyRastrigin,100,16,15.68973079872814
CBA-SHADE,NoisyRastrigin,100,17,12.47291377917776
CBA-SHADE,NoisyRastrigin,100,18,12.749852650696027
CBA-SHADE,NoisyRastrigin,100,19,15.425403219851844
CBA-SHADE,NoisyRastrigin,100,20,12.92286484231837
CBA-SHADE,NoisyRastrigin,100,21,13.810354889418273
CBA-SHADE,NoisyRastrigin,100,22,12.016313330533256
CBA-SHADE,NoisyRastrigin,100,23,13.088881151273316
CBA-SHADE,NoisyRastrigin,100,24,15.196691838255228
CBA-SHADE,NoisyRastrigin,100,25,15.350447176993168
CBA-SHADE,NoisyRastrigin,100,26,13.351250671776198
CBA-SHADE,NoisyRastrigin,100,27,14.662099346688382
CBA-SHADE,NoisyRastrigin,100,28,13.471973268654189
CBA-SHADE,NoisyRastrigin,100,29,14.18658538604886
CBA-SHADE,NoisySphere,100,0,0.0797941754328638
CBA-SHADE,NoisySphere,100,1,0.0839757576176287
CBA-SHADE,NoisySphere,100,2,0.0778620856437049
CBA-SHADE,NoisySphere,100,3,0.0756873353924531
CBA-SHADE,NoisySphere,100,4,0.0924737604506999
CBA-SHADE,NoisySphere,100,5,0.0643619875725225
CBA-SHADE,NoisySphere,100,6,0.0712701988943344
CBA-SHADE,NoisySphere,100,7,0.0692863851329677
CBA-SHADE,NoisySphere,100,8,0.0866599694014402
CBA-SHADE,NoisySphere,100,9,0.0709432166490769
CBA-SHADE,NoisySphere,100,10,0.0786975923563656
CBA-SHADE,NoisySphere,100,11,0.0721327554694343
CBA-SHADE,NoisySphere,100,12,0.0794214550431961
CBA-SHADE,NoisySphere,100,13,0.0837478511597566
CBA-SHADE,NoisySphere,100,14,0.072032479984019
CBA-SHADE,NoisySphere,100,15,0.0594190007903689
CBA-SHADE,NoisySphere,100,16,0.0651435626621237
CBA-SHADE,NoisySphere,100,17,0.0692667157445321
CBA-SHADE,NoisySphere,100,18,0.0780307951727863
CBA-SHADE,NoisySphere,100,19,0.0918727418144127
CBA-SHADE,NoisySphere,100,20,0.0704448672499341
CBA-SHADE,NoisySphere,100,21,0.081867167667674
CBA-SHADE,NoisySphere,100,22,0.0680970019488816
CBA-SHADE,NoisySphere,100,23,0.0592031254957581
CBA-SHADE,NoisySphere,100,24,0.0772510583334122
CBA-SHADE,NoisySphere,100,25,0.0771787691081633
CBA-SHADE,NoisySphere,100,26,0.0611035738152196
CBA-SHADE,NoisySphere,100,27,0.06361798765555
CBA-SHADE,NoisySphere,100,28,0.0727476688969469
CBA-SHADE,NoisySphere,100,29,0.0584565392686555
CBA-SHADE,Rosenbrock,100,0,73.95287564294021
CBA-SHADE,Rosenbrock,100,1,74.78774173334922
CBA-SHADE,Rosenbrock,100,2,79.18628244510269
CBA-SHADE,Rosenbrock,100,3,77.38645045162296
CBA-SHADE,Rosenbrock,100,4,76.9653014292763
CBA-SHADE,Rosenbrock,100,5,114.0417249917446
CBA-SHADE,Rosenbrock,100,6,71.93332287276166
CBA-SHADE,Rosenbrock,100,7,52.54103200918225
CBA-SHADE,Rosenbrock,100,8,71.478586869363
CBA-SHADE,Rosenbrock,100,9,71.58978626111438
CBA-SHADE,Rosenbrock,100,10,77.00695269509588
CBA-SHADE,Rosenbrock,100,11,81.93073007074216
CBA-SHADE,Rosenbrock,100,12,74.65888657479962
CBA-SHADE,Rosenbrock,100,13,75.53223034242714
CBA-SHADE,Rosenbrock,100,14,71.48385318313899
CBA-SHADE,Rosenbrock,100,15,78.04465744439237
CBA-SHADE,Rosenbrock,100,16,73.96550240011199
CBA-SHADE,Rosenbrock,100,17,74.507589861047
CBA-SHADE,Rosenbrock,100,18,74.56484929612971
CBA-SHADE,Rosenbrock,100,19,73.54123081705764
CBA-SHADE,Rosenbrock,100,20,77.07123179837544
CBA-SHADE,Rosenbrock,100,21,125.375900050363
CBA-SHADE,Rosenbrock,100,22,73.01436300622541
CBA-SHADE,Rosenbrock,100,23,73.73812899597364
CBA-SHADE,Rosenbrock,100,24,74.47351072811875
CBA-SHADE,Rosenbrock,100,25,70.28864327401867
CBA-SHADE,Rosenbrock,100,26,72.37592174975768
CBA-SHADE,Rosenbrock,100,27,75.73001840430022
CBA-SHADE,Rosenbrock,100,28,75.14549566093007
CBA-SHADE,Rosenbrock,100,29,73.91111762030452
CBA-SHADE,RotatedElliptic,100,0,468899.9418718561
CBA-SHADE,RotatedElliptic,100,1,375668.3474041483
CBA-SHADE,RotatedElliptic,100,2,445662.6279612412
CBA-SHADE,RotatedElliptic,100,3,495333.4565815562
CBA-SHADE,RotatedElliptic,100,4,425768.9886139425
CBA-SHADE,RotatedElliptic,100,5,563919.8724292674
CBA-SHADE,RotatedElliptic,100,6,443787.49016871786
CBA-SHADE,RotatedElliptic,100,7,250679.8038855357
CBA-SHADE,RotatedElliptic,100,8,411189.9480481776
CBA-SHADE,RotatedElliptic,100,9,581026.9517426008
CBA-SHADE,RotatedElliptic,100,10,544247.689479004
CBA-SHADE,RotatedElliptic,100,11,483539.8171552817
CBA-SHADE,RotatedElliptic,100,12,317410.813134742
CBA-SHADE,RotatedElliptic,100,13,423543.5546282987
CBA-SHADE,RotatedElliptic,100,14,621091.352004128
CBA-SHADE,RotatedElliptic,100,15,712832.0087513867
CBA-SHADE,RotatedElliptic,100,16,286099.00501123007
CBA-SHADE,RotatedElliptic,100,17,534834.085163676
CBA-SHADE,RotatedElliptic,100,18,568084.0436860808
CBA-SHADE,RotatedElliptic,100,19,353186.1402045721
CBA-SHADE,RotatedElliptic,100,20,390564.4821926557
CBA-SHADE,RotatedElliptic,100,21,386562.931640397
CBA-SHADE,RotatedElliptic,100,22,305514.4372366484
CBA-SHADE,RotatedElliptic,100,23,428565.24629757134
CBA-SHADE,RotatedElliptic,100,24,303557.09310999565
CBA-SHADE,RotatedElliptic,100,25,474806.9675087171
CBA-SHADE,RotatedElliptic,100,26,677519.9580932196
CBA-SHADE,RotatedElliptic,100,27,320125.3350991303
CBA-SHADE,RotatedElliptic,100,28,679789.1785184796
CBA-SHADE,RotatedElliptic,100,29,654908.6233707652
CBA-SHADE,Schwefel,100,0,186.298640047964
CBA-SHADE,Schwefel,100,1,73.82442150660063
CBA-SHADE,Schwefel,100,2,51.50655815382197
CBA-SHADE,Schwefel,100,3,57.19681651744759
CBA-SHADE,Schwefel,100,4,37.37426987131767
CBA-SHADE,Schwefel,100,5,55.29315503416001
CBA-SHADE,Schwefel,100,6,1.6607153736331384
CBA-SHADE,Schwefel,100,7,46.73746043281426
CBA-SHADE,Schwefel,100,8,126.42274915661255
CBA-SHADE,Schwefel,100,9,42.31061286332988
CBA-SHADE,Schwefel,100,10,58.34697111366404
CBA-SHADE,Schwefel,100,11,137.1615369470965
CBA-SHADE,Schwefel,100,12,137.4802467201007
CBA-SHADE,Schwefel,100,13,138.72934801504744
CBA-SHADE,Schwefel,100,14,24.91977037394099
CBA-SHADE,Schwefel,100,15,77.56612516112364
CBA-SHADE,Schwefel,100,16,49.45610228394799
CBA-SHADE,Schwefel,100,17,20.10120677013037
CBA-SHADE,Schwefel,100,18,8.790833566818037
CBA-SHADE,Schwefel,100,19,50.20528679366544
CBA-SHADE,Schwefel,100,20,76.57552346539887
CBA-SHADE,Schwefel,100,21,41.86616081713146
CBA-SHADE,Schwefel,100,22,128.79387906714692
CBA-SHADE,Schwefel,100,23,43.13095213667111
CBA-SHADE,Schwefel,100,24,119.98775997850316
CBA-SHADE,Schwefel,100,25,88.9101500654433
CBA-SHADE,Schwefel,100,26,10.53512122054235
CBA-SHADE,Schwefel,100,27,40.09523678194091
CBA-SHADE,Schwefel,100,28,195.5398903734313
CBA-SHADE,Schwefel,100,29,44.90966976915661
CBA-SHADE,Zakharov,100,0,0.0488983441567185
CBA-SHADE,Zakharov,100,1,0.0692004731776338
CBA-SHADE,Zakharov,100,2,0.05334476410763
CBA-SHADE,Zakharov,100,3,0.0330259150004132
CBA-SHADE,Zakharov,100,4,0.0270632461182374
CBA-SHADE,Zakharov,100,5,0.0084071756762874
CBA-SHADE,Zakharov,100,6,0.0824915446592441
CBA-SHADE,Zakharov,100,7,0.0398939997547074
CBA-SHADE,Zakharov,100,8,0.0389043433055232
CBA-SHADE,Zakharov,100,9,0.094229737945071
CBA-SHADE,Zakharov,100,10,0.0377591570179919
CBA-SHADE,Zakharov,100,11,0.0328247315428296
CBA-SHADE,Zakharov,100,12,0.0310008368160723
CBA-SHADE,Zakharov,100,13,0.1035986284249962
CBA-SHADE,Zakharov,100,14,0.0468999052976669
CBA-SHADE,Zakharov,100,15,0.0213723922831981
CBA-SHADE,Zakharov,100,16,0.0122414075069366
CBA-SHADE,Zakharov,100,17,0.0762355585643079
CBA-SHADE,Zakharov,100,18,0.0467520276135403
CBA-SHADE,Zakharov,100,19,0.0212989866631882
CBA-SHADE,Zakharov,100,20,0.0438718838849934
CBA-SHADE,Zakharov,100,21,0.0479302996314731
CBA-SHADE,Zakharov,100,22,0.02539792140314
CBA-SHADE,Zakharov,100,23,0.0518997555643141
CBA-SHADE,Zakharov,100,24,0.1093487377508632
CBA-SHADE,Zakharov,100,25,0.008819064051619
CBA-SHADE,Zakharov,100,26,0.009498927937198
CBA-SHADE,Zakharov,100,27,0.2130672428295881
CBA-SHADE,Zakharov,100,28,0.0476970738909876
CBA-SHADE,Zakharov,100,29,0.0212067582236598
L-SHADE,Ackley,100,0,8.410183216511768e-09
L-SHADE,Ackley,100,1,1.6279468884050633e-08
L-SHADE,Ackley,100,2,7.618542685605691e-09
L-SHADE,Ackley,100,3,1.2470686261423225e-08
L-SHADE,Ackley,100,4,1.528271953432636e-08
L-SHADE,Ackley,100,5,5.032639638358205e-09
L-SHADE,Ackley,100,6,9.899811193037069e-09
L-SHADE,Ackley,100,7,4.143562382097343e-09
L-SHADE,Ackley,100,8,6.950273689909636e-09
L-SHADE,Ackley,100,9,1.4597628439361188e-08
L-SHADE,Ackley,100,10,6.574950806026436e-09
L-SHADE,Ackley,100,11,1.0732197797125307e-08
L-SHADE,Ackley,100,12,5.927891510992822e-09
L-SHADE,Ackley,100,13,1.8793344214174112e-08
L-SHADE,Ackley,100,14,8.381956906333698e-09
L-SHADE,Ackley,100,15,1.1078189476876332e-08
L-SHADE,Ackley,100,16,1.8920339517336515e-08
L-SHADE,Ackley,100,17,1.1992526527393466e-08
L-SHADE,Ackley,100,18,1.6657488277616043e-08
L-SHADE,Ackley,100,19,1.5084293369937996e-08
L-SHADE,Ackley,100,20,7.389723055695185e-09
L-SHADE,Ackley,100,21,1.8507066545936368e-08
L-SHADE,Ackley,100,22,1.1412386147213738e-08
L-SHADE,Ackley,100,23,7.137352486807913e-09
L-SHADE,Ackley,100,24,1.1292577983823548e-08
L-SHADE,Ackley,100,25,1.8544433988409992e-08
L-SHADE,Ackley,100,26,6.369689220520058e-09
L-SHADE,Ackley,100,27,1.3725735659164684e-08
L-SHADE,Ackley,100,28,2.0396701660985173e-08
L-SHADE,Ackley,100,29,7.335771545768921e-09
L-SHADE,BentCigar,100,0,3.216214601448322e-05
L-SHADE,BentCigar,100,1,0.0002013684450281
L-SHADE,BentCigar,100,2,1.6581116563456935e-05
L-SHADE,BentCigar,100,3,5.396631202447469e-05
L-SHADE,BentCigar,100,4,2.332707997890508e-05
L-SHADE,BentCigar,100,5,4.497714376089346e-07
L-SHADE,BentCigar,100,6,4.862612141340752e-05
L-SHADE,BentCigar,100,7,7.142397953277356e-05
L-SHADE,BentCigar,100,8,3.242415418639508e-05
L-SHADE,BentCigar,100,9,0.0001881746634855
L-SHADE,BentCigar,100,10,1.17581979690444e-05
L-SHADE,BentCigar,100,11,3.949496977803559e-05
L-SHADE,BentCigar,100,12,0.0001707442916121
L-SHADE,BentCigar,100,13,6.13394464223328e-06
L-SHADE,BentCigar,100,14,9.14874010251857e-05
L-SHADE,BentCigar,100,15,3.883744776163577e-05
L-SHADE,BentCigar,100,16,2.6964478597593483e-05
L-SHADE,BentCigar,100,17,4.178198572324608e-05
L-SHADE,BentCigar,100,18,2.1392747786705385e-05
L-SHADE,BentCigar,100,19,6.067277306800294e-05
L-SHADE,BentCigar,100,20,5.115527353578966e-05
L-SHADE,BentCigar,100,21,9.050001026294988e-06
L-SHADE,BentCigar,100,22,3.0518086785205576e-05
L-SHADE,BentCigar,100,23,0.0001137899006748
L-SHADE,BentCigar,100,24,1.964771728753065e-05
L-SHADE,BentCigar,100,25,3.985369701803034e-05
L-SHADE,BentCigar,100,26,7.920242257380636e-05
L-SHADE,BentCigar,100,27,1.6080393790760774e-05
L-SHADE,BentCigar,100,28,0.0001504922068805
L-SHADE,BentCigar,100,29,5.9527496620446624e-05
L-SHADE,Composition,100,0,1.8518014744837077e-08
L-SHADE,Composition,100,1,1.219937070874976e-08
L-SHADE,Composition,100,2,1.8676586640901844e-08
L-SHADE,Composition,100,3,1.5262006350429508e-08
L-SHADE,Composition,100,4,2.8541986298954883e-08
L-SHADE,Composition,100,5,1.558054278167666e-08
L-SHADE,Composition,100,6,1.3612550071937633e-08
L-SHADE,Composition,100,7,6.099097026116805e-09
L-SHADE,Composition,100,8,8.581401621652093e-09
L-SHADE,Composition,100,9,1.5709840293874635e-08
L-SHADE,Composition,100,10,1.4568068739651181e-08
L-SHADE,Composition,100,11,1.8139831753150613e-08
L-SHADE,Composition,100,12,2.096084055959578e-08
L-SHADE,Composition,100,13,1.441524337632013e-08
L-SHADE,Composition,100,14,1.4703681199462265e-08
L-SHADE,Composition,100,15,1.3225879690844014e-08
L-SHADE,Composition,100,16,1.6115384497998207e-08
L-SHADE,Composition,100,17,7.86368758579549e-09
L-SHADE,Composition,100,18,2.0128506818713932e-08
L-SHADE,Composition,100,19,1.47323285167516e-08
L-SHADE,Composition,100,20,1.7384089282026023e-08
L-SHADE,Composition,100,21,1.3038770634451364e-08
L-SHADE,Composition,100,22,1.4245640317246464e-08
L-SHADE,Composition,100,23,5.624925143701349e-09
L-SHADE,Composition,100,24,1.6585190217848533e-08
L-SHADE,Composition,100,25,1.3329839233022517e-08
L-SHADE,Composition,100,26,1.460964793935563e-08
L-SHADE,Composition,100,27,7.367863664952243e-09
L-SHADE,Composition,100,28,1.9898447176621832e-08
L-SHADE,Composition,100,29,7.909778725794883e-09
L-SHADE,DynamicSphere,100,0,10.315449233615237
L-SHADE,DynamicSphere,100,1,11.49028326617163
L-SHADE,DynamicSphere,100,2,9.30060118856555
L-SHADE,DynamicSphere,100,3,7.461674123361721
L-SHADE,DynamicSphere,100,4,10.545269693641783
L-SHADE,DynamicSphere,100,5,12.345175259742296
L-SHADE,DynamicSphere,100,6,13.55621288390259
L-SHADE,DynamicSphere,100,7,10.573065794345542
L-SHADE,DynamicSphere,100,8,13.198250575953775
L-SHADE,DynamicSphere,100,9,15.34138490581453
L-SHADE,DynamicSphere,100,10,9.703658010307906
L-SHADE,DynamicSphere,100,11,10.93538362076628
L-SHADE,DynamicSphere,100,12,11.73863943107914
L-SHADE,DynamicSphere,100,13,12.006284201635724
L-SHADE,DynamicSphere,100,14,11.861434542362744
L-SHADE,DynamicSphere,100,15,13.33576570808727
L-SHADE,DynamicSphere,100,16,11.433449933549907
L-SHADE,DynamicSphere,100,17,13.781317455563968
L-SHADE,DynamicSphere,100,18,11.238490164319249
L-SHADE,DynamicSphere,100,19,9.814949516699816
L-SHADE,DynamicSphere,100,20,9.332430104591335
L-SHADE,DynamicSphere,100,21,12.76445484654478
L-SHADE,DynamicSphere,100,22,10.675784026991831
L-SHADE,DynamicSphere,100,23,10.783547497197883
L-SHADE,DynamicSphere,100,24,8.911286282415597
L-SHADE,DynamicSphere,100,25,11.412351678275932
L-SHADE,DynamicSphere,100,26,10.08887713655546
L-SHADE,DynamicSphere,100,27,11.00645777171312
L-SHADE,DynamicSphere,100,28,10.498057232751597
L-SHADE,DynamicSphere,100,29,9.85347656794525
L-SHADE,Griewank,100,0,4.3520742565306136e-14
L-SHADE,Griewank,100,1,8.992806499463768e-15
L-SHADE,Griewank,100,2,7.105427357601002e-15
L-SHADE,Griewank,100,3,2.5091040356528535e-14
L-SHADE,Griewank,100,4,1.4099832412739488e-14
L-SHADE,Griewank,100,5,2.5868196473766147e-14
L-SHADE,Griewank,100,6,5.551115123125783e-15
L-SHADE,Griewank,100,7,1.3988810110276972e-14
L-SHADE,Griewank,100,8,1.1435297153639112e-14
L-SHADE,Griewank,100,9,2.6756374893466276e-14
L-SHADE,Griewank,100,10,1.2989609388114332e-14
L-SHADE,Griewank,100,11,1.0658141036401504e-14
L-SHADE,Griewank,100,12,1.6986412276764895e-14
L-SHADE,Griewank,100,13,7.66053886991358e-15
L-SHADE,Griewank,100,14,2.8754776337791554e-14
L-SHADE,Griewank,100,15,1.8651746813702633e-14
L-SHADE,Griewank,100,16,1.3211653993039364e-14
L-SHADE,Griewank,100,17,8.770761894538737e-15
L-SHADE,Griewank,100,18,1.0103029524088925e-14
L-SHADE,Griewank,100,19,7.549516567451064e-15
L-SHADE,Griewank,100,20,9.325873406851317e-15
L-SHADE,Griewank,100,21,4.2965631052993564e-14
L-SHADE,Griewank,100,22,1.1546319456101628e-14
L-SHADE,Griewank,100,23,2.0650148258027912e-14
L-SHADE,Griewank,100,24,1.1324274851176595e-14
L-SHADE,Griewank,100,25,3.6859404417555203e-14
L-SHADE,Griewank,100,26,3.6637359812630166e-15
L-SHADE,Griewank,100,27,1.0103029524088925e-14
L-SHADE,Griewank,100,28,3.497202527569243e-14
L-SHADE,Griewank,100,29,4.107825191113079e-14
L-SHADE,Levy,100,0,1.928660391377922e-16
L-SHADE,Levy,100,1,5.38498043244675e-16
L-SHADE,Levy,100,2,3.21019501726947e-16
L-SHADE,Levy,100,3,4.403790896589431e-16
L-SHADE,Levy,100,4,4.67324291838336e-16
L-SHADE,Levy,100,5,5.451029393345469e-16
L-SHADE,Levy,100,6,1.743869650700294e-16
L-SHADE,Levy,100,7,3.5873984339605233e-16
L-SHADE,Levy,100,8,2.0822614021036883e-16
L-SHADE,Levy,100,9,3.4153610937975267e-16
L-SHADE,Levy,100,10,1.6749871263593863e-16
L-SHADE,Levy,100,11,2.1943207206545915e-16
L-SHADE,Levy,100,12,4.001981495393322e-16
L-SHADE,Levy,100,13,2.223917706150726e-16
L-SHADE,Levy,100,14,3.6026372206232403e-16
L-SHADE,Levy,100,15,3.0845189352703317e-16
L-SHADE,Levy,100,16,4.657602171553504e-16
L-SHADE,Levy,100,17,1.9569956933757083e-16
L-SHADE,Levy,100,18,3.255338238165553e-16
L-SHADE,Levy,100,19,6.663214340110608e-17
L-SHADE,Levy,100,20,1.2071912168700898e-16
L-SHADE,Levy,100,21,1.9949887934005227e-16
L-SHADE,Levy,100,22,3.0463788752228073e-16
L-SHADE,Levy,100,23,1.177858086894884e-16
L-SHADE,Levy,100,24,1.462022758662998e-16
L-SHADE,Levy,100,25,5.82525275721478e-16
L-SHADE,Levy,100,26,3.3619597333921553e-16
L-SHADE,Levy,100,27,8.855720868214598e-16
L-SHADE,Levy,100,28,3.970299078687353e-16
L-SHADE,Levy,100,29,8.35498210924844e-17
L-SHADE,NoisyRastrigin,100,0,96.46525487881183
L-SHADE,NoisyRastrigin,100,1,101.39955453767348
L-SHADE,NoisyRastrigin,100,2,105.48426463455634
L-SHADE,NoisyRastrigin,100,3,110.99802931788044
L-SHADE,NoisyRastrigin,100,4,95.35549183584033
L-SHADE,NoisyRastrigin,100,5,104.1221874843559
L-SHADE,NoisyRastrigin,100,6,105.0052446785921
L-SHADE,NoisyRastrigin,100,7,86.64987286872052
L-SHADE,NoisyRastrigin,100,8,101.16911158629256
L-SHADE,NoisyRastrigin,100,9,82.92403811923619
L-SHADE,NoisyRastrigin,100,10,105.00578597254996
L-SHADE,NoisyRastrigin,100,11,100.95426912480318
L-SHADE,NoisyRastrigin,100,12,85.88826720719308
L-SHADE,NoisyRastrigin,100,13,108.27256293884014
L-SHADE,NoisyRastrigin,100,14,89.67720501372233
L-SHADE,NoisyRastrigin,100,15,104.77234063839292
L-SHADE,NoisyRastrigin,100,16,99.6544339959266
L-SHADE,NoisyRastrigin,100,17,108.81048666123496
L-SHADE,NoisyRastrigin,100,18,92.11420994521232
L-SHADE,NoisyRastrigin,100,19,113.09520233819852
L-SHADE,NoisyRastrigin,100,20,92.10659836777091
L-SHADE,NoisyRastrigin,100,21,99.70402691729214
L-SHADE,NoisyRastrigin,100,22,101.5636187808974
L-SHADE,NoisyRastrigin,100,23,94.01857748487488
L-SHADE,NoisyRastrigin,100,24,94.91873948496506
L-SHADE,NoisyRastrigin,100,25,94.00136359245862
L-SHADE,NoisyRastrigin,100,26,94.07303011356233
L-SHADE,NoisyRastrigin,100,27,93.10954947881308
L-SHADE,NoisyRastrigin,100,28,84.83090183658244
L-SHADE,NoisyRastrigin,100,29,87.16076508909924
L-SHADE,NoisySphere,100,0,0.0355715502151712
L-SHADE,NoisySphere,100,1,0.03489383401043
L-SHADE,NoisySphere,100,2,0.0356494231364685
L-SHADE,NoisySphere,100,3,0.033033469404309
L-SHADE,NoisySphere,100,4,0.04010513334444
L-SHADE,NoisySphere,100,5,0.0343800885237815
L-SHADE,NoisySphere,100,6,0.026573195401617
L-SHADE,NoisySphere,100,7,0.0376627645090744
L-SHADE,NoisySphere,100,8,0.0256329266597395
L-SHADE,NoisySphere,100,9,0.0261069246563176
L-SHADE,NoisySphere,100,10,0.0359297652090275
L-SHADE,NoisySphere,100,11,0.0295214882698112
L-SHADE,NoisySphere,100,12,0.032369190562132
L-SHADE,NoisySphere,100,13,0.0367310597400467
L-SHADE,NoisySphere,100,14,0.0444352475114898
L-SHADE,NoisySphere,100,15,0.0315761272690162
L-SHADE,NoisySphere,100,16,0.0286224804460325
L-SHADE,NoisySphere,100,17,0.032085776313137
L-SHADE,NoisySphere,100,18,0.0371239714904045
L-SHADE,NoisySphere,100,19,0.0367021671712635
L-SHADE,NoisySphere,100,20,0.0372832992438279
L-SHADE,NoisySphere,100,21,0.0275652862517986
L-SHADE,NoisySphere,100,22,0.0237674172551089
L-SHADE,NoisySphere,100,23,0.0327229382503234
L-SHADE,NoisySphere,100,24,0.0376138393477048
L-SHADE,NoisySphere,100,25,0.0321822769670215
L-SHADE,NoisySphere,100,26,0.0297116176904139
L-SHADE,NoisySphere,100,27,0.0357328902394052
L-SHADE,NoisySphere,100,28,0.0393763337192216
L-SHADE,NoisySphere,100,29,0.0465297750236349
L-SHADE,Rosenbrock,100,0,90.34586288516527
L-SHADE,Rosenbrock,100,1,144.9388637324833
L-SHADE,Rosenbrock,100,2,88.41425258844625
L-SHADE,Rosenbrock,100,3,89.7673943737357
L-SHADE,Rosenbrock,100,4,146.58727685754246
L-SHADE,Rosenbrock,100,5,151.94884913097633
L-SHADE,Rosenbrock,100,6,91.04551195984608
L-SHADE,Rosenbrock,100,7,147.45475644766023
L-SHADE,Rosenbrock,100,8,88.41619933803621
L-SHADE,Rosenbrock,100,9,95.19197423127386
L-SHADE,Rosenbrock,100,10,91.73133467475138
L-SHADE,Rosenbrock,100,11,92.07748331178904
L-SHADE,Rosenbrock,100,12,90.92893062684234
L-SHADE,Rosenbrock,100,13,90.40722687380702
L-SHADE,Rosenbrock,100,14,91.35742984995318
L-SHADE,Rosenbrock,100,15,86.65268273986351
L-SHADE,Rosenbrock,100,16,94.54544232658642
L-SHADE,Rosenbrock,100,17,92.95040312812316
L-SHADE,Rosenbrock,100,18,149.64250489747425
L-SHADE,Rosenbrock,100,19,149.5646648730279
L-SHADE,Rosenbrock,100,20,89.8526573136174
L-SHADE,Rosenbrock,100,21,91.32567039688
L-SHADE,Rosenbrock,100,22,91.2899529278384
L-SHADE,Rosenbrock,100,23,150.02251441555833
L-SHADE,Rosenbrock,100,24,90.7845334838226
L-SHADE,Rosenbrock,100,25,147.75437591610546
L-SHADE,Rosenbrock,100,26,151.41484678846183
L-SHADE,Rosenbrock,100,27,93.58468057385916
L-SHADE,Rosenbrock,100,28,86.75678303041266
L-SHADE,Rosenbrock,100,29,88.30262973461848
L-SHADE,RotatedElliptic,100,0,779982.4253400989
L-SHADE,RotatedElliptic,100,1,949190.1848973988
L-SHADE,RotatedElliptic,100,2,1070102.5134335023
L-SHADE,RotatedElliptic,100,3,1159183.1553857971
L-SHADE,RotatedElliptic,100,4,680049.4119994781
L-SHADE,RotatedElliptic,100,5,1000246.391157798
L-SHADE,RotatedElliptic,100,6,1217858.9145767875
L-SHADE,RotatedElliptic,100,7,915320.958217358
L-SHADE,RotatedElliptic,100,8,934453.4777556492
L-SHADE,RotatedElliptic,100,9,1037086.289445378
L-SHADE,RotatedElliptic,100,10,998139.2653309182
L-SHADE,RotatedElliptic,100,11,729587.0337576818
L-SHADE,RotatedElliptic,100,12,1217174.6451810063
L-SHADE,RotatedElliptic,100,13,1384646.773461668
L-SHADE,RotatedElliptic,100,14,1231325.1177625158
L-SHADE,RotatedElliptic,100,15,632104.6404476694
L-SHADE,RotatedElliptic,100,16,692707.2261554799
L-SHADE,RotatedElliptic,100,17,960171.4695259484
L-SHADE,RotatedElliptic,100,18,1241494.498096926
L-SHADE,RotatedElliptic,100,19,1037164.104659251
L-SHADE,RotatedElliptic,100,20,590274.1135706337
L-SHADE,RotatedElliptic,100,21,786650.6001177744
L-SHADE,RotatedElliptic,100,22,1310144.6559018616
L-SHADE,RotatedElliptic,100,23,1099897.0517046344
L-SHADE,RotatedElliptic,100,24,1046877.2297391082
L-SHADE,RotatedElliptic,100,25,1109760.328128854
L-SHADE,RotatedElliptic,100,26,1082443.6936613386
L-SHADE,RotatedElliptic,100,27,915869.845553198
L-SHADE,RotatedElliptic,100,28,1129184.9513432274
L-SHADE,RotatedElliptic,100,29,884398.6407000328
L-SHADE,Schwefel,100,0,5935.495528422813
L-SHADE,Schwefel,100,1,5185.796661046923
L-SHADE,Schwefel,100,2,4410.36368538942
L-SHADE,Schwefel,100,3,5317.638661611534
L-SHADE,Schwefel,100,4,5046.791376626141
L-SHADE,Schwefel,100,5,4983.339582854736
L-SHADE,Schwefel,100,6,5039.579431008962
L-SHADE,Schwefel,100,7,5573.3678562891
L-SHADE,Schwefel,100,8,5049.641120358494
L-SHADE,Schwefel,100,9,5467.486003504317
L-SHADE,Schwefel,100,10,5384.929588069463
L-SHADE,Schwefel,100,11,5406.759966479622
L-SHADE,Schwefel,100,12,5805.984364790733
L-SHADE,Schwefel,100,13,4838.222897001302
L-SHADE,Schwefel,100,14,5939.5251982527625
L-SHADE,Schwefel,100,15,6249.715865497805
L-SHADE,Schwefel,100,16,4983.651571443603
L-SHADE,Schwefel,100,17,5078.617384023157
L-SHADE,Schwefel,100,18,5410.623946297616
L-SHADE,Schwefel,100,19,5177.83527455166
L-SHADE,Schwefel,100,20,5364.128553218739
L-SHADE,Schwefel,100,21,5428.929004495658
L-SHADE,Schwefel,100,22,4969.155073613467
L-SHADE,Schwefel,100,23,5110.611252467024
L-SHADE,Schwefel,100,24,4952.18507586894
L-SHADE,Schwefel,100,25,5696.431713970036
L-SHADE,Schwefel,100,26,4854.408888133519
L-SHADE,Schwefel,100,27,4732.294057442545
L-SHADE,Schwefel,100,28,5080.148594815386
L-SHADE,Schwefel,100,29,5627.283060835805
L-SHADE,Zakharov,100,0,0.3171502946977486
L-SHADE,Zakharov,100,1,0.5068502153851403
L-SHADE,Zakharov,100,2,1.3476373889266322
L-SHADE,Zakharov,100,3,0.343673770057212
L-SHADE,Zakharov,100,4,0.233336270251126
L-SHADE,Zakharov,100,5,0.4035168371625223
L-SHADE,Zakharov,100,6,0.4045904386420307
L-SHADE,Zakharov,100,7,0.5015730546567475
L-SHADE,Zakharov,100,8,0.2811849671656116
L-SHADE,Zakharov,100,9,0.5079919343987005
L-SHADE,Zakharov,100,10,1.1051406226960503
L-SHADE,Zakharov,100,11,0.4538850107317246
L-SHADE,Zakharov,100,12,0.4315683859059183
L-SHADE,Zakharov,100,13,0.3980331238206945
L-SHADE,Zakharov,100,14,1.2412417855361928
L-SHADE,Zakharov,100,15,2.1155873700852426
L-SHADE,Zakharov,100,16,0.2098210776519755
L-SHADE,Zakharov,100,17,0.6229424127843419
L-SHADE,Zakharov,100,18,0.3808407727713684
L-SHADE,Zakharov,100,19,0.8678753587312855
L-SHADE,Zakharov,100,20,0.4479632623262907
L-SHADE,Zakharov,100,21,0.8784905132999065
L-SHADE,Zakharov,100,22,0.1884527148815654
L-SHADE,Zakharov,100,23,0.8463008054837732
L-SHADE,Zakharov,100,24,0.1753068830031416
L-SHADE,Zakharov,100,25,1.4255656849737066
L-SHADE,Zakharov,100,26,0.597169861503228
L-SHADE,Zakharov,100,27,1.1374590005784304
L-SHADE,Zakharov,100,28,0.613691735580896
L-SHADE,Zakharov,100,29,0.6112892762805013
jSO,Ackley,100,0,7.336535823299072e-10
jSO,Ackley,100,1,1.5649850304555455e-09
jSO,Ackley,100,2,1.6257186707946403e-09
jSO,Ackley,100,3,7.249458811031673e-10
jSO,Ackley,100,4,1.3688432609626486e-09
jSO,Ackley,100,5,1.1072178729421012e-09
jSO,Ackley,100,6,1.8762382758552576e-09
jSO,Ackley,100,7,2.238220719874562e-09
jSO,Ackley,100,8,9.979719273189858e-10
jSO,Ackley,100,9,1.5606294034853363e-09
jSO,Ackley,100,10,5.392419843985863e-10
jSO,Ackley,100,11,5.642992739751661e-10
jSO,Ackley,100,12,1.578225994336435e-09
jSO,Ackley,100,13,6.006222186272224e-10
jSO,Ackley,100,14,1.0557212881678881e-09
jSO,Ackley,100,15,4.917599660814176e-10
jSO,Ackley,100,16,7.768332643820485e-10
jSO,Ackley,100,17,4.2995695892500407e-10
jSO,Ackley,100,18,1.0967515784443547e-09
jSO,Ackley,100,19,1.449546704890281e-09
jSO,Ackley,100,20,1.8108612387379706e-09
jSO,Ackley,100,21,1.3734298143219803e-09
jSO,Ackley,100,22,8.750977720239915e-10
jSO,Ackley,100,23,1.3546714860979135e-09
jSO,Ackley,100,24,1.6455925511138503e-09
jSO,Ackley,100,25,3.0358724423251715e-09
jSO,Ackley,100,26,1.1321756865356747e-09
jSO,Ackley,100,27,6.56691145906052e-10
jSO,Ackley,100,28,1.596373255807748e-09
jSO,Ackley,100,29,1.0637077885178312e-09
jSO,BentCigar,100,0,2.6746131468139343e-09
jSO,BentCigar,100,1,3.134369862208093e-09
jSO,BentCigar,100,2,4.329275871753957e-08
jSO,BentCigar,100,3,2.280079317434864e-08
jSO,BentCigar,100,4,2.1190787600277585e-07
jSO,BentCigar,100,5,4.322662415660241e-09
jSO,BentCigar,100,6,1.0526598128775924e-08
jSO,BentCigar,100,7,3.9855215711803705e-09
jSO,BentCigar,100,8,8.083058963786571e-08
jSO,BentCigar,100,9,8.5559856937797e-08
jSO,BentCigar,100,10,1.1890492330669165e-08
jSO,BentCigar,100,11,9.308438237886213e-09
jSO,BentCigar,100,12,6.987490046389302e-09
jSO,BentCigar,100,13,1.9264737512275315e-08
jSO,BentCigar,100,14,1.013331512577475e-07
jSO,BentCigar,100,15,1.4226640216653364e-08
jSO,BentCigar,100,16,3.0631247849041184e-08
jSO,BentCigar,100,17,3.336785748848595e-09
jSO,BentCigar,100,18,7.593907110724327e-09
jSO,BentCigar,100,19,1.3676011750707268e-08
jSO,BentCigar,100,20,1.0695264791493274e-08
jSO,BentCigar,100,21,1.2712514791111854e-08
jSO,BentCigar,100,22,9.729513237275624e-09
jSO,BentCigar,100,23,2.2914849794789323e-08
jSO,BentCigar,100,24,9.58241785865017e-08
jSO,BentCigar,100,25,8.188137433948956e-10
jSO,BentCigar,100,26,7.266233338164007e-08
jSO,BentCigar,100,27,7.007576640654767e-09
jSO,BentCigar,100,28,3.1533451731813024e-08
jSO,BentCigar,100,29,3.9175845759604885e-09
jSO,Composition,100,0,2.0638586927888052e-09
jSO,Composition,100,1,8.041765112500905e-10
jSO,Composition,100,2,1.810102553278832e-09
jSO,Composition,100,3,1.751788308358609e-09
jSO,Composition,100,4,1.329777421409758e-09
jSO,Composition,100,5,1.4831445236025291e-09
jSO,Composition,100,6,1.513569964687513e-09
jSO,Composition,100,7,1.1330920806688887e-09
jSO,Composition,100,8,1.0204888175880799e-09
jSO,Composition,100,9,6.73342498541337e-10
jSO,Composition,100,10,1.2619525623704864e-09
jSO,Composition,100,11,5.976945649767587e-10
jSO,Composition,100,12,1.1730014909301501e-09
jSO,Composition,100,13,4.3704440305720803e-10
jSO,Composition,100,14,1.4267363101156408e-09
jSO,Composition,100,15,1.4152308464581484e-09
jSO,Composition,100,16,4.3953485537333396e-10
jSO,Composition,100,17,1.08826571458197e-09
jSO,Composition,100,18,1.9396185128668804e-09
jSO,Composition,100,19,9.544936066614662e-10
jSO,Composition,100,20,1.540604340458441e-09
jSO,Composition,100,21,9.73038772511608e-10
jSO,Composition,100,22,1.906414849228534e-09
jSO,Composition,100,23,6.8352102340374e-10
jSO,Composition,100,24,6.41307678773175e-10
jSO,Composition,100,25,1.293557504266722e-09
jSO,Composition,100,26,1.1723815423750203e-09
jSO,Composition,100,27,1.0934917565459987e-09
jSO,Composition,100,28,5.689655453941842e-10
jSO,Composition,100,29,1.1659156032906031e-09
jSO,DynamicSphere,100,0,22.384021912500923
jSO,DynamicSphere,100,1,19.202217905997163
jSO,DynamicSphere,100,2,18.17347252826977
jSO,DynamicSphere,100,3,15.729071436270518
jSO,DynamicSphere,100,4,16.74492127347235
jSO,DynamicSphere,100,5,25.075854970894294
jSO,DynamicSphere,100,6,14.914800457678602
jSO,DynamicSphere,100,7,20.94898646851264
jSO,DynamicSphere,100,8,27.577299348299206
jSO,DynamicSphere,100,9,19.200728053918688
jSO,DynamicSphere,100,10,23.455776054106977
jSO,DynamicSphere,100,11,21.38788789788808
jSO,DynamicSphere,100,12,21.578899117440724
jSO,DynamicSphere,100,13,19.11667431468125
jSO,DynamicSphere,100,14,17.177301992522462
jSO,DynamicSphere,100,15,27.22251360388833
jSO,DynamicSphere,100,16,16.914261333933972
jSO,DynamicSphere,100,17,24.36934967564916
jSO,DynamicSphere,100,18,20.389211279050947
jSO,DynamicSphere,100,19,21.839157285493645
jSO,DynamicSphere,100,20,22.051833948413822
jSO,DynamicSphere,100,21,19.055244048372263
jSO,DynamicSphere,100,22,22.915268484291
jSO,DynamicSphere,100,23,28.17435510859804
jSO,DynamicSphere,100,24,27.32489961037104
jSO,DynamicSphere,100,25,16.422341353651248
jSO,DynamicSphere,100,26,20.371013215500827
jSO,DynamicSphere,100,27,27.99010665837124
jSO,DynamicSphere,100,28,17.536268583948925
jSO,DynamicSphere,100,29,17.36935240421498
jSO,Griewank,100,0,4.440892098500626e-16
jSO,Griewank,100,1,1.4432899320127037e-15
jSO,Griewank,100,2,6.661338147750939e-16
jSO,Griewank,100,3,1.1102230246251563e-15
jSO,Griewank,100,4,1.2212453270876722e-15
jSO,Griewank,100,5,1.9984014443252818e-15
jSO,Griewank,100,6,1.6653345369377348e-15
jSO,Griewank,100,7,3.1086244689504387e-15
jSO,Griewank,100,8,3.996802888650564e-15
jSO,Griewank,100,9,1.9984014443252818e-15
jSO,Griewank,100,10,2.3314683517128287e-15
jSO,Griewank,100,11,2.1094237467877974e-15
jSO,Griewank,100,12,1.6653345369377348e-15
jSO,Griewank,100,13,1.5543122344752194e-15
jSO,Griewank,100,14,1.3322676295501878e-15
jSO,Griewank,100,15,1.6653345369377348e-15
jSO,Griewank,100,16,1.5543122344752194e-15
jSO,Griewank,100,17,2.220446049250313e-15
jSO,Griewank,100,18,1.9984014443252818e-15
jSO,Griewank,100,19,1.4432899320127037e-15
jSO,Griewank,100,20,1.2212453270876722e-15
jSO,Griewank,100,21,2.220446049250313e-15
jSO,Griewank,100,22,1.7763568394002505e-15
jSO,Griewank,100,23,0.0073960403341161
jSO,Griewank,100,24,1.7763568394002505e-15
jSO,Griewank,100,25,9.992007221626409e-16
jSO,Griewank,100,26,1.5543122344752194e-15
jSO,Griewank,100,27,7.771561172376097e-16
jSO,Griewank,100,28,1.9984014443252818e-15
jSO,Griewank,100,29,3.1086244689504387e-15
jSO,Levy,100,0,1.0865058006294269e-17
jSO,Levy,100,1,1.021102882597633e-17
jSO,Levy,100,2,2.0313217026125125e-18
jSO,Levy,100,3,0.0895282504164412
jSO,Levy,100,4,1.463301277343995e-18
jSO,Levy,100,5,2.9610785456771797e-18
jSO,Levy,100,6,2.369033885032859e-18
jSO,Levy,100,7,2.6648729379731917e-18
jSO,Levy,100,8,3.502260435033975e-18
jSO,Levy,100,9,1.3920230375314164e-18
jSO,Levy,100,10,1.8294193389109437e-18
jSO,Levy,100,11,2.96184946330735e-18
jSO,Levy,100,12,5.245138913251782e-18
jSO,Levy,100,13,2.730890458381463e-18
jSO,Levy,100,14,4.928981411425404e-19
jSO,Levy,100,15,4.4399978992722974e-18
jSO,Levy,100,16,2.4669490380247472e-18
jSO,Levy,100,17,1.4468209041843185e-18
jSO,Levy,100,18,4.359079650480044e-18
jSO,Levy,100,19,3.2018506859914453e-18
jSO,Levy,100,20,3.068317380806261e-18
jSO,Levy,100,21,3.6556869172164065e-18
jSO,Levy,100,22,5.117099190553764e-18
jSO,Levy,100,23,3.789799168592714e-18
jSO,Levy,100,24,0.089528250416441
jSO,Levy,100,25,1.6641108517884613e-18
jSO,Levy,100,26,2.1268455572133372e-18
jSO,Levy,100,27,2.380766187691748e-18
jSO,Levy,100,28,2.4391369560414148e-18
jSO,Levy,100,29,8.527902232943695e-19
jSO,NoisyRastrigin,100,0,70.44827659145798
jSO,NoisyRastrigin,100,1,97.13726000787696
jSO,NoisyRastrigin,100,2,94.44404270639026
jSO,NoisyRastrigin,100,3,92.38028287053216
jSO,NoisyRastrigin,100,4,91.13179370451662
jSO,NoisyRastrigin,100,5,95.74942553558128
jSO,NoisyRastrigin,100,6,90.12465183387154
jSO,NoisyRastrigin,100,7,93.54601797815332
jSO,NoisyRastrigin,100,8,99.6638907497567
jSO,NoisyRastrigin,100,9,90.6563379854189
jSO,NoisyRastrigin,100,10,97.97556199645383
jSO,NoisyRastrigin,100,11,94.5348320982422
jSO,NoisyRastrigin,100,12,76.36755752994773
jSO,NoisyRastrigin,100,13,89.22758304915476
jSO,NoisyRastrigin,100,14,97.2838600658802
jSO,NoisyRastrigin,100,15,86.48653422039683
jSO,NoisyRastrigin,100,16,85.21265790290653
jSO,NoisyRastrigin,100,17,87.26064591741931
jSO,NoisyRastrigin,100,18,98.36434265621018
jSO,NoisyRastrigin,100,19,90.29348584137256
jSO,NoisyRastrigin,100,20,99.63919035204638
jSO,NoisyRastrigin,100,21,89.56720140761952
jSO,NoisyRastrigin,100,22,88.23249572646237
jSO,NoisyRastrigin,100,23,88.11678402319772
jSO,NoisyRastrigin,100,24,90.84217328286309
jSO,NoisyRastrigin,100,25,86.78945140976454
jSO,NoisyRastrigin,100,26,86.75732183147954
jSO,NoisyRastrigin,100,27,97.11459914272548
jSO,NoisyRastrigin,100,28,88.8446035923761
jSO,NoisyRastrigin,100,29,84.19077563488212
jSO,NoisySphere,100,0,0.041813708727583
jSO,NoisySphere,100,1,0.0341758803191357
jSO,NoisySphere,100,2,0.0405387272738872
jSO,NoisySphere,100,3,0.0441566035597471
jSO,NoisySphere,100,4,0.0629589495750491
jSO,NoisySphere,100,5,0.0411929229325054
jSO,NoisySphere,100,6,0.0467635448725715
jSO,NoisySphere,100,7,0.0442229373367015
jSO,NoisySphere,100,8,0.041390189948563
jSO,NoisySphere,100,9,0.0472126034523049
jSO,NoisySphere,100,10,0.0389445561515534
jSO,NoisySphere,100,11,0.0415700700822226
jSO,NoisySphere,100,12,0.0580487089476295
jSO,NoisySphere,100,13,0.0562901670272059
jSO,NoisySphere,100,14,0.0442638562204962
jSO,NoisySphere,100,15,0.0404488292947631
jSO,NoisySphere,100,16,0.0605486340079668
jSO,NoisySphere,100,17,0.0509992742901478
jSO,NoisySphere,100,18,0.0433537316707315
jSO,NoisySphere,100,19,0.0565192556432429
jSO,NoisySphere,100,20,0.0423664471628956
jSO,NoisySphere,100,21,0.0412272184931426
jSO,NoisySphere,100,22,0.0425497167118242
jSO,NoisySphere,100,23,0.041880427538832
jSO,NoisySphere,100,24,0.0533168000124236
jSO,NoisySphere,100,25,0.0390662743940798
jSO,NoisySphere,100,26,0.0487465365931595
jSO,NoisySphere,100,27,0.0415284213824588
jSO,NoisySphere,100,28,0.057215185445749
jSO,NoisySphere,100,29,0.0593435071259655
jSO,Rosenbrock,100,0,82.46338813189959
jSO,Rosenbrock,100,1,90.80661937367444
jSO,Rosenbrock,100,2,87.03595017125006
jSO,Rosenbrock,100,3,86.17134906777088
jSO,Rosenbrock,100,4,85.6464407308477
jSO,Rosenbrock,100,5,88.22820740271814
jSO,Rosenbrock,100,6,83.7018166334742
jSO,Rosenbrock,100,7,83.38094513300481
jSO,Rosenbrock,100,8,86.01180933791241
jSO,Rosenbrock,100,9,94.81380142820704
jSO,Rosenbrock,100,10,87.78154482336666
jSO,Rosenbrock,100,11,87.16920300327799
jSO,Rosenbrock,100,12,85.47866599766061
jSO,Rosenbrock,100,13,84.45684823120871
jSO,Rosenbrock,100,14,84.61206182428491
jSO,Rosenbrock,100,15,88.9985331299536
jSO,Rosenbrock,100,16,89.23561314670104
jSO,Rosenbrock,100,17,89.09442097817319
jSO,Rosenbrock,100,18,84.9172806313739
jSO,Rosenbrock,100,19,143.26972890087126
jSO,Rosenbrock,100,20,83.93898917545525
jSO,Rosenbrock,100,21,84.18649198928438
jSO,Rosenbrock,100,22,86.23238641372662
jSO,Rosenbrock,100,23,84.19485796857674
jSO,Rosenbrock,100,24,88.81339053006509
jSO,Rosenbrock,100,25,86.83318171681583
jSO,Rosenbrock,100,26,86.64004482153675
jSO,Rosenbrock,100,27,86.85985807708833
jSO,Rosenbrock,100,28,89.03226831184112
jSO,Rosenbrock,100,29,88.2444164037927
jSO,RotatedElliptic,100,0,1342349.1970182506
jSO,RotatedElliptic,100,1,1452614.942457647
jSO,RotatedElliptic,100,2,1370392.436778323
jSO,RotatedElliptic,100,3,1222510.9520373128
jSO,RotatedElliptic,100,4,1238221.0532237815
jSO,RotatedElliptic,100,5,1060737.8826536275
jSO,RotatedElliptic,100,6,744846.1376699993
jSO,RotatedElliptic,100,7,1207844.4968174396
jSO,RotatedElliptic,100,8,1110958.5431860045
jSO,RotatedElliptic,100,9,764534.5088630477
jSO,RotatedElliptic,100,10,1038586.0332232994
jSO,RotatedElliptic,100,11,1372200.5705648956
jSO,RotatedElliptic,100,12,899908.9548847529
jSO,RotatedElliptic,100,13,1424677.9635683035
jSO,RotatedElliptic,100,14,790719.089919555
jSO,RotatedElliptic,100,15,1591801.3894750662
jSO,RotatedElliptic,100,16,983172.6817378463
jSO,RotatedElliptic,100,17,840503.0854694913
jSO,RotatedElliptic,100,18,1562866.7974888482
jSO,RotatedElliptic,100,19,1599667.6655864858
jSO,RotatedElliptic,100,20,950831.3069615908
jSO,RotatedElliptic,100,21,1248794.3917045563
jSO,RotatedElliptic,100,22,1109577.9638943556
jSO,RotatedElliptic,100,23,1680004.835913013
jSO,RotatedElliptic,100,24,911579.4865845278
jSO,RotatedElliptic,100,25,1168780.3077873804
jSO,RotatedElliptic,100,26,1295549.9907523186
jSO,RotatedElliptic,100,27,915684.9744801902
jSO,RotatedElliptic,100,28,785080.5836495648
jSO,RotatedElliptic,100,29,1153726.511449679
jSO,Schwefel,100,0,5900.386285101624
jSO,Schwefel,100,1,6642.2419129255
jSO,Schwefel,100,2,7111.756883429902
jSO,Schwefel,100,3,5249.557036024409
jSO,Schwefel,100,4,6026.961016296933
jSO,Schwefel,100,5,6182.698065736629
jSO,Schwefel,100,6,5954.62341049825
jSO,Schwefel,100,7,5792.87107159185
jSO,Schwefel,100,8,4464.724697773025
jSO,Schwefel,100,9,6250.013246739181
jSO,Schwefel,100,10,6626.20423566948
jSO,Schwefel,100,11,5720.448561966696
jSO,Schwefel,100,12,5880.65227488536
jSO,Schwefel,100,13,5497.3249487466965
jSO,Schwefel,100,14,5876.900758180149
jSO,Schwefel,100,15,6184.228220006815
jSO,Schwefel,100,16,5225.164258011588
jSO,Schwefel,100,17,5345.958622072394
jSO,Schwefel,100,18,4951.765034967808
jSO,Schwefel,100,19,5720.842628397615
jSO,Schwefel,100,20,4936.67995163882
jSO,Schwefel,100,21,6316.092598029114
jSO,Schwefel,100,22,5799.064613589791
jSO,Schwefel,100,23,6450.610453063309
jSO,Schwefel,100,24,5498.329398227885
jSO,Schwefel,100,25,5452.794606757969
jSO,Schwefel,100,26,5701.674206233118
jSO,Schwefel,100,27,6639.543570916088
jSO,Schwefel,100,28,5500.516932503779
jSO,Schwefel,100,29,6545.737560991554
jSO,Zakharov,100,0,0.2443362192655375
jSO,Zakharov,100,1,0.4196093245851638
jSO,Zakharov,100,2,0.3137327371883595
jSO,Zakharov,100,3,0.4952897538954832
jSO,Zakharov,100,4,0.233649295563998
jSO,Zakharov,100,5,0.090133267394497
jSO,Zakharov,100,6,0.1733590042620824
jSO,Zakharov,100,7,0.1609964477038925
jSO,Zakharov,100,8,0.5156412239410126
jSO,Zakharov,100,9,0.1586118292856537
jSO,Zakharov,100,10,0.264746809731357
jSO,Zakharov,100,11,0.156078445541394
jSO,Zakharov,100,12,0.203123898817657
jSO,Zakharov,100,13,0.5378535581812508
jSO,Zakharov,100,14,0.0797040059438821
jSO,Zakharov,100,15,0.4222995525915733
jSO,Zakharov,100,16,0.1515443373981055
jSO,Zakharov,100,17,0.1258224430907653
jSO,Zakharov,100,18,0.2202029076041698
jSO,Zakharov,100,19,0.2272297511773821
jSO,Zakharov,100,20,0.3132663223515705
jSO,Zakharov,100,21,0.4816911986060611
jSO,Zakharov,100,22,0.1312294873761901
jSO,Zakharov,100,23,0.2693257483511623
jSO,Zakharov,100,24,0.1533287972763551
jSO,Zakharov,100,25,0.2170136837321425
jSO,Zakharov,100,26,0.198466502045279
jSO,Zakharov,100,27,0.2864918000997593
jSO,Zakharov,100,28,0.1895066352921911
jSO,Zakharov,100,29,0.1742061780621528
LSHADE-cnEpSin,Ackley,100,0,1.054196698824228e-07
LSHADE-cnEpSin,Ackley,100,1,8.35763001028056e-08
LSHADE-cnEpSin,Ackley,100,2,7.553138603455524e-08
LSHADE-cnEpSin,Ackley,100,3,1.0221861801440468e-07
LSHADE-cnEpSin,Ackley,100,4,1.3832011136472033e-07
LSHADE-cnEpSin,Ackley,100,5,1.0696816277189215e-07
LSHADE-cnEpSin,Ackley,100,6,1.4607019638290808e-07
LSHADE-cnEpSin,Ackley,100,7,7.2465863087956e-08
LSHADE-cnEpSin,Ackley,100,8,9.145109958197396e-08
LSHADE-cnEpSin,Ackley,100,9,1.0597468902417972e-07
LSHADE-cnEpSin,Ackley,100,10,1.464709531440178e-07
LSHADE-cnEpSin,Ackley,100,11,1.5404721809275657e-07
LSHADE-cnEpSin,Ackley,100,12,1.013445296571547e-07
LSHADE-cnEpSin,Ackley,100,13,8.104444804146739e-08
LSHADE-cnEpSin,Ackley,100,14,1.550102735059511e-07
LSHADE-cnEpSin,Ackley,100,15,9.95912547985256e-08
LSHADE-cnEpSin,Ackley,100,16,1.4327868713692737e-07
LSHADE-cnEpSin,Ackley,100,17,1.1109543551768297e-07
LSHADE-cnEpSin,Ackley,100,18,1.6647497291799598e-07
LSHADE-cnEpSin,Ackley,100,19,1.498820094703035e-07
LSHADE-cnEpSin,Ackley,100,20,2.3002618165790525e-07
LSHADE-cnEpSin,Ackley,100,21,1.389499684201212e-07
LSHADE-cnEpSin,Ackley,100,22,1.5453391499775648e-07
LSHADE-cnEpSin,Ackley,100,23,8.118049565908336e-08
LSHADE-cnEpSin,Ackley,100,24,6.106597938426718e-08
LSHADE-cnEpSin,Ackley,100,25,1.000176728105373e-07
LSHADE-cnEpSin,Ackley,100,26,1.0812832984541389e-07
LSHADE-cnEpSin,Ackley,100,27,1.7085366410540814e-07
LSHADE-cnEpSin,Ackley,100,28,7.734456319852256e-08
LSHADE-cnEpSin,Ackley,100,29,8.806255680227083e-08
LSHADE-cnEpSin,BentCigar,100,0,0.0012562487428781
LSHADE-cnEpSin,BentCigar,100,1,0.0002312472885057
LSHADE-cnEpSin,BentCigar,100,2,0.0004439679919588
LSHADE-cnEpSin,BentCigar,100,3,0.0001836345748485
LSHADE-cnEpSin,BentCigar,100,4,0.0005451087834312
LSHADE-cnEpSin,BentCigar,100,5,9.15737250122124e-05
LSHADE-cnEpSin,BentCigar,100,6,0.0012285012287248
LSHADE-cnEpSin,BentCigar,100,7,0.0005669860588993
LSHADE-cnEpSin,BentCigar,100,8,0.0007162217149817
LSHADE-cnEpSin,BentCigar,100,9,0.0004508898706907
LSHADE-cnEpSin,BentCigar,100,10,0.0002063494943241
LSHADE-cnEpSin,BentCigar,100,11,0.0001163728410502
LSHADE-cnEpSin,BentCigar,100,12,0.0001220076904794
LSHADE-cnEpSin,BentCigar,100,13,0.0002234100291496
LSHADE-cnEpSin,BentCigar,100,14,0.0001497602721759
LSHADE-cnEpSin,BentCigar,100,15,0.0003401020419984
LSHADE-cnEpSin,BentCigar,100,16,0.0006171490549074
LSHADE-cnEpSin,BentCigar,100,17,0.0003938572948542
LSHADE-cnEpSin,BentCigar,100,18,5.041947640921402e-05
LSHADE-cnEpSin,BentCigar,100,19,0.0020723271972311
LSHADE-cnEpSin,BentCigar,100,20,0.001218693009804
LSHADE-cnEpSin,BentCigar,100,21,0.0001769806480221
LSHADE-cnEpSin,BentCigar,100,22,0.0014768848950207
LSHADE-cnEpSin,BentCigar,100,23,0.0001347387192308
LSHADE-cnEpSin,BentCigar,100,24,0.0001045393491195
LSHADE-cnEpSin,BentCigar,100,25,0.0004362264287809
LSHADE-cnEpSin,BentCigar,100,26,0.0006166338937453
LSHADE-cnEpSin,BentCigar,100,27,0.0012268110348551
LSHADE-cnEpSin,BentCigar,100,28,0.0002546848805796
LSHADE-cnEpSin,BentCigar,100,29,0.0002114097023052
LSHADE-cnEpSin,Composition,100,0,4.365504920476766e-07
LSHADE-cnEpSin,Composition,100,1,2.531077746108507e-07
LSHADE-cnEpSin,Composition,100,2,1.457316109054073e-07
LSHADE-cnEpSin,Composition,100,3,1.5439032071917064e-07
LSHADE-cnEpSin,Composition,100,4,1.583902496472632e-07
LSHADE-cnEpSin,Composition,100,5,1.5870432854493032e-07
LSHADE-cnEpSin,Composition,100,6,1.3021938451861313e-07
LSHADE-cnEpSin,Composition,100,7,1.1697625874740537e-07
LSHADE-cnEpSin,Composition,100,8,2.583533188389812e-07
LSHADE-cnEpSin,Composition,100,9,1.510917840032219e-07
LSHADE-cnEpSin,Composition,100,10,1.0485937362602989e-07
LSHADE-cnEpSin,Composition,100,11,1.3738496197157302e-07
LSHADE-cnEpSin,Composition,100,12,1.6569501028131908e-07
LSHADE-cnEpSin,Composition,100,13,1.646844384783743e-07
LSHADE-cnEpSin,Composition,100,14,1.510094939618851e-07
LSHADE-cnEpSin,Composition,100,15,2.2078566911391362e-07
LSHADE-cnEpSin,Composition,100,16,1.754740242832033e-07
LSHADE-cnEpSin,Composition,100,17,1.2953487029342492e-07
LSHADE-cnEpSin,Composition,100,18,9.978500371094413e-08
LSHADE-cnEpSin,Composition,100,19,4.325917045959887e-07
LSHADE-cnEpSin,Composition,100,20,1.7975690891839e-07
LSHADE-cnEpSin,Composition,100,21,1.0789104194450497e-07
LSHADE-cnEpSin,Composition,100,22,2.927865174251375e-07
LSHADE-cnEpSin,Composition,100,23,2.466646305318675e-07
LSHADE-cnEpSin,Composition,100,24,1.552968577433451e-07
LSHADE-cnEpSin,Composition,100,25,2.902963312038822e-07
LSHADE-cnEpSin,Composition,100,26,2.144434651541689e-07
LSHADE-cnEpSin,Composition,100,27,1.296923235211534e-07
LSHADE-cnEpSin,Composition,100,28,1.4880361465368636e-07
LSHADE-cnEpSin,Composition,100,29,2.392639792301809e-07
LSHADE-cnEpSin,DynamicSphere,100,0,12.567684757288404
LSHADE-cnEpSin,DynamicSphere,100,1,16.037938550711708
LSHADE-cnEpSin,DynamicSphere,100,2,15.395066642746446
LSHADE-cnEpSin,DynamicSphere,100,3,11.256274680917713
LSHADE-cnEpSin,DynamicSphere,100,4,14.235718491615788
LSHADE-cnEpSin,DynamicSphere,100,5,11.70487801013076
LSHADE-cnEpSin,DynamicSphere,100,6,10.616246440396354
LSHADE-cnEpSin,DynamicSphere,100,7,14.471992031970016
LSHADE-cnEpSin,DynamicSphere,100,8,10.390827254748718
LSHADE-cnEpSin,DynamicSphere,100,9,12.37878018049263
LSHADE-cnEpSin,DynamicSphere,100,10,10.550041290649247
LSHADE-cnEpSin,DynamicSphere,100,11,14.379321864057408
LSHADE-cnEpSin,DynamicSphere,100,12,10.344722606003147
LSHADE-cnEpSin,DynamicSphere,100,13,13.214536135953828
LSHADE-cnEpSin,DynamicSphere,100,14,13.389494828402668
LSHADE-cnEpSin,DynamicSphere,100,15,11.272371552154132
LSHADE-cnEpSin,DynamicSphere,100,16,16.58400980122321
LSHADE-cnEpSin,DynamicSphere,100,17,9.26091026019274
LSHADE-cnEpSin,DynamicSphere,100,18,13.187936764245238
LSHADE-cnEpSin,DynamicSphere,100,19,11.4757409370323
LSHADE-cnEpSin,DynamicSphere,100,20,13.929321146828691
LSHADE-cnEpSin,DynamicSphere,100,21,11.400000202280845
LSHADE-cnEpSin,DynamicSphere,100,22,9.372941846229672
LSHADE-cnEpSin,DynamicSphere,100,23,11.14251059645785
LSHADE-cnEpSin,DynamicSphere,100,24,9.176659533811392
LSHADE-cnEpSin,DynamicSphere,100,25,10.691348550960017
LSHADE-cnEpSin,DynamicSphere,100,26,12.613104120180395
LSHADE-cnEpSin,DynamicSphere,100,27,16.18896815701625
LSHADE-cnEpSin,DynamicSphere,100,28,11.575122521836672
LSHADE-cnEpSin,DynamicSphere,100,29,12.458122299408716
LSHADE-cnEpSin,Griewank,100,0,6.304956556846264e-13
LSHADE-cnEpSin,Griewank,100,1,5.973666006298117e-12
LSHADE-cnEpSin,Griewank,100,2,3.7292391397159013e-13
LSHADE-cnEpSin,Griewank,100,3,2.3897550605056495e-12
LSHADE-cnEpSin,Griewank,100,4,9.668155165343249e-12
LSHADE-cnEpSin,Griewank,100,5,2.847055924348752e-12
LSHADE-cnEpSin,Griewank,100,6,3.249067681565521e-12
LSHADE-cnEpSin,Griewank,100,7,3.0730973321624333e-12
LSHADE-cnEpSin,Griewank,100,8,1.2078227307199539e-11
LSHADE-cnEpSin,Griewank,100,9,3.672173676250168e-12
LSHADE-cnEpSin,Griewank,100,10,3.5857983249343306e-12
LSHADE-cnEpSin,Griewank,100,11,3.206546139722377e-12
LSHADE-cnEpSin,Griewank,100,12,2.087108263992832e-12
LSHADE-cnEpSin,Griewank,100,13,8.441025656225065e-13
LSHADE-cnEpSin,Griewank,100,14,1.134869975771835e-12
LSHADE-cnEpSin,Griewank,100,15,1.6617818232589345e-12
LSHADE-cnEpSin,Griewank,100,16,1.1440848268762238e-12
LSHADE-cnEpSin,Griewank,100,17,2.6524338281319615e-12
LSHADE-cnEpSin,Griewank,100,18,1.547761918629931e-12
LSHADE-cnEpSin,Griewank,100,19,3.541722470856712e-12
LSHADE-cnEpSin,Griewank,100,20,3.1287195056961536e-12
LSHADE-cnEpSin,Griewank,100,21,5.093703236980218e-12
LSHADE-cnEpSin,Griewank,100,22,9.784395516021505e-13
LSHADE-cnEpSin,Griewank,100,23,1.159183860011126e-12
LSHADE-cnEpSin,Griewank,100,24,3.844702334276917e-12
LSHADE-cnEpSin,Griewank,100,25,8.890665981198255e-13
LSHADE-cnEpSin,Griewank,100,26,1.0675127448678268e-11
LSHADE-cnEpSin,Griewank,100,27,1.1183276527049202e-12
LSHADE-cnEpSin,Griewank,100,28,9.941825140913352e-12
LSHADE-cnEpSin,Griewank,100,29,1.1175282921271899e-11
LSHADE-cnEpSin,Levy,100,0,2.7809446700750663e-14
LSHADE-cnEpSin,Levy,100,1,2.0762384883359097e-14
LSHADE-cnEpSin,Levy,100,2,2.5376620022525e-14
LSHADE-cnEpSin,Levy,100,3,9.191404699145881e-14
LSHADE-cnEpSin,Levy,100,4,4.4299282626641677e-14
LSHADE-cnEpSin,Levy,100,5,2.0623313852651383e-14
LSHADE-cnEpSin,Levy,100,6,2.204718084258864e-14
LSHADE-cnEpSin,Levy,100,7,2.852112710244907e-14
LSHADE-cnEpSin,Levy,100,8,2.306027416124969e-14
LSHADE-cnEpSin,Levy,100,9,7.521791922185377e-14
LSHADE-cnEpSin,Levy,100,10,3.609507791363586e-15
LSHADE-cnEpSin,Levy,100,11,1.0370820981745351e-14
LSHADE-cnEpSin,Levy,100,12,6.882674883098537e-14
LSHADE-cnEpSin,Levy,100,13,2.7591127204956064e-14
LSHADE-cnEpSin,Levy,100,14,5.4795201384380014e-14
LSHADE-cnEpSin,Levy,100,15,6.894493167815259e-14
LSHADE-cnEpSin,Levy,100,16,2.5788022476611744e-14
LSHADE-cnEpSin,Levy,100,17,1.6391071688633997e-14
LSHADE-cnEpSin,Levy,100,18,4.765995941759344e-14
LSHADE-cnEpSin,Levy,100,19,3.9474771806437036e-14
LSHADE-cnEpSin,Levy,100,20,2.3028569336601473e-14
LSHADE-cnEpSin,Levy,100,21,1.7696721327357756e-14
LSHADE-cnEpSin,Levy,100,22,1.863499949046583e-14
LSHADE-cnEpSin,Levy,100,23,8.845511735491504e-15
LSHADE-cnEpSin,Levy,100,24,2.1733962635997047e-14
LSHADE-cnEpSin,Levy,100,25,2.1486580088625742e-14
LSHADE-cnEpSin,Levy,100,26,9.462949815821117e-14
LSHADE-cnEpSin,Levy,100,27,2.2747479736650263e-14
LSHADE-cnEpSin,Levy,100,28,2.1747004462913536e-14
LSHADE-cnEpSin,Levy,100,29,3.905582969483628e-14
LSHADE-cnEpSin,NoisyRastrigin,100,0,142.89607367446044
LSHADE-cnEpSin,NoisyRastrigin,100,1,118.94670030368276
LSHADE-cnEpSin,NoisyRastrigin,100,2,143.04225825335175
LSHADE-cnEpSin,NoisyRastrigin,100,3,128.01651009664474
LSHADE-cnEpSin,NoisyRastrigin,100,4,149.7915621085015
LSHADE-cnEpSin,NoisyRastrigin,100,5,146.99803518915155
LSHADE-cnEpSin,NoisyRastrigin,100,6,119.1405529891556
LSHADE-cnEpSin,NoisyRastrigin,100,7,134.0274053253903
LSHADE-cnEpSin,NoisyRastrigin,100,8,114.41714166512068
LSHADE-cnEpSin,NoisyRastrigin,100,9,141.5185767366523
LSHADE-cnEpSin,NoisyRastrigin,100,10,122.53408345332878
LSHADE-cnEpSin,NoisyRastrigin,100,11,127.84368049369655
LSHADE-cnEpSin,NoisyRastrigin,100,12,123.24360814897489
LSHADE-cnEpSin,NoisyRastrigin,100,13,135.05769204925377
LSHADE-cnEpSin,NoisyRastrigin,100,14,139.28576217744995
LSHADE-cnEpSin,NoisyRastrigin,100,15,138.76989745763322
LSHADE-cnEpSin,NoisyRastrigin,100,16,148.88152775960415
LSHADE-cnEpSin,NoisyRastrigin,100,17,121.589151168903
LSHADE-cnEpSin,NoisyRastrigin,100,18,122.99001399971483
LSHADE-cnEpSin,NoisyRastrigin,100,19,126.8451934516663
LSHADE-cnEpSin,NoisyRastrigin,100,20,146.46880718887803
LSHADE-cnEpSin,NoisyRastrigin,100,21,145.0473237843478
LSHADE-cnEpSin,NoisyRastrigin,100,22,145.21961492359634
LSHADE-cnEpSin,NoisyRastrigin,100,23,116.0339810003012
LSHADE-cnEpSin,NoisyRastrigin,100,24,119.87080554042748
LSHADE-cnEpSin,NoisyRastrigin,100,25,114.94693379038549
LSHADE-cnEpSin,NoisyRastrigin,100,26,118.65032158612765
LSHADE-cnEpSin,NoisyRastrigin,100,27,138.7478181228351
LSHADE-cnEpSin,NoisyRastrigin,100,28,126.09080647774014
LSHADE-cnEpSin,NoisyRastrigin,100,29,128.47081631825006
LSHADE-cnEpSin,NoisySphere,100,0,0.0460114843401608
LSHADE-cnEpSin,NoisySphere,100,1,0.0456928933944525
LSHADE-cnEpSin,NoisySphere,100,2,0.0470311832330324
LSHADE-cnEpSin,NoisySphere,100,3,0.0620210576091538
LSHADE-cnEpSin,NoisySphere,100,4,0.0664151650881031
LSHADE-cnEpSin,NoisySphere,100,5,0.056575632164154
LSHADE-cnEpSin,NoisySphere,100,6,0.0479597906221257
LSHADE-cnEpSin,NoisySphere,100,7,0.0554511462784867
LSHADE-cnEpSin,NoisySphere,100,8,0.0379149166882674
LSHADE-cnEpSin,NoisySphere,100,9,0.0621386731254455
LSHADE-cnEpSin,NoisySphere,100,10,0.0528175795140727
LSHADE-cnEpSin,NoisySphere,100,11,0.0578618210591214
LSHADE-cnEpSin,NoisySphere,100,12,0.0474425960036477
LSHADE-cnEpSin,NoisySphere,100,13,0.0458117571583244
LSHADE-cnEpSin,NoisySphere,100,14,0.0517122514203299
LSHADE-cnEpSin,NoisySphere,100,15,0.064069112933849
LSHADE-cnEpSin,NoisySphere,100,16,0.05124590882788
LSHADE-cnEpSin,NoisySphere,100,17,0.0473513169830439
LSHADE-cnEpSin,NoisySphere,100,18,0.0643939961649722
LSHADE-cnEpSin,NoisySphere,100,19,0.0578319880885663
LSHADE-cnEpSin,NoisySphere,100,20,0.0558564843356631
LSHADE-cnEpSin,NoisySphere,100,21,0.0399729488983612
LSHADE-cnEpSin,NoisySphere,100,22,0.0663861147789218
LSHADE-cnEpSin,NoisySphere,100,23,0.0696979992049145
LSHADE-cnEpSin,NoisySphere,100,24,0.0641250338506862
LSHADE-cnEpSin,NoisySphere,100,25,0.0616531819441606
LSHADE-cnEpSin,NoisySphere,100,26,0.0582755410226864
LSHADE-cnEpSin,NoisySphere,100,27,0.0603573748743002
LSHADE-cnEpSin,NoisySphere,100,28,0.0730495259906656
LSHADE-cnEpSin,NoisySphere,100,29,0.0568836131275427
LSHADE-cnEpSin,Rosenbrock,100,0,150.5966873581912
LSHADE-cnEpSin,Rosenbrock,100,1,88.8557844057297
LSHADE-cnEpSin,Rosenbrock,100,2,88.05601940806062
LSHADE-cnEpSin,Rosenbrock,100,3,92.49358627284668
LSHADE-cnEpSin,Rosenbrock,100,4,89.93280904451576
LSHADE-cnEpSin,Rosenbrock,100,5,93.26946212232488
LSHADE-cnEpSin,Rosenbrock,100,6,89.4223344876006
LSHADE-cnEpSin,Rosenbrock,100,7,94.4491708723368
LSHADE-cnEpSin,Rosenbrock,100,8,90.2593143055726
LSHADE-cnEpSin,Rosenbrock,100,9,89.68046689023538
LSHADE-cnEpSin,Rosenbrock,100,10,89.90384850600365
LSHADE-cnEpSin,Rosenbrock,100,11,96.7758397380546
LSHADE-cnEpSin,Rosenbrock,100,12,88.50845505158338
LSHADE-cnEpSin,Rosenbrock,100,13,88.79382875045621
LSHADE-cnEpSin,Rosenbrock,100,14,90.09526153064276
LSHADE-cnEpSin,Rosenbrock,100,15,89.10482491342076
LSHADE-cnEpSin,Rosenbrock,100,16,89.76545039057697
LSHADE-cnEpSin,Rosenbrock,100,17,90.95282293749366
LSHADE-cnEpSin,Rosenbrock,100,18,92.06719485932288
LSHADE-cnEpSin,Rosenbrock,100,19,88.02124690569407
LSHADE-cnEpSin,Rosenbrock,100,20,90.8238075367884
LSHADE-cnEpSin,Rosenbrock,100,21,88.53084437513898
LSHADE-cnEpSin,Rosenbrock,100,22,88.90243954312582
LSHADE-cnEpSin,Rosenbrock,100,23,92.31835935530827
LSHADE-cnEpSin,Rosenbrock,100,24,92.73904611931188
LSHADE-cnEpSin,Rosenbrock,100,25,89.19580484556795
LSHADE-cnEpSin,Rosenbrock,100,26,89.47677146929766
LSHADE-cnEpSin,Rosenbrock,100,27,88.67225382368287
LSHADE-cnEpSin,Rosenbrock,100,28,91.16725564272346
LSHADE-cnEpSin,Rosenbrock,100,29,147.58089779688208
LSHADE-cnEpSin,RotatedElliptic,100,0,540428.989015467
LSHADE-cnEpSin,RotatedElliptic,100,1,499368.1283392887
LSHADE-cnEpSin,RotatedElliptic,100,2,459583.7289510321
LSHADE-cnEpSin,RotatedElliptic,100,3,479087.4317388644
LSHADE-cnEpSin,RotatedElliptic,100,4,663492.1405852481
LSHADE-cnEpSin,RotatedElliptic,100,5,740702.6809398059
LSHADE-cnEpSin,RotatedElliptic,100,6,663890.0619804773
LSHADE-cnEpSin,RotatedElliptic,100,7,421664.6390381656
LSHADE-cnEpSin,RotatedElliptic,100,8,349218.5204706102
LSHADE-cnEpSin,RotatedElliptic,100,9,618323.6811024699
LSHADE-cnEpSin,RotatedElliptic,100,10,563500.0406534672
LSHADE-cnEpSin,RotatedElliptic,100,11,419688.041070658
LSHADE-cnEpSin,RotatedElliptic,100,12,483124.41653876775
LSHADE-cnEpSin,RotatedElliptic,100,13,400187.3319407542
LSHADE-cnEpSin,RotatedElliptic,100,14,294031.49635919294
LSHADE-cnEpSin,RotatedElliptic,100,15,493125.1707727039
LSHADE-cnEpSin,RotatedElliptic,100,16,469448.9861414379
LSHADE-cnEpSin,RotatedElliptic,100,17,706029.9494025849
LSHADE-cnEpSin,RotatedElliptic,100,18,551801.4242252184
LSHADE-cnEpSin,RotatedElliptic,100,19,408482.1803738805
LSHADE-cnEpSin,RotatedElliptic,100,20,401512.4000483131
LSHADE-cnEpSin,RotatedElliptic,100,21,407213.9233738955
LSHADE-cnEpSin,RotatedElliptic,100,22,594502.4685493873
LSHADE-cnEpSin,RotatedElliptic,100,23,482744.6907633008
LSHADE-cnEpSin,RotatedElliptic,100,24,410204.5430434712
LSHADE-cnEpSin,RotatedElliptic,100,25,387276.6003279024
LSHADE-cnEpSin,RotatedElliptic,100,26,533538.5376507082
LSHADE-cnEpSin,RotatedElliptic,100,27,571839.8287211912
LSHADE-cnEpSin,RotatedElliptic,100,28,577135.0459055828
LSHADE-cnEpSin,RotatedElliptic,100,29,322591.1843278237
LSHADE-cnEpSin,Schwefel,100,0,9963.604048260622
LSHADE-cnEpSin,Schwefel,100,1,10621.712162216372
LSHADE-cnEpSin,Schwefel,100,2,9644.48578733954
LSHADE-cnEpSin,Schwefel,100,3,9491.073841590634
LSHADE-cnEpSin,Schwefel,100,4,11224.73855732293
LSHADE-cnEpSin,Schwefel,100,5,10162.536315726327
LSHADE-cnEpSin,Schwefel,100,6,9907.639910018404
LSHADE-cnEpSin,Schwefel,100,7,12689.241574933752
LSHADE-cnEpSin,Schwefel,100,8,10544.89900408132
LSHADE-cnEpSin,Schwefel,100,9,9956.404998727365
LSHADE-cnEpSin,Schwefel,100,10,9847.699351987736
LSHADE-cnEpSin,Schwefel,100,11,11302.023488285427
LSHADE-cnEpSin,Schwefel,100,12,11206.231948314318
LSHADE-cnEpSin,Schwefel,100,13,10310.912454065812
LSHADE-cnEpSin,Schwefel,100,14,9102.666486597684
LSHADE-cnEpSin,Schwefel,100,15,10321.907475280375
LSHADE-cnEpSin,Schwefel,100,16,9235.994429614184
LSHADE-cnEpSin,Schwefel,100,17,9518.482747565042
LSHADE-cnEpSin,Schwefel,100,18,9641.663345067358
LSHADE-cnEpSin,Schwefel,100,19,10730.808180855389
LSHADE-cnEpSin,Schwefel,100,20,9603.297530525026
LSHADE-cnEpSin,Schwefel,100,21,9568.751078386602
LSHADE-cnEpSin,Schwefel,100,22,10186.4593655707
LSHADE-cnEpSin,Schwefel,100,23,10293.13889330483
LSHADE-cnEpSin,Schwefel,100,24,10283.5261510433
LSHADE-cnEpSin,Schwefel,100,25,8828.081158925888
LSHADE-cnEpSin,Schwefel,100,26,9230.11234062122
LSHADE-cnEpSin,Schwefel,100,27,10152.001813613417
LSHADE-cnEpSin,Schwefel,100,28,9473.23374848703
LSHADE-cnEpSin,Schwefel,100,29,10159.960162175808
LSHADE-cnEpSin,Zakharov,100,0,0.0283529251848114
LSHADE-cnEpSin,Zakharov,100,1,0.021673344261605
LSHADE-cnEpSin,Zakharov,100,2,0.0217006084187158
LSHADE-cnEpSin,Zakharov,100,3,0.0335054250235217
LSHADE-cnEpSin,Zakharov,100,4,0.0330909698920405
LSHADE-cnEpSin,Zakharov,100,5,0.0183568293409202
LSHADE-cnEpSin,Zakharov,100,6,0.0769381607273004
LSHADE-cnEpSin,Zakharov,100,7,0.0191241106792184
LSHADE-cnEpSin,Zakharov,100,8,0.050953988464843
LSHADE-cnEpSin,Zakharov,100,9,0.0600377597615325
LSHADE-cnEpSin,Zakharov,100,10,0.0370993122086987
LSHADE-cnEpSin,Zakharov,100,11,0.0254750855675746
LSHADE-cnEpSin,Zakharov,100,12,0.0512456231820457
LSHADE-cnEpSin,Zakharov,100,13,0.0241473852171869
LSHADE-cnEpSin,Zakharov,100,14,0.072982352506394
LSHADE-cnEpSin,Zakharov,100,15,0.0219755056874427
LSHADE-cnEpSin,Zakharov,100,16,0.0540080863681019
LSHADE-cnEpSin,Zakharov,100,17,0.034476558459447
LSHADE-cnEpSin,Zakharov,100,18,0.0510226742463465
LSHADE-cnEpSin,Zakharov,100,19,0.029618647361495
LSHADE-cnEpSin,Zakharov,100,20,0.0139682486323174
LSHADE-cnEpSin,Zakharov,100,21,0.0639268072099109
LSHADE-cnEpSin,Zakharov,100,22,0.0173291255889626
LSHADE-cnEpSin,Zakharov,100,23,0.017969865683603
LSHADE-cnEpSin,Zakharov,100,24,0.0266029609728593
LSHADE-cnEpSin,Zakharov,100,25,0.0392484993491285
LSHADE-cnEpSin,Zakharov,100,26,0.0470634672584589
LSHADE-cnEpSin,Zakharov,100,27,0.0347292240078666
LSHADE-cnEpSin,Zakharov,100,28,0.0508664134566411
LSHADE-cnEpSin,Zakharov,100,29,0.0276628037917193
SHADE,Ackley,100,0,3.952393967665557e-14
SHADE,Ackley,100,1,4.307665335545608e-14
SHADE,Ackley,100,2,0.9562230681235068
SHADE,Ackley,100,3,5.018208071305708e-14
SHADE,Ackley,100,4,0.9562230681235104
SHADE,Ackley,100,5,6.439293542825908e-14
SHADE,Ackley,100,6,3.241851231905457e-14
SHADE,Ackley,100,7,3.241851231905457e-14
SHADE,Ackley,100,8,4.307665335545608e-14
SHADE,Ackley,100,9,4.307665335545608e-14
SHADE,Ackley,100,10,1.1551485027098392
SHADE,Ackley,100,11,0.8790511698908614
SHADE,Ackley,100,12,1.0270819853272468
SHADE,Ackley,100,13,1.0930932322933775
SHADE,Ackley,100,14,0.879051169890865
SHADE,Ackley,100,15,1.2138763353102076
SHADE,Ackley,100,16,3.241851231905457e-14
SHADE,Ackley,100,17,0.879051169890865
SHADE,Ackley,100,18,3.952393967665557e-14
SHADE,Ackley,100,19,3.952393967665557e-14
SHADE,Ackley,100,20,4.307665335545608e-14
SHADE,Ackley,100,21,1.0270819853272468
SHADE,Ackley,100,22,3.952393967665557e-14
SHADE,Ackley,100,23,3.952393967665557e-14
SHADE,Ackley,100,24,1.1551485027098356
SHADE,Ackley,100,25,3.241851231905457e-14
SHADE,Ackley,100,26,5.018208071305708e-14
SHADE,Ackley,100,27,7.505107646466058e-14
SHADE,Ackley,100,28,3.952393967665557e-14
SHADE,Ackley,100,29,3.952393967665557e-14
SHADE,BentCigar,100,0,0.0
SHADE,BentCigar,100,1,0.0
SHADE,BentCigar,100,2,0.0
SHADE,BentCigar,100,3,1.2621774483536189e-23
SHADE,BentCigar,100,4,0.0
SHADE,BentCigar,100,5,6.310887241768094e-23
SHADE,BentCigar,100,6,0.0
SHADE,BentCigar,100,7,1.2621774483536189e-23
SHADE,BentCigar,100,8,0.0
SHADE,BentCigar,100,9,2.8398992587956425e-23
SHADE,BentCigar,100,10,0.0
SHADE,BentCigar,100,11,1.2621774483536189e-23
SHADE,BentCigar,100,12,5.048709793414476e-23
SHADE,BentCigar,100,13,4.102076707149261e-23
SHADE,BentCigar,100,14,5.048709793414476e-23
SHADE,BentCigar,100,15,1.2621774483536189e-23
SHADE,BentCigar,100,16,1.5777218104420236e-23
SHADE,BentCigar,100,17,0.0
SHADE,BentCigar,100,18,0.0
SHADE,BentCigar,100,19,0.0
SHADE,BentCigar,100,20,0.0
SHADE,BentCigar,100,21,1.2621774483536189e-23
SHADE,BentCigar,100,22,6.310887241768094e-23
SHADE,BentCigar,100,23,0.0
SHADE,BentCigar,100,24,1.2621774483536189e-23
SHADE,BentCigar,100,25,0.0
SHADE,BentCigar,100,26,1.2621774483536189e-23
SHADE,BentCigar,100,27,1.2621774483536189e-23
SHADE,BentCigar,100,28,0.0
SHADE,BentCigar,100,29,0.0
SHADE,Composition,100,0,2.220446049250313e-16
SHADE,Composition,100,1,2.220446049250313e-16
SHADE,Composition,100,2,2.220446049250329e-16
SHADE,Composition,100,3,2.220446049250313e-16
SHADE,Composition,100,4,2.220446049250313e-16
SHADE,Composition,100,5,2.220446049250313e-16
SHADE,Composition,100,6,2.220446049250313e-16
SHADE,Composition,100,7,1.9984014443252944e-15
SHADE,Composition,100,8,2.220446049250313e-16
SHADE,Composition,100,9,1.9984014443253133e-15
SHADE,Composition,100,10,2.220446049250313e-16
SHADE,Composition,100,11,2.220446049250313e-16
SHADE,Composition,100,12,1.9984014443253133e-15
SHADE,Composition,100,13,2.220446049250313e-16
SHADE,Composition,100,14,2.220446049250313e-16
SHADE,Composition,100,15,2.220446049250313e-16
SHADE,Composition,100,16,1.998401444325307e-15
SHADE,Composition,100,17,2.220446049250313e-16
SHADE,Composition,100,18,1.998401444325288e-15
SHADE,Composition,100,19,1.998401444325307e-15
SHADE,Composition,100,20,2.220446049250313e-16
SHADE,Composition,100,21,1.998401444325288e-15
SHADE,Composition,100,22,1.998401444325307e-15
SHADE,Composition,100,23,2.220446049250313e-16
SHADE,Composition,100,24,1.9984014443253133e-15
SHADE,Composition,100,25,1.9984014443253133e-15
SHADE,Composition,100,26,1.9984014443253327e-15
SHADE,Composition,100,27,2.220446049250313e-16
SHADE,Composition,100,28,2.220446049250313e-16
SHADE,Composition,100,29,2.220446049250329e-16
SHADE,DynamicSphere,100,0,2.9131697723199173
SHADE,DynamicSphere,100,1,4.374179043962662
SHADE,DynamicSphere,100,2,1.9603742510358328
SHADE,DynamicSphere,100,3,0.5870753340037626
SHADE,DynamicSphere,100,4,4.673251292725148
SHADE,DynamicSphere,100,5,3.4455581043789345
SHADE,DynamicSphere,100,6,2.3177278520899773
SHADE,DynamicSphere,100,7,3.3030445500958674
SHADE,DynamicSphere,100,8,3.79330073027571
SHADE,DynamicSphere,100,9,2.6334567609381208
SHADE,DynamicSphere,100,10,4.482076287774552
SHADE,DynamicSphere,100,11,2.803333790200694
SHADE,DynamicSphere,100,12,3.362527787545317
SHADE,DynamicSphere,100,13,3.787743366930302
SHADE,DynamicSphere,100,14,3.903578911400324
SHADE,DynamicSphere,100,15,3.074804449778299
SHADE,DynamicSphere,100,16,0.7945240666454514
SHADE,DynamicSphere,100,17,4.319371207078806
SHADE,DynamicSphere,100,18,2.676742546947088
SHADE,DynamicSphere,100,19,3.5907142833467223
SHADE,DynamicSphere,100,20,3.4509758129743746
SHADE,DynamicSphere,100,21,4.268677934763461
SHADE,DynamicSphere,100,22,1.1892529707927977
SHADE,DynamicSphere,100,23,1.2053234498834846
SHADE,DynamicSphere,100,24,4.874969213511374
SHADE,DynamicSphere,100,25,1.994661917370013
SHADE,DynamicSphere,100,26,3.111015433882867
SHADE,DynamicSphere,100,27,2.448772247729681
SHADE,DynamicSphere,100,28,2.1223552235129723
SHADE,DynamicSphere,100,29,2.7073104197313667
SHADE,Griewank,100,0,3.3306690738754696e-16
SHADE,Griewank,100,1,0.0294591150734919
SHADE,Griewank,100,2,0.0147797767548258
SHADE,Griewank,100,3,0.0221512420148091
SHADE,Griewank,100,4,4.440892098500626e-16
SHADE,Griewank,100,5,8.881784197001252e-16
SHADE,Griewank,100,6,6.661338147750939e-16
SHADE,Griewank,100,7,0.0073960403341151
SHADE,Griewank,100,8,6.661338147750939e-16
SHADE,Griewank,100,9,0.0
SHADE,Griewank,100,10,3.3306690738754696e-16
SHADE,Griewank,100,11,6.661338147750939e-16
SHADE,Griewank,100,12,0.0
SHADE,Griewank,100,13,9.992007221626409e-16
SHADE,Griewank,100,14,7.771561172376097e-16
SHADE,Griewank,100,15,0.0
SHADE,Griewank,100,16,2.220446049250313e-16
SHADE,Griewank,100,17,4.440892098500626e-16
SHADE,Griewank,100,18,5.551115123125784e-16
SHADE,Griewank,100,19,0.0098572846078218
SHADE,Griewank,100,20,0.0073960403341156
SHADE,Griewank,100,21,3.3306690738754696e-16
SHADE,Griewank,100,22,2.220446049250313e-16
SHADE,Griewank,100,23,5.551115123125784e-16
SHADE,Griewank,100,24,4.440892098500626e-16
SHADE,Griewank,100,25,9.992007221626409e-16
SHADE,Griewank,100,26,1.1102230246251563e-16
SHADE,Griewank,100,27,8.881784197001252e-16
SHADE,Griewank,100,28,0.0073960403341153
SHADE,Griewank,100,29,0.0098646720610068
SHADE,Levy,100,0,1.9001415582709675
SHADE,Levy,100,1,1.1772327884308709
SHADE,Levy,100,2,2.808789595452516
SHADE,Levy,100,3,6.25760016500986
SHADE,Levy,100,4,1.2667610388473127
SHADE,Levy,100,5,1.4458175396801938
SHADE,Levy,100,6,1.3562892892637528
SHADE,Levy,100,7,2.07919805910385
SHADE,Levy,100,8,2.5335220776946232
SHADE,Levy,100,9,2.8087895954525157
SHADE,Levy,100,10,2.808789595452516
SHADE,Levy,100,11,0.537169502498646
SHADE,Levy,100,12,4.261289901641279
SHADE,Levy,100,13,4.6260856698156125
SHADE,Levy,100,14,3.531698365292612
SHADE,Levy,100,15,2.443993827278183
SHADE,Levy,100,16,2.2582545599367325
SHADE,Levy,100,17,1.714402290929517
SHADE,Levy,100,18,2.07919805910385
SHADE,Levy,100,19,2.8982966899552585
SHADE,Levy,100,20,1.9896698086874085
SHADE,Levy,100,21,1.714402290929517
SHADE,Levy,100,22,1.3562892892637528
SHADE,Levy,100,23,2.7192613450360748
SHADE,Levy,100,24,7.623053758038749
SHADE,Levy,100,25,2.443993827278184
SHADE,Levy,100,26,1.6248740405130755
SHADE,Levy,100,27,2.4439938272781827
SHADE,Levy,100,28,2.443993827278184
SHADE,Levy,100,29,1.081021771505861
SHADE,NoisyRastrigin,100,0,4.741367305910925
SHADE,NoisyRastrigin,100,1,5.3965821187866485
SHADE,NoisyRastrigin,100,2,3.7833782532073
SHADE,NoisyRastrigin,100,3,4.438672286015304
SHADE,NoisyRastrigin,100,4,4.545560489672036
SHADE,NoisyRastrigin,100,5,4.447352759941408
SHADE,NoisyRastrigin,100,6,4.593144539022587
SHADE,NoisyRastrigin,100,7,4.721121242540347
SHADE,NoisyRastrigin,100,8,4.698839625737143
SHADE,NoisyRastrigin,100,9,3.6806351901211993
SHADE,NoisyRastrigin,100,10,4.483031968053062
SHADE,NoisyRastrigin,100,11,4.563768446994684
SHADE,NoisyRastrigin,100,12,4.472376922674744
SHADE,NoisyRastrigin,100,13,4.585438906778887
SHADE,NoisyRastrigin,100,14,3.914355691333041
SHADE,NoisyRastrigin,100,15,4.4056741395901415
SHADE,NoisyRastrigin,100,16,4.840051130724426
SHADE,NoisyRastrigin,100,17,4.15032632032111
SHADE,NoisyRastrigin,100,18,4.596691130533866
SHADE,NoisyRastrigin,100,19,4.094718384933419
SHADE,NoisyRastrigin,100,20,4.040348479089902
SHADE,NoisyRastrigin,100,21,4.050863115203852
SHADE,NoisyRastrigin,100,22,4.643918056156771
SHADE,NoisyRastrigin,100,23,4.389182390487338
SHADE,NoisyRastrigin,100,24,4.2540225579021484
SHADE,NoisyRastrigin,100,25,4.411325939282348
SHADE,NoisyRastrigin,100,26,3.5434859556535603
SHADE,NoisyRastrigin,100,27,3.8713994602485737
SHADE,NoisyRastrigin,100,28,4.394631480004644
SHADE,NoisyRastrigin,100,29,4.049780292926711
SHADE,NoisySphere,100,0,0.0493263566487585
SHADE,NoisySphere,100,1,0.0412065642457398
SHADE,NoisySphere,100,2,0.0471366449579677
SHADE,NoisySphere,100,3,0.0646827880858692
SHADE,NoisySphere,100,4,0.0436587057366637
SHADE,NoisySphere,100,5,0.0545097685758627
SHADE,NoisySphere,100,6,0.0584938183982721
SHADE,NoisySphere,100,7,0.0571757819139677
SHADE,NoisySphere,100,8,0.0507706870466345
SHADE,NoisySphere,100,9,0.0628280536995389
SHADE,NoisySphere,100,10,0.0495497375629903
SHADE,NoisySphere,100,11,0.0478798376713114
SHADE,NoisySphere,100,12,0.0578961342229459
SHADE,NoisySphere,100,13,0.0505546106385121
SHADE,NoisySphere,100,14,0.0596382278732754
SHADE,NoisySphere,100,15,0.0442863073308376
SHADE,NoisySphere,100,16,0.0628019945283019
SHADE,NoisySphere,100,17,0.0424895833463491
SHADE,NoisySphere,100,18,0.0351258183322005
SHADE,NoisySphere,100,19,0.0436848607082169
SHADE,NoisySphere,100,20,0.0521803696403338
SHADE,NoisySphere,100,21,0.0583488137435743
SHADE,NoisySphere,100,22,0.0501465872125911
SHADE,NoisySphere,100,23,0.0571606068998656
SHADE,NoisySphere,100,24,0.0412956465555839
SHADE,NoisySphere,100,25,0.0474916762691029
SHADE,NoisySphere,100,26,0.0570054673705111
SHADE,NoisySphere,100,27,0.0440086368802258
SHADE,NoisySphere,100,28,0.0679431468336955
SHADE,NoisySphere,100,29,0.0433807103827614
SHADE,Rosenbrock,100,0,91.30743292592815
SHADE,Rosenbrock,100,1,46.34394469473485
SHADE,Rosenbrock,100,2,52.712206829855575
SHADE,Rosenbrock,100,3,59.97748030285917
SHADE,Rosenbrock,100,4,50.7100579772555
SHADE,Rosenbrock,100,5,37.720333702532535
SHADE,Rosenbrock,100,6,95.84279167123596
SHADE,Rosenbrock,100,7,94.10257881774524
SHADE,Rosenbrock,100,8,50.93671772310013
SHADE,Rosenbrock,100,9,98.4426867583493
SHADE,Rosenbrock,100,10,37.12305223055
SHADE,Rosenbrock,100,11,166.44727317397488
SHADE,Rosenbrock,100,12,56.82305541510418
SHADE,Rosenbrock,100,13,22.516942759810355
SHADE,Rosenbrock,100,14,42.5209031367879
SHADE,Rosenbrock,100,15,53.44897077768713
SHADE,Rosenbrock,100,16,46.30008842349257
SHADE,Rosenbrock,100,17,46.35079963244848
SHADE,Rosenbrock,100,18,126.32466311990898
SHADE,Rosenbrock,100,19,42.79652973285785
SHADE,Rosenbrock,100,20,93.95138998766669
SHADE,Rosenbrock,100,21,32.32696642105975
SHADE,Rosenbrock,100,22,93.69649027073164
SHADE,Rosenbrock,100,23,57.97427638674481
SHADE,Rosenbrock,100,24,88.01332316050902
SHADE,Rosenbrock,100,25,58.88612142076896
SHADE,Rosenbrock,100,26,23.41330379428958
SHADE,Rosenbrock,100,27,84.25188683678955
SHADE,Rosenbrock,100,28,52.976735079920815
SHADE,Rosenbrock,100,29,89.78279782135378
SHADE,RotatedElliptic,100,0,1575272.1125459652
SHADE,RotatedElliptic,100,1,925951.483328415
SHADE,RotatedElliptic,100,2,1055881.7841591127
SHADE,RotatedElliptic,100,3,1156594.5915046327
SHADE,RotatedElliptic,100,4,840172.4115757867
SHADE,RotatedElliptic,100,5,1454315.0976966536
SHADE,RotatedElliptic,100,6,885168.3521821721
SHADE,RotatedElliptic,100,7,631880.7251224082
SHADE,RotatedElliptic,100,8,719361.1181669127
SHADE,RotatedElliptic,100,9,782922.6839088992
SHADE,RotatedElliptic,100,10,1555351.370497494
SHADE,RotatedElliptic,100,11,1327651.593785818
SHADE,RotatedElliptic,100,12,1629336.6203622953
SHADE,RotatedElliptic,100,13,824464.9765820077
SHADE,RotatedElliptic,100,14,991973.7766106044
SHADE,RotatedElliptic,100,15,679181.3150321565
SHADE,RotatedElliptic,100,16,695767.4899680605
SHADE,RotatedElliptic,100,17,561591.4053782136
SHADE,RotatedElliptic,100,18,1108536.1196608313
SHADE,RotatedElliptic,100,19,1103458.085423365
SHADE,RotatedElliptic,100,20,892918.4455520824
SHADE,RotatedElliptic,100,21,991335.2479832852
SHADE,RotatedElliptic,100,22,834353.8434097867
SHADE,RotatedElliptic,100,23,602494.4595981813
SHADE,RotatedElliptic,100,24,1209913.072041819
SHADE,RotatedElliptic,100,25,633372.9892755745
SHADE,RotatedElliptic,100,26,648094.1470344514
SHADE,RotatedElliptic,100,27,1066487.1181843677
SHADE,RotatedElliptic,100,28,945633.7234728446
SHADE,RotatedElliptic,100,29,843127.3986393356
SHADE,Schwefel,100,0,1.255328814848326
SHADE,Schwefel,100,1,0.8916498478574795
SHADE,Schwefel,100,2,0.0033363738693878
SHADE,Schwefel,100,3,0.4500167279838933
SHADE,Schwefel,100,4,0.4590804084218689
SHADE,Schwefel,100,5,118.93154570007756
SHADE,Schwefel,100,6,0.0012951204262208
SHADE,Schwefel,100,7,0.4989144268838572
SHADE,Schwefel,100,8,118.91605580253236
SHADE,Schwefel,100,9,0.1530454586609266
SHADE,Schwefel,100,10,118.60275772090972
SHADE,Schwefel,100,11,118.43961670308636
SHADE,Schwefel,100,12,0.7332268033496803
SHADE,Schwefel,100,13,0.35606549817021
SHADE,Schwefel,100,14,0.0012972516924492
SHADE,Schwefel,100,15,0.0012746568027068
SHADE,Schwefel,100,16,1.4753383967108675
SHADE,Schwefel,100,17,0.3095694922521943
SHADE,Schwefel,100,18,355.31785083586146
SHADE,Schwefel,100,19,118.85039845632856
SHADE,Schwefel,100,20,0.0061745870407321
SHADE,Schwefel,100,21,0.3165597092884127
SHADE,Schwefel,100,22,0.0013224818394519
SHADE,Schwefel,100,23,0.7781114336539758
SHADE,Schwefel,100,24,119.50406969086907
SHADE,Schwefel,100,25,0.0014291647676145
SHADE,Schwefel,100,26,1.4541272319547716
SHADE,Schwefel,100,27,0.2521882173459744
SHADE,Schwefel,100,28,237.65695379996032
SHADE,Schwefel,100,29,118.5967318490948
SHADE,Zakharov,100,0,0.0119438014953577
SHADE,Zakharov,100,1,0.0170279849066104
SHADE,Zakharov,100,2,0.0068228672868108
SHADE,Zakharov,100,3,0.1143032798107109
SHADE,Zakharov,100,4,0.0634076087776839
SHADE,Zakharov,100,5,0.0081390635945239
SHADE,Zakharov,100,6,0.0142601377462004
SHADE,Zakharov,100,7,0.0048314231287872
SHADE,Zakharov,100,8,0.0104153289075365
SHADE,Zakharov,100,9,0.0643305151961582
SHADE,Zakharov,100,10,0.028260851090243
SHADE,Zakharov,100,11,0.0059995723607434
SHADE,Zakharov,100,12,0.0559194845925684
SHADE,Zakharov,100,13,0.0097419795886632
SHADE,Zakharov,100,14,0.0122757368715973
SHADE,Zakharov,100,15,0.0497675724558347
SHADE,Zakharov,100,16,0.0153104268134955
SHADE,Zakharov,100,17,0.0106758611648755
SHADE,Zakharov,100,18,0.0209998520728298
SHADE,Zakharov,100,19,0.0221257929200986
SHADE,Zakharov,100,20,0.060009880583145
SHADE,Zakharov,100,21,0.018099708219621
SHADE,Zakharov,100,22,0.0092397974316462
SHADE,Zakharov,100,23,0.0216321789146479
SHADE,Zakharov,100,24,0.0243835398972222
SHADE,Zakharov,100,25,0.0138505608140661
SHADE,Zakharov,100,26,0.0176809147457006
SHADE,Zakharov,100,27,0.0233474194910465
SHADE,Zakharov,100,28,0.0262713627275105
SHADE,Zakharov,100,29,0.0296997877338555
CMA-ES,Ackley,100,0,4.322844838299499
CMA-ES,Ackley,100,1,8.544516739856014
CMA-ES,Ackley,100,2,7.248235385779608
CMA-ES,Ackley,100,3,11.074313772294134
CMA-ES,Ackley,100,4,5.558788297394735
CMA-ES,Ackley,100,5,4.923897407601924
CMA-ES,Ackley,100,6,7.625798591944346
CMA-ES,Ackley,100,7,6.107032183558395
CMA-ES,Ackley,100,8,12.031063755806167
CMA-ES,Ackley,100,9,6.150519462331133
CMA-ES,Ackley,100,10,9.026689082831751
CMA-ES,Ackley,100,11,5.753817289005987
CMA-ES,Ackley,100,12,7.341088365391462
CMA-ES,Ackley,100,13,6.208905390770578
CMA-ES,Ackley,100,14,9.932450404163696
CMA-ES,Ackley,100,15,7.782021172002018
CMA-ES,Ackley,100,16,10.444035681605142
CMA-ES,Ackley,100,17,7.878181197805549
CMA-ES,Ackley,100,18,6.7882734135321
CMA-ES,Ackley,100,19,5.807680402163875
CMA-ES,Ackley,100,20,6.9454026718018085
CMA-ES,Ackley,100,21,5.510457362942734
CMA-ES,Ackley,100,22,7.276262789878867
CMA-ES,Ackley,100,23,9.370817772774789
CMA-ES,Ackley,100,24,8.728495437463629
CMA-ES,Ackley,100,25,8.430635940436616
CMA-ES,Ackley,100,26,6.29063396916003
CMA-ES,Ackley,100,27,7.493729368643619
CMA-ES,Ackley,100,28,6.779445021991513
CMA-ES,Ackley,100,29,15.63430796851168
CMA-ES,BentCigar,100,0,2912144388.254536
CMA-ES,BentCigar,100,1,2750449209.6372004
CMA-ES,BentCigar,100,2,1.7012669561109507e-21
CMA-ES,BentCigar,100,3,1536275763.5358603
CMA-ES,BentCigar,100,4,1269786995.8663986
CMA-ES,BentCigar,100,5,3125151288.711455
CMA-ES,BentCigar,100,6,1982497563.713072
CMA-ES,BentCigar,100,7,4289058170.835957
CMA-ES,BentCigar,100,8,8464252776.916078
CMA-ES,BentCigar,100,9,4116833678.631123
CMA-ES,BentCigar,100,10,2402779955.4965053
CMA-ES,BentCigar,100,11,4049988555.9975214
CMA-ES,BentCigar,100,12,5468793236.526441
CMA-ES,BentCigar,100,13,906240021.1054916
CMA-ES,BentCigar,100,14,2201666893.4030805
CMA-ES,BentCigar,100,15,5191297099.997316
CMA-ES,BentCigar,100,16,3329021411.4806232
CMA-ES,BentCigar,100,17,9765147018.706322
CMA-ES,BentCigar,100,18,2621424629.393099
CMA-ES,BentCigar,100,19,1730905605.91357
CMA-ES,BentCigar,100,20,5817154039.719565
CMA-ES,BentCigar,100,21,3841377665.439817
CMA-ES,BentCigar,100,22,1363911431.7923672
CMA-ES,BentCigar,100,23,1288737918.9893696
CMA-ES,BentCigar,100,24,2441439645.937156
CMA-ES,BentCigar,100,25,1020664329.9888258
CMA-ES,BentCigar,100,26,461010357.4345425
CMA-ES,BentCigar,100,27,3577183224.412209
CMA-ES,BentCigar,100,28,5029539877.800869
CMA-ES,BentCigar,100,29,5716905040.309617
CMA-ES,Composition,100,0,840.4567826206198
CMA-ES,Composition,100,1,696.8696440169172
CMA-ES,Composition,100,2,2201.383932703553
CMA-ES,Composition,100,3,4869.674963551944
CMA-ES,Composition,100,4,1946.9993595652609
CMA-ES,Composition,100,5,2580.248640872948
CMA-ES,Composition,100,6,1102.290348812439
CMA-ES,Composition,100,7,1245.2079738550915
CMA-ES,Composition,100,8,7637.662813382513
CMA-ES,Composition,100,9,622.6720063029248
CMA-ES,Composition,100,10,1.0880185641328117e-14
CMA-ES,Composition,100,11,642.2592887387447
CMA-ES,Composition,100,12,1312.3398676731065
CMA-ES,Composition,100,13,9.103828801927391e-15
CMA-ES,Composition,100,14,300.8570447227484
CMA-ES,Composition,100,15,4151.997578905227
CMA-ES,Composition,100,16,2383.352949607113
CMA-ES,Composition,100,17,1258.6443785892068
CMA-ES,Composition,100,18,2782.160376566652
CMA-ES,Composition,100,19,1022.1478619642572
CMA-ES,Composition,100,20,758.5696207694633
CMA-ES,Composition,100,21,2849.9261375108904
CMA-ES,Composition,100,22,2079.593210167452
CMA-ES,Composition,100,23,993.2291472651845
CMA-ES,Composition,100,24,804.0040529817875
CMA-ES,Composition,100,25,2587.9313675157296
CMA-ES,Composition,100,26,2281.119172561286
CMA-ES,Composition,100,27,1675.1807048766668
CMA-ES,Composition,100,28,1730.1402693706025
CMA-ES,Composition,100,29,3384.370459549915
CMA-ES,DynamicSphere,100,0,9270.230254031874
CMA-ES,DynamicSphere,100,1,7430.493743804907
CMA-ES,DynamicSphere,100,2,3910.77017495698
CMA-ES,DynamicSphere,100,3,3595.727231601705
CMA-ES,DynamicSphere,100,4,3108.6569023593734
CMA-ES,DynamicSphere,100,5,3439.2759418628
CMA-ES,DynamicSphere,100,6,1465.491691950877
CMA-ES,DynamicSphere,100,7,3419.777040903223
CMA-ES,DynamicSphere,100,8,6901.933317292329
CMA-ES,DynamicSphere,100,9,8949.222286488377
CMA-ES,DynamicSphere,100,10,2851.337986515018
CMA-ES,DynamicSphere,100,11,2980.176255215052
CMA-ES,DynamicSphere,100,12,1578.6739390785574
CMA-ES,DynamicSphere,100,13,5241.085280264114
CMA-ES,DynamicSphere,100,14,6886.226931133136
CMA-ES,DynamicSphere,100,15,976.6728652841424
CMA-ES,DynamicSphere,100,16,614.5531827486049
CMA-ES,DynamicSphere,100,17,10166.469040548714
CMA-ES,DynamicSphere,100,18,0.2654179933256295
CMA-ES,DynamicSphere,100,19,1340.3558163588673
CMA-ES,DynamicSphere,100,20,1900.6165522308531
CMA-ES,DynamicSphere,100,21,1711.639122631762
CMA-ES,DynamicSphere,100,22,2368.208556682141
CMA-ES,DynamicSphere,100,23,1485.89174371704
CMA-ES,DynamicSphere,100,24,6794.574612962708
CMA-ES,DynamicSphere,100,25,5739.104628507315
CMA-ES,DynamicSphere,100,26,1499.7723835823022
CMA-ES,DynamicSphere,100,27,1727.4755943275418
CMA-ES,DynamicSphere,100,28,9997.073850859411
CMA-ES,DynamicSphere,100,29,2309.1114889111127
CMA-ES,Griewank,100,0,79.51959200301654
CMA-ES,Griewank,100,1,8.61553615993256
CMA-ES,Griewank,100,2,31.336882013790834
CMA-ES,Griewank,100,3,19.80509328397397
CMA-ES,Griewank,100,4,14.757417664171284
CMA-ES,Griewank,100,5,37.69730081212237
CMA-ES,Griewank,100,6,8.29628380726091
CMA-ES,Griewank,100,7,57.1543520158237
CMA-ES,Griewank,100,8,162.12779682163395
CMA-ES,Griewank,100,9,19.07569875405768
CMA-ES,Griewank,100,10,43.18331804099412
CMA-ES,Griewank,100,11,41.46586466138864
CMA-ES,Griewank,100,12,11.632526683890578
CMA-ES,Griewank,100,13,14.375447319454455
CMA-ES,Griewank,100,14,12.247931899401676
CMA-ES,Griewank,100,15,26.833468169358788
CMA-ES,Griewank,100,16,31.409135910966704
CMA-ES,Griewank,100,17,52.34815213770053
CMA-ES,Griewank,100,18,55.73141765322856
CMA-ES,Griewank,100,19,58.480467910794886
CMA-ES,Griewank,100,20,21.98726281067428
CMA-ES,Griewank,100,21,14.20086528776842
CMA-ES,Griewank,100,22,0.0
CMA-ES,Griewank,100,23,18.15353512766809
CMA-ES,Griewank,100,24,18.842675339956664
CMA-ES,Griewank,100,25,19.328916452001213
CMA-ES,Griewank,100,26,37.0911223483034
CMA-ES,Griewank,100,27,16.73277853160389
CMA-ES,Griewank,100,28,78.76496719361428
CMA-ES,Griewank,100,29,8.808122857148318
CMA-ES,Levy,100,0,48.30929421443798
CMA-ES,Levy,100,1,59.35027255954014
CMA-ES,Levy,100,2,180.7202976831875
CMA-ES,Levy,100,3,133.81533975213895
CMA-ES,Levy,100,4,143.65377192220387
CMA-ES,Levy,100,5,95.57080950261002
CMA-ES,Levy,100,6,62.07549116851968
CMA-ES,Levy,100,7,133.62463632969568
CMA-ES,Levy,100,8,91.0353308818132
CMA-ES,Levy,100,9,104.94443723233988
CMA-ES,Levy,100,10,109.36619989051752
CMA-ES,Levy,100,11,139.73199038289033
CMA-ES,Levy,100,12,63.11335281436362
CMA-ES,Levy,100,13,90.63580008776648
CMA-ES,Levy,100,14,63.79765235128471
CMA-ES,Levy,100,15,85.76966933403607
CMA-ES,Levy,100,16,61.01061373948616
CMA-ES,Levy,100,17,75.48988786604181
CMA-ES,Levy,100,18,107.19781337160316
CMA-ES,Levy,100,19,98.0079663737288
CMA-ES,Levy,100,20,104.26863029645504
CMA-ES,Levy,100,21,107.13308649494348
CMA-ES,Levy,100,22,96.05909712749124
CMA-ES,Levy,100,23,57.07900724917021
CMA-ES,Levy,100,24,84.4435434948891
CMA-ES,Levy,100,25,99.49003106373578
CMA-ES,Levy,100,26,48.26799103614102
CMA-ES,Levy,100,27,96.76307423862288
CMA-ES,Levy,100,28,129.33727638146
CMA-ES,Levy,100,29,87.23641170771063
CMA-ES,NoisyRastrigin,100,0,332.3670362085326
CMA-ES,NoisyRastrigin,100,1,438.7813496724016
CMA-ES,NoisyRastrigin,100,2,343.78350824460944
CMA-ES,NoisyRastrigin,100,3,339.90040987533746
CMA-ES,NoisyRastrigin,100,4,341.77399868254975
CMA-ES,NoisyRastrigin,100,5,400.7366622266208
CMA-ES,NoisyRastrigin,100,6,313.1367761780353
CMA-ES,NoisyRastrigin,100,7,327.9523681771424
CMA-ES,NoisyRastrigin,100,8,354.5893012345087
CMA-ES,NoisyRastrigin,100,9,310.68170460166124
CMA-ES,NoisyRastrigin,100,10,389.1999823441414
CMA-ES,NoisyRastrigin,100,11,322.2627188741536
CMA-ES,NoisyRastrigin,100,12,403.4936188219194
CMA-ES,NoisyRastrigin,100,13,348.4570295554031
CMA-ES,NoisyRastrigin,100,14,290.8700954350805
CMA-ES,NoisyRastrigin,100,15,327.07757808457814
CMA-ES,NoisyRastrigin,100,16,307.0801474172946
CMA-ES,NoisyRastrigin,100,17,380.0187407447284
CMA-ES,NoisyRastrigin,100,18,343.2892063605196
CMA-ES,NoisyRastrigin,100,19,360.2342023169647
CMA-ES,NoisyRastrigin,100,20,202.3801554521152
CMA-ES,NoisyRastrigin,100,21,316.1731835588117
CMA-ES,NoisyRastrigin,100,22,321.0215794280564
CMA-ES,NoisyRastrigin,100,23,357.2529006200512
CMA-ES,NoisyRastrigin,100,24,327.1052145833605
CMA-ES,NoisyRastrigin,100,25,439.03071490149705
CMA-ES,NoisyRastrigin,100,26,375.94783475345633
CMA-ES,NoisyRastrigin,100,27,333.0359611256624
CMA-ES,NoisyRastrigin,100,28,384.6548341617515
CMA-ES,NoisyRastrigin,100,29,367.4477076157158
CMA-ES,NoisySphere,100,0,1047.0309492922393
CMA-ES,NoisySphere,100,1,5615.569484154069
CMA-ES,NoisySphere,100,2,0.5581236056718356
CMA-ES,NoisySphere,100,3,4335.22701032257
CMA-ES,NoisySphere,100,4,3756.631856081259
CMA-ES,NoisySphere,100,5,1348.7954712452715
CMA-ES,NoisySphere,100,6,2230.918338526775
CMA-ES,NoisySphere,100,7,0.5676118860984488
CMA-ES,NoisySphere,100,8,8982.724568695721
CMA-ES,NoisySphere,100,9,3518.012067246394
CMA-ES,NoisySphere,100,10,4337.676228013353
CMA-ES,NoisySphere,100,11,3303.1048434271474
CMA-ES,NoisySphere,100,12,2067.408348965587
CMA-ES,NoisySphere,100,13,7388.71042273294
CMA-ES,NoisySphere,100,14,9256.898583738424
CMA-ES,NoisySphere,100,15,1012.5693587551924
CMA-ES,NoisySphere,100,16,1962.5740648319909
CMA-ES,NoisySphere,100,17,2550.056035010938
CMA-ES,NoisySphere,100,18,0.5836048329548502
CMA-ES,NoisySphere,100,19,1831.748555379904
CMA-ES,NoisySphere,100,20,1473.6312631872463
CMA-ES,NoisySphere,100,21,5096.599065431727
CMA-ES,NoisySphere,100,22,7094.176559525033
CMA-ES,NoisySphere,100,23,0.5928116189161253
CMA-ES,NoisySphere,100,24,1968.342195499532
CMA-ES,NoisySphere,100,25,634.2283284445917
CMA-ES,NoisySphere,100,26,2641.934444781876
CMA-ES,NoisySphere,100,27,7701.387121279179
CMA-ES,NoisySphere,100,28,1342.3825264344089
CMA-ES,NoisySphere,100,29,0.6011931295727035
CMA-ES,Rosenbrock,100,0,6156767.391195961
CMA-ES,Rosenbrock,100,1,1425988.9283485075
CMA-ES,Rosenbrock,100,2,277090.1851649613
CMA-ES,Rosenbrock,100,3,417564.8309581901
CMA-ES,Rosenbrock,100,4,206633.56316958665
CMA-ES,Rosenbrock,100,5,3168246.0554584474
CMA-ES,Rosenbrock,100,6,3870067.53296847
CMA-ES,Rosenbrock,100,7,10921719.753318282
CMA-ES,Rosenbrock,100,8,1462004.658852361
CMA-ES,Rosenbrock,100,9,1598919.2267595776
CMA-ES,Rosenbrock,100,10,770715.1766583461
CMA-ES,Rosenbrock,100,11,2683104.599520468
CMA-ES,Rosenbrock,100,12,152322.41393800435
CMA-ES,Rosenbrock,100,13,32.39062800347618
CMA-ES,Rosenbrock,100,14,1332824.8098185863
CMA-ES,Rosenbrock,100,15,4113089.917058152
CMA-ES,Rosenbrock,100,16,4314058.118386157
CMA-ES,Rosenbrock,100,17,2231789.601868046
CMA-ES,Rosenbrock,100,18,2540894.651550852
CMA-ES,Rosenbrock,100,19,1586743.6517584692
CMA-ES,Rosenbrock,100,20,2921049.1768883
CMA-ES,Rosenbrock,100,21,832672.2440553585
CMA-ES,Rosenbrock,100,22,338124.0763129415
CMA-ES,Rosenbrock,100,23,7564696.503961993
CMA-ES,Rosenbrock,100,24,1009194.1348955642
CMA-ES,Rosenbrock,100,25,3886418.561908375
CMA-ES,Rosenbrock,100,26,12178344.8035283
CMA-ES,Rosenbrock,100,27,304120.76261011534
CMA-ES,Rosenbrock,100,28,601090.4463952169
CMA-ES,Rosenbrock,100,29,9592556.064043824
CMA-ES,RotatedElliptic,100,0,3610250.358357948
CMA-ES,RotatedElliptic,100,1,5983798.455280604
CMA-ES,RotatedElliptic,100,2,3100853.147723639
CMA-ES,RotatedElliptic,100,3,6953141.202473858
CMA-ES,RotatedElliptic,100,4,9927571.125239844
CMA-ES,RotatedElliptic,100,5,5959007.725278818
CMA-ES,RotatedElliptic,100,6,17580250.716829475
CMA-ES,RotatedElliptic,100,7,13519937.314462608
CMA-ES,RotatedElliptic,100,8,9486345.679554408
CMA-ES,RotatedElliptic,100,9,1816211.5225159896
CMA-ES,RotatedElliptic,100,10,21847746.569561075
CMA-ES,RotatedElliptic,100,11,25560454.0948692
CMA-ES,RotatedElliptic,100,12,11070260.835117422
CMA-ES,RotatedElliptic,100,13,3631169.560927038
CMA-ES,RotatedElliptic,100,14,7682723.262440831
CMA-ES,RotatedElliptic,100,15,10614562.609702522
CMA-ES,RotatedElliptic,100,16,952288.8858788342
CMA-ES,RotatedElliptic,100,17,3210514.9965819586
CMA-ES,RotatedElliptic,100,18,5517148.736922323
CMA-ES,RotatedElliptic,100,19,6674539.074714905
CMA-ES,RotatedElliptic,100,20,11910584.857722478
CMA-ES,RotatedElliptic,100,21,2772136.4579861467
CMA-ES,RotatedElliptic,100,22,6522490.029028994
CMA-ES,RotatedElliptic,100,23,7420961.39296023
CMA-ES,RotatedElliptic,100,24,9490047.588285817
CMA-ES,RotatedElliptic,100,25,28023970.822490465
CMA-ES,RotatedElliptic,100,26,3142176.1355693573
CMA-ES,RotatedElliptic,100,27,13457295.280253371
CMA-ES,RotatedElliptic,100,28,5725582.363462658
CMA-ES,RotatedElliptic,100,29,2619253.6693664035
CMA-ES,Schwefel,100,0,16685.367499986005
CMA-ES,Schwefel,100,1,16788.170937889656
CMA-ES,Schwefel,100,2,16877.786770477534
CMA-ES,Schwefel,100,3,17675.905331634625
CMA-ES,Schwefel,100,4,17814.939339731973
CMA-ES,Schwefel,100,5,18790.259826281253
CMA-ES,Schwefel,100,6,16286.989575254927
CMA-ES,Schwefel,100,7,18958.376308867417
CMA-ES,Schwefel,100,8,18412.053755798184
CMA-ES,Schwefel,100,9,17866.523404952597
CMA-ES,Schwefel,100,10,18095.54438383005
CMA-ES,Schwefel,100,11,18579.919848303078
CMA-ES,Schwefel,100,12,19523.50692400119
CMA-ES,Schwefel,100,13,17728.77053790582
CMA-ES,Schwefel,100,14,15544.573062387575
CMA-ES,Schwefel,100,15,18811.829109776267
CMA-ES,Schwefel,100,16,19453.284415369304
CMA-ES,Schwefel,100,17,18279.631120576305
CMA-ES,Schwefel,100,18,18079.083110816973
CMA-ES,Schwefel,100,19,17772.629366966732
CMA-ES,Schwefel,100,20,18277.73104003305
CMA-ES,Schwefel,100,21,18569.52169213173
CMA-ES,Schwefel,100,22,18001.355597940346
CMA-ES,Schwefel,100,23,17987.57108040611
CMA-ES,Schwefel,100,24,18095.3478292585
CMA-ES,Schwefel,100,25,18187.19646720924
CMA-ES,Schwefel,100,26,17806.63865391296
CMA-ES,Schwefel,100,27,17078.592953930707
CMA-ES,Schwefel,100,28,19044.023963221676
CMA-ES,Schwefel,100,29,18961.54323494825
CMA-ES,Zakharov,100,0,4.359793096727495e-27
CMA-ES,Zakharov,100,1,4.9538825520384996e-27
CMA-ES,Zakharov,100,2,5.720578122122554e-27
CMA-ES,Zakharov,100,3,5.434858325966941e-27
CMA-ES,Zakharov,100,4,4.6726227281516015e-27
CMA-ES,Zakharov,100,5,5.7356896305046345e-27
CMA-ES,Zakharov,100,6,5.072816622417184e-27
CMA-ES,Zakharov,100,7,4.6618199824634776e-27
CMA-ES,Zakharov,100,8,4.9782963140890335e-27
CMA-ES,Zakharov,100,9,5.819478572923224e-27
CMA-ES,Zakharov,100,10,4.983574264916316e-27
CMA-ES,Zakharov,100,11,5.342661170634208e-27
CMA-ES,Zakharov,100,12,4.686667861160538e-27
CMA-ES,Zakharov,100,13,4.685692377643706e-27
CMA-ES,Zakharov,100,14,5.362203425298097e-27
CMA-ES,Zakharov,100,15,4.7273830192610426e-27
CMA-ES,Zakharov,100,16,5.5629364107950216e-27
CMA-ES,Zakharov,100,17,5.823610643581845e-27
CMA-ES,Zakharov,100,18,5.704707195489277e-27
CMA-ES,Zakharov,100,19,5.021773123322106e-27
CMA-ES,Zakharov,100,20,4.966681981522344e-27
CMA-ES,Zakharov,100,21,4.7106054370323205e-27
CMA-ES,Zakharov,100,22,4.905244154257973e-27
CMA-ES,Zakharov,100,23,5.3542006687854945e-27
CMA-ES,Zakharov,100,24,5.2993614506595214e-27
CMA-ES,Zakharov,100,25,5.130892269518204e-27
CMA-ES,Zakharov,100,26,4.291875417979922e-27
CMA-ES,Zakharov,100,27,5.794259964748932e-27
CMA-ES,Zakharov,100,28,5.1490864334063325e-27
CMA-ES,Zakharov,100,29,4.960734324668088e-27
DE,Ackley,100,0,3.0249525051139483
DE,Ackley,100,1,4.218314120585848
DE,Ackley,100,2,2.425146683268029
DE,Ackley,100,3,2.528115621628836
DE,Ackley,100,4,2.0448118107124533
DE,Ackley,100,5,3.2007423406402933
DE,Ackley,100,6,2.5276474745398585
DE,Ackley,100,7,3.571530385579923
DE,Ackley,100,8,3.1444495874730234
DE,Ackley,100,9,3.489359981676284
DE,Ackley,100,10,2.0128855756940465
DE,Ackley,100,11,3.3144438485112
DE,Ackley,100,12,2.528515378452234
DE,Ackley,100,13,2.477921954256264
DE,Ackley,100,14,1.9795449039676536
DE,Ackley,100,15,5.178901714218171
DE,Ackley,100,16,4.671965942017376
DE,Ackley,100,17,3.7172587176287775
DE,Ackley,100,18,2.4777757469234065
DE,Ackley,100,19,2.342713617353852
DE,Ackley,100,20,3.63736967579629
DE,Ackley,100,21,2.626943242814044
DE,Ackley,100,22,2.879418586179213
DE,Ackley,100,23,3.809568229696396
DE,Ackley,100,24,3.971837766195713
DE,Ackley,100,25,2.1394235154870604
DE,Ackley,100,26,3.620842943245887
DE,Ackley,100,27,1.9108744793851435
DE,Ackley,100,28,5.782399129829546
DE,Ackley,100,29,2.4488873534973377
DE,BentCigar,100,0,2.497747373133618e-17
DE,BentCigar,100,1,4.538044269903418e-12
DE,BentCigar,100,2,3.126413539571914e-19
DE,BentCigar,100,3,2.0960213862807517e-17
DE,BentCigar,100,4,1.1436263154712325e-19
DE,BentCigar,100,5,4.869268149945509e-19
DE,BentCigar,100,6,1.9494578792110688e-18
DE,BentCigar,100,7,2.7053065382513092e-19
DE,BentCigar,100,8,2.3075395298068345e-19
DE,BentCigar,100,9,1.259910805612756e-09
DE,BentCigar,100,10,6.18584946780849e-19
DE,BentCigar,100,11,1.6261914021165651e-09
DE,BentCigar,100,12,5.945288987654686e-14
DE,BentCigar,100,13,1.2747490493404708e-14
DE,BentCigar,100,14,3.058272557576582e-17
DE,BentCigar,100,15,4.782361359663396e-12
DE,BentCigar,100,16,1.7776501268499545e-15
DE,BentCigar,100,17,5.661337459795171e-19
DE,BentCigar,100,18,2.688690400482879e-19
DE,BentCigar,100,19,1.618270194421664e-14
DE,BentCigar,100,20,3.0046471152974508e-15
DE,BentCigar,100,21,1.559396328656907e-19
DE,BentCigar,100,22,5.0916238266585e-19
DE,BentCigar,100,23,8.126184922282983e-13
DE,BentCigar,100,24,0.0007097359902386
DE,BentCigar,100,25,1.4000216465691962e-16
DE,BentCigar,100,26,1.157715457624049e-19
DE,BentCigar,100,27,6985.340365858052
DE,BentCigar,100,28,6.284552887763564e-13
DE,BentCigar,100,29,7.3470018056960874e-09
DE,Composition,100,0,2.38253861085272e-13
DE,Composition,100,1,2.6359581193150425e-11
DE,Composition,100,2,6.654454765551704e-12
DE,Composition,100,3,1.7430501486652328e-13
DE,Composition,100,4,2.0094370616947643e-11
DE,Composition,100,5,7.468536907007349e-11
DE,Composition,100,6,1.139088823267057e-13
DE,Composition,100,7,2.3133253340932552e-08
DE,Composition,100,8,1.212369112378795e-09
DE,Composition,100,9,1.1104450692454969e-12
DE,Composition,100,10,1.8853030292496567e-10
DE,Composition,100,11,1.3754404518674962e-09
DE,Composition,100,12,1.2158450540138254e-08
DE,Composition,100,13,4.8771196723527095e-09
DE,Composition,100,14,3.356162703060878e-07
DE,Composition,100,15,3.6737496955167485e-09
DE,Composition,100,16,1.341371458374609e-12
DE,Composition,100,17,9.395351174766498e-11
DE,Composition,100,18,1.3700152123897648e-13
DE,Composition,100,19,1.645128477923332e-12
DE,Composition,100,20,0.0008918137317127
DE,Composition,100,21,9.626299758473368e-12
DE,Composition,100,22,1.0767676121792687e-07
DE,Composition,100,23,1.968425422708761e-12
DE,Composition,100,24,7.838174553861211e-14
DE,Composition,100,25,2.0272672429707206e-13
DE,Composition,100,26,8.410323637119101e-10
DE,Composition,100,27,6.986633494576317e-12
DE,Composition,100,28,1.9384494010002653e-13
DE,Composition,100,29,2.3470114740644946e-13
DE,DynamicSphere,100,0,44.74523455330872
DE,DynamicSphere,100,1,33.637526244891376
DE,DynamicSphere,100,2,25.2930086640893
DE,DynamicSphere,100,3,25.69308155897268
DE,DynamicSphere,100,4,91.70244130234242
DE,DynamicSphere,100,5,43.169046948537
DE,DynamicSphere,100,6,19.78471903309463
DE,DynamicSphere,100,7,43.796249779424095
DE,DynamicSphere,100,8,118.05980717809412
DE,DynamicSphere,100,9,289.66539037437803
DE,DynamicSphere,100,10,44.31228710669063
DE,DynamicSphere,100,11,44.23235459976373
DE,DynamicSphere,100,12,34.932592352586234
DE,DynamicSphere,100,13,21.38212936153367
DE,DynamicSphere,100,14,26.170617777675258
DE,DynamicSphere,100,15,173.17192050995314
DE,DynamicSphere,100,16,28.108296466277206
DE,DynamicSphere,100,17,27.852050692955128
DE,DynamicSphere,100,18,32.07134058446678
DE,DynamicSphere,100,19,35.456047412837414
DE,DynamicSphere,100,20,32.20703463649497
DE,DynamicSphere,100,21,17.075194121949593
DE,DynamicSphere,100,22,20.65850135424817
DE,DynamicSphere,100,23,5.993048288967575
DE,DynamicSphere,100,24,16.324964504937082
DE,DynamicSphere,100,25,45.24634609194383
DE,DynamicSphere,100,26,14.848375477612056
DE,DynamicSphere,100,27,18.56234117621211
DE,DynamicSphere,100,28,19.545750761274764
DE,DynamicSphere,100,29,86.45538380450134
DE,Griewank,100,0,0.0849551681581096
DE,Griewank,100,1,3.907985046680551e-14
DE,Griewank,100,2,0.1469418014568712
DE,Griewank,100,3,0.2725310898352581
DE,Griewank,100,4,0.2284696625723379
DE,Griewank,100,5,0.0394792331072888
DE,Griewank,100,6,3.6637359812630166e-15
DE,Griewank,100,7,1.3322676295501878e-15
DE,Griewank,100,8,1.9592579144149889
DE,Griewank,100,9,1.1102230246251563e-16
DE,Griewank,100,10,0.1508419520770738
DE,Griewank,100,11,1.4432899320127037e-15
DE,Griewank,100,12,0.0999292538846559
DE,Griewank,100,13,0.1274761485036104
DE,Griewank,100,14,4.6629367034256575e-15
DE,Griewank,100,15,0.1415396549699168
DE,Griewank,100,16,0.0367696492108978
DE,Griewank,100,17,0.0270516825385344
DE,Griewank,100,18,0.0270174201077522
DE,Griewank,100,19,5.551115123125784e-16
DE,Griewank,100,20,8.881784197001252e-16
DE,Griewank,100,21,3.552713678800501e-15
DE,Griewank,100,22,0.9975863526424228
DE,Griewank,100,23,0.014779776754826
DE,Griewank,100,24,1.5543122344752194e-15
DE,Griewank,100,25,8.881784197001252e-16
DE,Griewank,100,26,4.440892098500626e-16
DE,Griewank,100,27,0.10732427021681
DE,Griewank,100,28,2.55351295663786e-15
DE,Griewank,100,29,0.201430184879704
DE,Levy,100,0,16.257216582727622
DE,Levy,100,1,21.512008354613656
DE,Levy,100,2,17.165495877773
DE,Levy,100,3,10.080391962420377
DE,Levy,100,4,31.90422497531585
DE,Levy,100,5,25.62763255436005
DE,Levy,100,6,12.302181402572613
DE,Levy,100,7,13.364904622593125
DE,Levy,100,8,15.167051663370318
DE,Levy,100,9,12.35022889563771
DE,Levy,100,10,18.8111562461719
DE,Levy,100,11,12.062702906603231
DE,Levy,100,12,18.810375905984383
DE,Levy,100,13,8.925541263624396
DE,Levy,100,14,17.787057232965473
DE,Levy,100,15,30.06021845396431
DE,Levy,100,16,11.711927613528315
DE,Levy,100,17,8.439692007547292
DE,Levy,100,18,34.14567228914139
DE,Levy,100,19,14.71977969751203
DE,Levy,100,20,23.26269457978923
DE,Levy,100,21,29.99386556681421
DE,Levy,100,22,36.60256024364763
DE,Levy,100,23,12.806293762137928
DE,Levy,100,24,16.44748405371758
DE,Levy,100,25,33.438474907119684
DE,Levy,100,26,25.415730058915724
DE,Levy,100,27,16.08521213462914
DE,Levy,100,28,40.713422494696765
DE,Levy,100,29,7.72346600421576
DE,NoisyRastrigin,100,0,103.65531439818524
DE,NoisyRastrigin,100,1,114.96266079889388
DE,NoisyRastrigin,100,2,83.64523012012086
DE,NoisyRastrigin,100,3,75.87118326226705
DE,NoisyRastrigin,100,4,93.8116339358511
DE,NoisyRastrigin,100,5,158.83128327385222
DE,NoisyRastrigin,100,6,123.47100244555558
DE,NoisyRastrigin,100,7,148.41044522011046
DE,NoisyRastrigin,100,8,132.5141452088196
DE,NoisyRastrigin,100,9,109.37200525577164
DE,NoisyRastrigin,100,10,90.6938014311576
DE,NoisyRastrigin,100,11,136.87932381076385
DE,NoisyRastrigin,100,12,116.9450391288046
DE,NoisyRastrigin,100,13,137.18314883954696
DE,NoisyRastrigin,100,14,97.66885660404866
DE,NoisyRastrigin,100,15,132.45613022662016
DE,NoisyRastrigin,100,16,119.45549008858936
DE,NoisyRastrigin,100,17,113.57587074236504
DE,NoisyRastrigin,100,18,84.67275672661717
DE,NoisyRastrigin,100,19,111.72395516865694
DE,NoisyRastrigin,100,20,108.56038998679128
DE,NoisyRastrigin,100,21,132.6909063432678
DE,NoisyRastrigin,100,22,122.702623983993
DE,NoisyRastrigin,100,23,152.39195153879817
DE,NoisyRastrigin,100,24,98.75295512444735
DE,NoisyRastrigin,100,25,101.98535119634622
DE,NoisyRastrigin,100,26,81.75259205134036
DE,NoisyRastrigin,100,27,112.56422938843612
DE,NoisyRastrigin,100,28,109.98595613156948
DE,NoisyRastrigin,100,29,115.88076836430253
DE,NoisySphere,100,0,0.1403196172302364
DE,NoisySphere,100,1,0.5290368325638548
DE,NoisySphere,100,2,0.2429063377446139
DE,NoisySphere,100,3,0.0888568793374878
DE,NoisySphere,100,4,0.1084481808762752
DE,NoisySphere,100,5,0.1360010077878618
DE,NoisySphere,100,6,0.1073182415848126
DE,NoisySphere,100,7,0.4220742738486852
DE,NoisySphere,100,8,0.1625536057169146
DE,NoisySphere,100,9,0.1789439666081105
DE,NoisySphere,100,10,0.1144504856836021
DE,NoisySphere,100,11,0.1550061606815641
DE,NoisySphere,100,12,0.0843014757751705
DE,NoisySphere,100,13,0.1244096051320922
DE,NoisySphere,100,14,0.1091547142398969
DE,NoisySphere,100,15,0.1580761958148946
DE,NoisySphere,100,16,0.2136594990041155
DE,NoisySphere,100,17,0.0726686339652166
DE,NoisySphere,100,18,0.3038729307859195
DE,NoisySphere,100,19,0.1316476852684645
DE,NoisySphere,100,20,0.9609287423833942
DE,NoisySphere,100,21,0.1487999566815101
DE,NoisySphere,100,22,0.1023041947767419
DE,NoisySphere,100,23,0.0954624225593574
DE,NoisySphere,100,24,0.1358033637204748
DE,NoisySphere,100,25,0.1076822088395961
DE,NoisySphere,100,26,0.0708882090798408
DE,NoisySphere,100,27,0.2394695462790196
DE,NoisySphere,100,28,0.081967760202648
DE,NoisySphere,100,29,0.1699213027138458
DE,Rosenbrock,100,0,280.678344992559
DE,Rosenbrock,100,1,176.8790645766181
DE,Rosenbrock,100,2,57053.25849226475
DE,Rosenbrock,100,3,316.4650392943114
DE,Rosenbrock,100,4,294.0137372118894
DE,Rosenbrock,100,5,585.1769759036783
DE,Rosenbrock,100,6,343.70752682131905
DE,Rosenbrock,100,7,143.24830629733484
DE,Rosenbrock,100,8,189.48904503107576
DE,Rosenbrock,100,9,200.55580023585824
DE,Rosenbrock,100,10,1427.2857720173486
DE,Rosenbrock,100,11,271.28126491275475
DE,Rosenbrock,100,12,692.2031805258232
DE,Rosenbrock,100,13,234.56047842737243
DE,Rosenbrock,100,14,381.5787033400271
DE,Rosenbrock,100,15,543.5770176343805
DE,Rosenbrock,100,16,351.6102971588088
DE,Rosenbrock,100,17,197.9400812896843
DE,Rosenbrock,100,18,185.67333645202132
DE,Rosenbrock,100,19,210.65103169636143
DE,Rosenbrock,100,20,183.60721958252824
DE,Rosenbrock,100,21,259.8486658120372
DE,Rosenbrock,100,22,176.7978909599034
DE,Rosenbrock,100,23,85903.76932032865
DE,Rosenbrock,100,24,2874.484908731178
DE,Rosenbrock,100,25,226.93500812185735
DE,Rosenbrock,100,26,216.9548582227492
DE,Rosenbrock,100,27,191.39828866928752
DE,Rosenbrock,100,28,450.1782865304452
DE,Rosenbrock,100,29,6793171.473160449
DE,RotatedElliptic,100,0,8595365.85113796
DE,RotatedElliptic,100,1,8348688.255565633
DE,RotatedElliptic,100,2,13738150.755125228
DE,RotatedElliptic,100,3,8849834.317645214
DE,RotatedElliptic,100,4,17055226.88528856
DE,RotatedElliptic,100,5,6404654.073719713
DE,RotatedElliptic,100,6,14494971.955691034
DE,RotatedElliptic,100,7,7876697.520600438
DE,RotatedElliptic,100,8,6590011.010667176
DE,RotatedElliptic,100,9,12034767.96342756
DE,RotatedElliptic,100,10,9587693.261409212
DE,RotatedElliptic,100,11,9996818.035823524
DE,RotatedElliptic,100,12,8311392.8973901905
DE,RotatedElliptic,100,13,8365130.049260962
DE,RotatedElliptic,100,14,9228850.546889829
DE,RotatedElliptic,100,15,14148792.847153733
DE,RotatedElliptic,100,16,13427893.533048335
DE,RotatedElliptic,100,17,13317864.75213452
DE,RotatedElliptic,100,18,9352620.072925445
DE,RotatedElliptic,100,19,14923828.009601926
DE,RotatedElliptic,100,20,10770749.047704156
DE,RotatedElliptic,100,21,11840178.82649259
DE,RotatedElliptic,100,22,13776702.999829585
DE,RotatedElliptic,100,23,10870559.787120936
DE,RotatedElliptic,100,24,9236683.253245294
DE,RotatedElliptic,100,25,12032789.630506547
DE,RotatedElliptic,100,26,8703042.804218218
DE,RotatedElliptic,100,27,12605878.81887674
DE,RotatedElliptic,100,28,7567843.080976789
DE,RotatedElliptic,100,29,8496130.67617966
DE,Schwefel,100,0,10703.79799160168
DE,Schwefel,100,1,10534.332618754215
DE,Schwefel,100,2,9669.143012888824
DE,Schwefel,100,3,10677.600632113128
DE,Schwefel,100,4,10270.04889295623
DE,Schwefel,100,5,11496.07457555766
DE,Schwefel,100,6,10971.0732936811
DE,Schwefel,100,7,11405.044756029518
DE,Schwefel,100,8,13200.049901987051
DE,Schwefel,100,9,12551.409408197273
DE,Schwefel,100,10,10436.669309231816
DE,Schwefel,100,11,8675.800888044694
DE,Schwefel,100,12,10293.508269712132
DE,Schwefel,100,13,8907.286290839438
DE,Schwefel,100,14,12928.326380974955
DE,Schwefel,100,15,8852.869225655828
DE,Schwefel,100,16,10444.269127300868
DE,Schwefel,100,17,10412.780731082796
DE,Schwefel,100,18,10116.644749311108
DE,Schwefel,100,19,11207.52653732905
DE,Schwefel,100,20,12560.490010825397
DE,Schwefel,100,21,10680.215786189088
DE,Schwefel,100,22,10746.006179102103
DE,Schwefel,100,23,10443.820080262209
DE,Schwefel,100,24,10340.586611964303
DE,Schwefel,100,25,11157.462452528322
DE,Schwefel,100,26,10493.945058304584
DE,Schwefel,100,27,9687.945432469887
DE,Schwefel,100,28,10296.608191692212
DE,Schwefel,100,29,10139.672841331005
DE,Zakharov,100,0,1278.9579150989453
DE,Zakharov,100,1,1227.1725559097254
DE,Zakharov,100,2,1519.0837240137428
DE,Zakharov,100,3,906.9243223666856
DE,Zakharov,100,4,895.8562577205532
DE,Zakharov,100,5,1220.482670454332
DE,Zakharov,100,6,1315.6139096808645
DE,Zakharov,100,7,1292.6658172622433
DE,Zakharov,100,8,792.0020127863692
DE,Zakharov,100,9,1271.0525192193377
DE,Zakharov,100,10,797.785219812141
DE,Zakharov,100,11,1233.0127955572725
DE,Zakharov,100,12,1028.438382175829
DE,Zakharov,100,13,1105.7889182880645
DE,Zakharov,100,14,1270.5921833610846
DE,Zakharov,100,15,1031.1057608535011
DE,Zakharov,100,16,1257.849528082852
DE,Zakharov,100,17,1021.815206861412
DE,Zakharov,100,18,1126.4465769024214
DE,Zakharov,100,19,1180.4998538411962
DE,Zakharov,100,20,1474.4781982044915
DE,Zakharov,100,21,991.2527009898864
DE,Zakharov,100,22,1096.7982650027
DE,Zakharov,100,23,990.9604650765684
DE,Zakharov,100,24,1462.0492553047654
DE,Zakharov,100,25,1175.3788203205702
DE,Zakharov,100,26,1060.293150780515
DE,Zakharov,100,27,948.734970885438
DE,Zakharov,100,28,814.3465337804435
DE,Zakharov,100,29,1151.7482273868773
