Config,r_N,eta,Function,Dimension,Run,Best
rn10_eta0.1,10.0,0.1,F1,10,0,0.0
rn10_eta0.1,10.0,0.1,F1,10,1,0.0
rn10_eta0.1,10.0,0.1,F1,10,2,0.0
rn10_eta0.1,10.0,0.1,F1,10,3,0.0
rn10_eta0.1,10.0,0.1,F1,10,4,0.0
rn10_eta0.1,10.0,0.1,F1,10,5,0.0
rn10_eta0.1,10.0,0.1,F1,10,6,0.0
rn10_eta0.1,10.0,0.1,F1,10,7,0.0
rn10_eta0.1,10.0,0.1,F1,10,8,0.0
rn10_eta0.1,10.0,0.1,F1,10,9,0.0
rn10_eta0.1,10.0,0.1,F1,30,0,0.0
rn10_eta0.1,10.0,0.1,F1,30,1,0.0
rn10_eta0.1,10.0,0.1,F1,30,2,0.0
rn10_eta0.1,10.0,0.1,F1,30,3,0.0
rn10_eta0.1,10.0,0.1,F1,30,4,0.0
rn10_eta0.1,10.0,0.1,F1,30,5,0.0
rn10_eta0.1,10.0,0.1,F1,30,6,0.0
rn10_eta0.1,10.0,0.1,F1,30,7,0.0
rn10_eta0.1,10.0,0.1,F1,30,8,0.0
rn10_eta0.1,10.0,0.1,F1,30,9,0.0
rn10_eta0.1,10.0,0.1,F3,10,0,3.986579112347158
rn10_eta0.1,10.0,0.1,F3,10,1,3.986579112347158
rn10_eta0.1,10.0,0.1,F3,10,2,3.986579112347158
rn10_eta0.1,10.0,0.1,F3,10,3,3.986579112347158
rn10_eta0.1,10.0,0.1,F3,10,4,3.986579112347158
rn10_eta0.1,10.0,0.1,F3,10,5,3.986579112347158
rn10_eta0.1,10.0,0.1,F3,10,6,3.986579112347158
rn10_eta0.1,10.0,0.1,F3,10,7,3.986579112347158
rn10_eta0.1,10.0,0.1,F3,10,8,3.986579112347158
rn10_eta0.1,10.0,0.1,F3,10,9,3.986579112347158
rn10_eta0.1,10.0,0.1,F3,30,0,31.810711664704968
rn10_eta0.1,10.0,0.1,F3,30,1,31.810711664704968
rn10_eta0.1,10.0,0.1,F3,30,2,31.810711664704968
rn10_eta0.1,10.0,0.1,F3,30,3,31.810711664704968
rn10_eta0.1,10.0,0.1,F3,30,4,31.810711664704968
rn10_eta0.1,10.0,0.1,F3,30,5,31.810711664704968
rn10_eta0.1,10.0,0.1,F3,30,6,31.810711664704968
rn10_eta0.1,10.0,0.1,F3,30,7,31.810711664704968
rn10_eta0.1,10.0,0.1,F3,30,8,31.810711664704968
rn10_eta0.1,10.0,0.1,F3,30,9,31.810711664704968
rn10_eta0.1,10.0,0.1,F4,10,0,2.984877171987364
rn10_eta0.1,10.0,0.1,F4,10,1,0.9949590570932968
rn10_eta0.1,10.0,0.1,F4,10,2,0.9949590570932968
rn10_eta0.1,10.0,0.1,F4,10,3,1.9899181141865936
rn10_eta0.1,10.0,0.1,F4,10,4,2.9848772510283084
rn10_eta0.1,10.0,0.1,F4,10,5,3.979836228373188
rn10_eta0.1,10.0,0.1,F4,10,6,0.9949590570932968
rn10_eta0.1,10.0,0.1,F4,10,7,0.9949590570932968
rn10_eta0.1,10.0,0.1,F4,10,8,1.9899181141865936
rn10_eta0.1,10.0,0.1,F4,10,9,5.969754342559781
rn10_eta0.1,10.0,0.1,F4,30,0,9.949611942223214
rn10_eta0.1,10.0,0.1,F4,30,1,8.9546348234378
rn10_eta0.1,10.0,0.1,F4,30,2,6.964713415233689
rn10_eta0.1,10.0,0.1,F4,30,3,2.9849240283218705
rn10_eta0.1,10.0,0.1,F4,30,4,8.959347180694351
rn10_eta0.1,10.0,0.1,F4,30,5,6.964713432359872
rn10_eta0.1,10.0,0.1,F4,30,6,5.96976578426262
rn10_eta0.1,10.0,0.1,F4,30,7,7.95967249479861
rn10_eta0.1,10.0,0.1,F4,30,8,6.964717650049977
rn10_eta0.1,10.0,0.1,F4,30,9,5.969754364756227
rn10_eta0.1,10.0,0.1,F5,10,0,0.0
rn10_eta0.1,10.0,0.1,F5,10,1,0.0
rn10_eta0.1,10.0,0.1,F5,10,2,0.0
rn10_eta0.1,10.0,0.1,F5,10,3,0.0
rn10_eta0.1,10.0,0.1,F5,10,4,0.0
rn10_eta0.1,10.0,0.1,F5,10,5,0.0
rn10_eta0.1,10.0,0.1,F5,10,6,0.0
rn10_eta0.1,10.0,0.1,F5,10,7,0.0
rn10_eta0.1,10.0,0.1,F5,10,8,0.0
rn10_eta0.1,10.0,0.1,F5,10,9,0.0
rn10_eta0.1,10.0,0.1,F5,30,0,0.0
rn10_eta0.1,10.0,0.1,F5,30,1,0.0
rn10_eta0.1,10.0,0.1,F5,30,2,0.0
rn10_eta0.1,10.0,0.1,F5,30,3,3.8923360534681706e-08
rn10_eta0.1,10.0,0.1,F5,30,4,6.408140507119242e-08
rn10_eta0.1,10.0,0.1,F5,30,5,4.1371663428435574e-08
rn10_eta0.1,10.0,0.1,F5,30,6,0.0
rn10_eta0.1,10.0,0.1,F5,30,7,0.0
rn10_eta0.1,10.0,0.1,F5,30,8,0.0
rn10_eta0.1,10.0,0.1,F5,30,9,3.892387212545145e-08
rn10_eta0.1,10.0,0.1,F6,10,0,12.471208819396791
rn10_eta0.1,10.0,0.1,F6,10,1,12.798926598298976
rn10_eta0.1,10.0,0.1,F6,10,2,11.529121766745677
rn10_eta0.1,10.0,0.1,F6,10,3,11.529121846548604
rn10_eta0.1,10.0,0.1,F6,10,4,13.57714958286681
rn10_eta0.1,10.0,0.1,F6,10,5,15.010814814719538
rn10_eta0.1,10.0,0.1,F6,10,6,11.856842998069284
rn10_eta0.1,10.0,0.1,F6,10,7,11.201439975997346
rn10_eta0.1,10.0,0.1,F6,10,8,12.635065982637116
rn10_eta0.1,10.0,0.1,F6,10,9,11.856937874158804
rn10_eta0.1,10.0,0.1,F6,30,0,38.32721710306112
rn10_eta0.1,10.0,0.1,F6,30,1,37.47840799455162
rn10_eta0.1,10.0,0.1,F6,30,2,37.4784081021985
rn10_eta0.1,10.0,0.1,F6,30,3,39.86016135025318
rn10_eta0.1,10.0,0.1,F6,30,4,39.052514830948326
rn10_eta0.1,10.0,0.1,F6,30,5,39.052774341327904
rn10_eta0.1,10.0,0.1,F6,30,6,39.94252903126767
rn10_eta0.1,10.0,0.1,F6,30,7,38.20369560759559
rn10_eta0.1,10.0,0.1,F6,30,8,40.750554637692176
rn10_eta0.1,10.0,0.1,F6,30,9,42.369840298570125
rn10_eta0.1,10.0,0.1,F7,10,0,6.0
rn10_eta0.1,10.0,0.1,F7,10,1,2.0005216457491315
rn10_eta0.1,10.0,0.1,F7,10,2,6.0
rn10_eta0.1,10.0,0.1,F7,10,3,6.00000001251567
rn10_eta0.1,10.0,0.1,F7,10,4,4.000684165315079
rn10_eta0.1,10.0,0.1,F7,10,5,8.000072860091336
rn10_eta0.1,10.0,0.1,F7,10,6,6.00039512590979
rn10_eta0.1,10.0,0.1,F7,10,7,6.0
rn10_eta0.1,10.0,0.1,F7,10,8,4.000139040265253
rn10_eta0.1,10.0,0.1,F7,10,9,10.000009017151342
rn10_eta0.1,10.0,0.1,F7,30,0,34.00005214905252
rn10_eta0.1,10.0,0.1,F7,30,1,26.00004166963754
rn10_eta0.1,10.0,0.1,F7,30,2,32.00115876565019
rn10_eta0.1,10.0,0.1,F7,30,3,34.0002060905897
rn10_eta0.1,10.0,0.1,F7,30,4,26.000037850050266
rn10_eta0.1,10.0,0.1,F7,30,5,28.00088555090906
rn10_eta0.1,10.0,0.1,F7,30,6,26.002036583531662
rn10_eta0.1,10.0,0.1,F7,30,7,34.00000000000102
rn10_eta0.1,10.0,0.1,F7,30,8,36.00000000006639
rn10_eta0.1,10.0,0.1,F7,30,9,24.000000058537125
rn10_eta0.1,10.0,0.1,F9,10,0,6.892375886982336
rn10_eta0.1,10.0,0.1,F9,10,1,0.3259891067555145
rn10_eta0.1,10.0,0.1,F9,10,2,13.535349082113498
rn10_eta0.1,10.0,0.1,F9,10,3,0.1456883337759791
rn10_eta0.1,10.0,0.1,F9,10,4,15.098585615635784
rn10_eta0.1,10.0,0.1,F9,10,5,13.534933868690132
rn10_eta0.1,10.0,0.1,F9,10,6,6.960946678178516
rn10_eta0.1,10.0,0.1,F9,10,7,3.863043495036436
rn10_eta0.1,10.0,0.1,F9,10,8,3.69161125995106
rn10_eta0.1,10.0,0.1,F9,10,9,10.388144581370398
rn10_eta0.1,10.0,0.1,F9,30,0,1114.22585728782
rn10_eta0.1,10.0,0.1,F9,30,1,601.5259298129095
rn10_eta0.1,10.0,0.1,F9,30,2,479.130248804584
rn10_eta0.1,10.0,0.1,F9,30,3,982.3021085113032
rn10_eta0.1,10.0,0.1,F9,30,4,1028.509476481826
rn10_eta0.1,10.0,0.1,F9,30,5,917.6729001120112
rn10_eta0.1,10.0,0.1,F9,30,6,1254.5521527645217
rn10_eta0.1,10.0,0.1,F9,30,7,783.0723095823469
rn10_eta0.1,10.0,0.1,F9,30,8,842.0984283345115
rn10_eta0.1,10.0,0.1,F9,30,9,1244.6199802352255
rn10_eta0.1,10.0,0.1,F10,10,0,0.0
rn10_eta0.1,10.0,0.1,F10,10,1,3.701428610430071
rn10_eta0.1,10.0,0.1,F10,10,2,0.0
rn10_eta0.1,10.0,0.1,F10,10,3,0.0
rn10_eta0.1,10.0,0.1,F10,10,4,0.0
rn10_eta0.1,10.0,0.1,F10,10,5,3.701428610430071
rn10_eta0.1,10.0,0.1,F10,10,6,3.701428610430071
rn10_eta0.1,10.0,0.1,F10,10,7,0.0
rn10_eta0.1,10.0,0.1,F10,10,8,0.0
rn10_eta0.1,10.0,0.1,F10,10,9,3.701428610430071
rn10_eta0.1,10.0,0.1,F10,30,0,2.160612329723108
rn10_eta0.1,10.0,0.1,F10,30,1,7.830565693323479
rn10_eta0.1,10.0,0.1,F10,30,2,0.9949590570946611
rn10_eta0.1,10.0,0.1,F10,30,3,2.984877183700973
rn10_eta0.1,10.0,0.1,F10,30,4,1.5710060462635056
rn10_eta0.1,10.0,0.1,F10,30,5,4.907534932544536
rn10_eta0.1,10.0,0.1,F10,30,6,8.364589072867147
rn10_eta0.1,10.0,0.1,F10,30,7,12.015890853913902
rn10_eta0.1,10.0,0.1,F10,30,8,11.470335817948012
rn10_eta0.1,10.0,0.1,F10,30,9,5.839956777312636
rn10_eta0.1,10.0,0.1,F11,10,0,0.0
rn10_eta0.1,10.0,0.1,F11,10,1,0.2081429846455194
rn10_eta0.1,10.0,0.1,F11,10,2,0.2081429846455194
rn10_eta0.1,10.0,0.1,F11,10,3,0.2081429846455194
rn10_eta0.1,10.0,0.1,F11,10,4,109.88050492509774
rn10_eta0.1,10.0,0.1,F11,10,5,0.2081429846455194
rn10_eta0.1,10.0,0.1,F11,10,6,0.2081429846455194
rn10_eta0.1,10.0,0.1,F11,10,7,0.2081429846455194
rn10_eta0.1,10.0,0.1,F11,10,8,0.0
rn10_eta0.1,10.0,0.1,F11,10,9,0.2081429846455194
rn10_eta0.1,10.0,0.1,F11,30,0,0.0
rn10_eta0.1,10.0,0.1,F11,30,1,0.0
rn10_eta0.1,10.0,0.1,F11,30,2,0.0693932123849663
rn10_eta0.1,10.0,0.1,F11,30,3,52.32050897372187
rn10_eta0.1,10.0,0.1,F11,30,4,12.10999674720938
rn10_eta0.1,10.0,0.1,F11,30,5,0.0
rn10_eta0.1,10.0,0.1,F11,30,6,0.0693932123849663
rn10_eta0.1,10.0,0.1,F11,30,7,0.0693932123849663
rn10_eta0.1,10.0,0.1,F11,30,8,0.0693932123849663
rn10_eta0.1,10.0,0.1,F11,30,9,0.0693932123849663
rn10_eta0.1,10.0,0.1,F15,10,0,435.67862744484
rn10_eta0.1,10.0,0.1,F15,10,1,233.02470979108125
rn10_eta0.1,10.0,0.1,F15,10,2,0.7275747613352905
rn10_eta0.1,10.0,0.1,F15,10,3,0.6975022803580941
rn10_eta0.1,10.0,0.1,F15,10,4,1.4948110456375616
rn10_eta0.1,10.0,0.1,F15,10,5,233.03630384221012
rn10_eta0.1,10.0,0.1,F15,10,6,0.7267666428433586
rn10_eta0.1,10.0,0.1,F15,10,7,0.7270189793175632
rn10_eta0.1,10.0,0.1,F15,10,8,434.9909367370574
rn10_eta0.1,10.0,0.1,F15,10,9,234.0380276029277
rn10_eta0.1,10.0,0.1,F15,30,0,3.208180081500132
rn10_eta0.1,10.0,0.1,F15,30,1,3.276572772166901
rn10_eta0.1,10.0,0.1,F15,30,2,220.5459267941701
rn10_eta0.1,10.0,0.1,F15,30,3,220.6334984478572
rn10_eta0.1,10.0,0.1,F15,30,4,3.3122042842805968
rn10_eta0.1,10.0,0.1,F15,30,5,3.22217317465379
rn10_eta0.1,10.0,0.1,F15,30,6,3.421422888657389
rn10_eta0.1,10.0,0.1,F15,30,7,3.4675482479490256
rn10_eta0.1,10.0,0.1,F15,30,8,219.7805636787275
rn10_eta0.1,10.0,0.1,F15,30,9,231.21937954457644
rn10_eta0.2,10.0,0.2,F1,10,0,0.0
rn10_eta0.2,10.0,0.2,F1,10,1,0.0
rn10_eta0.2,10.0,0.2,F1,10,2,0.0
rn10_eta0.2,10.0,0.2,F1,10,3,0.0
rn10_eta0.2,10.0,0.2,F1,10,4,0.0
rn10_eta0.2,10.0,0.2,F1,10,5,0.0
rn10_eta0.2,10.0,0.2,F1,10,6,0.0
rn10_eta0.2,10.0,0.2,F1,10,7,0.0
rn10_eta0.2,10.0,0.2,F1,10,8,0.0
rn10_eta0.2,10.0,0.2,F1,10,9,0.0
rn10_eta0.2,10.0,0.2,F1,30,0,0.0
rn10_eta0.2,10.0,0.2,F1,30,1,0.0
rn10_eta0.2,10.0,0.2,F1,30,2,0.0
rn10_eta0.2,10.0,0.2,F1,30,3,0.0
rn10_eta0.2,10.0,0.2,F1,30,4,0.0
rn10_eta0.2,10.0,0.2,F1,30,5,0.0
rn10_eta0.2,10.0,0.2,F1,30,6,0.0
rn10_eta0.2,10.0,0.2,F1,30,7,0.0
rn10_eta0.2,10.0,0.2,F1,30,8,0.0
rn10_eta0.2,10.0,0.2,F1,30,9,0.0
rn10_eta0.2,10.0,0.2,F3,10,0,3.986579112347158
rn10_eta0.2,10.0,0.2,F3,10,1,3.986579112347158
rn10_eta0.2,10.0,0.2,F3,10,2,3.986579112347158
rn10_eta0.2,10.0,0.2,F3,10,3,3.986579112347158
rn10_eta0.2,10.0,0.2,F3,10,4,0.0
rn10_eta0.2,10.0,0.2,F3,10,5,3.986579112347158
rn10_eta0.2,10.0,0.2,F3,10,6,3.986579112347158
rn10_eta0.2,10.0,0.2,F3,10,7,3.986579112347158
rn10_eta0.2,10.0,0.2,F3,10,8,3.986579112347158
rn10_eta0.2,10.0,0.2,F3,10,9,0.0
rn10_eta0.2,10.0,0.2,F3,30,0,31.810711664704968
rn10_eta0.2,10.0,0.2,F3,30,1,31.810711664704968
rn10_eta0.2,10.0,0.2,F3,30,2,31.810711664704968
rn10_eta0.2,10.0,0.2,F3,30,3,31.810711664704968
rn10_eta0.2,10.0,0.2,F3,30,4,31.810711664704968
rn10_eta0.2,10.0,0.2,F3,30,5,31.810711664704968
rn10_eta0.2,10.0,0.2,F3,30,6,31.810711664704968
rn10_eta0.2,10.0,0.2,F3,30,7,31.810711664704968
rn10_eta0.2,10.0,0.2,F3,30,8,31.810711664704968
rn10_eta0.2,10.0,0.2,F3,30,9,31.810711664704968
rn10_eta0.2,10.0,0.2,F4,10,0,0.9949590570932968
rn10_eta0.2,10.0,0.2,F4,10,1,0.0
rn10_eta0.2,10.0,0.2,F4,10,2,2.9848779984527027
rn10_eta0.2,10.0,0.2,F4,10,3,0.9949590570932968
rn10_eta0.2,10.0,0.2,F4,10,4,0.9949590570932968
rn10_eta0.2,10.0,0.2,F4,10,5,2.984886912725983
rn10_eta0.2,10.0,0.2,F4,10,6,1.989933978983231
rn10_eta0.2,10.0,0.2,F4,10,7,2.984880969741596
rn10_eta0.2,10.0,0.2,F4,10,8,0.9949590570932968
rn10_eta0.2,10.0,0.2,F4,10,9,1.9899181141865936
rn10_eta0.2,10.0,0.2,F4,30,0,6.96472620917848
rn10_eta0.2,10.0,0.2,F4,30,1,9.94960013511792
rn10_eta0.2,10.0,0.2,F4,30,2,10.944552535817252
rn10_eta0.2,10.0,0.2,F4,30,3,8.954654872467358
rn10_eta0.2,10.0,0.2,F4,30,4,7.960804809404692
rn10_eta0.2,10.0,0.2,F4,30,5,7.960001190254445
rn10_eta0.2,10.0,0.2,F4,30,6,9.949590571979115
rn10_eta0.2,10.0,0.2,F4,30,7,6.967115158991305
rn10_eta0.2,10.0,0.2,F4,30,8,10.94988272247815
rn10_eta0.2,10.0,0.2,F4,30,9,6.964752210021516
rn10_eta0.2,10.0,0.2,F5,10,0,0.0
rn10_eta0.2,10.0,0.2,F5,10,1,0.0
rn10_eta0.2,10.0,0.2,F5,10,2,0.0
rn10_eta0.2,10.0,0.2,F5,10,3,0.0
rn10_eta0.2,10.0,0.2,F5,10,4,0.0
rn10_eta0.2,10.0,0.2,F5,10,5,0.0
rn10_eta0.2,10.0,0.2,F5,10,6,0.0
rn10_eta0.2,10.0,0.2,F5,10,7,0.0
rn10_eta0.2,10.0,0.2,F5,10,8,0.0
rn10_eta0.2,10.0,0.2,F5,10,9,0.0
rn10_eta0.2,10.0,0.2,F5,30,0,0.0
rn10_eta0.2,10.0,0.2,F5,30,1,0.0
rn10_eta0.2,10.0,0.2,F5,30,2,0.0
rn10_eta0.2,10.0,0.2,F5,30,3,0.0
rn10_eta0.2,10.0,0.2,F5,30,4,0.0
rn10_eta0.2,10.0,0.2,F5,30,5,0.0
rn10_eta0.2,10.0,0.2,F5,30,6,6.408140507119242e-08
rn10_eta0.2,10.0,0.2,F5,30,7,0.0
rn10_eta0.2,10.0,0.2,F5,30,8,1.24507323562284e-07
rn10_eta0.2,10.0,0.2,F5,30,9,0.0
rn10_eta0.2,10.0,0.2,F6,10,0,12.963319585580392
rn10_eta0.2,10.0,0.2,F6,10,1,12.63506598263723
rn10_eta0.2,10.0,0.2,F6,10,2,11.529501604041798
rn10_eta0.2,10.0,0.2,F6,10,3,14.232591830151591
rn10_eta0.2,10.0,0.2,F6,10,4,13.90492224790728
rn10_eta0.2,10.0,0.2,F6,10,5,11.856842998069284
rn10_eta0.2,10.0,0.2,F6,10,6,12.962786998616709
rn10_eta0.2,10.0,0.2,F6,10,7,11.52925720205974
rn10_eta0.2,10.0,0.2,F6,10,8,11.692982382407536
rn10_eta0.2,10.0,0.2,F6,10,9,12.635065982678952
rn10_eta0.2,10.0,0.2,F6,30,0,36.75416155098708
rn10_eta0.2,10.0,0.2,F6,30,1,36.58846050951957
rn10_eta0.2,10.0,0.2,F6,30,2,39.81896889615757
rn10_eta0.2,10.0,0.2,F6,30,3,34.89107180081453
rn10_eta0.2,10.0,0.2,F6,30,4,37.47840800923655
rn10_eta0.2,10.0,0.2,F6,30,5,39.901328487228966
rn10_eta0.2,10.0,0.2,F6,30,6,39.81897361903691
rn10_eta0.2,10.0,0.2,F6,30,7,35.780794673388414
rn10_eta0.2,10.0,0.2,F6,30,8,38.327221753808544
rn10_eta0.2,10.0,0.2,F6,30,9,45.00190345372937
rn10_eta0.2,10.0,0.2,F7,10,0,8.000026550058351
rn10_eta0.2,10.0,0.2,F7,10,1,4.0
rn10_eta0.2,10.0,0.2,F7,10,2,6.000001761194312
rn10_eta0.2,10.0,0.2,F7,10,3,10.0
rn10_eta0.2,10.0,0.2,F7,10,4,8.000080505947267
rn10_eta0.2,10.0,0.2,F7,10,5,6.000036182178178
rn10_eta0.2,10.0,0.2,F7,10,6,6.000681675268424
rn10_eta0.2,10.0,0.2,F7,10,7,10.0
rn10_eta0.2,10.0,0.2,F7,10,8,6.000049210522093
rn10_eta0.2,10.0,0.2,F7,10,9,4.0
rn10_eta0.2,10.0,0.2,F7,30,0,32.00000000000193
rn10_eta0.2,10.0,0.2,F7,30,1,36.00017513318289
rn10_eta0.2,10.0,0.2,F7,30,2,22.0026437735678
rn10_eta0.2,10.0,0.2,F7,30,3,32.00539381449494
rn10_eta0.2,10.0,0.2,F7,30,4,24.004638402430487
rn10_eta0.2,10.0,0.2,F7,30,5,46.00027873728209
rn10_eta0.2,10.0,0.2,F7,30,6,34.00033147908471
rn10_eta0.2,10.0,0.2,F7,30,7,22.000092057693337
rn10_eta0.2,10.0,0.2,F7,30,8,22.010089267732155
rn10_eta0.2,10.0,0.2,F7,30,9,32.00035313702665
rn10_eta0.2,10.0,0.2,F9,10,0,0.3760553378333497
rn10_eta0.2,10.0,0.2,F9,10,1,7.0157933354039415
rn10_eta0.2,10.0,0.2,F9,10,2,15.417643358788157
rn10_eta0.2,10.0,0.2,F9,10,3,6.9104849853683845
rn10_eta0.2,10.0,0.2,F9,10,4,15.244485866957804
rn10_eta0.2,10.0,0.2,F9,10,5,3.735724377567749
rn10_eta0.2,10.0,0.2,F9,10,6,7.0196527576936205
rn10_eta0.2,10.0,0.2,F9,10,7,6.893171098252424
rn10_eta0.2,10.0,0.2,F9,10,8,0.3310309079470244
rn10_eta0.2,10.0,0.2,F9,10,9,3.602562598435725
rn10_eta0.2,10.0,0.2,F9,30,0,1055.6272506000478
rn10_eta0.2,10.0,0.2,F9,30,1,1240.1135210058146
rn10_eta0.2,10.0,0.2,F9,30,2,1071.90415564244
rn10_eta0.2,10.0,0.2,F9,30,3,580.5770437657902
rn10_eta0.2,10.0,0.2,F9,30,4,795.7996130641859
rn10_eta0.2,10.0,0.2,F9,30,5,813.3173837663489
rn10_eta0.2,10.0,0.2,F9,30,6,1257.8269104404972
rn10_eta0.2,10.0,0.2,F9,30,7,701.2698269141492
rn10_eta0.2,10.0,0.2,F9,30,8,960.794257057787
rn10_eta0.2,10.0,0.2,F9,30,9,632.3300200926697
rn10_eta0.2,10.0,0.2,F10,10,0,0.0
rn10_eta0.2,10.0,0.2,F10,10,1,0.9949590570932968
rn10_eta0.2,10.0,0.2,F10,10,2,0.0
rn10_eta0.2,10.0,0.2,F10,10,3,0.0
rn10_eta0.2,10.0,0.2,F10,10,4,0.0
rn10_eta0.2,10.0,0.2,F10,10,5,0.0
rn10_eta0.2,10.0,0.2,F10,10,6,3.701428610430071
rn10_eta0.2,10.0,0.2,F10,10,7,0.0
rn10_eta0.2,10.0,0.2,F10,10,8,0.0
rn10_eta0.2,10.0,0.2,F10,10,9,0.0
rn10_eta0.2,10.0,0.2,F10,30,0,12.947619021933631
rn10_eta0.2,10.0,0.2,F10,30,1,2.91939367518296
rn10_eta0.2,10.0,0.2,F10,30,2,8.94972843876451
rn10_eta0.2,10.0,0.2,F10,30,3,11.309771264828557
rn10_eta0.2,10.0,0.2,F10,30,4,6.03903529810168
rn10_eta0.2,10.0,0.2,F10,30,5,1.7012427987751837
rn10_eta0.2,10.0,0.2,F10,30,6,4.974795285466598
rn10_eta0.2,10.0,0.2,F10,30,7,10.21864276047654
rn10_eta0.2,10.0,0.2,F10,30,8,5.611171977358026
rn10_eta0.2,10.0,0.2,F10,30,9,6.141698285013035
rn10_eta0.2,10.0,0.2,F11,10,0,0.2081429846455194
rn10_eta0.2,10.0,0.2,F11,10,1,0.2081429846455194
rn10_eta0.2,10.0,0.2,F11,10,2,0.2081429846455194
rn10_eta0.2,10.0,0.2,F11,10,3,0.2081429846455194
rn10_eta0.2,10.0,0.2,F11,10,4,0.2081429846455194
rn10_eta0.2,10.0,0.2,F11,10,5,0.0
rn10_eta0.2,10.0,0.2,F11,10,6,0.2081429846455194
rn10_eta0.2,10.0,0.2,F11,10,7,0.2081429846455194
rn10_eta0.2,10.0,0.2,F11,10,8,0.0
rn10_eta0.2,10.0,0.2,F11,10,9,217.1396693905731
rn10_eta0.2,10.0,0.2,F11,30,0,0.0
rn10_eta0.2,10.0,0.2,F11,30,1,0.0
rn10_eta0.2,10.0,0.2,F11,30,2,12.109996747208925
rn10_eta0.2,10.0,0.2,F11,30,3,0.0
rn10_eta0.2,10.0,0.2,F11,30,4,0.0693932123849663
rn10_eta0.2,10.0,0.2,F11,30,5,633.7906169072453
rn10_eta0.2,10.0,0.2,F11,30,6,0.0
rn10_eta0.2,10.0,0.2,F11,30,7,52.32050897372187
rn10_eta0.2,10.0,0.2,F11,30,8,0.0693932123849663
rn10_eta0.2,10.0,0.2,F11,30,9,12.109996747209152
rn10_eta0.2,10.0,0.2,F15,10,0,1.3557608456242178
rn10_eta0.2,10.0,0.2,F15,10,1,233.0275166138404
rn10_eta0.2,10.0,0.2,F15,10,2,0.2921182671350379
rn10_eta0.2,10.0,0.2,F15,10,3,1.4921950974919582
rn10_eta0.2,10.0,0.2,F15,10,4,1.1117232924420932
rn10_eta0.2,10.0,0.2,F15,10,5,0.2111202055752983
rn10_eta0.2,10.0,0.2,F15,10,6,233.0371575162419
rn10_eta0.2,10.0,0.2,F15,10,7,233.98303645007832
rn10_eta0.2,10.0,0.2,F15,10,8,1.4626133450396992
rn10_eta0.2,10.0,0.2,F15,10,9,233.96546893088956
rn10_eta0.2,10.0,0.2,F15,30,0,3.42704703434606
rn10_eta0.2,10.0,0.2,F15,30,1,3.209433472326964
rn10_eta0.2,10.0,0.2,F15,30,2,3.603939759632567
rn10_eta0.2,10.0,0.2,F15,30,3,220.4217318503222
rn10_eta0.2,10.0,0.2,F15,30,4,220.73679075557448
rn10_eta0.2,10.0,0.2,F15,30,5,220.6095851312607
rn10_eta0.2,10.0,0.2,F15,30,6,220.510100972931
rn10_eta0.2,10.0,0.2,F15,30,7,3.5173878284940656
rn10_eta0.2,10.0,0.2,F15,30,8,3.482208543657862
rn10_eta0.2,10.0,0.2,F15,30,9,3.2781310013454004
rn10_eta0.4,10.0,0.4,F1,10,0,0.0
rn10_eta0.4,10.0,0.4,F1,10,1,0.0
rn10_eta0.4,10.0,0.4,F1,10,2,0.0
rn10_eta0.4,10.0,0.4,F1,10,3,0.0
rn10_eta0.4,10.0,0.4,F1,10,4,0.0
rn10_eta0.4,10.0,0.4,F1,10,5,0.0
rn10_eta0.4,10.0,0.4,F1,10,6,0.0
rn10_eta0.4,10.0,0.4,F1,10,7,0.0
rn10_eta0.4,10.0,0.4,F1,10,8,0.0
rn10_eta0.4,10.0,0.4,F1,10,9,0.0
rn10_eta0.4,10.0,0.4,F1,30,0,0.0
rn10_eta0.4,10.0,0.4,F1,30,1,0.0
rn10_eta0.4,10.0,0.4,F1,30,2,0.0
rn10_eta0.4,10.0,0.4,F1,30,3,0.0
rn10_eta0.4,10.0,0.4,F1,30,4,0.0
rn10_eta0.4,10.0,0.4,F1,30,5,0.0
rn10_eta0.4,10.0,0.4,F1,30,6,0.0
rn10_eta0.4,10.0,0.4,F1,30,7,0.0
rn10_eta0.4,10.0,0.4,F1,30,8,0.0
rn10_eta0.4,10.0,0.4,F1,30,9,0.0
rn10_eta0.4,10.0,0.4,F3,10,0,0.0
rn10_eta0.4,10.0,0.4,F3,10,1,0.0
rn10_eta0.4,10.0,0.4,F3,10,2,3.986579112347158
rn10_eta0.4,10.0,0.4,F3,10,3,0.0
rn10_eta0.4,10.0,0.4,F3,10,4,0.0
rn10_eta0.4,10.0,0.4,F3,10,5,3.986579112347158
rn10_eta0.4,10.0,0.4,F3,10,6,3.986579112347158
rn10_eta0.4,10.0,0.4,F3,10,7,3.986579112347158
rn10_eta0.4,10.0,0.4,F3,10,8,0.0
rn10_eta0.4,10.0,0.4,F3,10,9,3.986579112347158
rn10_eta0.4,10.0,0.4,F3,30,0,31.810711664704968
rn10_eta0.4,10.0,0.4,F3,30,1,31.810711664704968
rn10_eta0.4,10.0,0.4,F3,30,2,31.810711664704968
rn10_eta0.4,10.0,0.4,F3,30,3,31.810711664704968
rn10_eta0.4,10.0,0.4,F3,30,4,31.810711664704968
rn10_eta0.4,10.0,0.4,F3,30,5,31.810711664704968
rn10_eta0.4,10.0,0.4,F3,30,6,31.810711664704968
rn10_eta0.4,10.0,0.4,F3,30,7,31.810711664704968
rn10_eta0.4,10.0,0.4,F3,30,8,31.810711664704968
rn10_eta0.4,10.0,0.4,F3,30,9,31.810711664704968
rn10_eta0.4,10.0,0.4,F4,10,0,0.9949590570932968
rn10_eta0.4,10.0,0.4,F4,10,1,3.979987719244548
rn10_eta0.4,10.0,0.4,F4,10,2,1.9899181141865936
rn10_eta0.4,10.0,0.4,F4,10,3,2.9849286791825875
rn10_eta0.4,10.0,0.4,F4,10,4,0.9949590570934106
rn10_eta0.4,10.0,0.4,F4,10,5,1.9899181141866509
rn10_eta0.4,10.0,0.4,F4,10,6,1.9899181616117405
rn10_eta0.4,10.0,0.4,F4,10,7,2.9848771712798907
rn10_eta0.4,10.0,0.4,F4,10,8,1.9899181141865936
rn10_eta0.4,10.0,0.4,F4,10,9,2.984877733573171
rn10_eta0.4,10.0,0.4,F4,30,0,5.969754490763819
rn10_eta0.4,10.0,0.4,F4,30,1,7.001633893332325
rn10_eta0.4,10.0,0.4,F4,30,2,8.954637266052373
rn10_eta0.4,10.0,0.4,F4,30,3,5.98897949112785
rn10_eta0.4,10.0,0.4,F4,30,4,9.949620528810383
rn10_eta0.4,10.0,0.4,F4,30,5,8.954631513847175
rn10_eta0.4,10.0,0.4,F4,30,6,7.959934300007603
rn10_eta0.4,10.0,0.4,F4,30,7,6.964713456525601
rn10_eta0.4,10.0,0.4,F4,30,8,4.974795285489222
rn10_eta0.4,10.0,0.4,F4,30,9,6.964717897399112
rn10_eta0.4,10.0,0.4,F5,10,0,0.0
rn10_eta0.4,10.0,0.4,F5,10,1,0.0
rn10_eta0.4,10.0,0.4,F5,10,2,0.0
rn10_eta0.4,10.0,0.4,F5,10,3,0.0
rn10_eta0.4,10.0,0.4,F5,10,4,0.0
rn10_eta0.4,10.0,0.4,F5,10,5,0.0
rn10_eta0.4,10.0,0.4,F5,10,6,0.0
rn10_eta0.4,10.0,0.4,F5,10,7,0.0
rn10_eta0.4,10.0,0.4,F5,10,8,0.0
rn10_eta0.4,10.0,0.4,F5,10,9,0.0
rn10_eta0.4,10.0,0.4,F5,30,0,0.0
rn10_eta0.4,10.0,0.4,F5,30,1,0.0
rn10_eta0.4,10.0,0.4,F5,30,2,9.52899199546664e-08
rn10_eta0.4,10.0,0.4,F5,30,3,0.0
rn10_eta0.4,10.0,0.4,F5,30,4,1.3144955346433562e-07
rn10_eta0.4,10.0,0.4,F5,30,5,3.343691901136481e-07
rn10_eta0.4,10.0,0.4,F5,30,6,0.0
rn10_eta0.4,10.0,0.4,F5,30,7,0.0
rn10_eta0.4,10.0,0.4,F5,30,8,0.0
rn10_eta0.4,10.0,0.4,F5,30,9,0.0
rn10_eta0.4,10.0,0.4,F6,10,0,16.15783890898956
rn10_eta0.4,10.0,0.4,F6,10,1,13.290708418017289
rn10_eta0.4,10.0,0.4,F6,10,2,12.798926818457062
rn10_eta0.4,10.0,0.4,F6,10,3,13.12674975871812
rn10_eta0.4,10.0,0.4,F6,10,4,11.692982382407536
rn10_eta0.4,10.0,0.4,F6,10,5,13.454500032856458
rn10_eta0.4,10.0,0.4,F6,10,6,12.307775088151857
rn10_eta0.4,10.0,0.4,F6,10,7,11.97962371563085
rn10_eta0.4,10.0,0.4,F6,10,8,11.529121766745677
rn10_eta0.4,10.0,0.4,F6,10,9,11.692982382407422
rn10_eta0.4,10.0,0.4,F6,30,0,39.90214099519528
rn10_eta0.4,10.0,0.4,F6,30,1,35.863138713540025
rn10_eta0.4,10.0,0.4,F6,30,2,38.32755739405309
rn10_eta0.4,10.0,0.4,F6,30,3,36.71196078953005
rn10_eta0.4,10.0,0.4,F6,30,4,36.67077319997645
rn10_eta0.4,10.0,0.4,F6,30,5,37.5196665960101
rn10_eta0.4,10.0,0.4,F6,30,6,37.62407526394384
rn10_eta0.4,10.0,0.4,F6,30,7,40.669593783595815
rn10_eta0.4,10.0,0.4,F6,30,8,37.43723548439516
rn10_eta0.4,10.0,0.4,F6,30,9,43.21481966217732
rn10_eta0.4,10.0,0.4,F7,10,0,6.0
rn10_eta0.4,10.0,0.4,F7,10,1,8.00000756442455
rn10_eta0.4,10.0,0.4,F7,10,2,8.000000021518758
rn10_eta0.4,10.0,0.4,F7,10,3,8.000039889540062
rn10_eta0.4,10.0,0.4,F7,10,4,8.000046900219445
rn10_eta0.4,10.0,0.4,F7,10,5,10.0
rn10_eta0.4,10.0,0.4,F7,10,6,8.000033134578416
rn10_eta0.4,10.0,0.4,F7,10,7,2.0000268221789383
rn10_eta0.4,10.0,0.4,F7,10,8,6.0
rn10_eta0.4,10.0,0.4,F7,10,9,8.000017407183236
rn10_eta0.4,10.0,0.4,F7,30,0,34.00144904977333
rn10_eta0.4,10.0,0.4,F7,30,1,36.0002711994548
rn10_eta0.4,10.0,0.4,F7,30,2,28.001411500995573
rn10_eta0.4,10.0,0.4,F7,30,3,26.0005511868452
rn10_eta0.4,10.0,0.4,F7,30,4,30.000284067651933
rn10_eta0.4,10.0,0.4,F7,30,5,26.006886151612207
rn10_eta0.4,10.0,0.4,F7,30,6,24.01620309098689
rn10_eta0.4,10.0,0.4,F7,30,7,42.0002718401704
rn10_eta0.4,10.0,0.4,F7,30,8,34.00012016598373
rn10_eta0.4,10.0,0.4,F7,30,9,28.00000003175751
rn10_eta0.4,10.0,0.4,F9,10,0,3.6477374248752312
rn10_eta0.4,10.0,0.4,F9,10,1,7.233253731455989
rn10_eta0.4,10.0,0.4,F9,10,2,10.516003278383325
rn10_eta0.4,10.0,0.4,F9,10,3,10.413558987698709
rn10_eta0.4,10.0,0.4,F9,10,4,6.9077367352902
rn10_eta0.4,10.0,0.4,F9,10,5,3.607815306841985
rn10_eta0.4,10.0,0.4,F9,10,6,6.988861360649025
rn10_eta0.4,10.0,0.4,F9,10,7,10.369790945153
rn10_eta0.4,10.0,0.4,F9,10,8,0.2837132362701595
rn10_eta0.4,10.0,0.4,F9,10,9,3.611715467272916
rn10_eta0.4,10.0,0.4,F9,30,0,608.1576693894567
rn10_eta0.4,10.0,0.4,F9,30,1,1036.7547605052368
rn10_eta0.4,10.0,0.4,F9,30,2,1256.365716595692
rn10_eta0.4,10.0,0.4,F9,30,3,1046.4794878451266
rn10_eta0.4,10.0,0.4,F9,30,4,597.8994734852822
rn10_eta0.4,10.0,0.4,F9,30,5,899.8456969971612
rn10_eta0.4,10.0,0.4,F9,30,6,811.3014006058893
rn10_eta0.4,10.0,0.4,F9,30,7,944.6546346568192
rn10_eta0.4,10.0,0.4,F9,30,8,927.7501783002372
rn10_eta0.4,10.0,0.4,F9,30,9,1027.1762710880612
rn10_eta0.4,10.0,0.4,F10,10,0,0.0
rn10_eta0.4,10.0,0.4,F10,10,1,0.0
rn10_eta0.4,10.0,0.4,F10,10,2,0.0
rn10_eta0.4,10.0,0.4,F10,10,3,0.0
rn10_eta0.4,10.0,0.4,F10,10,4,0.0
rn10_eta0.4,10.0,0.4,F10,10,5,3.701428610430071
rn10_eta0.4,10.0,0.4,F10,10,6,0.0
rn10_eta0.4,10.0,0.4,F10,10,7,0.0
rn10_eta0.4,10.0,0.4,F10,10,8,0.0661850199065838
rn10_eta0.4,10.0,0.4,F10,10,9,2.9848771712798907
rn10_eta0.4,10.0,0.4,F10,30,0,3.9798362283738697
rn10_eta0.4,10.0,0.4,F10,30,1,3.3731663044496827
rn10_eta0.4,10.0,0.4,F10,30,2,6.333171714183209
rn10_eta0.4,10.0,0.4,F10,30,3,9.305653650039858
rn10_eta0.4,10.0,0.4,F10,30,4,9.802857035243392
rn10_eta0.4,10.0,0.4,F10,30,5,6.702123497682692
rn10_eta0.4,10.0,0.4,F10,30,6,6.898675927424165
rn10_eta0.4,10.0,0.4,F10,30,7,10.319812130288142
rn10_eta0.4,10.0,0.4,F10,30,8,4.1734814344592905
rn10_eta0.4,10.0,0.4,F10,30,9,11.99381376328688
rn10_eta0.4,10.0,0.4,F11,10,0,217.3478123752184
rn10_eta0.4,10.0,0.4,F11,10,1,0.2081429846455194
rn10_eta0.4,10.0,0.4,F11,10,2,0.2081429846455194
rn10_eta0.4,10.0,0.4,F11,10,3,0.2081429846455194
rn10_eta0.4,10.0,0.4,F11,10,4,217.1396693905731
rn10_eta0.4,10.0,0.4,F11,10,5,0.0
rn10_eta0.4,10.0,0.4,F11,10,6,0.2081429846455194
rn10_eta0.4,10.0,0.4,F11,10,7,0.2081429846455194
rn10_eta0.4,10.0,0.4,F11,10,8,0.2081429846455194
rn10_eta0.4,10.0,0.4,F11,10,9,0.2081429846455194
rn10_eta0.4,10.0,0.4,F11,30,0,0.0693932123849663
rn10_eta0.4,10.0,0.4,F11,30,1,0.0
rn10_eta0.4,10.0,0.4,F11,30,2,0.0693932123849663
rn10_eta0.4,10.0,0.4,F11,30,3,12.054741962877417
rn10_eta0.4,10.0,0.4,F11,30,4,0.0693932123849663
rn10_eta0.4,10.0,0.4,F11,30,5,0.0
rn10_eta0.4,10.0,0.4,F11,30,6,0.0
rn10_eta0.4,10.0,0.4,F11,30,7,52.3205089737221
rn10_eta0.4,10.0,0.4,F11,30,8,0.0693932123849663
rn10_eta0.4,10.0,0.4,F11,30,9,0.0
rn10_eta0.4,10.0,0.4,F15,10,0,0.5196094163070484
rn10_eta0.4,10.0,0.4,F15,10,1,434.6072992733257
rn10_eta0.4,10.0,0.4,F15,10,2,233.0588263368697
rn10_eta0.4,10.0,0.4,F15,10,3,0.4355870600045364
rn10_eta0.4,10.0,0.4,F15,10,4,1.279819681145682
rn10_eta0.4,10.0,0.4,F15,10,5,233.0401955195068
rn10_eta0.4,10.0,0.4,F15,10,6,1.498219488653831
rn10_eta0.4,10.0,0.4,F15,10,7,0.2905433057812843
rn10_eta0.4,10.0,0.4,F15,10,8,232.7832983124763
rn10_eta0.4,10.0,0.4,F15,10,9,435.00691332955466
rn10_eta0.4,10.0,0.4,F15,30,0,220.52193888667443
rn10_eta0.4,10.0,0.4,F15,30,1,3.5752872063430914
rn10_eta0.4,10.0,0.4,F15,30,2,3.313130318129652
rn10_eta0.4,10.0,0.4,F15,30,3,3.5878444430602485
rn10_eta0.4,10.0,0.4,F15,30,4,3.4793727897579174
rn10_eta0.4,10.0,0.4,F15,30,5,3.5325477965388927
rn10_eta0.4,10.0,0.4,F15,30,6,3.532781355023189
rn10_eta0.4,10.0,0.4,F15,30,7,3.1113348260771545
rn10_eta0.4,10.0,0.4,F15,30,8,2.992279844788982
rn10_eta0.4,10.0,0.4,F15,30,9,3.453403196229601
rn4_eta0.1,4.0,0.1,F1,10,0,0.0
rn4_eta0.1,4.0,0.1,F1,10,1,0.0
rn4_eta0.1,4.0,0.1,F1,10,2,0.0
rn4_eta0.1,4.0,0.1,F1,10,3,0.0
rn4_eta0.1,4.0,0.1,F1,10,4,0.0
rn4_eta0.1,4.0,0.1,F1,10,5,0.0
rn4_eta0.1,4.0,0.1,F1,10,6,0.0
rn4_eta0.1,4.0,0.1,F1,10,7,0.0
rn4_eta0.1,4.0,0.1,F1,10,8,0.0
rn4_eta0.1,4.0,0.1,F1,10,9,0.0
rn4_eta0.1,4.0,0.1,F1,30,0,0.0
rn4_eta0.1,4.0,0.1,F1,30,1,0.0
rn4_eta0.1,4.0,0.1,F1,30,2,0.0
rn4_eta0.1,4.0,0.1,F1,30,3,0.0
rn4_eta0.1,4.0,0.1,F1,30,4,0.0
rn4_eta0.1,4.0,0.1,F1,30,5,0.0
rn4_eta0.1,4.0,0.1,F1,30,6,0.0
rn4_eta0.1,4.0,0.1,F1,30,7,0.0
rn4_eta0.1,4.0,0.1,F1,30,8,0.0
rn4_eta0.1,4.0,0.1,F1,30,9,0.0
rn4_eta0.1,4.0,0.1,F3,10,0,3.986579112347158
rn4_eta0.1,4.0,0.1,F3,10,1,3.986579112347158
rn4_eta0.1,4.0,0.1,F3,10,2,3.986579112347158
rn4_eta0.1,4.0,0.1,F3,10,3,0.0
rn4_eta0.1,4.0,0.1,F3,10,4,3.986579112347158
rn4_eta0.1,4.0,0.1,F3,10,5,0.0
rn4_eta0.1,4.0,0.1,F3,10,6,3.986579112347158
rn4_eta0.1,4.0,0.1,F3,10,7,3.986579112347158
rn4_eta0.1,4.0,0.1,F3,10,8,3.986579112347158
rn4_eta0.1,4.0,0.1,F3,10,9,3.986579112347158
rn4_eta0.1,4.0,0.1,F3,30,0,31.810711664704968
rn4_eta0.1,4.0,0.1,F3,30,1,31.810711664704968
rn4_eta0.1,4.0,0.1,F3,30,2,31.810711664704968
rn4_eta0.1,4.0,0.1,F3,30,3,31.810711664704968
rn4_eta0.1,4.0,0.1,F3,30,4,31.810711664704968
rn4_eta0.1,4.0,0.1,F3,30,5,31.810711664704968
rn4_eta0.1,4.0,0.1,F3,30,6,31.810711664704968
rn4_eta0.1,4.0,0.1,F3,30,7,31.810711664704968
rn4_eta0.1,4.0,0.1,F3,30,8,31.810711664704968
rn4_eta0.1,4.0,0.1,F3,30,9,31.810711664704968
rn4_eta0.1,4.0,0.1,F4,10,0,3.979836228373188
rn4_eta0.1,4.0,0.1,F4,10,1,1.9899181141865936
rn4_eta0.1,4.0,0.1,F4,10,2,3.979836228373188
rn4_eta0.1,4.0,0.1,F4,10,3,2.984892854464249
rn4_eta0.1,4.0,0.1,F4,10,4,3.979836228373188
rn4_eta0.1,4.0,0.1,F4,10,5,1.9899181141865936
rn4_eta0.1,4.0,0.1,F4,10,6,2.9848771712798907
rn4_eta0.1,4.0,0.1,F4,10,7,1.9899181141865936
rn4_eta0.1,4.0,0.1,F4,10,8,2.9848771712798907
rn4_eta0.1,4.0,0.1,F4,10,9,8.954626476020564
rn4_eta0.1,4.0,0.1,F4,30,0,11.93950868511962
rn4_eta0.1,4.0,0.1,F4,30,1,12.934467742212972
rn4_eta0.1,4.0,0.1,F4,30,2,18.90421704695359
rn4_eta0.1,4.0,0.1,F4,30,3,17.909257989860464
rn4_eta0.1,4.0,0.1,F4,30,4,12.93446774221286
rn4_eta0.1,4.0,0.1,F4,30,5,12.936534154699814
rn4_eta0.1,4.0,0.1,F4,30,6,11.940177028418134
rn4_eta0.1,4.0,0.1,F4,30,7,7.959672456746432
rn4_eta0.1,4.0,0.1,F4,30,8,14.924385856399454
rn4_eta0.1,4.0,0.1,F4,30,9,6.964713399653078
rn4_eta0.1,4.0,0.1,F5,10,0,0.0
rn4_eta0.1,4.0,0.1,F5,10,1,0.0
rn4_eta0.1,4.0,0.1,F5,10,2,0.0
rn4_eta0.1,4.0,0.1,F5,10,3,0.0
rn4_eta0.1,4.0,0.1,F5,10,4,0.0
rn4_eta0.1,4.0,0.1,F5,10,5,0.0
rn4_eta0.1,4.0,0.1,F5,10,6,0.0
rn4_eta0.1,4.0,0.1,F5,10,7,0.0
rn4_eta0.1,4.0,0.1,F5,10,8,0.0
rn4_eta0.1,4.0,0.1,F5,10,9,0.0
rn4_eta0.1,4.0,0.1,F5,30,0,0.0
rn4_eta0.1,4.0,0.1,F5,30,1,1.2443774721759837e-07
rn4_eta0.1,4.0,0.1,F5,30,2,0.0
rn4_eta0.1,4.0,0.1,F5,30,3,1.556933284518891e-07
rn4_eta0.1,4.0,0.1,F5,30,4,0.0
rn4_eta0.1,4.0,0.1,F5,30,5,6.408146191461128e-08
rn4_eta0.1,4.0,0.1,F5,30,6,0.0
rn4_eta0.1,4.0,0.1,F5,30,7,0.0
rn4_eta0.1,4.0,0.1,F5,30,8,0.0
rn4_eta0.1,4.0,0.1,F5,30,9,0.0
rn4_eta0.1,4.0,0.1,F6,10,0,14.846954414419995
rn4_eta0.1,4.0,0.1,F6,10,1,16.157838693627355
rn4_eta0.1,4.0,0.1,F6,10,2,12.471205366975369
rn4_eta0.1,4.0,0.1,F6,10,3,13.12664761426015
rn4_eta0.1,4.0,0.1,F6,10,4,13.904870598828095
rn4_eta0.1,4.0,0.1,F6,10,5,14.396452445813338
rn4_eta0.1,4.0,0.1,F6,10,6,12.307344751313622
rn4_eta0.1,4.0,0.1,F6,10,7,12.02070361373103
rn4_eta0.1,4.0,0.1,F6,10,8,11.856842998069284
rn4_eta0.1,4.0,0.1,F6,10,9,12.63507128917422
rn4_eta0.1,4.0,0.1,F6,30,0,46.527071867725
rn4_eta0.1,4.0,0.1,F6,30,1,43.980652495954814
rn4_eta0.1,4.0,0.1,F6,30,2,44.062996591884485
rn4_eta0.1,4.0,0.1,F6,30,3,46.48589981976011
rn4_eta0.1,4.0,0.1,F6,30,4,44.0629965918846
rn4_eta0.1,4.0,0.1,F6,30,5,39.901310759124726
rn4_eta0.1,4.0,0.1,F6,30,6,43.98065013836174
rn4_eta0.1,4.0,0.1,F6,30,7,42.365383820039824
rn4_eta0.1,4.0,0.1,F6,30,8,40.79128926434635
rn4_eta0.1,4.0,0.1,F6,30,9,44.911805406836606
rn4_eta0.1,4.0,0.1,F7,10,0,14.0
rn4_eta0.1,4.0,0.1,F7,10,1,6.0
rn4_eta0.1,4.0,0.1,F7,10,2,6.00010477637079
rn4_eta0.1,4.0,0.1,F7,10,3,12.0
rn4_eta0.1,4.0,0.1,F7,10,4,10.000000027418082
rn4_eta0.1,4.0,0.1,F7,10,5,8.0
rn4_eta0.1,4.0,0.1,F7,10,6,8.0
rn4_eta0.1,4.0,0.1,F7,10,7,12.0
rn4_eta0.1,4.0,0.1,F7,10,8,10.0
rn4_eta0.1,4.0,0.1,F7,10,9,10.0
rn4_eta0.1,4.0,0.1,F7,30,0,36.00000009911992
rn4_eta0.1,4.0,0.1,F7,30,1,42.00000095242615
rn4_eta0.1,4.0,0.1,F7,30,2,30.00301618101105
rn4_eta0.1,4.0,0.1,F7,30,3,50.00000000000136
rn4_eta0.1,4.0,0.1,F7,30,4,46.00000000007867
rn4_eta0.1,4.0,0.1,F7,30,5,50.0000199540699
rn4_eta0.1,4.0,0.1,F7,30,6,44.000000000107775
rn4_eta0.1,4.0,0.1,F7,30,7,32.00008966694759
rn4_eta0.1,4.0,0.1,F7,30,8,30.000000000000117
rn4_eta0.1,4.0,0.1,F7,30,9,52.00070009237743
rn4_eta0.1,4.0,0.1,F9,10,0,13.597388309728558
rn4_eta0.1,4.0,0.1,F9,10,1,220.74199340138148
rn4_eta0.1,4.0,0.1,F9,10,2,15.18203142591392
rn4_eta0.1,4.0,0.1,F9,10,3,13.659842750767892
rn4_eta0.1,4.0,0.1,F9,10,4,7.082600409745282
rn4_eta0.1,4.0,0.1,F9,10,5,119.3279033690269
rn4_eta0.1,4.0,0.1,F9,10,6,6.892375816422828
rn4_eta0.1,4.0,0.1,F9,10,7,12.079342943416124
rn4_eta0.1,4.0,0.1,F9,10,8,125.908006975224
rn4_eta0.1,4.0,0.1,F9,10,9,17.07480343845964
rn4_eta0.1,4.0,0.1,F9,30,0,1191.0595826209735
rn4_eta0.1,4.0,0.1,F9,30,1,1495.4004370643945
rn4_eta0.1,4.0,0.1,F9,30,2,1180.5576244073363
rn4_eta0.1,4.0,0.1,F9,30,3,1089.65298585277
rn4_eta0.1,4.0,0.1,F9,30,4,1437.8672394321566
rn4_eta0.1,4.0,0.1,F9,30,5,1389.7506775357142
rn4_eta0.1,4.0,0.1,F9,30,6,1033.3807087696275
rn4_eta0.1,4.0,0.1,F9,30,7,1056.987566632526
rn4_eta0.1,4.0,0.1,F9,30,8,1370.877735314618
rn4_eta0.1,4.0,0.1,F9,30,9,1028.2178129514832
rn4_eta0.1,4.0,0.1,F10,10,0,0.0
rn4_eta0.1,4.0,0.1,F10,10,1,0.9949590570932968
rn4_eta0.1,4.0,0.1,F10,10,2,0.0
rn4_eta0.1,4.0,0.1,F10,10,3,0.0
rn4_eta0.1,4.0,0.1,F10,10,4,5.691346724616665
rn4_eta0.1,4.0,0.1,F10,10,5,5.691346724616665
rn4_eta0.1,4.0,0.1,F10,10,6,0.0
rn4_eta0.1,4.0,0.1,F10,10,7,4.696387667523368
rn4_eta0.1,4.0,0.1,F10,10,8,0.0
rn4_eta0.1,4.0,0.1,F10,10,9,0.0
rn4_eta0.1,4.0,0.1,F10,30,0,9.322779690923994
rn4_eta0.1,4.0,0.1,F10,30,1,16.921078780683274
rn4_eta0.1,4.0,0.1,F10,30,2,1.9899181141867075
rn4_eta0.1,4.0,0.1,F10,30,3,4.974795285466598
rn4_eta0.1,4.0,0.1,F10,30,4,2.9848771712800044
rn4_eta0.1,4.0,0.1,F10,30,5,16.91429389494806
rn4_eta0.1,4.0,0.1,F10,30,6,2.9853441704202623
rn4_eta0.1,4.0,0.1,F10,30,7,4.016594390547652
rn4_eta0.1,4.0,0.1,F10,30,8,9.95005078596398
rn4_eta0.1,4.0,0.1,F10,30,9,1.9899181141868207
rn4_eta0.1,4.0,0.1,F11,10,0,174.77545669390997
rn4_eta0.1,4.0,0.1,F11,10,1,498.8779303619822
rn4_eta0.1,4.0,0.1,F11,10,2,217.3478123752186
rn4_eta0.1,4.0,0.1,F11,10,3,0.0
rn4_eta0.1,4.0,0.1,F11,10,4,239.3828317235368
rn4_eta0.1,4.0,0.1,F11,10,5,0.2081429846455194
rn4_eta0.1,4.0,0.1,F11,10,6,0.2081429846455194
rn4_eta0.1,4.0,0.1,F11,10,7,0.0
rn4_eta0.1,4.0,0.1,F11,10,8,0.0
rn4_eta0.1,4.0,0.1,F11,10,9,0.0
rn4_eta0.1,4.0,0.1,F11,30,0,128.0457351592463
rn4_eta0.1,4.0,0.1,F11,30,1,416.6659585772745
rn4_eta0.1,4.0,0.1,F11,30,2,0.0693932123851936
rn4_eta0.1,4.0,0.1,F11,30,3,83.24690054614211
rn4_eta0.1,4.0,0.1,F11,30,4,30.51083666605723
rn4_eta0.1,4.0,0.1,F11,30,5,0.0
rn4_eta0.1,4.0,0.1,F11,30,6,273.70998223932907
rn4_eta0.1,4.0,0.1,F11,30,7,0.0
rn4_eta0.1,4.0,0.1,F11,30,8,211.84537303817436
rn4_eta0.1,4.0,0.1,F11,30,9,52.32050897372187
rn4_eta0.1,4.0,0.1,F15,10,0,435.6796053266762
rn4_eta0.1,4.0,0.1,F15,10,1,0.2992044780814922
rn4_eta0.1,4.0,0.1,F15,10,2,1.3904921507098609
rn4_eta0.1,4.0,0.1,F15,10,3,1.706034854176096
rn4_eta0.1,4.0,0.1,F15,10,4,1.3039519692792965
rn4_eta0.1,4.0,0.1,F15,10,5,435.9838590717736
rn4_eta0.1,4.0,0.1,F15,10,6,0.4492878640385243
rn4_eta0.1,4.0,0.1,F15,10,7,0.5043815233634632
rn4_eta0.1,4.0,0.1,F15,10,8,0.28550707205045
rn4_eta0.1,4.0,0.1,F15,10,9,434.6062975315376
rn4_eta0.1,4.0,0.1,F15,30,0,2.323466258256076
rn4_eta0.1,4.0,0.1,F15,30,1,3.404897644344828
rn4_eta0.1,4.0,0.1,F15,30,2,2.6158993141575597
rn4_eta0.1,4.0,0.1,F15,30,3,220.50532568840185
rn4_eta0.1,4.0,0.1,F15,30,4,3.3950966812096794
rn4_eta0.1,4.0,0.1,F15,30,5,3.531910600569745
rn4_eta0.1,4.0,0.1,F15,30,6,3.628508088492026
rn4_eta0.1,4.0,0.1,F15,30,7,2.7761735613066776
rn4_eta0.1,4.0,0.1,F15,30,8,372.4727875202618
rn4_eta0.1,4.0,0.1,F15,30,9,3.4797742347766416
rn4_eta0.2,4.0,0.2,F1,10,0,0.0
rn4_eta0.2,4.0,0.2,F1,10,1,0.0
rn4_eta0.2,4.0,0.2,F1,10,2,0.0
rn4_eta0.2,4.0,0.2,F1,10,3,0.0
rn4_eta0.2,4.0,0.2,F1,10,4,0.0
rn4_eta0.2,4.0,0.2,F1,10,5,0.0
rn4_eta0.2,4.0,0.2,F1,10,6,0.0
rn4_eta0.2,4.0,0.2,F1,10,7,0.0
rn4_eta0.2,4.0,0.2,F1,10,8,0.0
rn4_eta0.2,4.0,0.2,F1,10,9,0.0
rn4_eta0.2,4.0,0.2,F1,30,0,0.0
rn4_eta0.2,4.0,0.2,F1,30,1,0.0
rn4_eta0.2,4.0,0.2,F1,30,2,0.0
rn4_eta0.2,4.0,0.2,F1,30,3,0.0
rn4_eta0.2,4.0,0.2,F1,30,4,0.0
rn4_eta0.2,4.0,0.2,F1,30,5,0.0
rn4_eta0.2,4.0,0.2,F1,30,6,0.0
rn4_eta0.2,4.0,0.2,F1,30,7,0.0
rn4_eta0.2,4.0,0.2,F1,30,8,0.0
rn4_eta0.2,4.0,0.2,F1,30,9,0.0
rn4_eta0.2,4.0,0.2,F3,10,0,3.986579112347158
rn4_eta0.2,4.0,0.2,F3,10,1,0.0
rn4_eta0.2,4.0,0.2,F3,10,2,3.986579112347158
rn4_eta0.2,4.0,0.2,F3,10,3,3.986579112347158
rn4_eta0.2,4.0,0.2,F3,10,4,0.0
rn4_eta0.2,4.0,0.2,F3,10,5,3.986579112347158
rn4_eta0.2,4.0,0.2,F3,10,6,3.986579112347158
rn4_eta0.2,4.0,0.2,F3,10,7,3.986579112347158
rn4_eta0.2,4.0,0.2,F3,10,8,3.986579112347158
rn4_eta0.2,4.0,0.2,F3,10,9,0.0
rn4_eta0.2,4.0,0.2,F3,30,0,31.810711664704968
rn4_eta0.2,4.0,0.2,F3,30,1,31.810711664704968
rn4_eta0.2,4.0,0.2,F3,30,2,31.810711664704968
rn4_eta0.2,4.0,0.2,F3,30,3,31.810711664704968
rn4_eta0.2,4.0,0.2,F3,30,4,31.810711664704968
rn4_eta0.2,4.0,0.2,F3,30,5,31.810711664704968
rn4_eta0.2,4.0,0.2,F3,30,6,31.810711664704968
rn4_eta0.2,4.0,0.2,F3,30,7,31.810711664704968
rn4_eta0.2,4.0,0.2,F3,30,8,31.810711664704968
rn4_eta0.2,4.0,0.2,F3,30,9,31.810711664704968
rn4_eta0.2,4.0,0.2,F4,10,0,3.979836228373188
rn4_eta0.2,4.0,0.2,F4,10,1,0.0
rn4_eta0.2,4.0,0.2,F4,10,2,3.979836228373188
rn4_eta0.2,4.0,0.2,F4,10,3,6.964708361833971
rn4_eta0.2,4.0,0.2,F4,10,4,2.9848771712798907
rn4_eta0.2,4.0,0.2,F4,10,5,2.9848771712798907
rn4_eta0.2,4.0,0.2,F4,10,6,2.9848771712798907
rn4_eta0.2,4.0,0.2,F4,10,7,0.9949590570933536
rn4_eta0.2,4.0,0.2,F4,10,8,4.9747952854664845
rn4_eta0.2,4.0,0.2,F4,10,9,0.9949590570932968
rn4_eta0.2,4.0,0.2,F4,30,0,17.909257989860293
rn4_eta0.2,4.0,0.2,F4,30,1,10.944544590207215
rn4_eta0.2,4.0,0.2,F4,30,2,13.92942683621959
rn4_eta0.2,4.0,0.2,F4,30,3,10.944544590207215
rn4_eta0.2,4.0,0.2,F4,30,4,12.93446774221303
rn4_eta0.2,4.0,0.2,F4,30,5,11.939508685119565
rn4_eta0.2,4.0,0.2,F4,30,6,15.929059030301914
rn4_eta0.2,4.0,0.2,F4,30,7,10.944549628026325
rn4_eta0.2,4.0,0.2,F4,30,8,10.944549628026266
rn4_eta0.2,4.0,0.2,F4,30,9,12.93446774221303
rn4_eta0.2,4.0,0.2,F5,10,0,0.0
rn4_eta0.2,4.0,0.2,F5,10,1,0.0
rn4_eta0.2,4.0,0.2,F5,10,2,0.0
rn4_eta0.2,4.0,0.2,F5,10,3,0.0
rn4_eta0.2,4.0,0.2,F5,10,4,0.0
rn4_eta0.2,4.0,0.2,F5,10,5,0.0
rn4_eta0.2,4.0,0.2,F5,10,6,0.0
rn4_eta0.2,4.0,0.2,F5,10,7,0.0
rn4_eta0.2,4.0,0.2,F5,10,8,0.0
rn4_eta0.2,4.0,0.2,F5,10,9,0.0
rn4_eta0.2,4.0,0.2,F5,30,0,3.0255199590101256e-07
rn4_eta0.2,4.0,0.2,F5,30,1,0.0
rn4_eta0.2,4.0,0.2,F5,30,2,0.0
rn4_eta0.2,4.0,0.2,F5,30,3,0.0
rn4_eta0.2,4.0,0.2,F5,30,4,0.0
rn4_eta0.2,4.0,0.2,F5,30,5,0.0
rn4_eta0.2,4.0,0.2,F5,30,6,0.0
rn4_eta0.2,4.0,0.2,F5,30,7,0.0
rn4_eta0.2,4.0,0.2,F5,30,8,1.4075055787543532e-08
rn4_eta0.2,4.0,0.2,F5,30,9,0.0
rn4_eta0.2,4.0,0.2,F6,10,0,14.68309379875825
rn4_eta0.2,4.0,0.2,F6,10,1,12.471205366975369
rn4_eta0.2,4.0,0.2,F6,10,2,13.577153563804131
rn4_eta0.2,4.0,0.2,F6,10,3,12.962787213960723
rn4_eta0.2,4.0,0.2,F6,10,4,11.365261151084496
rn4_eta0.2,4.0,0.2,F6,10,5,13.577157855368796
rn4_eta0.2,4.0,0.2,F6,10,6,11.692982382407536
rn4_eta0.2,4.0,0.2,F6,10,7,15.174718148127226
rn4_eta0.2,4.0,0.2,F6,10,8,13.741010198528556
rn4_eta0.2,4.0,0.2,F6,10,9,14.232591830151591
rn4_eta0.2,4.0,0.2,F6,30,0,39.176020445762674
rn4_eta0.2,4.0,0.2,F6,30,1,49.71643026389461
rn4_eta0.2,4.0,0.2,F6,30,2,37.519579579214906
rn4_eta0.2,4.0,0.2,F6,30,3,45.678265410468384
rn4_eta0.2,4.0,0.2,F6,30,4,43.21419013463208
rn4_eta0.2,4.0,0.2,F6,30,5,41.64009572160308
rn4_eta0.2,4.0,0.2,F6,30,6,42.57124627478959
rn4_eta0.2,4.0,0.2,F6,30,7,43.25535970474789
rn4_eta0.2,4.0,0.2,F6,30,8,45.84295112448308
rn4_eta0.2,4.0,0.2,F6,30,9,44.870631001176434
rn4_eta0.2,4.0,0.2,F7,10,0,10.0000201464253
rn4_eta0.2,4.0,0.2,F7,10,1,10.0
rn4_eta0.2,4.0,0.2,F7,10,2,8.0
rn4_eta0.2,4.0,0.2,F7,10,3,10.00000000916225
rn4_eta0.2,4.0,0.2,F7,10,4,6.000000000000341
rn4_eta0.2,4.0,0.2,F7,10,5,4.0
rn4_eta0.2,4.0,0.2,F7,10,6,8.000000000713158
rn4_eta0.2,4.0,0.2,F7,10,7,8.000016267575802
rn4_eta0.2,4.0,0.2,F7,10,8,14.0
rn4_eta0.2,4.0,0.2,F7,10,9,8.0
rn4_eta0.2,4.0,0.2,F7,30,0,44.00001105040224
rn4_eta0.2,4.0,0.2,F7,30,1,36.000103625890006
rn4_eta0.2,4.0,0.2,F7,30,2,42.000000071888735
rn4_eta0.2,4.0,0.2,F7,30,3,36.00000000000398
rn4_eta0.2,4.0,0.2,F7,30,4,54.0
rn4_eta0.2,4.0,0.2,F7,30,5,30.00000000303544
rn4_eta0.2,4.0,0.2,F7,30,6,42.0
rn4_eta0.2,4.0,0.2,F7,30,7,40.0
rn4_eta0.2,4.0,0.2,F7,30,8,40.00107163466407
rn4_eta0.2,4.0,0.2,F7,30,9,44.00000005984464
rn4_eta0.2,4.0,0.2,F9,10,0,227.3845514536488
rn4_eta0.2,4.0,0.2,F9,10,1,0.1873633283184972
rn4_eta0.2,4.0,0.2,F9,10,2,7.079739139560843
rn4_eta0.2,4.0,0.2,F9,10,3,15.18203142591392
rn4_eta0.2,4.0,0.2,F9,10,4,6.892375816423737
rn4_eta0.2,4.0,0.2,F9,10,5,125.51807375397766
rn4_eta0.2,4.0,0.2,F9,10,6,221.6191845377648
rn4_eta0.2,4.0,0.2,F9,10,7,22.01195280232696
rn4_eta0.2,4.0,0.2,F9,10,8,21.7621350371428
rn4_eta0.2,4.0,0.2,F9,10,9,10.292352397383183
rn4_eta0.2,4.0,0.2,F9,30,0,913.641505825195
rn4_eta0.2,4.0,0.2,F9,30,1,1289.1921752596336
rn4_eta0.2,4.0,0.2,F9,30,2,1406.475411589632
rn4_eta0.2,4.0,0.2,F9,30,3,1251.4525844896434
rn4_eta0.2,4.0,0.2,F9,30,4,694.9288833968112
rn4_eta0.2,4.0,0.2,F9,30,5,994.2754413637448
rn4_eta0.2,4.0,0.2,F9,30,6,1072.476268286851
rn4_eta0.2,4.0,0.2,F9,30,7,1446.8457221482277
rn4_eta0.2,4.0,0.2,F9,30,8,1455.2146398533478
rn4_eta0.2,4.0,0.2,F9,30,9,1415.9167894231325
rn4_eta0.2,4.0,0.2,F10,10,0,0.9949590570932968
rn4_eta0.2,4.0,0.2,F10,10,1,5.691346724616665
rn4_eta0.2,4.0,0.2,F10,10,2,0.0
rn4_eta0.2,4.0,0.2,F10,10,3,0.9949590570932968
rn4_eta0.2,4.0,0.2,F10,10,4,0.0
rn4_eta0.2,4.0,0.2,F10,10,5,0.0
rn4_eta0.2,4.0,0.2,F10,10,6,0.0
rn4_eta0.2,4.0,0.2,F10,10,7,0.0
rn4_eta0.2,4.0,0.2,F10,10,8,0.0
rn4_eta0.2,4.0,0.2,F10,10,9,0.9949590570932968
rn4_eta0.2,4.0,0.2,F10,30,0,8.954626569198126
rn4_eta0.2,4.0,0.2,F10,30,1,3.979836228373301
rn4_eta0.2,4.0,0.2,F10,30,2,9.54179046662216
rn4_eta0.2,4.0,0.2,F10,30,3,9.950711352816825
rn4_eta0.2,4.0,0.2,F10,30,4,9.06828845406801
rn4_eta0.2,4.0,0.2,F10,30,5,0.9949590570934106
rn4_eta0.2,4.0,0.2,F10,30,6,16.489551631620657
rn4_eta0.2,4.0,0.2,F10,30,7,1.9899181141882991
rn4_eta0.2,4.0,0.2,F10,30,8,9.956375447280609
rn4_eta0.2,4.0,0.2,F10,30,9,4.030811738362331
rn4_eta0.2,4.0,0.2,F11,10,0,217.1396693905731
rn4_eta0.2,4.0,0.2,F11,10,1,0.0
rn4_eta0.2,4.0,0.2,F11,10,2,0.2081429846455194
rn4_eta0.2,4.0,0.2,F11,10,3,217.1396693905731
rn4_eta0.2,4.0,0.2,F11,10,4,109.88050492509774
rn4_eta0.2,4.0,0.2,F11,10,5,109.88050492509753
rn4_eta0.2,4.0,0.2,F11,10,6,0.0
rn4_eta0.2,4.0,0.2,F11,10,7,0.2081429846455194
rn4_eta0.2,4.0,0.2,F11,10,8,217.3478123752184
rn4_eta0.2,4.0,0.2,F11,10,9,0.0
rn4_eta0.2,4.0,0.2,F11,30,0,336.4716355417711
rn4_eta0.2,4.0,0.2,F11,30,1,52.3205089737221
rn4_eta0.2,4.0,0.2,F11,30,2,0.0
rn4_eta0.2,4.0,0.2,F11,30,3,83.24690054614211
rn4_eta0.2,4.0,0.2,F11,30,4,0.0
rn4_eta0.2,4.0,0.2,F11,30,5,641.2626444167795
rn4_eta0.2,4.0,0.2,F11,30,6,420.1647549768386
rn4_eta0.2,4.0,0.2,F11,30,7,420.1647549768393
rn4_eta0.2,4.0,0.2,F11,30,8,52.32050897372187
rn4_eta0.2,4.0,0.2,F11,30,9,0.4786580309501005
rn4_eta0.2,4.0,0.2,F15,10,0,435.9701655204817
rn4_eta0.2,4.0,0.2,F15,10,1,574.6889222518676
rn4_eta0.2,4.0,0.2,F15,10,2,1.36691146927933
rn4_eta0.2,4.0,0.2,F15,10,3,0.9993498384983468
rn4_eta0.2,4.0,0.2,F15,10,4,1.2534545669566342
rn4_eta0.2,4.0,0.2,F15,10,5,434.9551638167877
rn4_eta0.2,4.0,0.2,F15,10,6,573.3672929759437
rn4_eta0.2,4.0,0.2,F15,10,7,1.4984178340664585
rn4_eta0.2,4.0,0.2,F15,10,8,1.0356266010492163
rn4_eta0.2,4.0,0.2,F15,10,9,1.3836138873734851
rn4_eta0.2,4.0,0.2,F15,30,0,5.405010565693146
rn4_eta0.2,4.0,0.2,F15,30,1,3.2967975991844014
rn4_eta0.2,4.0,0.2,F15,30,2,220.5990242204225
rn4_eta0.2,4.0,0.2,F15,30,3,3.246228335144224
rn4_eta0.2,4.0,0.2,F15,30,4,221.32106471521115
rn4_eta0.2,4.0,0.2,F15,30,5,3.4535587884925008
rn4_eta0.2,4.0,0.2,F15,30,6,3.3909437665088262
rn4_eta0.2,4.0,0.2,F15,30,7,223.24881240336023
rn4_eta0.2,4.0,0.2,F15,30,8,3.5148626403754406
rn4_eta0.2,4.0,0.2,F15,30,9,3.094358121442383
rn4_eta0.4,4.0,0.4,F1,10,0,0.0
rn4_eta0.4,4.0,0.4,F1,10,1,0.0
rn4_eta0.4,4.0,0.4,F1,10,2,0.0
rn4_eta0.4,4.0,0.4,F1,10,3,0.0
rn4_eta0.4,4.0,0.4,F1,10,4,0.0
rn4_eta0.4,4.0,0.4,F1,10,5,0.0
rn4_eta0.4,4.0,0.4,F1,10,6,0.0
rn4_eta0.4,4.0,0.4,F1,10,7,0.0
rn4_eta0.4,4.0,0.4,F1,10,8,0.0
rn4_eta0.4,4.0,0.4,F1,10,9,0.0
rn4_eta0.4,4.0,0.4,F1,30,0,0.0
rn4_eta0.4,4.0,0.4,F1,30,1,0.0
rn4_eta0.4,4.0,0.4,F1,30,2,0.0
rn4_eta0.4,4.0,0.4,F1,30,3,0.0
rn4_eta0.4,4.0,0.4,F1,30,4,0.0
rn4_eta0.4,4.0,0.4,F1,30,5,0.0
rn4_eta0.4,4.0,0.4,F1,30,6,0.0
rn4_eta0.4,4.0,0.4,F1,30,7,0.0
rn4_eta0.4,4.0,0.4,F1,30,8,0.0
rn4_eta0.4,4.0,0.4,F1,30,9,0.0
rn4_eta0.4,4.0,0.4,F3,10,0,3.986579112347158
rn4_eta0.4,4.0,0.4,F3,10,1,0.0
rn4_eta0.4,4.0,0.4,F3,10,2,3.986579112347158
rn4_eta0.4,4.0,0.4,F3,10,3,3.986579112347158
rn4_eta0.4,4.0,0.4,F3,10,4,3.986579112347158
rn4_eta0.4,4.0,0.4,F3,10,5,3.986579112347158
rn4_eta0.4,4.0,0.4,F3,10,6,3.986579112347158
rn4_eta0.4,4.0,0.4,F3,10,7,3.986579112347158
rn4_eta0.4,4.0,0.4,F3,10,8,3.986579112347158
rn4_eta0.4,4.0,0.4,F3,10,9,0.0
rn4_eta0.4,4.0,0.4,F3,30,0,31.810711664704968
rn4_eta0.4,4.0,0.4,F3,30,1,31.810711664704968
rn4_eta0.4,4.0,0.4,F3,30,2,31.810711664704968
rn4_eta0.4,4.0,0.4,F3,30,3,31.810711664704968
rn4_eta0.4,4.0,0.4,F3,30,4,31.810711664704968
rn4_eta0.4,4.0,0.4,F3,30,5,31.810711664704968
rn4_eta0.4,4.0,0.4,F3,30,6,31.810711664704968
rn4_eta0.4,4.0,0.4,F3,30,7,31.810711664704968
rn4_eta0.4,4.0,0.4,F3,30,8,31.810711664704968
rn4_eta0.4,4.0,0.4,F3,30,9,31.810711664704968
rn4_eta0.4,4.0,0.4,F4,10,0,2.9848771712798907
rn4_eta0.4,4.0,0.4,F4,10,1,5.969754342559781
rn4_eta0.4,4.0,0.4,F4,10,2,2.98488190347814
rn4_eta0.4,4.0,0.4,F4,10,3,2.9848771712798907
rn4_eta0.4,4.0,0.4,F4,10,4,2.9848771712798907
rn4_eta0.4,4.0,0.4,F4,10,5,1.9899181141865936
rn4_eta0.4,4.0,0.4,F4,10,6,5.969754342559781
rn4_eta0.4,4.0,0.4,F4,10,7,2.9848771712798907
rn4_eta0.4,4.0,0.4,F4,10,8,0.9949590570932968
rn4_eta0.4,4.0,0.4,F4,10,9,3.979836228373188
rn4_eta0.4,4.0,0.4,F4,30,0,14.924380818580405
rn4_eta0.4,4.0,0.4,F4,30,1,14.924442573716192
rn4_eta0.4,4.0,0.4,F4,30,2,10.944544590207272
rn4_eta0.4,4.0,0.4,F4,30,3,18.904217208950456
rn4_eta0.4,4.0,0.4,F4,30,4,15.919344913492807
rn4_eta0.4,4.0,0.4,F4,30,5,12.93760686984706
rn4_eta0.4,4.0,0.4,F4,30,6,12.93446774221286
rn4_eta0.4,4.0,0.4,F4,30,7,10.944549628029051
rn4_eta0.4,4.0,0.4,F4,30,8,9.949590570932967
rn4_eta0.4,4.0,0.4,F4,30,9,5.969754342559838
rn4_eta0.4,4.0,0.4,F5,10,0,0.0
rn4_eta0.4,4.0,0.4,F5,10,1,0.0
rn4_eta0.4,4.0,0.4,F5,10,2,0.0
rn4_eta0.4,4.0,0.4,F5,10,3,0.0
rn4_eta0.4,4.0,0.4,F5,10,4,0.0
rn4_eta0.4,4.0,0.4,F5,10,5,0.0
rn4_eta0.4,4.0,0.4,F5,10,6,0.0
rn4_eta0.4,4.0,0.4,F5,10,7,0.0
rn4_eta0.4,4.0,0.4,F5,10,8,0.0
rn4_eta0.4,4.0,0.4,F5,10,9,0.0
rn4_eta0.4,4.0,0.4,F5,30,0,0.0
rn4_eta0.4,4.0,0.4,F5,30,1,0.0
rn4_eta0.4,4.0,0.4,F5,30,2,6.408140507119242e-08
rn4_eta0.4,4.0,0.4,F5,30,3,0.0
rn4_eta0.4,4.0,0.4,F5,30,4,1.2443825880836812e-07
rn4_eta0.4,4.0,0.4,F5,30,5,0.0
rn4_eta0.4,4.0,0.4,F5,30,6,1.0005641115640175e-07
rn4_eta0.4,4.0,0.4,F5,30,7,0.0
rn4_eta0.4,4.0,0.4,F5,30,8,0.0
rn4_eta0.4,4.0,0.4,F5,30,9,4.244025149091613e-07
rn4_eta0.4,4.0,0.4,F6,10,0,11.529121766745789
rn4_eta0.4,4.0,0.4,F6,10,1,12.635068917090848
rn4_eta0.4,4.0,0.4,F6,10,2,11.692982382407422
rn4_eta0.4,4.0,0.4,F6,10,3,15.339099780457332
rn4_eta0.4,4.0,0.4,F6,10,4,18.49250662385191
rn4_eta0.4,4.0,0.4,F6,10,5,16.280619646272726
rn4_eta0.4,4.0,0.4,F6,10,6,13.413290084910956
rn4_eta0.4,4.0,0.4,F6,10,7,14.724173461774626
rn4_eta0.4,4.0,0.4,F6,10,8,12.635125050251531
rn4_eta0.4,4.0,0.4,F6,10,9,14.068731429852164
rn4_eta0.4,4.0,0.4,F6,30,0,42.283041939035456
rn4_eta0.4,4.0,0.4,F6,30,1,38.36838603647334
rn4_eta0.4,4.0,0.4,F6,30,2,45.637091004909394
rn4_eta0.4,4.0,0.4,F6,30,3,47.37595447659021
rn4_eta0.4,4.0,0.4,F6,30,4,44.06299659188494
rn4_eta0.4,4.0,0.4,F6,30,5,40.79128678650159
rn4_eta0.4,4.0,0.4,F6,30,6,42.40655808293218
rn4_eta0.4,4.0,0.4,F6,30,7,43.17302065656088
rn4_eta0.4,4.0,0.4,F6,30,8,45.760803452231016
rn4_eta0.4,4.0,0.4,F6,30,9,42.40655560930827
rn4_eta0.4,4.0,0.4,F7,10,0,12.0
rn4_eta0.4,4.0,0.4,F7,10,1,8.00000000911291
rn4_eta0.4,4.0,0.4,F7,10,2,8.0
rn4_eta0.4,4.0,0.4,F7,10,3,12.0
rn4_eta0.4,4.0,0.4,F7,10,4,6.0
rn4_eta0.4,4.0,0.4,F7,10,5,8.000000000000114
rn4_eta0.4,4.0,0.4,F7,10,6,8.000004256039574
rn4_eta0.4,4.0,0.4,F7,10,7,8.000002631142593
rn4_eta0.4,4.0,0.4,F7,10,8,10.0
rn4_eta0.4,4.0,0.4,F7,10,9,12.0
rn4_eta0.4,4.0,0.4,F7,30,0,34.000000209231644
rn4_eta0.4,4.0,0.4,F7,30,1,34.00001610046809
rn4_eta0.4,4.0,0.4,F7,30,2,36.000000000000114
rn4_eta0.4,4.0,0.4,F7,30,3,42.000000000000114
rn4_eta0.4,4.0,0.4,F7,30,4,50.00013993660605
rn4_eta0.4,4.0,0.4,F7,30,5,46.0001286272402
rn4_eta0.4,4.0,0.4,F7,30,6,46.0000115974301
rn4_eta0.4,4.0,0.4,F7,30,7,42.00007024543072
rn4_eta0.4,4.0,0.4,F7,30,8,42.000059120857486
rn4_eta0.4,4.0,0.4,F7,30,9,48.00001122903939
rn4_eta0.4,4.0,0.4,F9,10,0,38.52449514313594
rn4_eta0.4,4.0,0.4,F9,10,1,7.017284698500589
rn4_eta0.4,4.0,0.4,F9,10,2,10.494699827596378
rn4_eta0.4,4.0,0.4,F9,10,3,7.017284698500589
rn4_eta0.4,4.0,0.4,F9,10,4,15.18203142591392
rn4_eta0.4,4.0,0.4,F9,10,5,3.852141774963457
rn4_eta0.4,4.0,0.4,F9,10,6,6.954830257462163
rn4_eta0.4,4.0,0.4,F9,10,7,16.824985674305026
rn4_eta0.4,4.0,0.4,F9,10,8,224.032046258244
rn4_eta0.4,4.0,0.4,F9,10,9,13.597388309729467
rn4_eta0.4,4.0,0.4,F9,30,0,1364.172293501062
rn4_eta0.4,4.0,0.4,F9,30,1,1598.7196051366554
rn4_eta0.4,4.0,0.4,F9,30,2,494.51823119670735
rn4_eta0.4,4.0,0.4,F9,30,3,787.4574188368042
rn4_eta0.4,4.0,0.4,F9,30,4,1369.0658465056422
rn4_eta0.4,4.0,0.4,F9,30,5,948.0202710394116
rn4_eta0.4,4.0,0.4,F9,30,6,1005.5566286553676
rn4_eta0.4,4.0,0.4,F9,30,7,988.5019225114302
rn4_eta0.4,4.0,0.4,F9,30,8,1148.871560163805
rn4_eta0.4,4.0,0.4,F9,30,9,1220.2895487331662
rn4_eta0.4,4.0,0.4,F10,10,0,0.0
rn4_eta0.4,4.0,0.4,F10,10,1,4.696387667523368
rn4_eta0.4,4.0,0.4,F10,10,2,1.9899181141865936
rn4_eta0.4,4.0,0.4,F10,10,3,0.9949590570932968
rn4_eta0.4,4.0,0.4,F10,10,4,2.9848771712798907
rn4_eta0.4,4.0,0.4,F10,10,5,3.701428610430071
rn4_eta0.4,4.0,0.4,F10,10,6,1.9899181141865936
rn4_eta0.4,4.0,0.4,F10,10,7,0.0
rn4_eta0.4,4.0,0.4,F10,10,8,4.696387667523368
rn4_eta0.4,4.0,0.4,F10,10,9,3.701428610430071
rn4_eta0.4,4.0,0.4,F10,30,0,2.984877171280232
rn4_eta0.4,4.0,0.4,F10,30,1,12.03777707270956
rn4_eta0.4,4.0,0.4,F10,30,2,3.036417405590328
rn4_eta0.4,4.0,0.4,F10,30,3,4.374121404790685
rn4_eta0.4,4.0,0.4,F10,30,4,10.018884950924187
rn4_eta0.4,4.0,0.4,F10,30,5,3.979836228373301
rn4_eta0.4,4.0,0.4,F10,30,6,5.969754342559781
rn4_eta0.4,4.0,0.4,F10,30,7,2.9848771712800044
rn4_eta0.4,4.0,0.4,F10,30,8,3.979836228373301
rn4_eta0.4,4.0,0.4,F10,30,9,2.9848771712800044
rn4_eta0.4,4.0,0.4,F11,10,0,0.2081429846455194
rn4_eta0.4,4.0,0.4,F11,10,1,0.0
rn4_eta0.4,4.0,0.4,F11,10,2,217.3478123752184
rn4_eta0.4,4.0,0.4,F11,10,3,0.0
rn4_eta0.4,4.0,0.4,F11,10,4,0.2081429846455194
rn4_eta0.4,4.0,0.4,F11,10,5,0.2081429846455194
rn4_eta0.4,4.0,0.4,F11,10,6,0.2081429846455194
rn4_eta0.4,4.0,0.4,F11,10,7,0.0
rn4_eta0.4,4.0,0.4,F11,10,8,239.38283172353704
rn4_eta0.4,4.0,0.4,F11,10,9,217.3478123752184
rn4_eta0.4,4.0,0.4,F11,30,0,0.0693932123849663
rn4_eta0.4,4.0,0.4,F11,30,1,0.0
rn4_eta0.4,4.0,0.4,F11,30,2,0.0
rn4_eta0.4,4.0,0.4,F11,30,3,0.0
rn4_eta0.4,4.0,0.4,F11,30,4,0.0
rn4_eta0.4,4.0,0.4,F11,30,5,0.0
rn4_eta0.4,4.0,0.4,F11,30,6,284.22152983509136
rn4_eta0.4,4.0,0.4,F11,30,7,83.24690054614189
rn4_eta0.4,4.0,0.4,F11,30,8,83.24690054614166
rn4_eta0.4,4.0,0.4,F11,30,9,83.24690054614211
rn4_eta0.4,4.0,0.4,F15,10,0,0.7192718006597261
rn4_eta0.4,4.0,0.4,F15,10,1,1.5139285795180513
rn4_eta0.4,4.0,0.4,F15,10,2,434.9567179800554
rn4_eta0.4,4.0,0.4,F15,10,3,0.2082327088558031
rn4_eta0.4,4.0,0.4,F15,10,4,0.2281368344356451
rn4_eta0.4,4.0,0.4,F15,10,5,434.5103240194108
rn4_eta0.4,4.0,0.4,F15,10,6,435.972196144457
rn4_eta0.4,4.0,0.4,F15,10,7,233.59470886089548
rn4_eta0.4,4.0,0.4,F15,10,8,0.4248289745323745
rn4_eta0.4,4.0,0.4,F15,10,9,0.5943021461482658
rn4_eta0.4,4.0,0.4,F15,30,0,3.4725483461447766
rn4_eta0.4,4.0,0.4,F15,30,1,224.6430071649561
rn4_eta0.4,4.0,0.4,F15,30,2,3.6530966135615017
rn4_eta0.4,4.0,0.4,F15,30,3,3.584158448076778
rn4_eta0.4,4.0,0.4,F15,30,4,3.465311557070663
rn4_eta0.4,4.0,0.4,F15,30,5,3.04690775783115
rn4_eta0.4,4.0,0.4,F15,30,6,220.3118714114937
rn4_eta0.4,4.0,0.4,F15,30,7,220.67267882799297
rn4_eta0.4,4.0,0.4,F15,30,8,437.3480170100736
rn4_eta0.4,4.0,0.4,F15,30,9,405.6847835228739
rn6_eta0.1,6.0,0.1,F1,10,0,0.0
rn6_eta0.1,6.0,0.1,F1,10,1,0.0
rn6_eta0.1,6.0,0.1,F1,10,2,0.0
rn6_eta0.1,6.0,0.1,F1,10,3,0.0
rn6_eta0.1,6.0,0.1,F1,10,4,0.0
rn6_eta0.1,6.0,0.1,F1,10,5,0.0
rn6_eta0.1,6.0,0.1,F1,10,6,0.0
rn6_eta0.1,6.0,0.1,F1,10,7,0.0
rn6_eta0.1,6.0,0.1,F1,10,8,0.0
rn6_eta0.1,6.0,0.1,F1,10,9,0.0
rn6_eta0.1,6.0,0.1,F1,30,0,0.0
rn6_eta0.1,6.0,0.1,F1,30,1,0.0
rn6_eta0.1,6.0,0.1,F1,30,2,0.0
rn6_eta0.1,6.0,0.1,F1,30,3,0.0
rn6_eta0.1,6.0,0.1,F1,30,4,0.0
rn6_eta0.1,6.0,0.1,F1,30,5,0.0
rn6_eta0.1,6.0,0.1,F1,30,6,0.0
rn6_eta0.1,6.0,0.1,F1,30,7,0.0
rn6_eta0.1,6.0,0.1,F1,30,8,0.0
rn6_eta0.1,6.0,0.1,F1,30,9,0.0
rn6_eta0.1,6.0,0.1,F3,10,0,3.986579112347158
rn6_eta0.1,6.0,0.1,F3,10,1,3.986579112347158
rn6_eta0.1,6.0,0.1,F3,10,2,0.0
rn6_eta0.1,6.0,0.1,F3,10,3,3.986579112347158
rn6_eta0.1,6.0,0.1,F3,10,4,3.986579112347158
rn6_eta0.1,6.0,0.1,F3,10,5,3.986579112347158
rn6_eta0.1,6.0,0.1,F3,10,6,3.986579112347158
rn6_eta0.1,6.0,0.1,F3,10,7,3.986579112347158
rn6_eta0.1,6.0,0.1,F3,10,8,3.986579112347158
rn6_eta0.1,6.0,0.1,F3,10,9,3.986579112347158
rn6_eta0.1,6.0,0.1,F3,30,0,31.810711664704968
rn6_eta0.1,6.0,0.1,F3,30,1,31.810711664704968
rn6_eta0.1,6.0,0.1,F3,30,2,31.810711664704968
rn6_eta0.1,6.0,0.1,F3,30,3,31.810711664704968
rn6_eta0.1,6.0,0.1,F3,30,4,31.810711664704968
rn6_eta0.1,6.0,0.1,F3,30,5,31.810711664704968
rn6_eta0.1,6.0,0.1,F3,30,6,31.810711664704968
rn6_eta0.1,6.0,0.1,F3,30,7,31.810711664704968
rn6_eta0.1,6.0,0.1,F3,30,8,31.810711664704968
rn6_eta0.1,6.0,0.1,F3,30,9,31.810711664704968
rn6_eta0.1,6.0,0.1,F4,10,0,2.9848771712798907
rn6_eta0.1,6.0,0.1,F4,10,1,1.9899181141865936
rn6_eta0.1,6.0,0.1,F4,10,2,1.9899181158193076
rn6_eta0.1,6.0,0.1,F4,10,3,1.9899181145538591
rn6_eta0.1,6.0,0.1,F4,10,4,3.979836228373188
rn6_eta0.1,6.0,0.1,F4,10,5,2.9848771712798907
rn6_eta0.1,6.0,0.1,F4,10,6,0.9949590570932968
rn6_eta0.1,6.0,0.1,F4,10,7,1.9899181141865936
rn6_eta0.1,6.0,0.1,F4,10,8,5.969754342559781
rn6_eta0.1,6.0,0.1,F4,10,9,0.0
rn6_eta0.1,6.0,0.1,F4,30,0,11.939509090637555
rn6_eta0.1,6.0,0.1,F4,30,1,10.944549628040193
rn6_eta0.1,6.0,0.1,F4,30,2,11.939508685288956
rn6_eta0.1,6.0,0.1,F4,30,3,9.949590571146471
rn6_eta0.1,6.0,0.1,F4,30,4,7.959672456746603
rn6_eta0.1,6.0,0.1,F4,30,5,6.964713399653135
rn6_eta0.1,6.0,0.1,F4,30,6,11.939508685119677
rn6_eta0.1,6.0,0.1,F4,30,7,6.964713399653135
rn6_eta0.1,6.0,0.1,F4,30,8,6.964713399653135
rn6_eta0.1,6.0,0.1,F4,30,9,9.949590570933026
rn6_eta0.1,6.0,0.1,F5,10,0,0.0
rn6_eta0.1,6.0,0.1,F5,10,1,0.0
rn6_eta0.1,6.0,0.1,F5,10,2,0.0
rn6_eta0.1,6.0,0.1,F5,10,3,0.0
rn6_eta0.1,6.0,0.1,F5,10,4,0.0
rn6_eta0.1,6.0,0.1,F5,10,5,0.0
rn6_eta0.1,6.0,0.1,F5,10,6,0.0
rn6_eta0.1,6.0,0.1,F5,10,7,0.0
rn6_eta0.1,6.0,0.1,F5,10,8,0.0
rn6_eta0.1,6.0,0.1,F5,10,9,0.0
rn6_eta0.1,6.0,0.1,F5,30,0,0.0
rn6_eta0.1,6.0,0.1,F5,30,1,0.0
rn6_eta0.1,6.0,0.1,F5,30,2,0.0
rn6_eta0.1,6.0,0.1,F5,30,3,0.0
rn6_eta0.1,6.0,0.1,F5,30,4,0.0
rn6_eta0.1,6.0,0.1,F5,30,5,0.0
rn6_eta0.1,6.0,0.1,F5,30,6,0.0
rn6_eta0.1,6.0,0.1,F5,30,7,0.0
rn6_eta0.1,6.0,0.1,F5,30,8,0.0
rn6_eta0.1,6.0,0.1,F5,30,9,1.4075055787543532e-08
rn6_eta0.1,6.0,0.1,F6,10,0,12.471417513367442
rn6_eta0.1,6.0,0.1,F6,10,1,13.577149582867037
rn6_eta0.1,6.0,0.1,F6,10,2,13.90491019833678
rn6_eta0.1,6.0,0.1,F6,10,3,12.471252940990098
rn6_eta0.1,6.0,0.1,F6,10,4,11.529121766745789
rn6_eta0.1,6.0,0.1,F6,10,5,13.126807844124755
rn6_eta0.1,6.0,0.1,F6,10,6,15.339032965472825
rn6_eta0.1,6.0,0.1,F6,10,7,13.741010198528556
rn6_eta0.1,6.0,0.1,F6,10,8,13.12664761426015
rn6_eta0.1,6.0,0.1,F6,10,9,11.365261151083928
rn6_eta0.1,6.0,0.1,F6,30,0,38.244870026538365
rn6_eta0.1,6.0,0.1,F6,30,1,39.09367634983289
rn6_eta0.1,6.0,0.1,F6,30,2,42.40655808293116
rn6_eta0.1,6.0,0.1,F6,30,3,37.519579579214
rn6_eta0.1,6.0,0.1,F6,30,4,37.478407531249104
rn6_eta0.1,6.0,0.1,F6,30,5,43.215309605255584
rn6_eta0.1,6.0,0.1,F6,30,6,41.59892119579342
rn6_eta0.1,6.0,0.1,F6,30,7,40.66777312045201
rn6_eta0.1,6.0,0.1,F6,30,8,43.98065237570404
rn6_eta0.1,6.0,0.1,F6,30,9,36.58842902602828
rn6_eta0.1,6.0,0.1,F7,10,0,10.00001001982764
rn6_eta0.1,6.0,0.1,F7,10,1,6.000007741769309
rn6_eta0.1,6.0,0.1,F7,10,2,6.0
rn6_eta0.1,6.0,0.1,F7,10,3,6.0
rn6_eta0.1,6.0,0.1,F7,10,4,10.0
rn6_eta0.1,6.0,0.1,F7,10,5,4.0
rn6_eta0.1,6.0,0.1,F7,10,6,6.0
rn6_eta0.1,6.0,0.1,F7,10,7,10.000000226679733
rn6_eta0.1,6.0,0.1,F7,10,8,10.0
rn6_eta0.1,6.0,0.1,F7,10,9,6.0
rn6_eta0.1,6.0,0.1,F7,30,0,46.00008640185058
rn6_eta0.1,6.0,0.1,F7,30,1,34.000000538880954
rn6_eta0.1,6.0,0.1,F7,30,2,32.0000000024595
rn6_eta0.1,6.0,0.1,F7,30,3,38.00489375424331
rn6_eta0.1,6.0,0.1,F7,30,4,32.000000000000114
rn6_eta0.1,6.0,0.1,F7,30,5,20.006720976532847
rn6_eta0.1,6.0,0.1,F7,30,6,32.00000000000034
rn6_eta0.1,6.0,0.1,F7,30,7,38.00002437305125
rn6_eta0.1,6.0,0.1,F7,30,8,22.000000000033424
rn6_eta0.1,6.0,0.1,F7,30,9,56.00001325830112
rn6_eta0.1,6.0,0.1,F9,10,0,3.602324010808843
rn6_eta0.1,6.0,0.1,F9,10,1,6.829921383743567
rn6_eta0.1,6.0,0.1,F9,10,2,10.432247119533711
rn6_eta0.1,6.0,0.1,F9,10,3,10.369790945153
rn6_eta0.1,6.0,0.1,F9,10,4,10.68911442409444
rn6_eta0.1,6.0,0.1,F9,10,5,7.103477429911436
rn6_eta0.1,6.0,0.1,F9,10,6,15.369394749031017
rn6_eta0.1,6.0,0.1,F9,10,7,7.142193580578351
rn6_eta0.1,6.0,0.1,F9,10,8,13.659842750768805
rn6_eta0.1,6.0,0.1,F9,10,9,0.3122722051948585
rn6_eta0.1,6.0,0.1,F9,30,0,763.4334478559649
rn6_eta0.1,6.0,0.1,F9,30,1,1106.473235094647
rn6_eta0.1,6.0,0.1,F9,30,2,1203.5279266052949
rn6_eta0.1,6.0,0.1,F9,30,3,1359.090934073134
rn6_eta0.1,6.0,0.1,F9,30,4,1070.6762264818954
rn6_eta0.1,6.0,0.1,F9,30,5,1304.9985601252592
rn6_eta0.1,6.0,0.1,F9,30,6,1003.606592664295
rn6_eta0.1,6.0,0.1,F9,30,7,1048.9803041834002
rn6_eta0.1,6.0,0.1,F9,30,8,710.6092361848805
rn6_eta0.1,6.0,0.1,F9,30,9,1347.2986926078356
rn6_eta0.1,6.0,0.1,F10,10,0,0.0
rn6_eta0.1,6.0,0.1,F10,10,1,0.0
rn6_eta0.1,6.0,0.1,F10,10,2,0.0
rn6_eta0.1,6.0,0.1,F10,10,3,0.0
rn6_eta0.1,6.0,0.1,F10,10,4,0.9949590570932968
rn6_eta0.1,6.0,0.1,F10,10,5,0.0
rn6_eta0.1,6.0,0.1,F10,10,6,1.9899181141865936
rn6_eta0.1,6.0,0.1,F10,10,7,0.9949590570932968
rn6_eta0.1,6.0,0.1,F10,10,8,0.0
rn6_eta0.1,6.0,0.1,F10,10,9,0.0
rn6_eta0.1,6.0,0.1,F10,30,0,3.084368518800261
rn6_eta0.1,6.0,0.1,F10,30,1,5.440222279611703
rn6_eta0.1,6.0,0.1,F10,30,2,3.0176129743388174
rn6_eta0.1,6.0,0.1,F10,30,3,3.998667877810704
rn6_eta0.1,6.0,0.1,F10,30,4,1.0384697880547265
rn6_eta0.1,6.0,0.1,F10,30,5,0.9949590570935244
rn6_eta0.1,6.0,0.1,F10,30,6,2.9850848317838654
rn6_eta0.1,6.0,0.1,F10,30,7,0.0031664246464515
rn6_eta0.1,6.0,0.1,F10,30,8,5.375998082960791
rn6_eta0.1,6.0,0.1,F10,30,9,3.1341349601943875
rn6_eta0.1,6.0,0.1,F11,10,0,217.1396693905731
rn6_eta0.1,6.0,0.1,F11,10,1,0.2081429846455194
rn6_eta0.1,6.0,0.1,F11,10,2,0.2081429846455194
rn6_eta0.1,6.0,0.1,F11,10,3,0.0
rn6_eta0.1,6.0,0.1,F11,10,4,0.0
rn6_eta0.1,6.0,0.1,F11,10,5,0.0
rn6_eta0.1,6.0,0.1,F11,10,6,217.3478123752184
rn6_eta0.1,6.0,0.1,F11,10,7,0.0
rn6_eta0.1,6.0,0.1,F11,10,8,0.2081429846455194
rn6_eta0.1,6.0,0.1,F11,10,9,0.2081429846455194
rn6_eta0.1,6.0,0.1,F11,30,0,0.0693932123849663
rn6_eta0.1,6.0,0.1,F11,30,1,0.0
rn6_eta0.1,6.0,0.1,F11,30,2,12.054741962877417
rn6_eta0.1,6.0,0.1,F11,30,3,0.0693932123849663
rn6_eta0.1,6.0,0.1,F11,30,4,0.0
rn6_eta0.1,6.0,0.1,F11,30,5,0.0
rn6_eta0.1,6.0,0.1,F11,30,6,30.510836666057457
rn6_eta0.1,6.0,0.1,F11,30,7,0.0
rn6_eta0.1,6.0,0.1,F11,30,8,142.391245335986
rn6_eta0.1,6.0,0.1,F11,30,9,12.109996747208925
rn6_eta0.1,6.0,0.1,F15,10,0,1.6816890614927615
rn6_eta0.1,6.0,0.1,F15,10,1,0.3918947933318577
rn6_eta0.1,6.0,0.1,F15,10,2,0.1570112982838054
rn6_eta0.1,6.0,0.1,F15,10,3,233.02532006295905
rn6_eta0.1,6.0,0.1,F15,10,4,1.4980764882975564
rn6_eta0.1,6.0,0.1,F15,10,5,435.9857071814674
rn6_eta0.1,6.0,0.1,F15,10,6,435.5720528118959
rn6_eta0.1,6.0,0.1,F15,10,7,0.2894469462946745
rn6_eta0.1,6.0,0.1,F15,10,8,434.9697079449734
rn6_eta0.1,6.0,0.1,F15,10,9,1.6931055587981518
rn6_eta0.1,6.0,0.1,F15,30,0,3.536865677061769
rn6_eta0.1,6.0,0.1,F15,30,1,3.2395238965959834
rn6_eta0.1,6.0,0.1,F15,30,2,220.74773820061137
rn6_eta0.1,6.0,0.1,F15,30,3,3.6652476401175136
rn6_eta0.1,6.0,0.1,F15,30,4,3.528591212760148
rn6_eta0.1,6.0,0.1,F15,30,5,2.927531272474198
rn6_eta0.1,6.0,0.1,F15,30,6,3.500688799701493
rn6_eta0.1,6.0,0.1,F15,30,7,220.28810506590253
rn6_eta0.1,6.0,0.1,F15,30,8,7.118253298438049
rn6_eta0.1,6.0,0.1,F15,30,9,224.72671917803063
rn6_eta0.2,6.0,0.2,F1,10,0,0.0
rn6_eta0.2,6.0,0.2,F1,10,1,0.0
rn6_eta0.2,6.0,0.2,F1,10,2,0.0
rn6_eta0.2,6.0,0.2,F1,10,3,0.0
rn6_eta0.2,6.0,0.2,F1,10,4,0.0
rn6_eta0.2,6.0,0.2,F1,10,5,0.0
rn6_eta0.2,6.0,0.2,F1,10,6,0.0
rn6_eta0.2,6.0,0.2,F1,10,7,0.0
rn6_eta0.2,6.0,0.2,F1,10,8,0.0
rn6_eta0.2,6.0,0.2,F1,10,9,0.0
rn6_eta0.2,6.0,0.2,F1,30,0,0.0
rn6_eta0.2,6.0,0.2,F1,30,1,0.0
rn6_eta0.2,6.0,0.2,F1,30,2,0.0
rn6_eta0.2,6.0,0.2,F1,30,3,0.0
rn6_eta0.2,6.0,0.2,F1,30,4,0.0
rn6_eta0.2,6.0,0.2,F1,30,5,0.0
rn6_eta0.2,6.0,0.2,F1,30,6,0.0
rn6_eta0.2,6.0,0.2,F1,30,7,0.0
rn6_eta0.2,6.0,0.2,F1,30,8,0.0
rn6_eta0.2,6.0,0.2,F1,30,9,0.0
rn6_eta0.2,6.0,0.2,F3,10,0,3.986579112347158
rn6_eta0.2,6.0,0.2,F3,10,1,0.0
rn6_eta0.2,6.0,0.2,F3,10,2,3.986579112347158
rn6_eta0.2,6.0,0.2,F3,10,3,3.986579112347158
rn6_eta0.2,6.0,0.2,F3,10,4,0.0
rn6_eta0.2,6.0,0.2,F3,10,5,3.986579112347158
rn6_eta0.2,6.0,0.2,F3,10,6,3.986579112347158
rn6_eta0.2,6.0,0.2,F3,10,7,3.986579112347158
rn6_eta0.2,6.0,0.2,F3,10,8,3.986579112347158
rn6_eta0.2,6.0,0.2,F3,10,9,3.986579112347158
rn6_eta0.2,6.0,0.2,F3,30,0,31.810711664704968
rn6_eta0.2,6.0,0.2,F3,30,1,31.810711664704968
rn6_eta0.2,6.0,0.2,F3,30,2,31.810711664704968
rn6_eta0.2,6.0,0.2,F3,30,3,31.810711664704968
rn6_eta0.2,6.0,0.2,F3,30,4,31.810711664704968
rn6_eta0.2,6.0,0.2,F3,30,5,31.810711664704968
rn6_eta0.2,6.0,0.2,F3,30,6,31.810711664704968
rn6_eta0.2,6.0,0.2,F3,30,7,31.810711664704968
rn6_eta0.2,6.0,0.2,F3,30,8,31.810711664704968
rn6_eta0.2,6.0,0.2,F3,30,9,31.810711664704968
rn6_eta0.2,6.0,0.2,F4,10,0,0.9949590570932968
rn6_eta0.2,6.0,0.2,F4,10,1,2.9848771712798907
rn6_eta0.2,6.0,0.2,F4,10,2,0.9949590570932968
rn6_eta0.2,6.0,0.2,F4,10,3,1.9899181141865936
rn6_eta0.2,6.0,0.2,F4,10,4,1.9899181141865936
rn6_eta0.2,6.0,0.2,F4,10,5,1.9899181141865936
rn6_eta0.2,6.0,0.2,F4,10,6,3.979836228373188
rn6_eta0.2,6.0,0.2,F4,10,7,4.974957299563073
rn6_eta0.2,6.0,0.2,F4,10,8,0.9949590570932968
rn6_eta0.2,6.0,0.2,F4,10,9,3.979836228373188
rn6_eta0.2,6.0,0.2,F4,30,0,10.944549628026492
rn6_eta0.2,6.0,0.2,F4,30,1,11.93951013361226
rn6_eta0.2,6.0,0.2,F4,30,2,7.959672456746432
rn6_eta0.2,6.0,0.2,F4,30,3,9.949590570932967
rn6_eta0.2,6.0,0.2,F4,30,4,9.949590570933251
rn6_eta0.2,6.0,0.2,F4,30,5,9.94959118532796
rn6_eta0.2,6.0,0.2,F4,30,6,9.949590570932967
rn6_eta0.2,6.0,0.2,F4,30,7,7.959672456746432
rn6_eta0.2,6.0,0.2,F4,30,8,7.959672456746489
rn6_eta0.2,6.0,0.2,F4,30,9,9.949590570933026
rn6_eta0.2,6.0,0.2,F5,10,0,0.0
rn6_eta0.2,6.0,0.2,F5,10,1,0.0
rn6_eta0.2,6.0,0.2,F5,10,2,0.0
rn6_eta0.2,6.0,0.2,F5,10,3,0.0
rn6_eta0.2,6.0,0.2,F5,10,4,0.0
rn6_eta0.2,6.0,0.2,F5,10,5,0.0
rn6_eta0.2,6.0,0.2,F5,10,6,0.0
rn6_eta0.2,6.0,0.2,F5,10,7,0.0
rn6_eta0.2,6.0,0.2,F5,10,8,0.0
rn6_eta0.2,6.0,0.2,F5,10,9,0.0
rn6_eta0.2,6.0,0.2,F5,30,0,0.0
rn6_eta0.2,6.0,0.2,F5,30,1,0.0
rn6_eta0.2,6.0,0.2,F5,30,2,0.0
rn6_eta0.2,6.0,0.2,F5,30,3,0.0
rn6_eta0.2,6.0,0.2,F5,30,4,3.343699859215121e-07
rn6_eta0.2,6.0,0.2,F5,30,5,3.8923360534681706e-08
rn6_eta0.2,6.0,0.2,F5,30,6,0.0
rn6_eta0.2,6.0,0.2,F5,30,7,0.0
rn6_eta0.2,6.0,0.2,F5,30,8,0.0
rn6_eta0.2,6.0,0.2,F5,30,9,0.0
rn6_eta0.2,6.0,0.2,F6,10,0,13.249632850054924
rn6_eta0.2,6.0,0.2,F6,10,1,12.962787213960723
rn6_eta0.2,6.0,0.2,F6,10,2,12.635065982637116
rn6_eta0.2,6.0,0.2,F6,10,3,12.962787213960723
rn6_eta0.2,6.0,0.2,F6,10,4,14.56031436985586
rn6_eta0.2,6.0,0.2,F6,10,5,11.692982382407536
rn6_eta0.2,6.0,0.2,F6,10,6,12.798927414544778
rn6_eta0.2,6.0,0.2,F6,10,7,14.068731214489844
rn6_eta0.2,6.0,0.2,F6,10,8,13.12664761426015
rn6_eta0.2,6.0,0.2,F6,10,9,11.692982382407422
rn6_eta0.2,6.0,0.2,F6,30,0,39.901310759124726
rn6_eta0.2,6.0,0.2,F6,30,1,40.79130873183692
rn6_eta0.2,6.0,0.2,F6,30,2,39.90131082164328
rn6_eta0.2,6.0,0.2,F6,30,3,39.176020445762674
rn6_eta0.2,6.0,0.2,F6,30,4,41.51660994980341
rn6_eta0.2,6.0,0.2,F6,30,5,39.77779461523016
rn6_eta0.2,6.0,0.2,F6,30,6,46.60941336610961
rn6_eta0.2,6.0,0.2,F6,30,7,39.90131075930958
rn6_eta0.2,6.0,0.2,F6,30,8,41.68126776956888
rn6_eta0.2,6.0,0.2,F6,30,9,36.67077312195727
rn6_eta0.2,6.0,0.2,F7,10,0,8.000003214124604
rn6_eta0.2,6.0,0.2,F7,10,1,4.0
rn6_eta0.2,6.0,0.2,F7,10,2,10.0
rn6_eta0.2,6.0,0.2,F7,10,3,10.0
rn6_eta0.2,6.0,0.2,F7,10,4,8.0
rn6_eta0.2,6.0,0.2,F7,10,5,6.000014875132479
rn6_eta0.2,6.0,0.2,F7,10,6,10.000000658376848
rn6_eta0.2,6.0,0.2,F7,10,7,10.000000010794906
rn6_eta0.2,6.0,0.2,F7,10,8,6.0000817914241225
rn6_eta0.2,6.0,0.2,F7,10,9,8.0
rn6_eta0.2,6.0,0.2,F7,30,0,40.00000000094985
rn6_eta0.2,6.0,0.2,F7,30,1,38.00000000244722
rn6_eta0.2,6.0,0.2,F7,30,2,34.00000000490388
rn6_eta0.2,6.0,0.2,F7,30,3,34.0
rn6_eta0.2,6.0,0.2,F7,30,4,36.000000000000114
rn6_eta0.2,6.0,0.2,F7,30,5,34.00000000007492
rn6_eta0.2,6.0,0.2,F7,30,6,34.000006519887165
rn6_eta0.2,6.0,0.2,F7,30,7,34.00019287154669
rn6_eta0.2,6.0,0.2,F7,30,8,40.00006376900865
rn6_eta0.2,6.0,0.2,F7,30,9,36.00004469071212
rn6_eta0.2,6.0,0.2,F9,10,0,15.323873991268556
rn6_eta0.2,6.0,0.2,F9,10,1,16.887440115343452
rn6_eta0.2,6.0,0.2,F9,10,2,6.962914727534553
rn6_eta0.2,6.0,0.2,F9,10,3,13.904073996805892
rn6_eta0.2,6.0,0.2,F9,10,4,23.56788544697156
rn6_eta0.2,6.0,0.2,F9,10,5,38.51473927217012
rn6_eta0.2,6.0,0.2,F9,10,6,6.954830257462163
rn6_eta0.2,6.0,0.2,F9,10,7,125.84555253418556
rn6_eta0.2,6.0,0.2,F9,10,8,25.1857224623609
rn6_eta0.2,6.0,0.2,F9,10,9,0.2517328337326034
rn6_eta0.2,6.0,0.2,F9,30,0,1023.0938415748824
rn6_eta0.2,6.0,0.2,F9,30,1,1161.330412327423
rn6_eta0.2,6.0,0.2,F9,30,2,1266.6561342945552
rn6_eta0.2,6.0,0.2,F9,30,3,1358.4606833820926
rn6_eta0.2,6.0,0.2,F9,30,4,592.8333947953306
rn6_eta0.2,6.0,0.2,F9,30,5,911.9642625267423
rn6_eta0.2,6.0,0.2,F9,30,6,1189.8715871749828
rn6_eta0.2,6.0,0.2,F9,30,7,833.9975985937381
rn6_eta0.2,6.0,0.2,F9,30,8,808.3600562894535
rn6_eta0.2,6.0,0.2,F9,30,9,778.1391574163226
rn6_eta0.2,6.0,0.2,F10,10,0,0.0
rn6_eta0.2,6.0,0.2,F10,10,1,4.696387667523368
rn6_eta0.2,6.0,0.2,F10,10,2,0.0
rn6_eta0.2,6.0,0.2,F10,10,3,0.0
rn6_eta0.2,6.0,0.2,F10,10,4,0.0
rn6_eta0.2,6.0,0.2,F10,10,5,0.0
rn6_eta0.2,6.0,0.2,F10,10,6,0.9949590570932968
rn6_eta0.2,6.0,0.2,F10,10,7,0.0
rn6_eta0.2,6.0,0.2,F10,10,8,0.0
rn6_eta0.2,6.0,0.2,F10,10,9,3.701428610430071
rn6_eta0.2,6.0,0.2,F10,30,0,1.0977162435231094
rn6_eta0.2,6.0,0.2,F10,30,1,3.3056853019704704
rn6_eta0.2,6.0,0.2,F10,30,2,0.995084209806464
rn6_eta0.2,6.0,0.2,F10,30,3,4.99024527041388
rn6_eta0.2,6.0,0.2,F10,30,4,8.529376541692272
rn6_eta0.2,6.0,0.2,F10,30,5,11.852901152838854
rn6_eta0.2,6.0,0.2,F10,30,6,0.9951168810230228
rn6_eta0.2,6.0,0.2,F10,30,7,2.194394411408325
rn6_eta0.2,6.0,0.2,F10,30,8,5.939486997898257
rn6_eta0.2,6.0,0.2,F10,30,9,1.9917893987798152
rn6_eta0.2,6.0,0.2,F11,10,0,0.0
rn6_eta0.2,6.0,0.2,F11,10,1,218.39770832970223
rn6_eta0.2,6.0,0.2,F11,10,2,217.3478123752184
rn6_eta0.2,6.0,0.2,F11,10,3,0.0
rn6_eta0.2,6.0,0.2,F11,10,4,0.0
rn6_eta0.2,6.0,0.2,F11,10,5,0.2081429846455194
rn6_eta0.2,6.0,0.2,F11,10,6,217.3478123752184
rn6_eta0.2,6.0,0.2,F11,10,7,0.0
rn6_eta0.2,6.0,0.2,F11,10,8,0.0
rn6_eta0.2,6.0,0.2,F11,10,9,0.2081429846455194
rn6_eta0.2,6.0,0.2,F11,30,0,0.0
rn6_eta0.2,6.0,0.2,F11,30,1,0.0693932123849663
rn6_eta0.2,6.0,0.2,F11,30,2,0.0
rn6_eta0.2,6.0,0.2,F11,30,3,0.0
rn6_eta0.2,6.0,0.2,F11,30,4,126.84719701175186
rn6_eta0.2,6.0,0.2,F11,30,5,0.0693932123849663
rn6_eta0.2,6.0,0.2,F11,30,6,52.32050897372187
rn6_eta0.2,6.0,0.2,F11,30,7,52.32050897372165
rn6_eta0.2,6.0,0.2,F11,30,8,0.0693932123849663
rn6_eta0.2,6.0,0.2,F11,30,9,0.0
rn6_eta0.2,6.0,0.2,F15,10,0,0.0670541637109636
rn6_eta0.2,6.0,0.2,F15,10,1,233.68592778651964
rn6_eta0.2,6.0,0.2,F15,10,2,1.1170361622744167
rn6_eta0.2,6.0,0.2,F15,10,3,0.4820864668110971
rn6_eta0.2,6.0,0.2,F15,10,4,233.55125921717217
rn6_eta0.2,6.0,0.2,F15,10,5,434.57360256394486
rn6_eta0.2,6.0,0.2,F15,10,6,0.9501072137484244
rn6_eta0.2,6.0,0.2,F15,10,7,0.4687024900085816
rn6_eta0.2,6.0,0.2,F15,10,8,434.9928387436171
rn6_eta0.2,6.0,0.2,F15,10,9,234.03817769452257
rn6_eta0.2,6.0,0.2,F15,30,0,3.473873924841655
rn6_eta0.2,6.0,0.2,F15,30,1,222.6100090504142
rn6_eta0.2,6.0,0.2,F15,30,2,3.470520406450987
rn6_eta0.2,6.0,0.2,F15,30,3,2.461395599671277
rn6_eta0.2,6.0,0.2,F15,30,4,3.5408452012036378
rn6_eta0.2,6.0,0.2,F15,30,5,398.4411141341823
rn6_eta0.2,6.0,0.2,F15,30,6,220.6524565750992
rn6_eta0.2,6.0,0.2,F15,30,7,3.509470771411088
rn6_eta0.2,6.0,0.2,F15,30,8,3.6212480446167774
rn6_eta0.2,6.0,0.2,F15,30,9,3.455724488174156
rn6_eta0.4,6.0,0.4,F1,10,0,0.0
rn6_eta0.4,6.0,0.4,F1,10,1,0.0
rn6_eta0.4,6.0,0.4,F1,10,2,0.0
rn6_eta0.4,6.0,0.4,F1,10,3,0.0
rn6_eta0.4,6.0,0.4,F1,10,4,0.0
rn6_eta0.4,6.0,0.4,F1,10,5,0.0
rn6_eta0.4,6.0,0.4,F1,10,6,0.0
rn6_eta0.4,6.0,0.4,F1,10,7,0.0
rn6_eta0.4,6.0,0.4,F1,10,8,0.0
rn6_eta0.4,6.0,0.4,F1,10,9,0.0
rn6_eta0.4,6.0,0.4,F1,30,0,0.0
rn6_eta0.4,6.0,0.4,F1,30,1,0.0
rn6_eta0.4,6.0,0.4,F1,30,2,0.0
rn6_eta0.4,6.0,0.4,F1,30,3,0.0
rn6_eta0.4,6.0,0.4,F1,30,4,0.0
rn6_eta0.4,6.0,0.4,F1,30,5,0.0
rn6_eta0.4,6.0,0.4,F1,30,6,0.0
rn6_eta0.4,6.0,0.4,F1,30,7,0.0
rn6_eta0.4,6.0,0.4,F1,30,8,0.0
rn6_eta0.4,6.0,0.4,F1,30,9,0.0
rn6_eta0.4,6.0,0.4,F3,10,0,3.986579112347158
rn6_eta0.4,6.0,0.4,F3,10,1,3.986579112347158
rn6_eta0.4,6.0,0.4,F3,10,2,3.986579112347158
rn6_eta0.4,6.0,0.4,F3,10,3,3.986579112347158
rn6_eta0.4,6.0,0.4,F3,10,4,3.986579112347158
rn6_eta0.4,6.0,0.4,F3,10,5,3.986579112347158
rn6_eta0.4,6.0,0.4,F3,10,6,3.986579112347158
rn6_eta0.4,6.0,0.4,F3,10,7,3.986579112347158
rn6_eta0.4,6.0,0.4,F3,10,8,3.986579112347158
rn6_eta0.4,6.0,0.4,F3,10,9,3.986579112347158
rn6_eta0.4,6.0,0.4,F3,30,0,31.810711664704968
rn6_eta0.4,6.0,0.4,F3,30,1,31.810711664704968
rn6_eta0.4,6.0,0.4,F3,30,2,31.810711664704968
rn6_eta0.4,6.0,0.4,F3,30,3,31.810711664704968
rn6_eta0.4,6.0,0.4,F3,30,4,31.810711664704968
rn6_eta0.4,6.0,0.4,F3,30,5,31.810711664704968
rn6_eta0.4,6.0,0.4,F3,30,6,31.810711664704968
rn6_eta0.4,6.0,0.4,F3,30,7,31.810711664704968
rn6_eta0.4,6.0,0.4,F3,30,8,31.810711664704968
rn6_eta0.4,6.0,0.4,F3,30,9,31.810711664704968
rn6_eta0.4,6.0,0.4,F4,10,0,0.9949590570932968
rn6_eta0.4,6.0,0.4,F4,10,1,2.9848771712798907
rn6_eta0.4,6.0,0.4,F4,10,2,2.9848771712798907
rn6_eta0.4,6.0,0.4,F4,10,3,2.9848771712798907
rn6_eta0.4,6.0,0.4,F4,10,4,1.9899181141865936
rn6_eta0.4,6.0,0.4,F4,10,5,2.9848771712806297
rn6_eta0.4,6.0,0.4,F4,10,6,3.97983622839746
rn6_eta0.4,6.0,0.4,F4,10,7,1.9899181141865936
rn6_eta0.4,6.0,0.4,F4,10,8,1.989918468208316
rn6_eta0.4,6.0,0.4,F4,10,9,3.979848351229691
rn6_eta0.4,6.0,0.4,F4,30,0,10.9507622476699
rn6_eta0.4,6.0,0.4,F4,30,1,10.944549628026325
rn6_eta0.4,6.0,0.4,F4,30,2,8.954631513839956
rn6_eta0.4,6.0,0.4,F4,30,3,7.959672456746603
rn6_eta0.4,6.0,0.4,F4,30,4,13.929416723674535
rn6_eta0.4,6.0,0.4,F4,30,5,8.954631534985651
rn6_eta0.4,6.0,0.4,F4,30,6,7.959672456747
rn6_eta0.4,6.0,0.4,F4,30,7,10.944549743590471
rn6_eta0.4,6.0,0.4,F4,30,8,9.952129270247896
rn6_eta0.4,6.0,0.4,F4,30,9,6.964713399653135
rn6_eta0.4,6.0,0.4,F5,10,0,0.0
rn6_eta0.4,6.0,0.4,F5,10,1,0.0
rn6_eta0.4,6.0,0.4,F5,10,2,0.0
rn6_eta0.4,6.0,0.4,F5,10,3,0.0
rn6_eta0.4,6.0,0.4,F5,10,4,0.0
rn6_eta0.4,6.0,0.4,F5,10,5,0.0
rn6_eta0.4,6.0,0.4,F5,10,6,0.0
rn6_eta0.4,6.0,0.4,F5,10,7,0.0
rn6_eta0.4,6.0,0.4,F5,10,8,0.0
rn6_eta0.4,6.0,0.4,F5,10,9,0.0
rn6_eta0.4,6.0,0.4,F5,30,0,0.0
rn6_eta0.4,6.0,0.4,F5,30,1,0.0
rn6_eta0.4,6.0,0.4,F5,30,2,0.0
rn6_eta0.4,6.0,0.4,F5,30,3,0.0
rn6_eta0.4,6.0,0.4,F5,30,4,0.0
rn6_eta0.4,6.0,0.4,F5,30,5,0.0
rn6_eta0.4,6.0,0.4,F5,30,6,0.0
rn6_eta0.4,6.0,0.4,F5,30,7,0.0
rn6_eta0.4,6.0,0.4,F5,30,8,0.0
rn6_eta0.4,6.0,0.4,F5,30,9,0.0
rn6_eta0.4,6.0,0.4,F6,10,0,13.904880905974665
rn6_eta0.4,6.0,0.4,F6,10,1,13.904870814190415
rn6_eta0.4,6.0,0.4,F6,10,2,12.63506598263723
rn6_eta0.4,6.0,0.4,F6,10,3,12.471607295661896
rn6_eta0.4,6.0,0.4,F6,10,4,13.249428351543315
rn6_eta0.4,6.0,0.4,F6,10,5,11.529121766745677
rn6_eta0.4,6.0,0.4,F6,10,6,12.962786998598403
rn6_eta0.4,6.0,0.4,F6,10,7,12.962787213960723
rn6_eta0.4,6.0,0.4,F6,10,8,12.798926598298976
rn6_eta0.4,6.0,0.4,F6,10,9,12.471205366975369
rn6_eta0.4,6.0,0.4,F6,30,0,41.557746947573946
rn6_eta0.4,6.0,0.4,F6,30,1,41.59892565122675
rn6_eta0.4,6.0,0.4,F6,30,2,37.43723548328762
rn6_eta0.4,6.0,0.4,F6,30,3,38.286041940541054
rn6_eta0.4,6.0,0.4,F6,30,4,40.03770677230443
rn6_eta0.4,6.0,0.4,F6,30,5,44.82945899498179
rn6_eta0.4,6.0,0.4,F6,30,6,40.750117216381454
rn6_eta0.4,6.0,0.4,F6,30,7,40.70894306401942
rn6_eta0.4,6.0,0.4,F6,30,8,39.9836548550669
rn6_eta0.4,6.0,0.4,F6,30,9,40.791289265248906
rn6_eta0.4,6.0,0.4,F7,10,0,8.0
rn6_eta0.4,6.0,0.4,F7,10,1,6.000058153022792
rn6_eta0.4,6.0,0.4,F7,10,2,8.000023342102736
rn6_eta0.4,6.0,0.4,F7,10,3,6.0110100133152855
rn6_eta0.4,6.0,0.4,F7,10,4,10.000000000037858
rn6_eta0.4,6.0,0.4,F7,10,5,10.0
rn6_eta0.4,6.0,0.4,F7,10,6,10.000000577575634
rn6_eta0.4,6.0,0.4,F7,10,7,6.000028013476594
rn6_eta0.4,6.0,0.4,F7,10,8,8.0
rn6_eta0.4,6.0,0.4,F7,10,9,6.0
rn6_eta0.4,6.0,0.4,F7,30,0,34.0000021942227
rn6_eta0.4,6.0,0.4,F7,30,1,40.00000929004136
rn6_eta0.4,6.0,0.4,F7,30,2,36.000290695703825
rn6_eta0.4,6.0,0.4,F7,30,3,36.000049508823395
rn6_eta0.4,6.0,0.4,F7,30,4,40.00000673118723
rn6_eta0.4,6.0,0.4,F7,30,5,48.29316673436893
rn6_eta0.4,6.0,0.4,F7,30,6,40.00017549750066
rn6_eta0.4,6.0,0.4,F7,30,7,42.000128875844666
rn6_eta0.4,6.0,0.4,F7,30,8,46.00002574295786
rn6_eta0.4,6.0,0.4,F7,30,9,26.000846614994884
rn6_eta0.4,6.0,0.4,F9,10,0,30.176699528710746
rn6_eta0.4,6.0,0.4,F9,10,1,10.369790945153907
rn6_eta0.4,6.0,0.4,F9,10,2,10.307336504118211
rn6_eta0.4,6.0,0.4,F9,10,3,10.307350521306034
rn6_eta0.4,6.0,0.4,F9,10,4,23.65490704968852
rn6_eta0.4,6.0,0.4,F9,10,5,3.5398695697695075
rn6_eta0.4,6.0,0.4,F9,10,6,10.244882063076147
rn6_eta0.4,6.0,0.4,F9,10,7,119.08321616682817
rn6_eta0.4,6.0,0.4,F9,10,8,125.73029908465242
rn6_eta0.4,6.0,0.4,F9,10,9,7.0172846985051365
rn6_eta0.4,6.0,0.4,F9,30,0,1029.2840827972996
rn6_eta0.4,6.0,0.4,F9,30,1,1139.773710032754
rn6_eta0.4,6.0,0.4,F9,30,2,952.1255973677708
rn6_eta0.4,6.0,0.4,F9,30,3,1062.6924890154114
rn6_eta0.4,6.0,0.4,F9,30,4,1163.743747092425
rn6_eta0.4,6.0,0.4,F9,30,5,1410.3830758023942
rn6_eta0.4,6.0,0.4,F9,30,6,1251.5719730040073
rn6_eta0.4,6.0,0.4,F9,30,7,924.373263421654
rn6_eta0.4,6.0,0.4,F9,30,8,793.0531780421152
rn6_eta0.4,6.0,0.4,F9,30,9,1277.3048683450052
rn6_eta0.4,6.0,0.4,F10,10,0,0.0
rn6_eta0.4,6.0,0.4,F10,10,1,0.0
rn6_eta0.4,6.0,0.4,F10,10,2,0.9949590570932968
rn6_eta0.4,6.0,0.4,F10,10,3,0.0
rn6_eta0.4,6.0,0.4,F10,10,4,0.0
rn6_eta0.4,6.0,0.4,F10,10,5,5.691346724616665
rn6_eta0.4,6.0,0.4,F10,10,6,3.701428610430071
rn6_eta0.4,6.0,0.4,F10,10,7,0.0
rn6_eta0.4,6.0,0.4,F10,10,8,0.9949590570932968
rn6_eta0.4,6.0,0.4,F10,10,9,0.0
rn6_eta0.4,6.0,0.4,F10,30,0,6.261492118730303
rn6_eta0.4,6.0,0.4,F10,30,1,7.802117485536087
rn6_eta0.4,6.0,0.4,F10,30,2,2.0178037884918467
rn6_eta0.4,6.0,0.4,F10,30,3,2.058624584063068
rn6_eta0.4,6.0,0.4,F10,30,4,0.9949590570934106
rn6_eta0.4,6.0,0.4,F10,30,5,0.9981709451571988
rn6_eta0.4,6.0,0.4,F10,30,6,1.007423135738463
rn6_eta0.4,6.0,0.4,F10,30,7,1.1227110340396391
rn6_eta0.4,6.0,0.4,F10,30,8,7.966496442464859
rn6_eta0.4,6.0,0.4,F10,30,9,10.307941319738347
rn6_eta0.4,6.0,0.4,F11,10,0,0.2081429846455194
rn6_eta0.4,6.0,0.4,F11,10,1,0.2081429846455194
rn6_eta0.4,6.0,0.4,F11,10,2,109.88050492509774
rn6_eta0.4,6.0,0.4,F11,10,3,0.2081429846455194
rn6_eta0.4,6.0,0.4,F11,10,4,0.0
rn6_eta0.4,6.0,0.4,F11,10,5,217.1396693905731
rn6_eta0.4,6.0,0.4,F11,10,6,0.2081429846455194
rn6_eta0.4,6.0,0.4,F11,10,7,0.2081429846455194
rn6_eta0.4,6.0,0.4,F11,10,8,218.39770832970223
rn6_eta0.4,6.0,0.4,F11,10,9,0.2081429846455194
rn6_eta0.4,6.0,0.4,F11,30,0,0.0
rn6_eta0.4,6.0,0.4,F11,30,1,0.0
rn6_eta0.4,6.0,0.4,F11,30,2,0.0
rn6_eta0.4,6.0,0.4,F11,30,3,0.0693932123849663
rn6_eta0.4,6.0,0.4,F11,30,4,0.0
rn6_eta0.4,6.0,0.4,F11,30,5,0.0
rn6_eta0.4,6.0,0.4,F11,30,6,0.0
rn6_eta0.4,6.0,0.4,F11,30,7,0.0
rn6_eta0.4,6.0,0.4,F11,30,8,0.0
rn6_eta0.4,6.0,0.4,F11,30,9,12.10999674720938
rn6_eta0.4,6.0,0.4,F15,10,0,234.0173591058888
rn6_eta0.4,6.0,0.4,F15,10,1,1.667665155354598
rn6_eta0.4,6.0,0.4,F15,10,2,0.0065007375251298
rn6_eta0.4,6.0,0.4,F15,10,3,1.323750924818114
rn6_eta0.4,6.0,0.4,F15,10,4,434.981758825412
rn6_eta0.4,6.0,0.4,F15,10,5,435.9772332909943
rn6_eta0.4,6.0,0.4,F15,10,6,1.5887250821670025
rn6_eta0.4,6.0,0.4,F15,10,7,435.8468942638788
rn6_eta0.4,6.0,0.4,F15,10,8,233.03960739740523
rn6_eta0.4,6.0,0.4,F15,10,9,1.4549125680121051
rn6_eta0.4,6.0,0.4,F15,30,0,3.353493843315846
rn6_eta0.4,6.0,0.4,F15,30,1,3.6265321229086567
rn6_eta0.4,6.0,0.4,F15,30,2,3.4534963858932315
rn6_eta0.4,6.0,0.4,F15,30,3,3.28308294106796
rn6_eta0.4,6.0,0.4,F15,30,4,3.2539480366408498
rn6_eta0.4,6.0,0.4,F15,30,5,220.57146283810653
rn6_eta0.4,6.0,0.4,F15,30,6,3.597076563269184
rn6_eta0.4,6.0,0.4,F15,30,7,3.558894624477944
rn6_eta0.4,6.0,0.4,F15,30,8,3.1000692354277817
rn6_eta0.4,6.0,0.4,F15,30,9,3.115075910892074
rn8_eta0.1,8.0,0.1,F1,10,0,0.0
rn8_eta0.1,8.0,0.1,F1,10,1,0.0
rn8_eta0.1,8.0,0.1,F1,10,2,0.0
rn8_eta0.1,8.0,0.1,F1,10,3,0.0
rn8_eta0.1,8.0,0.1,F1,10,4,0.0
rn8_eta0.1,8.0,0.1,F1,10,5,0.0
rn8_eta0.1,8.0,0.1,F1,10,6,0.0
rn8_eta0.1,8.0,0.1,F1,10,7,0.0
rn8_eta0.1,8.0,0.1,F1,10,8,0.0
rn8_eta0.1,8.0,0.1,F1,10,9,0.0
rn8_eta0.1,8.0,0.1,F1,30,0,0.0
rn8_eta0.1,8.0,0.1,F1,30,1,0.0
rn8_eta0.1,8.0,0.1,F1,30,2,0.0
rn8_eta0.1,8.0,0.1,F1,30,3,0.0
rn8_eta0.1,8.0,0.1,F1,30,4,0.0
rn8_eta0.1,8.0,0.1,F1,30,5,0.0
rn8_eta0.1,8.0,0.1,F1,30,6,0.0
rn8_eta0.1,8.0,0.1,F1,30,7,0.0
rn8_eta0.1,8.0,0.1,F1,30,8,0.0
rn8_eta0.1,8.0,0.1,F1,30,9,0.0
rn8_eta0.1,8.0,0.1,F3,10,0,3.986579112347158
rn8_eta0.1,8.0,0.1,F3,10,1,0.0
rn8_eta0.1,8.0,0.1,F3,10,2,3.986579112347158
rn8_eta0.1,8.0,0.1,F3,10,3,0.0
rn8_eta0.1,8.0,0.1,F3,10,4,0.0
rn8_eta0.1,8.0,0.1,F3,10,5,3.986579112347158
rn8_eta0.1,8.0,0.1,F3,10,6,3.986579112347158
rn8_eta0.1,8.0,0.1,F3,10,7,0.0
rn8_eta0.1,8.0,0.1,F3,10,8,3.986579112347158
rn8_eta0.1,8.0,0.1,F3,10,9,3.986579112347158
rn8_eta0.1,8.0,0.1,F3,30,0,31.810711664704968
rn8_eta0.1,8.0,0.1,F3,30,1,31.810711664704968
rn8_eta0.1,8.0,0.1,F3,30,2,31.810711664704968
rn8_eta0.1,8.0,0.1,F3,30,3,31.810711664704968
rn8_eta0.1,8.0,0.1,F3,30,4,31.810711664704968
rn8_eta0.1,8.0,0.1,F3,30,5,31.810711664704968
rn8_eta0.1,8.0,0.1,F3,30,6,31.810711664704968
rn8_eta0.1,8.0,0.1,F3,30,7,31.810711664704968
rn8_eta0.1,8.0,0.1,F3,30,8,31.810711664704968
rn8_eta0.1,8.0,0.1,F3,30,9,31.810711664704968
rn8_eta0.1,8.0,0.1,F4,10,0,2.9848771712798907
rn8_eta0.1,8.0,0.1,F4,10,1,0.0
rn8_eta0.1,8.0,0.1,F4,10,2,0.9949590570932968
rn8_eta0.1,8.0,0.1,F4,10,3,1.9899376648104976
rn8_eta0.1,8.0,0.1,F4,10,4,1.9899322345645487
rn8_eta0.1,8.0,0.1,F4,10,5,1.9899181141866509
rn8_eta0.1,8.0,0.1,F4,10,6,1.9899181141865936
rn8_eta0.1,8.0,0.1,F4,10,7,1.9899181141865936
rn8_eta0.1,8.0,0.1,F4,10,8,1.9899181141884696
rn8_eta0.1,8.0,0.1,F4,10,9,4.974795787524727
rn8_eta0.1,8.0,0.1,F4,30,0,11.939508692641423
rn8_eta0.1,8.0,0.1,F4,30,1,8.95463158735555
rn8_eta0.1,8.0,0.1,F4,30,2,9.949590573789637
rn8_eta0.1,8.0,0.1,F4,30,3,9.949590571617762
rn8_eta0.1,8.0,0.1,F4,30,4,11.939545422848312
rn8_eta0.1,8.0,0.1,F4,30,5,8.954631586132791
rn8_eta0.1,8.0,0.1,F4,30,6,10.944561130275986
rn8_eta0.1,8.0,0.1,F4,30,7,9.949590571012491
rn8_eta0.1,8.0,0.1,F4,30,8,6.964713516005531
rn8_eta0.1,8.0,0.1,F4,30,9,6.964715543228181
rn8_eta0.1,8.0,0.1,F5,10,0,0.0
rn8_eta0.1,8.0,0.1,F5,10,1,0.0
rn8_eta0.1,8.0,0.1,F5,10,2,0.0
rn8_eta0.1,8.0,0.1,F5,10,3,0.0
rn8_eta0.1,8.0,0.1,F5,10,4,0.0
rn8_eta0.1,8.0,0.1,F5,10,5,0.0
rn8_eta0.1,8.0,0.1,F5,10,6,0.0
rn8_eta0.1,8.0,0.1,F5,10,7,0.0
rn8_eta0.1,8.0,0.1,F5,10,8,0.0
rn8_eta0.1,8.0,0.1,F5,10,9,0.0
rn8_eta0.1,8.0,0.1,F5,30,0,0.0
rn8_eta0.1,8.0,0.1,F5,30,1,0.0
rn8_eta0.1,8.0,0.1,F5,30,2,0.0
rn8_eta0.1,8.0,0.1,F5,30,3,0.0
rn8_eta0.1,8.0,0.1,F5,30,4,0.0
rn8_eta0.1,8.0,0.1,F5,30,5,0.0
rn8_eta0.1,8.0,0.1,F5,30,6,0.0
rn8_eta0.1,8.0,0.1,F5,30,7,0.0
rn8_eta0.1,8.0,0.1,F5,30,8,0.0
rn8_eta0.1,8.0,0.1,F5,30,9,0.0
rn8_eta0.1,8.0,0.1,F6,10,0,11.529121766745677
rn8_eta0.1,8.0,0.1,F6,10,1,11.365364155501538
rn8_eta0.1,8.0,0.1,F6,10,2,17.714284878125454
rn8_eta0.1,8.0,0.1,F6,10,3,13.413392870185362
rn8_eta0.1,8.0,0.1,F6,10,4,12.307344751313622
rn8_eta0.1,8.0,0.1,F6,10,5,11.69298238241322
rn8_eta0.1,8.0,0.1,F6,10,6,11.692982382407536
rn8_eta0.1,8.0,0.1,F6,10,7,12.471211398311423
rn8_eta0.1,8.0,0.1,F6,10,8,12.143484135651876
rn8_eta0.1,8.0,0.1,F6,10,9,11.52912194869134
rn8_eta0.1,8.0,0.1,F6,30,0,39.86013897033945
rn8_eta0.1,8.0,0.1,F6,30,1,41.64009574382203
rn8_eta0.1,8.0,0.1,F6,30,2,40.750115081587296
rn8_eta0.1,8.0,0.1,F6,30,3,38.16252680778166
rn8_eta0.1,8.0,0.1,F6,30,4,39.901310900632666
rn8_eta0.1,8.0,0.1,F6,30,5,41.76365568308938
rn8_eta0.1,8.0,0.1,F6,30,6,37.560754119551234
rn8_eta0.1,8.0,0.1,F6,30,7,44.14533838148259
rn8_eta0.1,8.0,0.1,F6,30,8,40.70894516845351
rn8_eta0.1,8.0,0.1,F6,30,9,36.62960107413596
rn8_eta0.1,8.0,0.1,F7,10,0,8.000003841586022
rn8_eta0.1,8.0,0.1,F7,10,1,6.000081896635493
rn8_eta0.1,8.0,0.1,F7,10,2,6.000012601110711
rn8_eta0.1,8.0,0.1,F7,10,3,8.000006413821893
rn8_eta0.1,8.0,0.1,F7,10,4,8.0
rn8_eta0.1,8.0,0.1,F7,10,5,10.0
rn8_eta0.1,8.0,0.1,F7,10,6,6.000000035099902
rn8_eta0.1,8.0,0.1,F7,10,7,2.0
rn8_eta0.1,8.0,0.1,F7,10,8,8.000001791340765
rn8_eta0.1,8.0,0.1,F7,10,9,4.0
rn8_eta0.1,8.0,0.1,F7,30,0,38.00560320515877
rn8_eta0.1,8.0,0.1,F7,30,1,28.000000001101284
rn8_eta0.1,8.0,0.1,F7,30,2,34.00001625932168
rn8_eta0.1,8.0,0.1,F7,30,3,36.000031875966215
rn8_eta0.1,8.0,0.1,F7,30,4,30.000000443714384
rn8_eta0.1,8.0,0.1,F7,30,5,34.00001057855525
rn8_eta0.1,8.0,0.1,F7,30,6,40.00000016819649
rn8_eta0.1,8.0,0.1,F7,30,7,28.00000183043278
rn8_eta0.1,8.0,0.1,F7,30,8,34.000024421235025
rn8_eta0.1,8.0,0.1,F7,30,9,34.00000719030379
rn8_eta0.1,8.0,0.1,F9,10,0,3.729149286795291
rn8_eta0.1,8.0,0.1,F9,10,1,10.369790945153907
rn8_eta0.1,8.0,0.1,F9,10,2,13.609309570799269
rn8_eta0.1,8.0,0.1,F9,10,3,129.01738990215927
rn8_eta0.1,8.0,0.1,F9,10,4,15.39090272122212
rn8_eta0.1,8.0,0.1,F9,10,5,3.6269521312869983
rn8_eta0.1,8.0,0.1,F9,10,6,3.664778451847269
rn8_eta0.1,8.0,0.1,F9,10,7,6.892375816423737
rn8_eta0.1,8.0,0.1,F9,10,8,13.472479427651706
rn8_eta0.1,8.0,0.1,F9,10,9,6.972164002318095
rn8_eta0.1,8.0,0.1,F9,30,0,1065.6980131520304
rn8_eta0.1,8.0,0.1,F9,30,1,1275.0554761497788
rn8_eta0.1,8.0,0.1,F9,30,2,1323.5650666520614
rn8_eta0.1,8.0,0.1,F9,30,3,1721.2791419084497
rn8_eta0.1,8.0,0.1,F9,30,4,1389.3913756503623
rn8_eta0.1,8.0,0.1,F9,30,5,1311.495163880545
rn8_eta0.1,8.0,0.1,F9,30,6,832.5747353619572
rn8_eta0.1,8.0,0.1,F9,30,7,1068.608582940113
rn8_eta0.1,8.0,0.1,F9,30,8,1534.9341804130454
rn8_eta0.1,8.0,0.1,F9,30,9,606.4838331757855
rn8_eta0.1,8.0,0.1,F10,10,0,0.0
rn8_eta0.1,8.0,0.1,F10,10,1,0.0
rn8_eta0.1,8.0,0.1,F10,10,2,5.691346724616551
rn8_eta0.1,8.0,0.1,F10,10,3,3.701428610430071
rn8_eta0.1,8.0,0.1,F10,10,4,0.0
rn8_eta0.1,8.0,0.1,F10,10,5,3.701428610430071
rn8_eta0.1,8.0,0.1,F10,10,6,4.696387667523368
rn8_eta0.1,8.0,0.1,F10,10,7,0.0
rn8_eta0.1,8.0,0.1,F10,10,8,0.0
rn8_eta0.1,8.0,0.1,F10,10,9,0.0
rn8_eta0.1,8.0,0.1,F10,30,0,10.576029150161844
rn8_eta0.1,8.0,0.1,F10,30,1,4.13335569019614
rn8_eta0.1,8.0,0.1,F10,30,2,4.082737764380454
rn8_eta0.1,8.0,0.1,F10,30,3,12.033813560250335
rn8_eta0.1,8.0,0.1,F10,30,4,4.561985908273755
rn8_eta0.1,8.0,0.1,F10,30,5,4.915527100465511
rn8_eta0.1,8.0,0.1,F10,30,6,1.025462629565709
rn8_eta0.1,8.0,0.1,F10,30,7,5.580429669169689
rn8_eta0.1,8.0,0.1,F10,30,8,3.0766481899067912
rn8_eta0.1,8.0,0.1,F10,30,9,3.979836228373415
rn8_eta0.1,8.0,0.1,F11,10,0,217.1396693905731
rn8_eta0.1,8.0,0.1,F11,10,1,0.0
rn8_eta0.1,8.0,0.1,F11,10,2,217.3478123752186
rn8_eta0.1,8.0,0.1,F11,10,3,217.3478123752184
rn8_eta0.1,8.0,0.1,F11,10,4,217.3478123752184
rn8_eta0.1,8.0,0.1,F11,10,5,0.2081429846455194
rn8_eta0.1,8.0,0.1,F11,10,6,217.1396693905731
rn8_eta0.1,8.0,0.1,F11,10,7,218.39770832970223
rn8_eta0.1,8.0,0.1,F11,10,8,217.1396693905731
rn8_eta0.1,8.0,0.1,F11,10,9,0.2081429846455194
rn8_eta0.1,8.0,0.1,F11,30,0,0.4786580309501005
rn8_eta0.1,8.0,0.1,F11,30,1,0.0
rn8_eta0.1,8.0,0.1,F11,30,2,0.0
rn8_eta0.1,8.0,0.1,F11,30,3,0.0693932123849663
rn8_eta0.1,8.0,0.1,F11,30,4,0.0
rn8_eta0.1,8.0,0.1,F11,30,5,0.0693932123849663
rn8_eta0.1,8.0,0.1,F11,30,6,0.0693932123849663
rn8_eta0.1,8.0,0.1,F11,30,7,0.0693932123849663
rn8_eta0.1,8.0,0.1,F11,30,8,0.0693932123851936
rn8_eta0.1,8.0,0.1,F11,30,9,0.0
rn8_eta0.1,8.0,0.1,F15,10,0,1.559825143161106
rn8_eta0.1,8.0,0.1,F15,10,1,0.4978056903876222
rn8_eta0.1,8.0,0.1,F15,10,2,0.228977993773924
rn8_eta0.1,8.0,0.1,F15,10,3,0.7054450867901778
rn8_eta0.1,8.0,0.1,F15,10,4,232.59189379153509
rn8_eta0.1,8.0,0.1,F15,10,5,0.7275745229176209
rn8_eta0.1,8.0,0.1,F15,10,6,434.63343762363365
rn8_eta0.1,8.0,0.1,F15,10,7,1.4575951877307034
rn8_eta0.1,8.0,0.1,F15,10,8,0.9539951383783318
rn8_eta0.1,8.0,0.1,F15,10,9,1.4098857163462526
rn8_eta0.1,8.0,0.1,F15,30,0,220.7824242913364
rn8_eta0.1,8.0,0.1,F15,30,1,3.506779379814361
rn8_eta0.1,8.0,0.1,F15,30,2,220.6009627615067
rn8_eta0.1,8.0,0.1,F15,30,3,3.54741256269881
rn8_eta0.1,8.0,0.1,F15,30,4,80.07994221924582
rn8_eta0.1,8.0,0.1,F15,30,5,3.468921348665617
rn8_eta0.1,8.0,0.1,F15,30,6,3.245709656200916
rn8_eta0.1,8.0,0.1,F15,30,7,3.082999836666886
rn8_eta0.1,8.0,0.1,F15,30,8,2.852442509018829
rn8_eta0.1,8.0,0.1,F15,30,9,3.334035595725936
rn8_eta0.2,8.0,0.2,F1,10,0,0.0
rn8_eta0.2,8.0,0.2,F1,10,1,0.0
rn8_eta0.2,8.0,0.2,F1,10,2,0.0
rn8_eta0.2,8.0,0.2,F1,10,3,0.0
rn8_eta0.2,8.0,0.2,F1,10,4,0.0
rn8_eta0.2,8.0,0.2,F1,10,5,0.0
rn8_eta0.2,8.0,0.2,F1,10,6,0.0
rn8_eta0.2,8.0,0.2,F1,10,7,0.0
rn8_eta0.2,8.0,0.2,F1,10,8,0.0
rn8_eta0.2,8.0,0.2,F1,10,9,0.0
rn8_eta0.2,8.0,0.2,F1,30,0,0.0
rn8_eta0.2,8.0,0.2,F1,30,1,0.0
rn8_eta0.2,8.0,0.2,F1,30,2,0.0
rn8_eta0.2,8.0,0.2,F1,30,3,0.0
rn8_eta0.2,8.0,0.2,F1,30,4,0.0
rn8_eta0.2,8.0,0.2,F1,30,5,0.0
rn8_eta0.2,8.0,0.2,F1,30,6,0.0
rn8_eta0.2,8.0,0.2,F1,30,7,0.0
rn8_eta0.2,8.0,0.2,F1,30,8,0.0
rn8_eta0.2,8.0,0.2,F1,30,9,0.0
rn8_eta0.2,8.0,0.2,F3,10,0,3.986579112347158
rn8_eta0.2,8.0,0.2,F3,10,1,3.986579112347158
rn8_eta0.2,8.0,0.2,F3,10,2,3.986579112347158
rn8_eta0.2,8.0,0.2,F3,10,3,3.986579112347158
rn8_eta0.2,8.0,0.2,F3,10,4,0.0
rn8_eta0.2,8.0,0.2,F3,10,5,3.986579112347158
rn8_eta0.2,8.0,0.2,F3,10,6,3.986579112347158
rn8_eta0.2,8.0,0.2,F3,10,7,3.986579112347158
rn8_eta0.2,8.0,0.2,F3,10,8,3.986579112347158
rn8_eta0.2,8.0,0.2,F3,10,9,3.986579112347158
rn8_eta0.2,8.0,0.2,F3,30,0,31.810711664704968
rn8_eta0.2,8.0,0.2,F3,30,1,31.810711664704968
rn8_eta0.2,8.0,0.2,F3,30,2,31.810711664704968
rn8_eta0.2,8.0,0.2,F3,30,3,31.810711664704968
rn8_eta0.2,8.0,0.2,F3,30,4,31.810711664704968
rn8_eta0.2,8.0,0.2,F3,30,5,31.810711664704968
rn8_eta0.2,8.0,0.2,F3,30,6,31.810711664704968
rn8_eta0.2,8.0,0.2,F3,30,7,31.810711664704968
rn8_eta0.2,8.0,0.2,F3,30,8,31.810711664704968
rn8_eta0.2,8.0,0.2,F3,30,9,31.810711664704968
rn8_eta0.2,8.0,0.2,F4,10,0,0.9949590570932968
rn8_eta0.2,8.0,0.2,F4,10,1,0.9949590570932968
rn8_eta0.2,8.0,0.2,F4,10,2,2.9848847507353184
rn8_eta0.2,8.0,0.2,F4,10,3,1.9899181141867643
rn8_eta0.2,8.0,0.2,F4,10,4,2.9848771712798907
rn8_eta0.2,8.0,0.2,F4,10,5,3.0062279321172696
rn8_eta0.2,8.0,0.2,F4,10,6,2.9848771712798907
rn8_eta0.2,8.0,0.2,F4,10,7,2.9848771712798907
rn8_eta0.2,8.0,0.2,F4,10,8,1.9899181141865936
rn8_eta0.2,8.0,0.2,F4,10,9,4.974872591196629
rn8_eta0.2,8.0,0.2,F4,30,0,9.966684817787268
rn8_eta0.2,8.0,0.2,F4,30,1,9.949598071725802
rn8_eta0.2,8.0,0.2,F4,30,2,8.955191858871615
rn8_eta0.2,8.0,0.2,F4,30,3,9.949590571205192
rn8_eta0.2,8.0,0.2,F4,30,4,7.959672456752287
rn8_eta0.2,8.0,0.2,F4,30,5,5.969754345952822
rn8_eta0.2,8.0,0.2,F4,30,6,7.959672474731349
rn8_eta0.2,8.0,0.2,F4,30,7,10.944553000555857
rn8_eta0.2,8.0,0.2,F4,30,8,5.969754342559838
rn8_eta0.2,8.0,0.2,F4,30,9,9.949593846320852
rn8_eta0.2,8.0,0.2,F5,10,0,0.0
rn8_eta0.2,8.0,0.2,F5,10,1,0.0
rn8_eta0.2,8.0,0.2,F5,10,2,0.0
rn8_eta0.2,8.0,0.2,F5,10,3,0.0
rn8_eta0.2,8.0,0.2,F5,10,4,0.0
rn8_eta0.2,8.0,0.2,F5,10,5,0.0
rn8_eta0.2,8.0,0.2,F5,10,6,0.0
rn8_eta0.2,8.0,0.2,F5,10,7,0.0
rn8_eta0.2,8.0,0.2,F5,10,8,0.0
rn8_eta0.2,8.0,0.2,F5,10,9,0.0
rn8_eta0.2,8.0,0.2,F5,30,0,0.0
rn8_eta0.2,8.0,0.2,F5,30,1,0.0
rn8_eta0.2,8.0,0.2,F5,30,2,0.0
rn8_eta0.2,8.0,0.2,F5,30,3,0.0
rn8_eta0.2,8.0,0.2,F5,30,4,0.0
rn8_eta0.2,8.0,0.2,F5,30,5,0.0
rn8_eta0.2,8.0,0.2,F5,30,6,0.0
rn8_eta0.2,8.0,0.2,F5,30,7,0.0
rn8_eta0.2,8.0,0.2,F5,30,8,1.8722005279414592e-08
rn8_eta0.2,8.0,0.2,F5,30,9,0.0
rn8_eta0.2,8.0,0.2,F6,10,0,12.962786998598403
rn8_eta0.2,8.0,0.2,F6,10,1,13.578442088833071
rn8_eta0.2,8.0,0.2,F6,10,2,12.184564229392777
rn8_eta0.2,8.0,0.2,F6,10,3,12.471205366975369
rn8_eta0.2,8.0,0.2,F6,10,4,14.069260075928014
rn8_eta0.2,8.0,0.2,F6,10,5,1.9899181141865936
rn8_eta0.2,8.0,0.2,F6,10,6,11.692982382407536
rn8_eta0.2,8.0,0.2,F6,10,7,12.020721933145524
rn8_eta0.2,8.0,0.2,F6,10,8,12.635139897518002
rn8_eta0.2,8.0,0.2,F6,10,9,12.471205366975596
rn8_eta0.2,8.0,0.2,F6,30,0,38.24487055537634
rn8_eta0.2,8.0,0.2,F6,30,1,39.09367387778013
rn8_eta0.2,8.0,0.2,F6,30,2,37.47840767384093
rn8_eta0.2,8.0,0.2,F6,30,3,41.62283271326976
rn8_eta0.2,8.0,0.2,F6,30,4,39.13491674495583
rn8_eta0.2,8.0,0.2,F6,30,5,37.44832283556207
rn8_eta0.2,8.0,0.2,F6,30,6,39.0113322593304
rn8_eta0.2,8.0,0.2,F6,30,7,41.55775442945185
rn8_eta0.2,8.0,0.2,F6,30,8,39.942542387017966
rn8_eta0.2,8.0,0.2,F6,30,9,38.32722580821712
rn8_eta0.2,8.0,0.2,F7,10,0,2.0
rn8_eta0.2,8.0,0.2,F7,10,1,10.000000000161094
rn8_eta0.2,8.0,0.2,F7,10,2,6.000377115882657
rn8_eta0.2,8.0,0.2,F7,10,3,6.00002182560354
rn8_eta0.2,8.0,0.2,F7,10,4,8.00005967162781
rn8_eta0.2,8.0,0.2,F7,10,5,8.0
rn8_eta0.2,8.0,0.2,F7,10,6,8.000000027206852
rn8_eta0.2,8.0,0.2,F7,10,7,6.000000000000114
rn8_eta0.2,8.0,0.2,F7,10,8,8.000000000000114
rn8_eta0.2,8.0,0.2,F7,10,9,10.000000000513069
rn8_eta0.2,8.0,0.2,F7,30,0,30.25403281148044
rn8_eta0.2,8.0,0.2,F7,30,1,28.000000000000227
rn8_eta0.2,8.0,0.2,F7,30,2,22.000000003076597
rn8_eta0.2,8.0,0.2,F7,30,3,36.000060347506405
rn8_eta0.2,8.0,0.2,F7,30,4,30.00000001915987
rn8_eta0.2,8.0,0.2,F7,30,5,26.00008355607531
rn8_eta0.2,8.0,0.2,F7,30,6,44.00013146151844
rn8_eta0.2,8.0,0.2,F7,30,7,30.000000000000227
rn8_eta0.2,8.0,0.2,F7,30,8,28.000009508236303
rn8_eta0.2,8.0,0.2,F7,30,9,32.00014114116152
rn8_eta0.2,8.0,0.2,F9,10,0,7.033734803521838
rn8_eta0.2,8.0,0.2,F9,10,1,7.142193580578351
rn8_eta0.2,8.0,0.2,F9,10,2,3.570053157257462
rn8_eta0.2,8.0,0.2,F9,10,3,30.217910687062613
rn8_eta0.2,8.0,0.2,F9,10,4,3.789687335027338
rn8_eta0.2,8.0,0.2,F9,10,5,10.425035940133055
rn8_eta0.2,8.0,0.2,F9,10,6,3.6647784518481785
rn8_eta0.2,8.0,0.2,F9,10,7,6.948141862416378
rn8_eta0.2,8.0,0.2,F9,10,8,13.722977743498632
rn8_eta0.2,8.0,0.2,F9,10,9,16.92997877486596
rn8_eta0.2,8.0,0.2,F9,30,0,1123.9631966508275
rn8_eta0.2,8.0,0.2,F9,30,1,1041.3170427342975
rn8_eta0.2,8.0,0.2,F9,30,2,1392.1844844240404
rn8_eta0.2,8.0,0.2,F9,30,3,1033.0354618400995
rn8_eta0.2,8.0,0.2,F9,30,4,1031.4417623874997
rn8_eta0.2,8.0,0.2,F9,30,5,1187.637313939551
rn8_eta0.2,8.0,0.2,F9,30,6,914.1677659314682
rn8_eta0.2,8.0,0.2,F9,30,7,1181.8775133977033
rn8_eta0.2,8.0,0.2,F9,30,8,707.9498813215068
rn8_eta0.2,8.0,0.2,F9,30,9,1092.2098972263177
rn8_eta0.2,8.0,0.2,F10,10,0,0.0
rn8_eta0.2,8.0,0.2,F10,10,1,0.0
rn8_eta0.2,8.0,0.2,F10,10,2,0.0
rn8_eta0.2,8.0,0.2,F10,10,3,3.701428610430071
rn8_eta0.2,8.0,0.2,F10,10,4,0.0
rn8_eta0.2,8.0,0.2,F10,10,5,0.0
rn8_eta0.2,8.0,0.2,F10,10,6,0.0
rn8_eta0.2,8.0,0.2,F10,10,7,0.0
rn8_eta0.2,8.0,0.2,F10,10,8,1.9899181141865936
rn8_eta0.2,8.0,0.2,F10,10,9,0.0
rn8_eta0.2,8.0,0.2,F10,30,0,5.0304872436187225
rn8_eta0.2,8.0,0.2,F10,30,1,13.02080231545176
rn8_eta0.2,8.0,0.2,F10,30,2,3.2245378387353867
rn8_eta0.2,8.0,0.2,F10,30,3,4.97698707118559
rn8_eta0.2,8.0,0.2,F10,30,4,11.131438766526571
rn8_eta0.2,8.0,0.2,F10,30,5,8.861196627537538
rn8_eta0.2,8.0,0.2,F10,30,6,6.383856482360784
rn8_eta0.2,8.0,0.2,F10,30,7,6.269268498855467
rn8_eta0.2,8.0,0.2,F10,30,8,11.327342193277673
rn8_eta0.2,8.0,0.2,F10,30,9,1.989972957508371
rn8_eta0.2,8.0,0.2,F11,10,0,0.2081429846455194
rn8_eta0.2,8.0,0.2,F11,10,1,0.2081429846455194
rn8_eta0.2,8.0,0.2,F11,10,2,0.0
rn8_eta0.2,8.0,0.2,F11,10,3,217.3478123752184
rn8_eta0.2,8.0,0.2,F11,10,4,0.2081429846455194
rn8_eta0.2,8.0,0.2,F11,10,5,0.0
rn8_eta0.2,8.0,0.2,F11,10,6,217.3478123752184
rn8_eta0.2,8.0,0.2,F11,10,7,0.2081429846455194
rn8_eta0.2,8.0,0.2,F11,10,8,217.3478123752184
rn8_eta0.2,8.0,0.2,F11,10,9,0.0
rn8_eta0.2,8.0,0.2,F11,30,0,0.0
rn8_eta0.2,8.0,0.2,F11,30,1,0.0
rn8_eta0.2,8.0,0.2,F11,30,2,0.0
rn8_eta0.2,8.0,0.2,F11,30,3,0.0
rn8_eta0.2,8.0,0.2,F11,30,4,0.0
rn8_eta0.2,8.0,0.2,F11,30,5,0.0693932123849663
rn8_eta0.2,8.0,0.2,F11,30,6,0.0693932123849663
rn8_eta0.2,8.0,0.2,F11,30,7,0.0
rn8_eta0.2,8.0,0.2,F11,30,8,0.0
rn8_eta0.2,8.0,0.2,F11,30,9,0.0
rn8_eta0.2,8.0,0.2,F15,10,0,1.6931389102942376
rn8_eta0.2,8.0,0.2,F15,10,1,0.5044549944404935
rn8_eta0.2,8.0,0.2,F15,10,2,0.6412398964175736
rn8_eta0.2,8.0,0.2,F15,10,3,1.383495768489183
rn8_eta0.2,8.0,0.2,F15,10,4,233.62108882079656
rn8_eta0.2,8.0,0.2,F15,10,5,435.00632336439
rn8_eta0.2,8.0,0.2,F15,10,6,1.7062190378437665
rn8_eta0.2,8.0,0.2,F15,10,7,0.2412260159469497
rn8_eta0.2,8.0,0.2,F15,10,8,0.6590214078014469
rn8_eta0.2,8.0,0.2,F15,10,9,434.6160848443524
rn8_eta0.2,8.0,0.2,F15,30,0,3.5535837892964537
rn8_eta0.2,8.0,0.2,F15,30,1,3.0114579916696584
rn8_eta0.2,8.0,0.2,F15,30,2,6.656811535864108
rn8_eta0.2,8.0,0.2,F15,30,3,220.21182664359776
rn8_eta0.2,8.0,0.2,F15,30,4,3.489617662709179
rn8_eta0.2,8.0,0.2,F15,30,5,3.324037820939566
rn8_eta0.2,8.0,0.2,F15,30,6,3.5184569835234925
rn8_eta0.2,8.0,0.2,F15,30,7,3.188925375553936
rn8_eta0.2,8.0,0.2,F15,30,8,3.365220986710256
rn8_eta0.2,8.0,0.2,F15,30,9,2.6664074266764146
rn8_eta0.4,8.0,0.4,F1,10,0,0.0
rn8_eta0.4,8.0,0.4,F1,10,1,0.0
rn8_eta0.4,8.0,0.4,F1,10,2,0.0
rn8_eta0.4,8.0,0.4,F1,10,3,0.0
rn8_eta0.4,8.0,0.4,F1,10,4,0.0
rn8_eta0.4,8.0,0.4,F1,10,5,0.0
rn8_eta0.4,8.0,0.4,F1,10,6,0.0
rn8_eta0.4,8.0,0.4,F1,10,7,0.0
rn8_eta0.4,8.0,0.4,F1,10,8,0.0
rn8_eta0.4,8.0,0.4,F1,10,9,0.0
rn8_eta0.4,8.0,0.4,F1,30,0,0.0
rn8_eta0.4,8.0,0.4,F1,30,1,0.0
rn8_eta0.4,8.0,0.4,F1,30,2,0.0
rn8_eta0.4,8.0,0.4,F1,30,3,0.0
rn8_eta0.4,8.0,0.4,F1,30,4,0.0
rn8_eta0.4,8.0,0.4,F1,30,5,0.0
rn8_eta0.4,8.0,0.4,F1,30,6,0.0
rn8_eta0.4,8.0,0.4,F1,30,7,0.0
rn8_eta0.4,8.0,0.4,F1,30,8,0.0
rn8_eta0.4,8.0,0.4,F1,30,9,0.0
rn8_eta0.4,8.0,0.4,F3,10,0,3.986579112347158
rn8_eta0.4,8.0,0.4,F3,10,1,3.986579112347158
rn8_eta0.4,8.0,0.4,F3,10,2,3.986579112347158
rn8_eta0.4,8.0,0.4,F3,10,3,3.986579112347158
rn8_eta0.4,8.0,0.4,F3,10,4,0.0
rn8_eta0.4,8.0,0.4,F3,10,5,3.986579112347158
rn8_eta0.4,8.0,0.4,F3,10,6,0.0
rn8_eta0.4,8.0,0.4,F3,10,7,3.986579112347158
rn8_eta0.4,8.0,0.4,F3,10,8,0.0
rn8_eta0.4,8.0,0.4,F3,10,9,3.986579112347158
rn8_eta0.4,8.0,0.4,F3,30,0,31.810711664704968
rn8_eta0.4,8.0,0.4,F3,30,1,31.810711664704968
rn8_eta0.4,8.0,0.4,F3,30,2,31.810711664704968
rn8_eta0.4,8.0,0.4,F3,30,3,31.810711664704968
rn8_eta0.4,8.0,0.4,F3,30,4,31.810711664704968
rn8_eta0.4,8.0,0.4,F3,30,5,31.810711664704968
rn8_eta0.4,8.0,0.4,F3,30,6,31.810711664704968
rn8_eta0.4,8.0,0.4,F3,30,7,31.810711664704968
rn8_eta0.4,8.0,0.4,F3,30,8,31.810711664704968
rn8_eta0.4,8.0,0.4,F3,30,9,31.810711664704968
rn8_eta0.4,8.0,0.4,F4,10,0,0.9949590570932968
rn8_eta0.4,8.0,0.4,F4,10,1,1.9899181141865936
rn8_eta0.4,8.0,0.4,F4,10,2,3.979836228373188
rn8_eta0.4,8.0,0.4,F4,10,3,2.9848771712798907
rn8_eta0.4,8.0,0.4,F4,10,4,1.9899211574149265
rn8_eta0.4,8.0,0.4,F4,10,5,0.9949590570932968
rn8_eta0.4,8.0,0.4,F4,10,6,3.979836274524871
rn8_eta0.4,8.0,0.4,F4,10,7,1.9899181141865936
rn8_eta0.4,8.0,0.4,F4,10,8,1.9899181141865936
rn8_eta0.4,8.0,0.4,F4,10,9,1.9899181141865936
rn8_eta0.4,8.0,0.4,F4,30,0,5.969754342725196
rn8_eta0.4,8.0,0.4,F4,30,1,5.96975434287566
rn8_eta0.4,8.0,0.4,F4,30,2,5.969754353398628
rn8_eta0.4,8.0,0.4,F4,30,3,9.949590585513818
rn8_eta0.4,8.0,0.4,F4,30,4,10.954247301756652
rn8_eta0.4,8.0,0.4,F4,30,5,7.959674375009854
rn8_eta0.4,8.0,0.4,F4,30,6,7.959712691727304
rn8_eta0.4,8.0,0.4,F4,30,7,9.949590599275268
rn8_eta0.4,8.0,0.4,F4,30,8,8.954632461813219
rn8_eta0.4,8.0,0.4,F4,30,9,10.944549632488588
rn8_eta0.4,8.0,0.4,F5,10,0,0.0
rn8_eta0.4,8.0,0.4,F5,10,1,0.0
rn8_eta0.4,8.0,0.4,F5,10,2,0.0
rn8_eta0.4,8.0,0.4,F5,10,3,0.0
rn8_eta0.4,8.0,0.4,F5,10,4,0.0
rn8_eta0.4,8.0,0.4,F5,10,5,0.0
rn8_eta0.4,8.0,0.4,F5,10,6,0.0
rn8_eta0.4,8.0,0.4,F5,10,7,0.0
rn8_eta0.4,8.0,0.4,F5,10,8,0.0
rn8_eta0.4,8.0,0.4,F5,10,9,0.0
rn8_eta0.4,8.0,0.4,F5,30,0,0.0
rn8_eta0.4,8.0,0.4,F5,30,1,6.814263997512171e-08
rn8_eta0.4,8.0,0.4,F5,30,2,0.0
rn8_eta0.4,8.0,0.4,F5,30,3,0.0
rn8_eta0.4,8.0,0.4,F5,30,4,0.0
rn8_eta0.4,8.0,0.4,F5,30,5,0.0
rn8_eta0.4,8.0,0.4,F5,30,6,1.8722062122833453e-08
rn8_eta0.4,8.0,0.4,F5,30,7,0.0
rn8_eta0.4,8.0,0.4,F5,30,8,0.0
rn8_eta0.4,8.0,0.4,F5,30,9,0.0
rn8_eta0.4,8.0,0.4,F6,10,0,14.06920521667712
rn8_eta0.4,8.0,0.4,F6,10,1,11.85684300018454
rn8_eta0.4,8.0,0.4,F6,10,2,12.635065982637116
rn8_eta0.4,8.0,0.4,F6,10,3,11.529121766745789
rn8_eta0.4,8.0,0.4,F6,10,4,13.57714958286681
rn8_eta0.4,8.0,0.4,F6,10,5,13.904911216703908
rn8_eta0.4,8.0,0.4,F6,10,6,14.396452445813338
rn8_eta0.4,8.0,0.4,F6,10,7,11.20140053542218
rn8_eta0.4,8.0,0.4,F6,10,8,13.12664782962247
rn8_eta0.4,8.0,0.4,F6,10,9,12.635310489526203
rn8_eta0.4,8.0,0.4,F6,30,0,38.28604195370178
rn8_eta0.4,8.0,0.4,F6,30,1,38.28604194069226
rn8_eta0.4,8.0,0.4,F6,30,2,39.94248298778496
rn8_eta0.4,8.0,0.4,F6,30,3,37.396063618058406
rn8_eta0.4,8.0,0.4,F6,30,4,40.87373776371771
rn8_eta0.4,8.0,0.4,F6,30,5,43.29653423059358
rn8_eta0.4,8.0,0.4,F6,30,6,39.1664869991572
rn8_eta0.4,8.0,0.4,F6,30,7,39.94248280839315
rn8_eta0.4,8.0,0.4,F6,30,8,42.44774740533149
rn8_eta0.4,8.0,0.4,F6,30,9,39.13487407849789
rn8_eta0.4,8.0,0.4,F7,10,0,4.0
rn8_eta0.4,8.0,0.4,F7,10,1,8.0
rn8_eta0.4,8.0,0.4,F7,10,2,8.000003673957394
rn8_eta0.4,8.0,0.4,F7,10,3,8.0
rn8_eta0.4,8.0,0.4,F7,10,4,6.0
rn8_eta0.4,8.0,0.4,F7,10,5,8.000034155602862
rn8_eta0.4,8.0,0.4,F7,10,6,2.0000014291475736
rn8_eta0.4,8.0,0.4,F7,10,7,8.00002778691453
rn8_eta0.4,8.0,0.4,F7,10,8,6.000000127826979
rn8_eta0.4,8.0,0.4,F7,10,9,8.000000657770215
rn8_eta0.4,8.0,0.4,F7,30,0,24.000073660516136
rn8_eta0.4,8.0,0.4,F7,30,1,36.00039947665891
rn8_eta0.4,8.0,0.4,F7,30,2,22.00000258611749
rn8_eta0.4,8.0,0.4,F7,30,3,32.000000000000114
rn8_eta0.4,8.0,0.4,F7,30,4,34.00001564468482
rn8_eta0.4,8.0,0.4,F7,30,5,40.00055409825461
rn8_eta0.4,8.0,0.4,F7,30,6,44.00000000485136
rn8_eta0.4,8.0,0.4,F7,30,7,40.00005414054192
rn8_eta0.4,8.0,0.4,F7,30,8,32.00324546289153
rn8_eta0.4,8.0,0.4,F7,30,9,26.00018093123151
rn8_eta0.4,8.0,0.4,F9,10,0,3.68095908732812
rn8_eta0.4,8.0,0.4,F9,10,1,28.548850134568056
rn8_eta0.4,8.0,0.4,F9,10,2,3.5548663143508747
rn8_eta0.4,8.0,0.4,F9,10,3,10.307430701060184
rn8_eta0.4,8.0,0.4,F9,10,4,10.18242762203772
rn8_eta0.4,8.0,0.4,F9,10,5,3.664778451847269
rn8_eta0.4,8.0,0.4,F9,10,6,6.959133232956447
rn8_eta0.4,8.0,0.4,F9,10,7,130.19504100349832
rn8_eta0.4,8.0,0.4,F9,10,8,3.7482755692126375
rn8_eta0.4,8.0,0.4,F9,10,9,18.53453767256724
rn8_eta0.4,8.0,0.4,F9,30,0,1235.7680639808004
rn8_eta0.4,8.0,0.4,F9,30,1,1141.171938218631
rn8_eta0.4,8.0,0.4,F9,30,2,1165.475139218206
rn8_eta0.4,8.0,0.4,F9,30,3,1049.7939993589316
rn8_eta0.4,8.0,0.4,F9,30,4,892.4773945823672
rn8_eta0.4,8.0,0.4,F9,30,5,966.5616832770502
rn8_eta0.4,8.0,0.4,F9,30,6,922.630833454912
rn8_eta0.4,8.0,0.4,F9,30,7,1102.172615892603
rn8_eta0.4,8.0,0.4,F9,30,8,589.225493985683
rn8_eta0.4,8.0,0.4,F9,30,9,804.4599545654928
rn8_eta0.4,8.0,0.4,F10,10,0,3.701428610430071
rn8_eta0.4,8.0,0.4,F10,10,1,0.0
rn8_eta0.4,8.0,0.4,F10,10,2,3.701428610430071
rn8_eta0.4,8.0,0.4,F10,10,3,0.0
rn8_eta0.4,8.0,0.4,F10,10,4,0.0
rn8_eta0.4,8.0,0.4,F10,10,5,0.0
rn8_eta0.4,8.0,0.4,F10,10,6,0.0
rn8_eta0.4,8.0,0.4,F10,10,7,0.0
rn8_eta0.4,8.0,0.4,F10,10,8,0.0
rn8_eta0.4,8.0,0.4,F10,10,9,0.0
rn8_eta0.4,8.0,0.4,F10,30,0,12.46680830559717
rn8_eta0.4,8.0,0.4,F10,30,1,2.0100924366843174
rn8_eta0.4,8.0,0.4,F10,30,2,1.5348063224543012
rn8_eta0.4,8.0,0.4,F10,30,3,11.035409037457612
rn8_eta0.4,8.0,0.4,F10,30,4,13.999476533168604
rn8_eta0.4,8.0,0.4,F10,30,5,2.877752947926524
rn8_eta0.4,8.0,0.4,F10,30,6,10.610325588198862
rn8_eta0.4,8.0,0.4,F10,30,7,11.262512711207137
rn8_eta0.4,8.0,0.4,F10,30,8,4.169689944155152
rn8_eta0.4,8.0,0.4,F10,30,9,12.698273170365042
rn8_eta0.4,8.0,0.4,F11,10,0,0.2081429846455194
rn8_eta0.4,8.0,0.4,F11,10,1,0.2081429846455194
rn8_eta0.4,8.0,0.4,F11,10,2,217.1396693905731
rn8_eta0.4,8.0,0.4,F11,10,3,275.9318487675428
rn8_eta0.4,8.0,0.4,F11,10,4,0.2081429846455194
rn8_eta0.4,8.0,0.4,F11,10,5,217.1396693905731
rn8_eta0.4,8.0,0.4,F11,10,6,0.2081429846455194
rn8_eta0.4,8.0,0.4,F11,10,7,0.2081429846455194
rn8_eta0.4,8.0,0.4,F11,10,8,217.3478123752184
rn8_eta0.4,8.0,0.4,F11,10,9,0.0
rn8_eta0.4,8.0,0.4,F11,30,0,71.10935415724475
rn8_eta0.4,8.0,0.4,F11,30,1,0.0
rn8_eta0.4,8.0,0.4,F11,30,2,0.0
rn8_eta0.4,8.0,0.4,F11,30,3,0.0
rn8_eta0.4,8.0,0.4,F11,30,4,0.0
rn8_eta0.4,8.0,0.4,F11,30,5,30.510836666057457
rn8_eta0.4,8.0,0.4,F11,30,6,0.0693932123849663
rn8_eta0.4,8.0,0.4,F11,30,7,0.0
rn8_eta0.4,8.0,0.4,F11,30,8,0.0693932123849663
rn8_eta0.4,8.0,0.4,F11,30,9,0.0
rn8_eta0.4,8.0,0.4,F15,10,0,434.553631031589
rn8_eta0.4,8.0,0.4,F15,10,1,0.5508326128835961
rn8_eta0.4,8.0,0.4,F15,10,2,435.4421064623839
rn8_eta0.4,8.0,0.4,F15,10,3,435.5593893308883
rn8_eta0.4,8.0,0.4,F15,10,4,434.9689753821349
rn8_eta0.4,8.0,0.4,F15,10,5,233.05790114210367
rn8_eta0.4,8.0,0.4,F15,10,6,1.483005894595408
rn8_eta0.4,8.0,0.4,F15,10,7,0.7261908368109289
rn8_eta0.4,8.0,0.4,F15,10,8,1.2471352685647616
rn8_eta0.4,8.0,0.4,F15,10,9,0.904465956346712
rn8_eta0.4,8.0,0.4,F15,30,0,222.57565887700756
rn8_eta0.4,8.0,0.4,F15,30,1,3.519554256018182
rn8_eta0.4,8.0,0.4,F15,30,2,220.2428647881818
rn8_eta0.4,8.0,0.4,F15,30,3,3.562145638617949
rn8_eta0.4,8.0,0.4,F15,30,4,220.66151268732236
rn8_eta0.4,8.0,0.4,F15,30,5,3.119322048127515
rn8_eta0.4,8.0,0.4,F15,30,6,3.574950985301257
rn8_eta0.4,8.0,0.4,F15,30,7,220.80480879612173
rn8_eta0.4,8.0,0.4,F15,30,8,3.248740123147627
rn8_eta0.4,8.0,0.4,F15,30,9,3.4040209483594026
