Algorithm,Function,Dimension,Run,Best
ACE-SHADE,F1,10,0,0.0
ACE-SHADE,F1,10,1,0.0
ACE-SHADE,F1,10,2,0.0
ACE-SHADE,F1,10,3,0.0
ACE-SHADE,F1,10,4,0.0
ACE-SHADE,F1,10,5,0.0
ACE-SHADE,F1,10,6,0.0
ACE-SHADE,F1,10,7,0.0
ACE-SHADE,F1,10,8,0.0
ACE-SHADE,F1,10,9,0.0
ACE-SHADE,F1,10,10,0.0
ACE-SHADE,F1,10,11,0.0
ACE-SHADE,F1,10,12,0.0
ACE-SHADE,F1,10,13,0.0
ACE-SHADE,F1,10,14,0.0
ACE-SHADE,F1,10,15,0.0
ACE-SHADE,F1,10,16,0.0
ACE-SHADE,F1,10,17,0.0
ACE-SHADE,F1,10,18,0.0
ACE-SHADE,F1,10,19,0.0
ACE-SHADE,F1,10,20,0.0
ACE-SHADE,F1,10,21,0.0
ACE-SHADE,F1,10,22,0.0
ACE-SHADE,F1,10,23,0.0
ACE-SHADE,F1,10,24,0.0
ACE-SHADE,F1,10,25,0.0
ACE-SHADE,F1,10,26,0.0
ACE-SHADE,F1,10,27,0.0
ACE-SHADE,F1,10,28,0.0
ACE-SHADE,F1,10,29,0.0
NL-SHADE-RSP,F1,10,0,0.0
NL-SHADE-RSP,F1,10,1,0.0
NL-SHADE-RSP,F1,10,2,0.0
NL-SHADE-RSP,F1,10,3,0.0
NL-SHADE-RSP,F1,10,4,0.0
NL-SHADE-RSP,F1,10,5,0.0
NL-SHADE-RSP,F1,10,6,0.0
NL-SHADE-RSP,F1,10,7,0.0
NL-SHADE-RSP,F1,10,8,0.0
NL-SHADE-RSP,F1,10,9,0.0
NL-SHADE-RSP,F1,10,10,0.0
NL-SHADE-RSP,F1,10,11,0.0
NL-SHADE-RSP,F1,10,12,0.0
NL-SHADE-RSP,F1,10,13,0.0
NL-SHADE-RSP,F1,10,14,0.0
NL-SHADE-RSP,F1,10,15,0.0
NL-SHADE-RSP,F1,10,16,0.0
NL-SHADE-RSP,F1,10,17,0.0
NL-SHADE-RSP,F1,10,18,0.0
NL-SHADE-RSP,F1,10,19,0.0
NL-SHADE-RSP,F1,10,20,0.0
NL-SHADE-RSP,F1,10,21,0.0
NL-SHADE-RSP,F1,10,22,0.0
NL-SHADE-RSP,F1,10,23,0.0
NL-SHADE-RSP,F1,10,24,0.0
NL-SHADE-RSP,F1,10,25,0.0
NL-SHADE-RSP,F1,10,26,0.0
NL-SHADE-RSP,F1,10,27,0.0
NL-SHADE-RSP,F1,10,28,0.0
NL-SHADE-RSP,F1,10,29,0.0
LSHADE-SPACMA,F1,10,0,0.0
LSHADE-SPACMA,F1,10,1,0.0
LSHADE-SPACMA,F1,10,2,0.0
LSHADE-SPACMA,F1,10,3,0.0
LSHADE-SPACMA,F1,10,4,0.0
LSHADE-SPACMA,F1,10,5,0.0
LSHADE-SPACMA,F1,10,6,0.0
LSHADE-SPACMA,F1,10,7,0.0
LSHADE-SPACMA,F1,10,8,0.0
LSHADE-SPACMA,F1,10,9,0.0
LSHADE-SPACMA,F1,10,10,0.0
LSHADE-SPACMA,F1,10,11,0.0
LSHADE-SPACMA,F1,10,12,0.0
LSHADE-SPACMA,F1,10,13,0.0
LSHADE-SPACMA,F1,10,14,0.0
LSHADE-SPACMA,F1,10,15,0.0
LSHADE-SPACMA,F1,10,16,0.0
LSHADE-SPACMA,F1,10,17,0.0
LSHADE-SPACMA,F1,10,18,0.0
LSHADE-SPACMA,F1,10,19,0.0
LSHADE-SPACMA,F1,10,20,0.0
LSHADE-SPACMA,F1,10,21,0.0
LSHADE-SPACMA,F1,10,22,0.0
LSHADE-SPACMA,F1,10,23,0.0
LSHADE-SPACMA,F1,10,24,0.0
LSHADE-SPACMA,F1,10,25,0.0
LSHADE-SPACMA,F1,10,26,0.0
LSHADE-SPACMA,F1,10,27,0.0
LSHADE-SPACMA,F1,10,28,0.0
LSHADE-SPACMA,F1,10,29,0.0
LSHADE-cnEpSin,F1,10,0,0.0
LSHADE-cnEpSin,F1,10,1,0.0
LSHADE-cnEpSin,F1,10,2,0.0
LSHADE-cnEpSin,F1,10,3,0.0
LSHADE-cnEpSin,F1,10,4,0.0
LSHADE-cnEpSin,F1,10,5,0.0
LSHADE-cnEpSin,F1,10,6,0.0
LSHADE-cnEpSin,F1,10,7,0.0
LSHADE-cnEpSin,F1,10,8,0.0
LSHADE-cnEpSin,F1,10,9,0.0
LSHADE-cnEpSin,F1,10,10,0.0
LSHADE-cnEpSin,F1,10,11,0.0
LSHADE-cnEpSin,F1,10,12,0.0
LSHADE-cnEpSin,F1,10,13,0.0
LSHADE-cnEpSin,F1,10,14,0.0
LSHADE-cnEpSin,F1,10,15,0.0
LSHADE-cnEpSin,F1,10,16,0.0
LSHADE-cnEpSin,F1,10,17,0.0
LSHADE-cnEpSin,F1,10,18,0.0
LSHADE-cnEpSin,F1,10,19,0.0
LSHADE-cnEpSin,F1,10,20,0.0
LSHADE-cnEpSin,F1,10,21,0.0
LSHADE-cnEpSin,F1,10,22,0.0
LSHADE-cnEpSin,F1,10,23,0.0
LSHADE-cnEpSin,F1,10,24,0.0
LSHADE-cnEpSin,F1,10,25,0.0
LSHADE-cnEpSin,F1,10,26,0.0
LSHADE-cnEpSin,F1,10,27,0.0
LSHADE-cnEpSin,F1,10,28,0.0
LSHADE-cnEpSin,F1,10,29,0.0
LSHADE-RSP,F1,10,0,0.0
LSHADE-RSP,F1,10,1,0.0
LSHADE-RSP,F1,10,2,0.0
LSHADE-RSP,F1,10,3,0.0
LSHADE-RSP,F1,10,4,0.0
LSHADE-RSP,F1,10,5,0.0
LSHADE-RSP,F1,10,6,0.0
LSHADE-RSP,F1,10,7,0.0
LSHADE-RSP,F1,10,8,0.0
LSHADE-RSP,F1,10,9,0.0
LSHADE-RSP,F1,10,10,0.0
LSHADE-RSP,F1,10,11,0.0
LSHADE-RSP,F1,10,12,0.0
LSHADE-RSP,F1,10,13,0.0
LSHADE-RSP,F1,10,14,0.0
LSHADE-RSP,F1,10,15,0.0
LSHADE-RSP,F1,10,16,0.0
LSHADE-RSP,F1,10,17,0.0
LSHADE-RSP,F1,10,18,0.0
LSHADE-RSP,F1,10,19,0.0
LSHADE-RSP,F1,10,20,0.0
LSHADE-RSP,F1,10,21,0.0
LSHADE-RSP,F1,10,22,0.0
LSHADE-RSP,F1,10,23,0.0
LSHADE-RSP,F1,10,24,0.0
LSHADE-RSP,F1,10,25,0.0
LSHADE-RSP,F1,10,26,0.0
LSHADE-RSP,F1,10,27,0.0
LSHADE-RSP,F1,10,28,0.0
LSHADE-RSP,F1,10,29,0.0
jSO,F1,10,0,0.0
jSO,F1,10,1,0.0
jSO,F1,10,2,0.0
jSO,F1,10,3,0.0
jSO,F1,10,4,0.0
jSO,F1,10,5,0.0
jSO,F1,10,6,0.0
jSO,F1,10,7,0.0
jSO,F1,10,8,0.0
jSO,F1,10,9,0.0
jSO,F1,10,10,0.0
jSO,F1,10,11,0.0
jSO,F1,10,12,0.0
jSO,F1,10,13,0.0
jSO,F1,10,14,0.0
jSO,F1,10,15,0.0
jSO,F1,10,16,0.0
jSO,F1,10,17,0.0
jSO,F1,10,18,0.0
jSO,F1,10,19,0.0
jSO,F1,10,20,0.0
jSO,F1,10,21,0.0
jSO,F1,10,22,0.0
jSO,F1,10,23,0.0
jSO,F1,10,24,0.0
jSO,F1,10,25,0.0
jSO,F1,10,26,0.0
jSO,F1,10,27,0.0
jSO,F1,10,28,0.0
jSO,F1,10,29,0.0
L-SHADE,F1,10,0,0.0
L-SHADE,F1,10,1,0.0
L-SHADE,F1,10,2,0.0
L-SHADE,F1,10,3,0.0
L-SHADE,F1,10,4,0.0
L-SHADE,F1,10,5,0.0
L-SHADE,F1,10,6,0.0
L-SHADE,F1,10,7,0.0
L-SHADE,F1,10,8,0.0
L-SHADE,F1,10,9,0.0
L-SHADE,F1,10,10,0.0
L-SHADE,F1,10,11,0.0
L-SHADE,F1,10,12,0.0
L-SHADE,F1,10,13,0.0
L-SHADE,F1,10,14,0.0
L-SHADE,F1,10,15,0.0
L-SHADE,F1,10,16,0.0
L-SHADE,F1,10,17,0.0
L-SHADE,F1,10,18,0.0
L-SHADE,F1,10,19,0.0
L-SHADE,F1,10,20,0.0
L-SHADE,F1,10,21,0.0
L-SHADE,F1,10,22,0.0
L-SHADE,F1,10,23,0.0
L-SHADE,F1,10,24,0.0
L-SHADE,F1,10,25,0.0
L-SHADE,F1,10,26,0.0
L-SHADE,F1,10,27,0.0
L-SHADE,F1,10,28,0.0
L-SHADE,F1,10,29,0.0
CMA-ES,F1,10,0,0.0
CMA-ES,F1,10,1,0.0
CMA-ES,F1,10,2,0.0
CMA-ES,F1,10,3,0.0
CMA-ES,F1,10,4,0.0
CMA-ES,F1,10,5,0.0
CMA-ES,F1,10,6,0.0
CMA-ES,F1,10,7,0.0
CMA-ES,F1,10,8,0.0
CMA-ES,F1,10,9,0.0
CMA-ES,F1,10,10,0.0
CMA-ES,F1,10,11,0.0
CMA-ES,F1,10,12,0.0
CMA-ES,F1,10,13,0.0
CMA-ES,F1,10,14,0.0
CMA-ES,F1,10,15,0.0
CMA-ES,F1,10,16,0.0
CMA-ES,F1,10,17,0.0
CMA-ES,F1,10,18,0.0
CMA-ES,F1,10,19,0.0
CMA-ES,F1,10,20,0.0
CMA-ES,F1,10,21,0.0
CMA-ES,F1,10,22,0.0
CMA-ES,F1,10,23,0.0
CMA-ES,F1,10,24,0.0
CMA-ES,F1,10,25,0.0
CMA-ES,F1,10,26,0.0
CMA-ES,F1,10,27,0.0
CMA-ES,F1,10,28,0.0
CMA-ES,F1,10,29,0.0
ACE-SHADE,F1,20,0,0.0
ACE-SHADE,F1,20,1,0.0
ACE-SHADE,F1,20,2,0.0
ACE-SHADE,F1,20,3,0.0
ACE-SHADE,F1,20,4,0.0
ACE-SHADE,F1,20,5,0.0
ACE-SHADE,F1,20,6,0.0
ACE-SHADE,F1,20,7,0.0
ACE-SHADE,F1,20,8,0.0
ACE-SHADE,F1,20,9,0.0
ACE-SHADE,F1,20,10,0.0
ACE-SHADE,F1,20,11,0.0
ACE-SHADE,F1,20,12,0.0
ACE-SHADE,F1,20,13,0.0
ACE-SHADE,F1,20,14,0.0
ACE-SHADE,F1,20,15,0.0
ACE-SHADE,F1,20,16,0.0
ACE-SHADE,F1,20,17,0.0
ACE-SHADE,F1,20,18,0.0
ACE-SHADE,F1,20,19,0.0
ACE-SHADE,F1,20,20,0.0
ACE-SHADE,F1,20,21,0.0
ACE-SHADE,F1,20,22,0.0
ACE-SHADE,F1,20,23,0.0
ACE-SHADE,F1,20,24,0.0
ACE-SHADE,F1,20,25,0.0
ACE-SHADE,F1,20,26,0.0
ACE-SHADE,F1,20,27,0.0
ACE-SHADE,F1,20,28,0.0
ACE-SHADE,F1,20,29,0.0
CMA-ES,F1,20,0,5.684341886080803e-14
CMA-ES,F1,20,1,0.0
CMA-ES,F1,20,2,0.0
CMA-ES,F1,20,3,0.0
CMA-ES,F1,20,4,0.0
CMA-ES,F1,20,5,0.0
CMA-ES,F1,20,6,0.0
CMA-ES,F1,20,7,0.0
CMA-ES,F1,20,8,0.0
CMA-ES,F1,20,9,0.0
CMA-ES,F1,20,10,0.0
CMA-ES,F1,20,11,0.0
CMA-ES,F1,20,12,0.0
CMA-ES,F1,20,13,0.0
CMA-ES,F1,20,14,0.0
CMA-ES,F1,20,15,0.0
CMA-ES,F1,20,16,0.0
CMA-ES,F1,20,17,0.0
CMA-ES,F1,20,18,0.0
CMA-ES,F1,20,19,0.0
CMA-ES,F1,20,20,0.0
CMA-ES,F1,20,21,0.0
CMA-ES,F1,20,22,0.0
CMA-ES,F1,20,23,0.0
CMA-ES,F1,20,24,0.0
CMA-ES,F1,20,25,0.0
CMA-ES,F1,20,26,0.0
CMA-ES,F1,20,27,0.0
CMA-ES,F1,20,28,0.0
CMA-ES,F1,20,29,0.0
LSHADE-RSP,F1,20,0,0.0
LSHADE-RSP,F1,20,1,0.0
LSHADE-RSP,F1,20,2,0.0
LSHADE-RSP,F1,20,3,0.0
LSHADE-RSP,F1,20,4,0.0
LSHADE-RSP,F1,20,5,0.0
LSHADE-RSP,F1,20,6,0.0
LSHADE-RSP,F1,20,7,0.0
LSHADE-RSP,F1,20,8,0.0
LSHADE-RSP,F1,20,9,0.0
LSHADE-RSP,F1,20,10,0.0
LSHADE-RSP,F1,20,11,0.0
LSHADE-RSP,F1,20,12,0.0
LSHADE-RSP,F1,20,13,0.0
LSHADE-RSP,F1,20,14,0.0
LSHADE-RSP,F1,20,15,0.0
LSHADE-RSP,F1,20,16,0.0
LSHADE-RSP,F1,20,17,0.0
LSHADE-RSP,F1,20,18,0.0
LSHADE-RSP,F1,20,19,0.0
LSHADE-RSP,F1,20,20,0.0
LSHADE-RSP,F1,20,21,0.0
LSHADE-RSP,F1,20,22,0.0
LSHADE-RSP,F1,20,23,0.0
LSHADE-RSP,F1,20,24,0.0
LSHADE-RSP,F1,20,25,0.0
LSHADE-RSP,F1,20,26,0.0
LSHADE-RSP,F1,20,27,0.0
LSHADE-RSP,F1,20,28,0.0
LSHADE-RSP,F1,20,29,0.0
LSHADE-SPACMA,F1,20,0,0.0
LSHADE-SPACMA,F1,20,1,0.0
LSHADE-SPACMA,F1,20,2,0.0
LSHADE-SPACMA,F1,20,3,0.0
LSHADE-SPACMA,F1,20,4,0.0
LSHADE-SPACMA,F1,20,5,0.0
LSHADE-SPACMA,F1,20,6,0.0
LSHADE-SPACMA,F1,20,7,0.0
LSHADE-SPACMA,F1,20,8,0.0
LSHADE-SPACMA,F1,20,9,0.0
LSHADE-SPACMA,F1,20,10,0.0
LSHADE-SPACMA,F1,20,11,0.0
LSHADE-SPACMA,F1,20,12,0.0
LSHADE-SPACMA,F1,20,13,0.0
LSHADE-SPACMA,F1,20,14,0.0
LSHADE-SPACMA,F1,20,15,0.0
LSHADE-SPACMA,F1,20,16,0.0
LSHADE-SPACMA,F1,20,17,0.0
LSHADE-SPACMA,F1,20,18,0.0
LSHADE-SPACMA,F1,20,19,0.0
LSHADE-SPACMA,F1,20,20,0.0
LSHADE-SPACMA,F1,20,21,0.0
LSHADE-SPACMA,F1,20,22,0.0
LSHADE-SPACMA,F1,20,23,0.0
LSHADE-SPACMA,F1,20,24,0.0
LSHADE-SPACMA,F1,20,25,0.0
LSHADE-SPACMA,F1,20,26,0.0
LSHADE-SPACMA,F1,20,27,0.0
LSHADE-SPACMA,F1,20,28,0.0
LSHADE-SPACMA,F1,20,29,0.0
LSHADE-cnEpSin,F1,20,0,0.0
LSHADE-cnEpSin,F1,20,1,0.0
LSHADE-cnEpSin,F1,20,2,0.0
LSHADE-cnEpSin,F1,20,3,0.0
LSHADE-cnEpSin,F1,20,4,0.0
LSHADE-cnEpSin,F1,20,5,0.0
LSHADE-cnEpSin,F1,20,6,0.0
LSHADE-cnEpSin,F1,20,7,0.0
LSHADE-cnEpSin,F1,20,8,0.0
LSHADE-cnEpSin,F1,20,9,0.0
LSHADE-cnEpSin,F1,20,10,0.0
LSHADE-cnEpSin,F1,20,11,0.0
LSHADE-cnEpSin,F1,20,12,0.0
LSHADE-cnEpSin,F1,20,13,0.0
LSHADE-cnEpSin,F1,20,14,0.0
LSHADE-cnEpSin,F1,20,15,0.0
LSHADE-cnEpSin,F1,20,16,0.0
LSHADE-cnEpSin,F1,20,17,0.0
LSHADE-cnEpSin,F1,20,18,0.0
LSHADE-cnEpSin,F1,20,19,0.0
LSHADE-cnEpSin,F1,20,20,0.0
LSHADE-cnEpSin,F1,20,21,0.0
LSHADE-cnEpSin,F1,20,22,0.0
LSHADE-cnEpSin,F1,20,23,0.0
LSHADE-cnEpSin,F1,20,24,0.0
LSHADE-cnEpSin,F1,20,25,0.0
LSHADE-cnEpSin,F1,20,26,0.0
LSHADE-cnEpSin,F1,20,27,0.0
LSHADE-cnEpSin,F1,20,28,0.0
LSHADE-cnEpSin,F1,20,29,0.0
L-SHADE,F1,20,0,0.0
L-SHADE,F1,20,1,0.0
L-SHADE,F1,20,2,0.0
L-SHADE,F1,20,3,0.0
L-SHADE,F1,20,4,0.0
L-SHADE,F1,20,5,0.0
L-SHADE,F1,20,6,0.0
L-SHADE,F1,20,7,0.0
L-SHADE,F1,20,8,0.0
L-SHADE,F1,20,9,0.0
L-SHADE,F1,20,10,0.0
L-SHADE,F1,20,11,0.0
L-SHADE,F1,20,12,0.0
L-SHADE,F1,20,13,0.0
L-SHADE,F1,20,14,0.0
L-SHADE,F1,20,15,0.0
L-SHADE,F1,20,16,0.0
L-SHADE,F1,20,17,0.0
L-SHADE,F1,20,18,0.0
L-SHADE,F1,20,19,0.0
L-SHADE,F1,20,20,0.0
L-SHADE,F1,20,21,0.0
L-SHADE,F1,20,22,0.0
L-SHADE,F1,20,23,0.0
L-SHADE,F1,20,24,0.0
L-SHADE,F1,20,25,0.0
L-SHADE,F1,20,26,0.0
L-SHADE,F1,20,27,0.0
L-SHADE,F1,20,28,0.0
L-SHADE,F1,20,29,0.0
NL-SHADE-RSP,F1,20,0,0.0
NL-SHADE-RSP,F1,20,1,0.0
NL-SHADE-RSP,F1,20,2,0.0
NL-SHADE-RSP,F1,20,3,0.0
NL-SHADE-RSP,F1,20,4,0.0
NL-SHADE-RSP,F1,20,5,0.0
NL-SHADE-RSP,F1,20,6,0.0
NL-SHADE-RSP,F1,20,7,0.0
NL-SHADE-RSP,F1,20,8,0.0
NL-SHADE-RSP,F1,20,9,0.0
NL-SHADE-RSP,F1,20,10,0.0
NL-SHADE-RSP,F1,20,11,0.0
NL-SHADE-RSP,F1,20,12,0.0
NL-SHADE-RSP,F1,20,13,0.0
NL-SHADE-RSP,F1,20,14,0.0
NL-SHADE-RSP,F1,20,15,0.0
NL-SHADE-RSP,F1,20,16,0.0
NL-SHADE-RSP,F1,20,17,0.0
NL-SHADE-RSP,F1,20,18,0.0
NL-SHADE-RSP,F1,20,19,0.0
NL-SHADE-RSP,F1,20,20,0.0
NL-SHADE-RSP,F1,20,21,0.0
NL-SHADE-RSP,F1,20,22,0.0
NL-SHADE-RSP,F1,20,23,0.0
NL-SHADE-RSP,F1,20,24,0.0
NL-SHADE-RSP,F1,20,25,0.0
NL-SHADE-RSP,F1,20,26,0.0
NL-SHADE-RSP,F1,20,27,0.0
NL-SHADE-RSP,F1,20,28,0.0
NL-SHADE-RSP,F1,20,29,0.0
jSO,F1,20,0,0.0
jSO,F1,20,1,0.0
jSO,F1,20,2,0.0
jSO,F1,20,3,0.0
jSO,F1,20,4,0.0
jSO,F1,20,5,0.0
jSO,F1,20,6,0.0
jSO,F1,20,7,0.0
jSO,F1,20,8,0.0
jSO,F1,20,9,0.0
jSO,F1,20,10,0.0
jSO,F1,20,11,0.0
jSO,F1,20,12,0.0
jSO,F1,20,13,0.0
jSO,F1,20,14,0.0
jSO,F1,20,15,0.0
jSO,F1,20,16,0.0
jSO,F1,20,17,0.0
jSO,F1,20,18,0.0
jSO,F1,20,19,0.0
jSO,F1,20,20,0.0
jSO,F1,20,21,0.0
jSO,F1,20,22,0.0
jSO,F1,20,23,0.0
jSO,F1,20,24,0.0
jSO,F1,20,25,0.0
jSO,F1,20,26,0.0
jSO,F1,20,27,0.0
jSO,F1,20,28,0.0
jSO,F1,20,29,0.0
ACE-SHADE,F10,10,0,223.45837526833748
ACE-SHADE,F10,10,1,223.45837526833748
ACE-SHADE,F10,10,2,222.7127553432597
ACE-SHADE,F10,10,3,220.87264974897928
ACE-SHADE,F10,10,4,227.25594913758505
ACE-SHADE,F10,10,5,222.15165065229576
ACE-SHADE,F10,10,6,223.73323643040655
ACE-SHADE,F10,10,7,221.12205728252368
ACE-SHADE,F10,10,8,222.15165065229576
ACE-SHADE,F10,10,9,222.15165065229576
ACE-SHADE,F10,10,10,222.47387661441644
ACE-SHADE,F10,10,11,222.4646216993383
ACE-SHADE,F10,10,12,223.0003674186705
ACE-SHADE,F10,10,13,221.12205728252368
ACE-SHADE,F10,10,14,220.87264974897928
ACE-SHADE,F10,10,15,222.15165065229576
ACE-SHADE,F10,10,16,222.0625618695367
ACE-SHADE,F10,10,17,222.17440007749428
ACE-SHADE,F10,10,18,223.227106655876
ACE-SHADE,F10,10,19,222.47387661441644
ACE-SHADE,F10,10,20,223.14918568303935
ACE-SHADE,F10,10,21,223.73323643040655
ACE-SHADE,F10,10,22,222.15165065229576
ACE-SHADE,F10,10,23,223.45837526833748
ACE-SHADE,F10,10,24,316.80926212000213
ACE-SHADE,F10,10,25,221.12205728252368
ACE-SHADE,F10,10,26,223.45837526833748
ACE-SHADE,F10,10,27,222.17440007749428
ACE-SHADE,F10,10,28,220.54908100223383
ACE-SHADE,F10,10,29,223.45837526833748
NL-SHADE-RSP,F10,10,0,220.87264974897928
NL-SHADE-RSP,F10,10,1,220.8726497489797
NL-SHADE-RSP,F10,10,2,220.87264974897928
NL-SHADE-RSP,F10,10,3,220.87264974897928
NL-SHADE-RSP,F10,10,4,220.8726497489797
NL-SHADE-RSP,F10,10,5,220.87264974897928
NL-SHADE-RSP,F10,10,6,220.8726497489797
NL-SHADE-RSP,F10,10,7,220.87264974897928
NL-SHADE-RSP,F10,10,8,220.8726497489797
NL-SHADE-RSP,F10,10,9,220.87264974897928
NL-SHADE-RSP,F10,10,10,220.8726497489797
NL-SHADE-RSP,F10,10,11,220.8726497489797
NL-SHADE-RSP,F10,10,12,220.87264974897928
NL-SHADE-RSP,F10,10,13,220.8726497489797
NL-SHADE-RSP,F10,10,14,220.8726497489797
NL-SHADE-RSP,F10,10,15,220.87264974897928
NL-SHADE-RSP,F10,10,16,220.87264974897928
NL-SHADE-RSP,F10,10,17,220.87264974897928
NL-SHADE-RSP,F10,10,18,220.87264974897928
NL-SHADE-RSP,F10,10,19,220.87264974897928
NL-SHADE-RSP,F10,10,20,220.87264974897928
NL-SHADE-RSP,F10,10,21,220.87264974897928
NL-SHADE-RSP,F10,10,22,220.8726497489797
NL-SHADE-RSP,F10,10,23,220.8726497489797
NL-SHADE-RSP,F10,10,24,220.87264974897928
NL-SHADE-RSP,F10,10,25,220.8726497489797
NL-SHADE-RSP,F10,10,26,220.87264974897928
NL-SHADE-RSP,F10,10,27,220.87264974897928
NL-SHADE-RSP,F10,10,28,220.8726497489797
NL-SHADE-RSP,F10,10,29,220.87264974897928
LSHADE-SPACMA,F10,10,0,222.15165065229576
LSHADE-SPACMA,F10,10,1,222.17440007749428
LSHADE-SPACMA,F10,10,2,222.47387661441644
LSHADE-SPACMA,F10,10,3,222.17440007749428
LSHADE-SPACMA,F10,10,4,222.47387661441644
LSHADE-SPACMA,F10,10,5,223.45837526833748
LSHADE-SPACMA,F10,10,6,222.17440007749428
LSHADE-SPACMA,F10,10,7,222.15165065229576
LSHADE-SPACMA,F10,10,8,220.87264974897928
LSHADE-SPACMA,F10,10,9,223.45837526833748
LSHADE-SPACMA,F10,10,10,222.17440007749428
LSHADE-SPACMA,F10,10,11,220.87264974897928
LSHADE-SPACMA,F10,10,12,314.9726276791248
LSHADE-SPACMA,F10,10,13,222.15165065229576
LSHADE-SPACMA,F10,10,14,223.45837526833748
LSHADE-SPACMA,F10,10,15,223.45837526833748
LSHADE-SPACMA,F10,10,16,221.12205728252368
LSHADE-SPACMA,F10,10,17,222.53768749269875
LSHADE-SPACMA,F10,10,18,222.15165065229576
LSHADE-SPACMA,F10,10,19,223.45837526833748
LSHADE-SPACMA,F10,10,20,222.15165065229576
LSHADE-SPACMA,F10,10,21,222.15165065229576
LSHADE-SPACMA,F10,10,22,222.15165065229576
LSHADE-SPACMA,F10,10,23,222.15165065229576
LSHADE-SPACMA,F10,10,24,223.45837526833748
LSHADE-SPACMA,F10,10,25,222.15165065229576
LSHADE-SPACMA,F10,10,26,222.47387661441644
LSHADE-SPACMA,F10,10,27,222.15165065229576
LSHADE-SPACMA,F10,10,28,222.15165065229576
LSHADE-SPACMA,F10,10,29,222.15165065229576
LSHADE-cnEpSin,F10,10,0,221.12205728252368
LSHADE-cnEpSin,F10,10,1,220.8726497489797
LSHADE-cnEpSin,F10,10,2,220.8726497489797
LSHADE-cnEpSin,F10,10,3,220.87264974897928
LSHADE-cnEpSin,F10,10,4,220.8726497489797
LSHADE-cnEpSin,F10,10,5,220.8726497489797
LSHADE-cnEpSin,F10,10,6,220.8726497489797
LSHADE-cnEpSin,F10,10,7,222.17440007749428
LSHADE-cnEpSin,F10,10,8,220.8726497489797
LSHADE-cnEpSin,F10,10,9,220.8726497489797
LSHADE-cnEpSin,F10,10,10,220.87264974897928
LSHADE-cnEpSin,F10,10,11,220.87264974897928
LSHADE-cnEpSin,F10,10,12,221.12205728252368
LSHADE-cnEpSin,F10,10,13,220.8726497489797
LSHADE-cnEpSin,F10,10,14,220.8726497489797
LSHADE-cnEpSin,F10,10,15,220.87264974897928
LSHADE-cnEpSin,F10,10,16,221.34942723498307
LSHADE-cnEpSin,F10,10,17,220.87264974897928
LSHADE-cnEpSin,F10,10,18,221.12205728252368
LSHADE-cnEpSin,F10,10,19,220.87264974897928
LSHADE-cnEpSin,F10,10,20,220.8726497489797
LSHADE-cnEpSin,F10,10,21,220.87264974897928
LSHADE-cnEpSin,F10,10,22,220.87264974897928
LSHADE-cnEpSin,F10,10,23,221.12205728252368
LSHADE-cnEpSin,F10,10,24,220.96100064064103
LSHADE-cnEpSin,F10,10,25,220.87264974897928
LSHADE-cnEpSin,F10,10,26,220.87264974897928
LSHADE-cnEpSin,F10,10,27,220.8726497489797
LSHADE-cnEpSin,F10,10,28,220.8726497489797
LSHADE-cnEpSin,F10,10,29,220.87264974897928
LSHADE-RSP,F10,10,0,220.87264974897928
LSHADE-RSP,F10,10,1,220.87264974897928
LSHADE-RSP,F10,10,2,220.87264974897928
LSHADE-RSP,F10,10,3,220.87264974897928
LSHADE-RSP,F10,10,4,220.87264974897928
LSHADE-RSP,F10,10,5,220.87264974897928
LSHADE-RSP,F10,10,6,220.87264974897928
LSHADE-RSP,F10,10,7,220.87264974897928
LSHADE-RSP,F10,10,8,220.87264974897928
LSHADE-RSP,F10,10,9,220.87264974897928
LSHADE-RSP,F10,10,10,220.87264974897928
LSHADE-RSP,F10,10,11,220.87264974897928
LSHADE-RSP,F10,10,12,220.87264974897928
LSHADE-RSP,F10,10,13,220.8726497489797
LSHADE-RSP,F10,10,14,220.87264974897928
LSHADE-RSP,F10,10,15,220.8726497489797
LSHADE-RSP,F10,10,16,220.8726497489797
LSHADE-RSP,F10,10,17,220.87264974897928
LSHADE-RSP,F10,10,18,220.87264974897928
LSHADE-RSP,F10,10,19,220.87264974897928
LSHADE-RSP,F10,10,20,220.8726497489797
LSHADE-RSP,F10,10,21,220.87264974897928
LSHADE-RSP,F10,10,22,220.87264974897928
LSHADE-RSP,F10,10,23,220.87264974897928
LSHADE-RSP,F10,10,24,220.87264974897928
LSHADE-RSP,F10,10,25,220.87264974897928
LSHADE-RSP,F10,10,26,220.87264974897928
LSHADE-RSP,F10,10,27,220.87264974897928
LSHADE-RSP,F10,10,28,220.87264974897928
LSHADE-RSP,F10,10,29,220.8726497489797
jSO,F10,10,0,220.87264974897928
jSO,F10,10,1,220.87264974897928
jSO,F10,10,2,220.87264974897928
jSO,F10,10,3,220.87264974897928
jSO,F10,10,4,220.87264974897928
jSO,F10,10,5,220.87264974897928
jSO,F10,10,6,220.87264974897928
jSO,F10,10,7,220.87264974897928
jSO,F10,10,8,220.87264974897928
jSO,F10,10,9,220.8726497489797
jSO,F10,10,10,220.87264974897928
jSO,F10,10,11,220.87264974897928
jSO,F10,10,12,220.87264974897928
jSO,F10,10,13,220.87264974897928
jSO,F10,10,14,220.87264974897928
jSO,F10,10,15,220.87264974897928
jSO,F10,10,16,220.87264974897928
jSO,F10,10,17,220.87264974897928
jSO,F10,10,18,220.87264974897928
jSO,F10,10,19,220.87264974897928
jSO,F10,10,20,220.87264974897928
jSO,F10,10,21,220.87264974897928
jSO,F10,10,22,220.87264974897928
jSO,F10,10,23,220.87264974897928
jSO,F10,10,24,220.87264974897928
jSO,F10,10,25,220.87264974897928
jSO,F10,10,26,220.87264974897928
jSO,F10,10,27,220.87264974897928
jSO,F10,10,28,220.87264974897928
jSO,F10,10,29,220.87264974897928
L-SHADE,F10,10,0,220.8726497489797
L-SHADE,F10,10,1,220.87264974897928
L-SHADE,F10,10,2,220.8726497489797
L-SHADE,F10,10,3,220.87264974897928
L-SHADE,F10,10,4,220.87264974897928
L-SHADE,F10,10,5,221.12205728252368
L-SHADE,F10,10,6,220.8726497489797
L-SHADE,F10,10,7,220.8726497489797
L-SHADE,F10,10,8,220.87264974897928
L-SHADE,F10,10,9,220.87264974897928
L-SHADE,F10,10,10,220.87264974897928
L-SHADE,F10,10,11,220.87264974897928
L-SHADE,F10,10,12,220.87264974897928
L-SHADE,F10,10,13,221.12205728252368
L-SHADE,F10,10,14,220.87264974897928
L-SHADE,F10,10,15,220.8726497489797
L-SHADE,F10,10,16,220.8726497489797
L-SHADE,F10,10,17,220.8726497489797
L-SHADE,F10,10,18,220.87264974897928
L-SHADE,F10,10,19,220.8726497489797
L-SHADE,F10,10,20,221.12205728252368
L-SHADE,F10,10,21,220.8726497489797
L-SHADE,F10,10,22,222.47387661441644
L-SHADE,F10,10,23,222.53768749269875
L-SHADE,F10,10,24,220.8726497489797
L-SHADE,F10,10,25,220.87264974897928
L-SHADE,F10,10,26,220.8726497489797
L-SHADE,F10,10,27,220.8726497489797
L-SHADE,F10,10,28,220.87264974897928
L-SHADE,F10,10,29,220.87264974897928
CMA-ES,F10,10,0,651.052964633187
CMA-ES,F10,10,1,222.64807961060703
CMA-ES,F10,10,2,221.4225526344276
CMA-ES,F10,10,3,1199.5123434249435
CMA-ES,F10,10,4,223.45837526833748
CMA-ES,F10,10,5,222.15165065229576
CMA-ES,F10,10,6,221.1220572825241
CMA-ES,F10,10,7,1086.1543023067725
CMA-ES,F10,10,8,222.17440007749428
CMA-ES,F10,10,9,745.7520841860105
CMA-ES,F10,10,10,323.7571203512489
CMA-ES,F10,10,11,915.0490922166232
CMA-ES,F10,10,12,762.4757125619099
CMA-ES,F10,10,13,223.73323643040655
CMA-ES,F10,10,14,223.40429704105784
CMA-ES,F10,10,15,222.53768749269875
CMA-ES,F10,10,16,222.17440007749428
CMA-ES,F10,10,17,320.6948813164845
CMA-ES,F10,10,18,223.227106655876
CMA-ES,F10,10,19,220.8726497489797
CMA-ES,F10,10,20,221.12205728252368
CMA-ES,F10,10,21,222.53768749269875
CMA-ES,F10,10,22,222.17440007749428
CMA-ES,F10,10,23,220.8726497489797
CMA-ES,F10,10,24,338.41306912881373
CMA-ES,F10,10,25,223.3403068225839
CMA-ES,F10,10,26,330.6454992748222
CMA-ES,F10,10,27,129.08678561989336
CMA-ES,F10,10,28,222.15165065229576
CMA-ES,F10,10,29,226.21658124421583
ACE-SHADE,F10,20,0,404.4005887087351
ACE-SHADE,F10,20,1,400.7555403415968
ACE-SHADE,F10,20,2,400.4591805221785
ACE-SHADE,F10,20,3,399.4114380521437
ACE-SHADE,F10,20,4,401.398605325659
ACE-SHADE,F10,20,5,399.8565995962258
ACE-SHADE,F10,20,6,398.7111462398311
ACE-SHADE,F10,20,7,405.73390122126375
ACE-SHADE,F10,20,8,399.3347435301921
ACE-SHADE,F10,20,9,398.79576108715446
ACE-SHADE,F10,20,10,400.4113698303832
ACE-SHADE,F10,20,11,481.6760063259462
ACE-SHADE,F10,20,12,402.2565648162963
ACE-SHADE,F10,20,13,405.4547157990346
ACE-SHADE,F10,20,14,398.79576108715446
ACE-SHADE,F10,20,15,403.0602850925361
ACE-SHADE,F10,20,16,399.08925470604754
ACE-SHADE,F10,20,17,406.4622548722023
ACE-SHADE,F10,20,18,405.9147936531485
ACE-SHADE,F10,20,19,404.4005887087351
ACE-SHADE,F10,20,20,396.8442169895752
ACE-SHADE,F10,20,21,479.22845544968095
ACE-SHADE,F10,20,22,405.4969545994936
ACE-SHADE,F10,20,23,402.0002499101374
ACE-SHADE,F10,20,24,397.29424551056536
ACE-SHADE,F10,20,25,398.79576108715446
ACE-SHADE,F10,20,26,407.2797500171655
ACE-SHADE,F10,20,27,398.79576108715446
ACE-SHADE,F10,20,28,481.1450023098605
ACE-SHADE,F10,20,29,399.3347435301921
CMA-ES,F10,20,0,2333.2942570742016
CMA-ES,F10,20,1,1765.4593240216743
CMA-ES,F10,20,2,1125.50724226977
CMA-ES,F10,20,3,1484.2548692788068
CMA-ES,F10,20,4,406.6550755238268
CMA-ES,F10,20,5,403.0882985692133
CMA-ES,F10,20,6,404.851004804877
CMA-ES,F10,20,7,535.5503452559492
CMA-ES,F10,20,8,400.87596016903535
CMA-ES,F10,20,9,2151.031337926558
CMA-ES,F10,20,10,2056.472602485644
CMA-ES,F10,20,11,1769.726219521609
CMA-ES,F10,20,12,1359.6693119506417
CMA-ES,F10,20,13,1394.9541565616655
CMA-ES,F10,20,14,1868.222611916518
CMA-ES,F10,20,15,403.3010018508016
CMA-ES,F10,20,16,403.0674515448359
CMA-ES,F10,20,17,405.1312838468675
CMA-ES,F10,20,18,2058.952135370211
CMA-ES,F10,20,19,1929.5022381557048
CMA-ES,F10,20,20,1933.1087893772865
CMA-ES,F10,20,21,2010.4672389150865
CMA-ES,F10,20,22,518.5839766205781
CMA-ES,F10,20,23,1327.6422033246529
CMA-ES,F10,20,24,404.2723284545991
CMA-ES,F10,20,25,405.4428348269044
CMA-ES,F10,20,26,405.651165016684
CMA-ES,F10,20,27,2091.4514538972253
CMA-ES,F10,20,28,402.8495798943386
CMA-ES,F10,20,29,399.6498437559681
LSHADE-RSP,F10,20,0,396.5659827147661
LSHADE-RSP,F10,20,1,396.5659827147661
LSHADE-RSP,F10,20,2,396.5659827147661
LSHADE-RSP,F10,20,3,396.5659827147661
LSHADE-RSP,F10,20,4,396.5659827147661
LSHADE-RSP,F10,20,5,396.5659827147661
LSHADE-RSP,F10,20,6,396.5659827147661
LSHADE-RSP,F10,20,7,396.5659827147661
LSHADE-RSP,F10,20,8,396.5659827147661
LSHADE-RSP,F10,20,9,396.5659827147661
LSHADE-RSP,F10,20,10,396.5659827147661
LSHADE-RSP,F10,20,11,396.5659827147661
LSHADE-RSP,F10,20,12,396.5659827147661
LSHADE-RSP,F10,20,13,396.5659827147661
LSHADE-RSP,F10,20,14,396.5659827147661
LSHADE-RSP,F10,20,15,396.5659827147661
LSHADE-RSP,F10,20,16,396.5659827147661
LSHADE-RSP,F10,20,17,396.5659827147661
LSHADE-RSP,F10,20,18,396.5659827147665
LSHADE-RSP,F10,20,19,396.5659827147661
LSHADE-RSP,F10,20,20,396.5659827147661
LSHADE-RSP,F10,20,21,396.5659827147661
LSHADE-RSP,F10,20,22,396.5659827147661
LSHADE-RSP,F10,20,23,396.5659827147661
LSHADE-RSP,F10,20,24,396.5659827147665
LSHADE-RSP,F10,20,25,396.5659827147661
LSHADE-RSP,F10,20,26,396.5659827147661
LSHADE-RSP,F10,20,27,396.5659827147661
LSHADE-RSP,F10,20,28,396.5659827147661
LSHADE-RSP,F10,20,29,396.5659827147661
LSHADE-SPACMA,F10,20,0,401.37018076311097
LSHADE-SPACMA,F10,20,1,399.08925470604754
LSHADE-SPACMA,F10,20,2,396.5659827147661
LSHADE-SPACMA,F10,20,3,399.4114380521437
LSHADE-SPACMA,F10,20,4,402.8495798943386
LSHADE-SPACMA,F10,20,5,399.4114380521437
LSHADE-SPACMA,F10,20,6,401.37018076311097
LSHADE-SPACMA,F10,20,7,397.29424551056536
LSHADE-SPACMA,F10,20,8,399.08925470604754
LSHADE-SPACMA,F10,20,9,401.1816575407906
LSHADE-SPACMA,F10,20,10,401.1816575407906
LSHADE-SPACMA,F10,20,11,399.4114380521437
LSHADE-SPACMA,F10,20,12,398.7957610871549
LSHADE-SPACMA,F10,20,13,401.37018076311097
LSHADE-SPACMA,F10,20,14,400.5144455432787
LSHADE-SPACMA,F10,20,15,401.1816575407906
LSHADE-SPACMA,F10,20,16,401.37018076311097
LSHADE-SPACMA,F10,20,17,400.5144455432787
LSHADE-SPACMA,F10,20,18,396.5659827147661
LSHADE-SPACMA,F10,20,19,401.1816575407906
LSHADE-SPACMA,F10,20,20,399.4114380521437
LSHADE-SPACMA,F10,20,21,399.4114380521437
LSHADE-SPACMA,F10,20,22,399.08925470604754
LSHADE-SPACMA,F10,20,23,401.37018076311097
LSHADE-SPACMA,F10,20,24,399.4114380521437
LSHADE-SPACMA,F10,20,25,400.38430303419
LSHADE-SPACMA,F10,20,26,399.3347435301921
LSHADE-SPACMA,F10,20,27,399.08925470604754
LSHADE-SPACMA,F10,20,28,399.08925470604754
LSHADE-SPACMA,F10,20,29,397.29424551056536
LSHADE-cnEpSin,F10,20,0,396.5659827147661
LSHADE-cnEpSin,F10,20,1,396.5659827147661
LSHADE-cnEpSin,F10,20,2,396.5659827147661
LSHADE-cnEpSin,F10,20,3,396.5659827147661
LSHADE-cnEpSin,F10,20,4,400.5144455432787
LSHADE-cnEpSin,F10,20,5,400.5144455432787
LSHADE-cnEpSin,F10,20,6,396.5659827147665
LSHADE-cnEpSin,F10,20,7,398.7957610871549
LSHADE-cnEpSin,F10,20,8,396.5659827147661
LSHADE-cnEpSin,F10,20,9,396.5659827147661
LSHADE-cnEpSin,F10,20,10,396.5659827147661
LSHADE-cnEpSin,F10,20,11,396.5659827147661
LSHADE-cnEpSin,F10,20,12,396.5659827147661
LSHADE-cnEpSin,F10,20,13,396.5659827147661
LSHADE-cnEpSin,F10,20,14,396.5659827147661
LSHADE-cnEpSin,F10,20,15,396.5659827147661
LSHADE-cnEpSin,F10,20,16,396.5659827147661
LSHADE-cnEpSin,F10,20,17,397.8294416022445
LSHADE-cnEpSin,F10,20,18,396.5659827147661
LSHADE-cnEpSin,F10,20,19,396.5659827147661
LSHADE-cnEpSin,F10,20,20,396.5659827147661
LSHADE-cnEpSin,F10,20,21,396.5659827147661
LSHADE-cnEpSin,F10,20,22,396.5659827147661
LSHADE-cnEpSin,F10,20,23,396.5659827147661
LSHADE-cnEpSin,F10,20,24,396.5659827147661
LSHADE-cnEpSin,F10,20,25,396.5659827147661
LSHADE-cnEpSin,F10,20,26,396.5659827147661
LSHADE-cnEpSin,F10,20,27,396.5659827147661
LSHADE-cnEpSin,F10,20,28,396.5659827147661
LSHADE-cnEpSin,F10,20,29,396.5659827147661
L-SHADE,F10,20,0,398.7957610871549
L-SHADE,F10,20,1,399.08925470604754
L-SHADE,F10,20,2,398.7957610871549
L-SHADE,F10,20,3,399.08925470604754
L-SHADE,F10,20,4,399.08925470604754
L-SHADE,F10,20,5,396.5659827147661
L-SHADE,F10,20,6,396.5659827147661
L-SHADE,F10,20,7,399.3347435301921
L-SHADE,F10,20,8,396.5659827147661
L-SHADE,F10,20,9,398.7957610871549
L-SHADE,F10,20,10,396.5659827147661
L-SHADE,F10,20,11,398.7957610871549
L-SHADE,F10,20,12,399.08925470604754
L-SHADE,F10,20,13,396.5659827147661
L-SHADE,F10,20,14,401.37018076311097
L-SHADE,F10,20,15,396.5659827147661
L-SHADE,F10,20,16,396.5659827147661
L-SHADE,F10,20,17,396.5659827147661
L-SHADE,F10,20,18,399.3347435301921
L-SHADE,F10,20,19,396.5659827147661
L-SHADE,F10,20,20,398.7957610871549
L-SHADE,F10,20,21,396.5659827147661
L-SHADE,F10,20,22,396.5659827147661
L-SHADE,F10,20,23,396.5659827147661
L-SHADE,F10,20,24,399.3347435301921
L-SHADE,F10,20,25,403.3694615314603
L-SHADE,F10,20,26,399.8239177436071
L-SHADE,F10,20,27,396.5659827147661
L-SHADE,F10,20,28,396.5659827147661
L-SHADE,F10,20,29,396.5659827147661
NL-SHADE-RSP,F10,20,0,396.5659827147661
NL-SHADE-RSP,F10,20,1,396.5659827147661
NL-SHADE-RSP,F10,20,2,396.5659827147661
NL-SHADE-RSP,F10,20,3,396.5659827147661
NL-SHADE-RSP,F10,20,4,396.5659827147661
NL-SHADE-RSP,F10,20,5,396.5659827147661
NL-SHADE-RSP,F10,20,6,396.5659827147661
NL-SHADE-RSP,F10,20,7,396.5659827147661
NL-SHADE-RSP,F10,20,8,396.5659827147661
NL-SHADE-RSP,F10,20,9,396.5659827147661
NL-SHADE-RSP,F10,20,10,396.5659827147661
NL-SHADE-RSP,F10,20,11,395.2370490477852
NL-SHADE-RSP,F10,20,12,396.5659827147661
NL-SHADE-RSP,F10,20,13,396.5659827147665
NL-SHADE-RSP,F10,20,14,396.5659827147661
NL-SHADE-RSP,F10,20,15,396.5659827147661
NL-SHADE-RSP,F10,20,16,396.5659827147661
NL-SHADE-RSP,F10,20,17,396.5659827147661
NL-SHADE-RSP,F10,20,18,396.5659827147661
NL-SHADE-RSP,F10,20,19,396.5659827147661
NL-SHADE-RSP,F10,20,20,396.5659827147661
NL-SHADE-RSP,F10,20,21,396.5659827147665
NL-SHADE-RSP,F10,20,22,396.5659827147661
NL-SHADE-RSP,F10,20,23,396.5659827147665
NL-SHADE-RSP,F10,20,24,395.2370490477852
NL-SHADE-RSP,F10,20,25,396.5659827147661
NL-SHADE-RSP,F10,20,26,396.5659827147661
NL-SHADE-RSP,F10,20,27,396.5659827147661
NL-SHADE-RSP,F10,20,28,396.5659827147661
NL-SHADE-RSP,F10,20,29,396.5659827147661
jSO,F10,20,0,396.5659827147661
jSO,F10,20,1,396.5659827147661
jSO,F10,20,2,396.5659827147661
jSO,F10,20,3,396.5659827147661
jSO,F10,20,4,396.5659827147661
jSO,F10,20,5,396.5659827147661
jSO,F10,20,6,396.5659827147661
jSO,F10,20,7,396.5659827147661
jSO,F10,20,8,396.5659827147661
jSO,F10,20,9,396.5659827147661
jSO,F10,20,10,396.5659827147661
jSO,F10,20,11,396.5659827147661
jSO,F10,20,12,396.5659827147661
jSO,F10,20,13,396.5659827147661
jSO,F10,20,14,396.5659827147661
jSO,F10,20,15,396.5659827147661
jSO,F10,20,16,396.5659827147661
jSO,F10,20,17,396.5659827147661
jSO,F10,20,18,396.5659827147661
jSO,F10,20,19,396.5659827147661
jSO,F10,20,20,396.5659827147661
jSO,F10,20,21,396.5659827147661
jSO,F10,20,22,396.5659827147661
jSO,F10,20,23,396.5659827147661
jSO,F10,20,24,396.5659827147661
jSO,F10,20,25,396.5659827147661
jSO,F10,20,26,396.5659827147661
jSO,F10,20,27,396.5659827147661
jSO,F10,20,28,396.5659827147661
jSO,F10,20,29,396.5659827147661
ACE-SHADE,F11,10,0,0.0
ACE-SHADE,F11,10,1,0.0
ACE-SHADE,F11,10,2,0.0
ACE-SHADE,F11,10,3,0.0
ACE-SHADE,F11,10,4,0.0
ACE-SHADE,F11,10,5,0.0
ACE-SHADE,F11,10,6,0.0
ACE-SHADE,F11,10,7,0.0
ACE-SHADE,F11,10,8,0.0
ACE-SHADE,F11,10,9,0.0
ACE-SHADE,F11,10,10,0.0
ACE-SHADE,F11,10,11,0.0
ACE-SHADE,F11,10,12,0.0
ACE-SHADE,F11,10,13,0.0
ACE-SHADE,F11,10,14,0.0
ACE-SHADE,F11,10,15,0.0
ACE-SHADE,F11,10,16,0.0
ACE-SHADE,F11,10,17,0.0
ACE-SHADE,F11,10,18,0.0
ACE-SHADE,F11,10,19,0.0
ACE-SHADE,F11,10,20,0.0
ACE-SHADE,F11,10,21,0.0
ACE-SHADE,F11,10,22,0.0
ACE-SHADE,F11,10,23,0.0
ACE-SHADE,F11,10,24,0.0
ACE-SHADE,F11,10,25,0.0
ACE-SHADE,F11,10,26,0.0
ACE-SHADE,F11,10,27,0.0
ACE-SHADE,F11,10,28,0.0
ACE-SHADE,F11,10,29,0.0
NL-SHADE-RSP,F11,10,0,0.0
NL-SHADE-RSP,F11,10,1,0.0
NL-SHADE-RSP,F11,10,2,0.0
NL-SHADE-RSP,F11,10,3,0.0
NL-SHADE-RSP,F11,10,4,0.0
NL-SHADE-RSP,F11,10,5,0.0
NL-SHADE-RSP,F11,10,6,0.0
NL-SHADE-RSP,F11,10,7,0.0
NL-SHADE-RSP,F11,10,8,0.0
NL-SHADE-RSP,F11,10,9,0.0
NL-SHADE-RSP,F11,10,10,0.0
NL-SHADE-RSP,F11,10,11,0.0
NL-SHADE-RSP,F11,10,12,0.0
NL-SHADE-RSP,F11,10,13,0.0
NL-SHADE-RSP,F11,10,14,0.0
NL-SHADE-RSP,F11,10,15,4.547473508864641e-13
NL-SHADE-RSP,F11,10,16,0.0
NL-SHADE-RSP,F11,10,17,0.0
NL-SHADE-RSP,F11,10,18,0.0
NL-SHADE-RSP,F11,10,19,4.547473508864641e-13
NL-SHADE-RSP,F11,10,20,0.0
NL-SHADE-RSP,F11,10,21,0.0
NL-SHADE-RSP,F11,10,22,0.0
NL-SHADE-RSP,F11,10,23,0.0
NL-SHADE-RSP,F11,10,24,0.0
NL-SHADE-RSP,F11,10,25,0.0
NL-SHADE-RSP,F11,10,26,0.0
NL-SHADE-RSP,F11,10,27,0.0
NL-SHADE-RSP,F11,10,28,0.0
NL-SHADE-RSP,F11,10,29,0.0
LSHADE-SPACMA,F11,10,0,0.0
LSHADE-SPACMA,F11,10,1,0.0
LSHADE-SPACMA,F11,10,2,0.0
LSHADE-SPACMA,F11,10,3,0.0
LSHADE-SPACMA,F11,10,4,0.0
LSHADE-SPACMA,F11,10,5,0.0
LSHADE-SPACMA,F11,10,6,0.0
LSHADE-SPACMA,F11,10,7,0.0
LSHADE-SPACMA,F11,10,8,0.0
LSHADE-SPACMA,F11,10,9,0.0
LSHADE-SPACMA,F11,10,10,0.0
LSHADE-SPACMA,F11,10,11,0.0
LSHADE-SPACMA,F11,10,12,0.0
LSHADE-SPACMA,F11,10,13,0.0
LSHADE-SPACMA,F11,10,14,0.0
LSHADE-SPACMA,F11,10,15,0.0
LSHADE-SPACMA,F11,10,16,0.0
LSHADE-SPACMA,F11,10,17,0.0
LSHADE-SPACMA,F11,10,18,0.0
LSHADE-SPACMA,F11,10,19,0.0
LSHADE-SPACMA,F11,10,20,0.0
LSHADE-SPACMA,F11,10,21,0.0
LSHADE-SPACMA,F11,10,22,0.0
LSHADE-SPACMA,F11,10,23,0.0
LSHADE-SPACMA,F11,10,24,0.0
LSHADE-SPACMA,F11,10,25,0.0
LSHADE-SPACMA,F11,10,26,0.0
LSHADE-SPACMA,F11,10,27,0.0
LSHADE-SPACMA,F11,10,28,0.0
LSHADE-SPACMA,F11,10,29,0.0
LSHADE-cnEpSin,F11,10,0,0.0
LSHADE-cnEpSin,F11,10,1,0.0
LSHADE-cnEpSin,F11,10,2,0.0
LSHADE-cnEpSin,F11,10,3,0.0
LSHADE-cnEpSin,F11,10,4,0.0
LSHADE-cnEpSin,F11,10,5,0.0
LSHADE-cnEpSin,F11,10,6,0.0
LSHADE-cnEpSin,F11,10,7,0.0
LSHADE-cnEpSin,F11,10,8,0.0
LSHADE-cnEpSin,F11,10,9,0.0
LSHADE-cnEpSin,F11,10,10,4.547473508864641e-13
LSHADE-cnEpSin,F11,10,11,0.0
LSHADE-cnEpSin,F11,10,12,0.0
LSHADE-cnEpSin,F11,10,13,0.0
LSHADE-cnEpSin,F11,10,14,4.547473508864641e-13
LSHADE-cnEpSin,F11,10,15,0.0
LSHADE-cnEpSin,F11,10,16,0.0
LSHADE-cnEpSin,F11,10,17,4.547473508864641e-13
LSHADE-cnEpSin,F11,10,18,0.0
LSHADE-cnEpSin,F11,10,19,0.0
LSHADE-cnEpSin,F11,10,20,0.0
LSHADE-cnEpSin,F11,10,21,0.0
LSHADE-cnEpSin,F11,10,22,4.547473508864641e-13
LSHADE-cnEpSin,F11,10,23,0.0
LSHADE-cnEpSin,F11,10,24,0.0
LSHADE-cnEpSin,F11,10,25,0.0
LSHADE-cnEpSin,F11,10,26,0.0
LSHADE-cnEpSin,F11,10,27,4.547473508864641e-13
LSHADE-cnEpSin,F11,10,28,0.0
LSHADE-cnEpSin,F11,10,29,0.0
LSHADE-RSP,F11,10,0,0.0
LSHADE-RSP,F11,10,1,0.0
LSHADE-RSP,F11,10,2,0.0
LSHADE-RSP,F11,10,3,0.0
LSHADE-RSP,F11,10,4,0.0
LSHADE-RSP,F11,10,5,4.547473508864641e-13
LSHADE-RSP,F11,10,6,0.0
LSHADE-RSP,F11,10,7,0.0
LSHADE-RSP,F11,10,8,0.0
LSHADE-RSP,F11,10,9,0.0
LSHADE-RSP,F11,10,10,0.0
LSHADE-RSP,F11,10,11,0.0
LSHADE-RSP,F11,10,12,0.0
LSHADE-RSP,F11,10,13,4.547473508864641e-13
LSHADE-RSP,F11,10,14,0.0
LSHADE-RSP,F11,10,15,0.0
LSHADE-RSP,F11,10,16,0.0
LSHADE-RSP,F11,10,17,0.0
LSHADE-RSP,F11,10,18,0.0
LSHADE-RSP,F11,10,19,0.0
LSHADE-RSP,F11,10,20,0.0
LSHADE-RSP,F11,10,21,0.0
LSHADE-RSP,F11,10,22,0.0
LSHADE-RSP,F11,10,23,0.0
LSHADE-RSP,F11,10,24,0.0
LSHADE-RSP,F11,10,25,0.0
LSHADE-RSP,F11,10,26,0.0
LSHADE-RSP,F11,10,27,0.0
LSHADE-RSP,F11,10,28,0.0
LSHADE-RSP,F11,10,29,0.0
jSO,F11,10,0,0.0
jSO,F11,10,1,0.0
jSO,F11,10,2,0.0
jSO,F11,10,3,0.0
jSO,F11,10,4,0.0
jSO,F11,10,5,0.0
jSO,F11,10,6,0.0
jSO,F11,10,7,0.0
jSO,F11,10,8,0.0
jSO,F11,10,9,0.0
jSO,F11,10,10,0.0
jSO,F11,10,11,0.0
jSO,F11,10,12,0.0
jSO,F11,10,13,0.0
jSO,F11,10,14,0.0
jSO,F11,10,15,0.0
jSO,F11,10,16,0.0
jSO,F11,10,17,0.0
jSO,F11,10,18,0.0
jSO,F11,10,19,0.0
jSO,F11,10,20,0.0
jSO,F11,10,21,0.0
jSO,F11,10,22,0.0
jSO,F11,10,23,0.0
jSO,F11,10,24,0.0
jSO,F11,10,25,0.0
jSO,F11,10,26,0.0
jSO,F11,10,27,0.0
jSO,F11,10,28,0.0
jSO,F11,10,29,0.0
L-SHADE,F11,10,0,4.547473508864641e-13
L-SHADE,F11,10,1,0.0
L-SHADE,F11,10,2,4.547473508864641e-13
L-SHADE,F11,10,3,4.547473508864641e-13
L-SHADE,F11,10,4,4.547473508864641e-13
L-SHADE,F11,10,5,4.547473508864641e-13
L-SHADE,F11,10,6,0.0
L-SHADE,F11,10,7,0.0
L-SHADE,F11,10,8,0.0
L-SHADE,F11,10,9,0.0
L-SHADE,F11,10,10,0.0
L-SHADE,F11,10,11,0.0
L-SHADE,F11,10,12,0.0
L-SHADE,F11,10,13,0.0
L-SHADE,F11,10,14,0.0
L-SHADE,F11,10,15,0.0
L-SHADE,F11,10,16,0.0
L-SHADE,F11,10,17,4.547473508864641e-13
L-SHADE,F11,10,18,0.0
L-SHADE,F11,10,19,0.0
L-SHADE,F11,10,20,0.0
L-SHADE,F11,10,21,0.0
L-SHADE,F11,10,22,0.0
L-SHADE,F11,10,23,0.0
L-SHADE,F11,10,24,0.0
L-SHADE,F11,10,25,4.547473508864641e-13
L-SHADE,F11,10,26,0.0
L-SHADE,F11,10,27,0.0
L-SHADE,F11,10,28,0.0
L-SHADE,F11,10,29,4.547473508864641e-13
CMA-ES,F11,10,0,750.3602119804846
CMA-ES,F11,10,1,26.60296388061897
CMA-ES,F11,10,2,21.893941630776222
CMA-ES,F11,10,3,9.094947017729282e-13
CMA-ES,F11,10,4,876.0688983265482
CMA-ES,F11,10,5,19.47341454771504
CMA-ES,F11,10,6,4.547473508864641e-13
CMA-ES,F11,10,7,19.709831682203003
CMA-ES,F11,10,8,21.07237792280921
CMA-ES,F11,10,9,4.547473508864641e-13
CMA-ES,F11,10,10,876.0688983265482
CMA-ES,F11,10,11,45.15219034643542
CMA-ES,F11,10,12,4.547473508864641e-13
CMA-ES,F11,10,13,26.60296388061897
CMA-ES,F11,10,14,19.0173559691948
CMA-ES,F11,10,15,4.547473508864641e-13
CMA-ES,F11,10,16,26.60296388061897
CMA-ES,F11,10,17,26.60296388061897
CMA-ES,F11,10,18,876.0688983265482
CMA-ES,F11,10,19,21.07237792280921
CMA-ES,F11,10,20,4.547473508864641e-13
CMA-ES,F11,10,21,4.547473508864641e-13
CMA-ES,F11,10,22,0.0
CMA-ES,F11,10,23,23.43084747624107
CMA-ES,F11,10,24,19.709831682203003
CMA-ES,F11,10,25,876.0688983265482
CMA-ES,F11,10,26,876.0688983265482
CMA-ES,F11,10,27,22.425596245956967
CMA-ES,F11,10,28,26.60296388061897
CMA-ES,F11,10,29,4.547473508864641e-13
ACE-SHADE,F11,20,0,0.0
ACE-SHADE,F11,20,1,0.0
ACE-SHADE,F11,20,2,0.0
ACE-SHADE,F11,20,3,0.0
ACE-SHADE,F11,20,4,0.0
ACE-SHADE,F11,20,5,0.0
ACE-SHADE,F11,20,6,0.0
ACE-SHADE,F11,20,7,0.0
ACE-SHADE,F11,20,8,0.0
ACE-SHADE,F11,20,9,0.0
ACE-SHADE,F11,20,10,0.0
ACE-SHADE,F11,20,11,0.0
ACE-SHADE,F11,20,12,0.0
ACE-SHADE,F11,20,13,0.0
ACE-SHADE,F11,20,14,0.0
ACE-SHADE,F11,20,15,4.547473508864641e-13
ACE-SHADE,F11,20,16,0.0
ACE-SHADE,F11,20,17,0.0
ACE-SHADE,F11,20,18,0.0
ACE-SHADE,F11,20,19,0.0
ACE-SHADE,F11,20,20,0.0
ACE-SHADE,F11,20,21,0.0
ACE-SHADE,F11,20,22,0.0
ACE-SHADE,F11,20,23,0.0
ACE-SHADE,F11,20,24,0.0
ACE-SHADE,F11,20,25,0.0
ACE-SHADE,F11,20,26,0.0
ACE-SHADE,F11,20,27,0.0
ACE-SHADE,F11,20,28,0.0
ACE-SHADE,F11,20,29,0.0
CMA-ES,F11,20,0,4.547473508864641e-13
CMA-ES,F11,20,1,4.547473508864641e-13
CMA-ES,F11,20,2,15.37668297039636
CMA-ES,F11,20,3,4.547473508864641e-13
CMA-ES,F11,20,4,16.08345659111319
CMA-ES,F11,20,5,11.815858467203723
CMA-ES,F11,20,6,4.547473508864641e-13
CMA-ES,F11,20,7,19.042724171260488
CMA-ES,F11,20,8,9.094947017729282e-13
CMA-ES,F11,20,9,14.008825026669456
CMA-ES,F11,20,10,28.866959449410388
CMA-ES,F11,20,11,9.094947017729282e-13
CMA-ES,F11,20,12,4.547473508864641e-13
CMA-ES,F11,20,13,4.547473508864641e-13
CMA-ES,F11,20,14,12.415744367529442
CMA-ES,F11,20,15,11.815858467203723
CMA-ES,F11,20,16,22.901026846958302
CMA-ES,F11,20,17,4.547473508864641e-13
CMA-ES,F11,20,18,29.853164022455985
CMA-ES,F11,20,19,4.547473508864641e-13
CMA-ES,F11,20,20,9.094947017729282e-13
CMA-ES,F11,20,21,9.094947017729282e-13
CMA-ES,F11,20,22,12.415744367529442
CMA-ES,F11,20,23,9.094947017729282e-13
CMA-ES,F11,20,24,1485.641665855053
CMA-ES,F11,20,25,4.547473508864641e-13
CMA-ES,F11,20,26,4.547473508864641e-13
CMA-ES,F11,20,27,37.28989894428469
CMA-ES,F11,20,28,4.547473508864641e-13
CMA-ES,F11,20,29,20.973921133793738
LSHADE-RSP,F11,20,0,4.547473508864641e-13
LSHADE-RSP,F11,20,1,4.547473508864641e-13
LSHADE-RSP,F11,20,2,0.0
LSHADE-RSP,F11,20,3,4.547473508864641e-13
LSHADE-RSP,F11,20,4,4.547473508864641e-13
LSHADE-RSP,F11,20,5,4.547473508864641e-13
LSHADE-RSP,F11,20,6,4.547473508864641e-13
LSHADE-RSP,F11,20,7,4.547473508864641e-13
LSHADE-RSP,F11,20,8,0.0
LSHADE-RSP,F11,20,9,4.547473508864641e-13
LSHADE-RSP,F11,20,10,4.547473508864641e-13
LSHADE-RSP,F11,20,11,4.547473508864641e-13
LSHADE-RSP,F11,20,12,4.547473508864641e-13
LSHADE-RSP,F11,20,13,4.547473508864641e-13
LSHADE-RSP,F11,20,14,4.547473508864641e-13
LSHADE-RSP,F11,20,15,4.547473508864641e-13
LSHADE-RSP,F11,20,16,4.547473508864641e-13
LSHADE-RSP,F11,20,17,4.547473508864641e-13
LSHADE-RSP,F11,20,18,4.547473508864641e-13
LSHADE-RSP,F11,20,19,4.547473508864641e-13
LSHADE-RSP,F11,20,20,4.547473508864641e-13
LSHADE-RSP,F11,20,21,4.547473508864641e-13
LSHADE-RSP,F11,20,22,4.547473508864641e-13
LSHADE-RSP,F11,20,23,4.547473508864641e-13
LSHADE-RSP,F11,20,24,4.547473508864641e-13
LSHADE-RSP,F11,20,25,4.547473508864641e-13
LSHADE-RSP,F11,20,26,0.0
LSHADE-RSP,F11,20,27,4.547473508864641e-13
LSHADE-RSP,F11,20,28,4.547473508864641e-13
LSHADE-RSP,F11,20,29,4.547473508864641e-13
LSHADE-SPACMA,F11,20,0,0.0
LSHADE-SPACMA,F11,20,1,0.0
LSHADE-SPACMA,F11,20,2,0.0
LSHADE-SPACMA,F11,20,3,0.0
LSHADE-SPACMA,F11,20,4,0.0
LSHADE-SPACMA,F11,20,5,0.0
LSHADE-SPACMA,F11,20,6,0.0
LSHADE-SPACMA,F11,20,7,0.0
LSHADE-SPACMA,F11,20,8,0.0
LSHADE-SPACMA,F11,20,9,0.0
LSHADE-SPACMA,F11,20,10,0.0
LSHADE-SPACMA,F11,20,11,0.0
LSHADE-SPACMA,F11,20,12,0.0
LSHADE-SPACMA,F11,20,13,0.0
LSHADE-SPACMA,F11,20,14,0.0
LSHADE-SPACMA,F11,20,15,0.0
LSHADE-SPACMA,F11,20,16,0.0
LSHADE-SPACMA,F11,20,17,0.0
LSHADE-SPACMA,F11,20,18,0.0
LSHADE-SPACMA,F11,20,19,0.0
LSHADE-SPACMA,F11,20,20,0.0
LSHADE-SPACMA,F11,20,21,0.0
LSHADE-SPACMA,F11,20,22,0.0
LSHADE-SPACMA,F11,20,23,0.0
LSHADE-SPACMA,F11,20,24,0.0
LSHADE-SPACMA,F11,20,25,0.0
LSHADE-SPACMA,F11,20,26,0.0
LSHADE-SPACMA,F11,20,27,0.0
LSHADE-SPACMA,F11,20,28,0.0
LSHADE-SPACMA,F11,20,29,0.0
LSHADE-cnEpSin,F11,20,0,4.547473508864641e-13
LSHADE-cnEpSin,F11,20,1,4.547473508864641e-13
LSHADE-cnEpSin,F11,20,2,4.547473508864641e-13
LSHADE-cnEpSin,F11,20,3,4.547473508864641e-13
LSHADE-cnEpSin,F11,20,4,4.547473508864641e-13
LSHADE-cnEpSin,F11,20,5,4.547473508864641e-13
LSHADE-cnEpSin,F11,20,6,4.547473508864641e-13
LSHADE-cnEpSin,F11,20,7,4.547473508864641e-13
LSHADE-cnEpSin,F11,20,8,4.547473508864641e-13
LSHADE-cnEpSin,F11,20,9,4.547473508864641e-13
LSHADE-cnEpSin,F11,20,10,4.547473508864641e-13
LSHADE-cnEpSin,F11,20,11,4.547473508864641e-13
LSHADE-cnEpSin,F11,20,12,4.547473508864641e-13
LSHADE-cnEpSin,F11,20,13,4.547473508864641e-13
LSHADE-cnEpSin,F11,20,14,4.547473508864641e-13
LSHADE-cnEpSin,F11,20,15,4.547473508864641e-13
LSHADE-cnEpSin,F11,20,16,4.547473508864641e-13
LSHADE-cnEpSin,F11,20,17,4.547473508864641e-13
LSHADE-cnEpSin,F11,20,18,4.547473508864641e-13
LSHADE-cnEpSin,F11,20,19,4.547473508864641e-13
LSHADE-cnEpSin,F11,20,20,4.547473508864641e-13
LSHADE-cnEpSin,F11,20,21,4.547473508864641e-13
LSHADE-cnEpSin,F11,20,22,4.547473508864641e-13
LSHADE-cnEpSin,F11,20,23,4.547473508864641e-13
LSHADE-cnEpSin,F11,20,24,4.547473508864641e-13
LSHADE-cnEpSin,F11,20,25,4.547473508864641e-13
LSHADE-cnEpSin,F11,20,26,4.547473508864641e-13
LSHADE-cnEpSin,F11,20,27,4.547473508864641e-13
LSHADE-cnEpSin,F11,20,28,4.547473508864641e-13
LSHADE-cnEpSin,F11,20,29,4.547473508864641e-13
L-SHADE,F11,20,0,4.547473508864641e-13
L-SHADE,F11,20,1,4.547473508864641e-13
L-SHADE,F11,20,2,4.547473508864641e-13
L-SHADE,F11,20,3,4.547473508864641e-13
L-SHADE,F11,20,4,4.547473508864641e-13
L-SHADE,F11,20,5,4.547473508864641e-13
L-SHADE,F11,20,6,4.547473508864641e-13
L-SHADE,F11,20,7,4.547473508864641e-13
L-SHADE,F11,20,8,4.547473508864641e-13
L-SHADE,F11,20,9,0.0
L-SHADE,F11,20,10,4.547473508864641e-13
L-SHADE,F11,20,11,4.547473508864641e-13
L-SHADE,F11,20,12,4.547473508864641e-13
L-SHADE,F11,20,13,4.547473508864641e-13
L-SHADE,F11,20,14,4.547473508864641e-13
L-SHADE,F11,20,15,4.547473508864641e-13
L-SHADE,F11,20,16,4.547473508864641e-13
L-SHADE,F11,20,17,4.547473508864641e-13
L-SHADE,F11,20,18,4.547473508864641e-13
L-SHADE,F11,20,19,4.547473508864641e-13
L-SHADE,F11,20,20,4.547473508864641e-13
L-SHADE,F11,20,21,4.547473508864641e-13
L-SHADE,F11,20,22,4.547473508864641e-13
L-SHADE,F11,20,23,4.547473508864641e-13
L-SHADE,F11,20,24,4.547473508864641e-13
L-SHADE,F11,20,25,4.547473508864641e-13
L-SHADE,F11,20,26,4.547473508864641e-13
L-SHADE,F11,20,27,4.547473508864641e-13
L-SHADE,F11,20,28,4.547473508864641e-13
L-SHADE,F11,20,29,4.547473508864641e-13
NL-SHADE-RSP,F11,20,0,4.547473508864641e-13
NL-SHADE-RSP,F11,20,1,4.547473508864641e-13
NL-SHADE-RSP,F11,20,2,4.547473508864641e-13
NL-SHADE-RSP,F11,20,3,4.547473508864641e-13
NL-SHADE-RSP,F11,20,4,4.547473508864641e-13
NL-SHADE-RSP,F11,20,5,4.547473508864641e-13
NL-SHADE-RSP,F11,20,6,4.547473508864641e-13
NL-SHADE-RSP,F11,20,7,4.547473508864641e-13
NL-SHADE-RSP,F11,20,8,4.547473508864641e-13
NL-SHADE-RSP,F11,20,9,4.547473508864641e-13
NL-SHADE-RSP,F11,20,10,4.547473508864641e-13
NL-SHADE-RSP,F11,20,11,4.547473508864641e-13
NL-SHADE-RSP,F11,20,12,4.547473508864641e-13
NL-SHADE-RSP,F11,20,13,4.547473508864641e-13
NL-SHADE-RSP,F11,20,14,4.547473508864641e-13
NL-SHADE-RSP,F11,20,15,4.547473508864641e-13
NL-SHADE-RSP,F11,20,16,4.547473508864641e-13
NL-SHADE-RSP,F11,20,17,4.547473508864641e-13
NL-SHADE-RSP,F11,20,18,4.547473508864641e-13
NL-SHADE-RSP,F11,20,19,4.547473508864641e-13
NL-SHADE-RSP,F11,20,20,4.547473508864641e-13
NL-SHADE-RSP,F11,20,21,4.547473508864641e-13
NL-SHADE-RSP,F11,20,22,4.547473508864641e-13
NL-SHADE-RSP,F11,20,23,4.547473508864641e-13
NL-SHADE-RSP,F11,20,24,4.547473508864641e-13
NL-SHADE-RSP,F11,20,25,4.547473508864641e-13
NL-SHADE-RSP,F11,20,26,4.547473508864641e-13
NL-SHADE-RSP,F11,20,27,4.547473508864641e-13
NL-SHADE-RSP,F11,20,28,4.547473508864641e-13
NL-SHADE-RSP,F11,20,29,4.547473508864641e-13
jSO,F11,20,0,0.0
jSO,F11,20,1,4.547473508864641e-13
jSO,F11,20,2,4.547473508864641e-13
jSO,F11,20,3,4.547473508864641e-13
jSO,F11,20,4,4.547473508864641e-13
jSO,F11,20,5,4.547473508864641e-13
jSO,F11,20,6,0.0
jSO,F11,20,7,4.547473508864641e-13
jSO,F11,20,8,4.547473508864641e-13
jSO,F11,20,9,4.547473508864641e-13
jSO,F11,20,10,0.0
jSO,F11,20,11,4.547473508864641e-13
jSO,F11,20,12,4.547473508864641e-13
jSO,F11,20,13,4.547473508864641e-13
jSO,F11,20,14,4.547473508864641e-13
jSO,F11,20,15,4.547473508864641e-13
jSO,F11,20,16,4.547473508864641e-13
jSO,F11,20,17,4.547473508864641e-13
jSO,F11,20,18,4.547473508864641e-13
jSO,F11,20,19,4.547473508864641e-13
jSO,F11,20,20,4.547473508864641e-13
jSO,F11,20,21,4.547473508864641e-13
jSO,F11,20,22,4.547473508864641e-13
jSO,F11,20,23,4.547473508864641e-13
jSO,F11,20,24,4.547473508864641e-13
jSO,F11,20,25,4.547473508864641e-13
jSO,F11,20,26,4.547473508864641e-13
jSO,F11,20,27,4.547473508864641e-13
jSO,F11,20,28,4.547473508864641e-13
jSO,F11,20,29,4.547473508864641e-13
ACE-SHADE,F12,10,0,166.38750694155897
ACE-SHADE,F12,10,1,166.38750694155897
ACE-SHADE,F12,10,2,168.59966366193294
ACE-SHADE,F12,10,3,166.38750694155897
ACE-SHADE,F12,10,4,165.89175687693023
ACE-SHADE,F12,10,5,166.9739502857883
ACE-SHADE,F12,10,6,166.38750694155897
ACE-SHADE,F12,10,7,165.89175687693023
ACE-SHADE,F12,10,8,166.38750694155897
ACE-SHADE,F12,10,9,166.38750694155897
ACE-SHADE,F12,10,10,166.38750694155897
ACE-SHADE,F12,10,11,168.18164510696442
ACE-SHADE,F12,10,12,166.38750694155897
ACE-SHADE,F12,10,13,166.38750694155897
ACE-SHADE,F12,10,14,165.89175687693023
ACE-SHADE,F12,10,15,165.89175687693023
ACE-SHADE,F12,10,16,166.38750694155897
ACE-SHADE,F12,10,17,166.38750694155897
ACE-SHADE,F12,10,18,166.38750694155897
ACE-SHADE,F12,10,19,166.38750694155897
ACE-SHADE,F12,10,20,166.38750694155897
ACE-SHADE,F12,10,21,165.89175687693023
ACE-SHADE,F12,10,22,166.37284417755245
ACE-SHADE,F12,10,23,165.89175687693023
ACE-SHADE,F12,10,24,165.89175687693023
ACE-SHADE,F12,10,25,166.38750694155897
ACE-SHADE,F12,10,26,165.89175687693023
ACE-SHADE,F12,10,27,166.38750694155897
ACE-SHADE,F12,10,28,165.89175687693023
ACE-SHADE,F12,10,29,166.38750694155897
NL-SHADE-RSP,F12,10,0,164.47351934602648
NL-SHADE-RSP,F12,10,1,164.47351934602648
NL-SHADE-RSP,F12,10,2,164.47351934602648
NL-SHADE-RSP,F12,10,3,164.47351934602648
NL-SHADE-RSP,F12,10,4,164.47351934602648
NL-SHADE-RSP,F12,10,5,164.47351934602648
NL-SHADE-RSP,F12,10,6,164.47351934602648
NL-SHADE-RSP,F12,10,7,164.89757336262392
NL-SHADE-RSP,F12,10,8,165.89175687693023
NL-SHADE-RSP,F12,10,9,164.47351934602648
NL-SHADE-RSP,F12,10,10,164.47351934602648
NL-SHADE-RSP,F12,10,11,164.47351934602648
NL-SHADE-RSP,F12,10,12,164.47351934602648
NL-SHADE-RSP,F12,10,13,164.89754759195785
NL-SHADE-RSP,F12,10,14,164.47351934602648
NL-SHADE-RSP,F12,10,15,164.47351934602648
NL-SHADE-RSP,F12,10,16,164.47351934602648
NL-SHADE-RSP,F12,10,17,164.47351934602648
NL-SHADE-RSP,F12,10,18,164.47351934602648
NL-SHADE-RSP,F12,10,19,164.47351934602648
NL-SHADE-RSP,F12,10,20,164.47351934602648
NL-SHADE-RSP,F12,10,21,164.47351934602648
NL-SHADE-RSP,F12,10,22,164.8977041304488
NL-SHADE-RSP,F12,10,23,164.47351934602648
NL-SHADE-RSP,F12,10,24,164.01394544805407
NL-SHADE-RSP,F12,10,25,164.01394544805407
NL-SHADE-RSP,F12,10,26,164.47351934602648
NL-SHADE-RSP,F12,10,27,164.47351934602648
NL-SHADE-RSP,F12,10,28,164.47351934602648
NL-SHADE-RSP,F12,10,29,164.47351934602648
LSHADE-SPACMA,F12,10,0,166.38750694155897
LSHADE-SPACMA,F12,10,1,166.5355568480445
LSHADE-SPACMA,F12,10,2,166.5355568480445
LSHADE-SPACMA,F12,10,3,166.5355568480445
LSHADE-SPACMA,F12,10,4,166.5355568480445
LSHADE-SPACMA,F12,10,5,166.5355568480445
LSHADE-SPACMA,F12,10,6,166.5355568480445
LSHADE-SPACMA,F12,10,7,166.5355568480445
LSHADE-SPACMA,F12,10,8,166.5355568480445
LSHADE-SPACMA,F12,10,9,166.5355568480445
LSHADE-SPACMA,F12,10,10,166.38750694155897
LSHADE-SPACMA,F12,10,11,166.5355568480445
LSHADE-SPACMA,F12,10,12,166.5355568480445
LSHADE-SPACMA,F12,10,13,166.5355568480445
LSHADE-SPACMA,F12,10,14,166.5355568480445
LSHADE-SPACMA,F12,10,15,166.38750694155897
LSHADE-SPACMA,F12,10,16,166.5355568480445
LSHADE-SPACMA,F12,10,17,166.38750694155897
LSHADE-SPACMA,F12,10,18,166.5355568480445
LSHADE-SPACMA,F12,10,19,166.38750694155897
LSHADE-SPACMA,F12,10,20,166.5355568480445
LSHADE-SPACMA,F12,10,21,166.5355568480445
LSHADE-SPACMA,F12,10,22,166.5355568480445
LSHADE-SPACMA,F12,10,23,166.5355568480445
LSHADE-SPACMA,F12,10,24,166.38750694155897
LSHADE-SPACMA,F12,10,25,166.38750694155897
LSHADE-SPACMA,F12,10,26,166.38750694155897
LSHADE-SPACMA,F12,10,27,166.5355568480445
LSHADE-SPACMA,F12,10,28,166.38750694155897
LSHADE-SPACMA,F12,10,29,166.38750694155897
LSHADE-cnEpSin,F12,10,0,164.47351934602648
LSHADE-cnEpSin,F12,10,1,166.38750694155897
LSHADE-cnEpSin,F12,10,2,166.38750694155897
LSHADE-cnEpSin,F12,10,3,166.38750694155897
LSHADE-cnEpSin,F12,10,4,165.46842172031893
LSHADE-cnEpSin,F12,10,5,166.38750694155897
LSHADE-cnEpSin,F12,10,6,166.38750694155897
LSHADE-cnEpSin,F12,10,7,166.38750694155897
LSHADE-cnEpSin,F12,10,8,166.38750694155897
LSHADE-cnEpSin,F12,10,9,166.38750694155897
LSHADE-cnEpSin,F12,10,10,166.38750694155897
LSHADE-cnEpSin,F12,10,11,164.47351934602648
LSHADE-cnEpSin,F12,10,12,166.38750694155897
LSHADE-cnEpSin,F12,10,13,166.38750694155897
LSHADE-cnEpSin,F12,10,14,165.83767187153398
LSHADE-cnEpSin,F12,10,15,166.38750694155897
LSHADE-cnEpSin,F12,10,16,166.38750694155897
LSHADE-cnEpSin,F12,10,17,164.47351934602648
LSHADE-cnEpSin,F12,10,18,164.47351934602648
LSHADE-cnEpSin,F12,10,19,166.37284417755245
LSHADE-cnEpSin,F12,10,20,166.38750694155897
LSHADE-cnEpSin,F12,10,21,166.37284417755245
LSHADE-cnEpSin,F12,10,22,166.38750694155897
LSHADE-cnEpSin,F12,10,23,164.47351934602648
LSHADE-cnEpSin,F12,10,24,166.38750694155897
LSHADE-cnEpSin,F12,10,25,166.38750694155897
LSHADE-cnEpSin,F12,10,26,166.38750694155897
LSHADE-cnEpSin,F12,10,27,165.89175687693023
LSHADE-cnEpSin,F12,10,28,164.47351934602648
LSHADE-cnEpSin,F12,10,29,166.38750694155897
LSHADE-RSP,F12,10,0,165.83767187153398
LSHADE-RSP,F12,10,1,165.83767187153398
LSHADE-RSP,F12,10,2,165.83767187153398
LSHADE-RSP,F12,10,3,165.83767187153398
LSHADE-RSP,F12,10,4,165.83767187153398
LSHADE-RSP,F12,10,5,164.47351934602648
LSHADE-RSP,F12,10,6,165.83767187153398
LSHADE-RSP,F12,10,7,165.83767187153398
LSHADE-RSP,F12,10,8,165.83767187153398
LSHADE-RSP,F12,10,9,165.83767187153398
LSHADE-RSP,F12,10,10,165.83767187153398
LSHADE-RSP,F12,10,11,165.83767187153398
LSHADE-RSP,F12,10,12,165.46842172031893
LSHADE-RSP,F12,10,13,164.47351934602648
LSHADE-RSP,F12,10,14,165.46842172031893
LSHADE-RSP,F12,10,15,165.83767187153398
LSHADE-RSP,F12,10,16,165.46842172031893
LSHADE-RSP,F12,10,17,165.46842172031893
LSHADE-RSP,F12,10,18,164.47351934602648
LSHADE-RSP,F12,10,19,165.89175687693023
LSHADE-RSP,F12,10,20,165.89175687693023
LSHADE-RSP,F12,10,21,165.83767187153398
LSHADE-RSP,F12,10,22,165.83767187153398
LSHADE-RSP,F12,10,23,166.38750694155897
LSHADE-RSP,F12,10,24,164.47351934602648
LSHADE-RSP,F12,10,25,165.83767187153398
LSHADE-RSP,F12,10,26,165.83767187153398
LSHADE-RSP,F12,10,27,166.38750694155897
LSHADE-RSP,F12,10,28,166.37284417755245
LSHADE-RSP,F12,10,29,165.83767187153398
jSO,F12,10,0,166.38750694155897
jSO,F12,10,1,164.47351934602648
jSO,F12,10,2,164.47351934602648
jSO,F12,10,3,164.47351934602648
jSO,F12,10,4,164.47351934602648
jSO,F12,10,5,164.47351934602648
jSO,F12,10,6,165.46842172031893
jSO,F12,10,7,164.47351934602648
jSO,F12,10,8,164.47351934602648
jSO,F12,10,9,164.47351934602648
jSO,F12,10,10,164.47351934602648
jSO,F12,10,11,165.83767187153398
jSO,F12,10,12,164.89754759195785
jSO,F12,10,13,164.47351934602648
jSO,F12,10,14,165.46842172031893
jSO,F12,10,15,164.47351934602648
jSO,F12,10,16,164.47351934602648
jSO,F12,10,17,165.83767187153398
jSO,F12,10,18,164.47351934602648
jSO,F12,10,19,164.89754759195785
jSO,F12,10,20,164.47351934602648
jSO,F12,10,21,165.46842172031893
jSO,F12,10,22,164.47351934602648
jSO,F12,10,23,164.47351934602648
jSO,F12,10,24,165.83767187153398
jSO,F12,10,25,165.83767187153398
jSO,F12,10,26,164.47351934602648
jSO,F12,10,27,164.47351934602648
jSO,F12,10,28,164.47351934602648
jSO,F12,10,29,164.47351934602648
L-SHADE,F12,10,0,166.38750694155897
L-SHADE,F12,10,1,165.83767187153398
L-SHADE,F12,10,2,165.46842172031893
L-SHADE,F12,10,3,165.89175687693023
L-SHADE,F12,10,4,165.46842172031893
L-SHADE,F12,10,5,164.47351934602648
L-SHADE,F12,10,6,164.47351934602648
L-SHADE,F12,10,7,165.83767187153398
L-SHADE,F12,10,8,164.47351934602648
L-SHADE,F12,10,9,165.89175687693023
L-SHADE,F12,10,10,165.46842172031893
L-SHADE,F12,10,11,164.47351934602648
L-SHADE,F12,10,12,165.46842172031893
L-SHADE,F12,10,13,165.89175687693023
L-SHADE,F12,10,14,165.89175687693023
L-SHADE,F12,10,15,165.46842172031893
L-SHADE,F12,10,16,165.83767187153398
L-SHADE,F12,10,17,165.83767187153398
L-SHADE,F12,10,18,165.46842172031893
L-SHADE,F12,10,19,164.01394544805407
L-SHADE,F12,10,20,165.89175687693023
L-SHADE,F12,10,21,164.47351934602648
L-SHADE,F12,10,22,165.46842172031893
L-SHADE,F12,10,23,164.47351934602648
L-SHADE,F12,10,24,165.89175687693023
L-SHADE,F12,10,25,166.38750694155897
L-SHADE,F12,10,26,165.46842172031893
L-SHADE,F12,10,27,164.47351934602648
L-SHADE,F12,10,28,164.47351934602648
L-SHADE,F12,10,29,164.47351934602648
CMA-ES,F12,10,0,168.79082016132998
CMA-ES,F12,10,1,167.48725815749822
CMA-ES,F12,10,2,166.2181802235773
CMA-ES,F12,10,3,165.91000055736777
CMA-ES,F12,10,4,166.56521700411895
CMA-ES,F12,10,5,168.18290298355396
CMA-ES,F12,10,6,168.05797059392216
CMA-ES,F12,10,7,168.9438239804822
CMA-ES,F12,10,8,168.57441416479514
CMA-ES,F12,10,9,168.26279261607897
CMA-ES,F12,10,10,166.56521700412895
CMA-ES,F12,10,11,168.9642637702932
CMA-ES,F12,10,12,168.25414569372424
CMA-ES,F12,10,13,168.39507285724267
CMA-ES,F12,10,14,167.15569850911334
CMA-ES,F12,10,15,167.48725815749822
CMA-ES,F12,10,16,167.7384433648822
CMA-ES,F12,10,17,167.7497178749304
CMA-ES,F12,10,18,167.4280206263411
CMA-ES,F12,10,19,166.56521700477015
CMA-ES,F12,10,20,167.5366861676107
CMA-ES,F12,10,21,165.91000055736822
CMA-ES,F12,10,22,166.45671988318873
CMA-ES,F12,10,23,167.31344932158345
CMA-ES,F12,10,24,168.37186068482788
CMA-ES,F12,10,25,168.18290298355396
CMA-ES,F12,10,26,166.45671988318827
CMA-ES,F12,10,27,166.56521700411895
CMA-ES,F12,10,28,167.1556985091156
CMA-ES,F12,10,29,167.20499469536617
ACE-SHADE,F12,20,0,238.2850342651332
ACE-SHADE,F12,20,1,253.6165498735877
ACE-SHADE,F12,20,2,239.94484709931064
ACE-SHADE,F12,20,3,239.94484709931064
ACE-SHADE,F12,20,4,253.35246532522297
ACE-SHADE,F12,20,5,238.2850342651332
ACE-SHADE,F12,20,6,244.4246041810111
ACE-SHADE,F12,20,7,248.50438212710375
ACE-SHADE,F12,20,8,246.3542003135599
ACE-SHADE,F12,20,9,240.46655543509587
ACE-SHADE,F12,20,10,245.081491082733
ACE-SHADE,F12,20,11,245.55041708110457
ACE-SHADE,F12,20,12,244.0523360239713
ACE-SHADE,F12,20,13,239.09318842165067
ACE-SHADE,F12,20,14,240.46655543509587
ACE-SHADE,F12,20,15,247.34854070607253
ACE-SHADE,F12,20,16,245.07761660733468
ACE-SHADE,F12,20,17,243.38813539379225
ACE-SHADE,F12,20,18,244.96480763771345
ACE-SHADE,F12,20,19,247.93368155843743
ACE-SHADE,F12,20,20,259.2964493329655
ACE-SHADE,F12,20,21,245.32239244533596
ACE-SHADE,F12,20,22,249.1711853215361
ACE-SHADE,F12,20,23,239.09318842165067
ACE-SHADE,F12,20,24,252.2001498533732
ACE-SHADE,F12,20,25,245.4877405940024
ACE-SHADE,F12,20,26,240.46655543509587
ACE-SHADE,F12,20,27,245.35200937573245
ACE-SHADE,F12,20,28,243.3069060892149
ACE-SHADE,F12,20,29,239.09318842165067
CMA-ES,F12,20,0,251.270516274506
CMA-ES,F12,20,1,241.27197404392743
CMA-ES,F12,20,2,251.3972711529891
CMA-ES,F12,20,3,246.61492472617465
CMA-ES,F12,20,4,267.7102908090901
CMA-ES,F12,20,5,246.13318597007947
CMA-ES,F12,20,6,247.3451692628987
CMA-ES,F12,20,7,253.81156860782448
CMA-ES,F12,20,8,244.80372544614784
CMA-ES,F12,20,9,243.59394346489532
CMA-ES,F12,20,10,242.5360534548281
CMA-ES,F12,20,11,242.5554075818377
CMA-ES,F12,20,12,252.22560180899157
CMA-ES,F12,20,13,247.7092531832068
CMA-ES,F12,20,14,246.5213250466727
CMA-ES,F12,20,15,250.5000843486314
CMA-ES,F12,20,16,246.56690330288572
CMA-ES,F12,20,17,250.43812639095404
CMA-ES,F12,20,18,249.64890964950652
CMA-ES,F12,20,19,248.6149887548495
CMA-ES,F12,20,20,242.63834925999072
CMA-ES,F12,20,21,245.4237848036355
CMA-ES,F12,20,22,246.72386814606807
CMA-ES,F12,20,23,255.18231251749148
CMA-ES,F12,20,24,247.6194947511899
CMA-ES,F12,20,25,244.13331445582435
CMA-ES,F12,20,26,253.67393101975267
CMA-ES,F12,20,27,248.95090791812936
CMA-ES,F12,20,28,243.6054704225849
CMA-ES,F12,20,29,251.8150955058204
LSHADE-RSP,F12,20,0,238.40650055634117
LSHADE-RSP,F12,20,1,238.2850342651336
LSHADE-RSP,F12,20,2,239.94484709931064
LSHADE-RSP,F12,20,3,238.2850342651332
LSHADE-RSP,F12,20,4,239.94484709931064
LSHADE-RSP,F12,20,5,245.42703802378173
LSHADE-RSP,F12,20,6,238.93905113198437
LSHADE-RSP,F12,20,7,238.2850342651332
LSHADE-RSP,F12,20,8,239.94484709931064
LSHADE-RSP,F12,20,9,238.2850342651332
LSHADE-RSP,F12,20,10,238.2850342651332
LSHADE-RSP,F12,20,11,239.3284913017419
LSHADE-RSP,F12,20,12,238.40650055634117
LSHADE-RSP,F12,20,13,238.2850342651332
LSHADE-RSP,F12,20,14,239.94484709931064
LSHADE-RSP,F12,20,15,237.63817854814303
LSHADE-RSP,F12,20,16,238.14268596930836
LSHADE-RSP,F12,20,17,245.42703802378173
LSHADE-RSP,F12,20,18,238.2850342651336
LSHADE-RSP,F12,20,19,237.63817854814303
LSHADE-RSP,F12,20,20,236.4735989640517
LSHADE-RSP,F12,20,21,238.4986411462587
LSHADE-RSP,F12,20,22,238.14268596930836
LSHADE-RSP,F12,20,23,238.2850342651332
LSHADE-RSP,F12,20,24,238.07054028038056
LSHADE-RSP,F12,20,25,238.1426859693088
LSHADE-RSP,F12,20,26,247.7606436233505
LSHADE-RSP,F12,20,27,238.2850342651332
LSHADE-RSP,F12,20,28,238.2850342651336
LSHADE-RSP,F12,20,29,239.94484709931064
LSHADE-SPACMA,F12,20,0,238.4986411462587
LSHADE-SPACMA,F12,20,1,239.50866046945248
LSHADE-SPACMA,F12,20,2,238.2850342651336
LSHADE-SPACMA,F12,20,3,238.2850342651336
LSHADE-SPACMA,F12,20,4,238.2850342651336
LSHADE-SPACMA,F12,20,5,238.2850342651336
LSHADE-SPACMA,F12,20,6,239.5089299435276
LSHADE-SPACMA,F12,20,7,238.40650055634117
LSHADE-SPACMA,F12,20,8,238.4986411462587
LSHADE-SPACMA,F12,20,9,238.2850342651336
LSHADE-SPACMA,F12,20,10,239.50866046945248
LSHADE-SPACMA,F12,20,11,239.50866046945248
LSHADE-SPACMA,F12,20,12,238.2850342651336
LSHADE-SPACMA,F12,20,13,239.5089299435276
LSHADE-SPACMA,F12,20,14,240.19331679551212
LSHADE-SPACMA,F12,20,15,238.2850342651336
LSHADE-SPACMA,F12,20,16,238.2850342651332
LSHADE-SPACMA,F12,20,17,239.4973555368952
LSHADE-SPACMA,F12,20,18,238.2850342651332
LSHADE-SPACMA,F12,20,19,238.2850342651336
LSHADE-SPACMA,F12,20,20,239.5089299435276
LSHADE-SPACMA,F12,20,21,240.8685645576502
LSHADE-SPACMA,F12,20,22,238.2850342651336
LSHADE-SPACMA,F12,20,23,239.50866046945248
LSHADE-SPACMA,F12,20,24,238.2850342651336
LSHADE-SPACMA,F12,20,25,239.50866046945248
LSHADE-SPACMA,F12,20,26,239.3503615672344
LSHADE-SPACMA,F12,20,27,239.09318842165067
LSHADE-SPACMA,F12,20,28,238.2850342651332
LSHADE-SPACMA,F12,20,29,239.50866046945248
LSHADE-cnEpSin,F12,20,0,238.2850342651336
LSHADE-cnEpSin,F12,20,1,240.46655543509587
LSHADE-cnEpSin,F12,20,2,238.2850342651336
LSHADE-cnEpSin,F12,20,3,238.4986411462587
LSHADE-cnEpSin,F12,20,4,239.4973555368952
LSHADE-cnEpSin,F12,20,5,238.4986411462587
LSHADE-cnEpSin,F12,20,6,238.4986411462587
LSHADE-cnEpSin,F12,20,7,243.38813539379225
LSHADE-cnEpSin,F12,20,8,239.5089299435276
LSHADE-cnEpSin,F12,20,9,242.81030452559756
LSHADE-cnEpSin,F12,20,10,242.81030452559756
LSHADE-cnEpSin,F12,20,11,239.94484709931064
LSHADE-cnEpSin,F12,20,12,243.77303059970652
LSHADE-cnEpSin,F12,20,13,239.4973555368952
LSHADE-cnEpSin,F12,20,14,239.3284913017419
LSHADE-cnEpSin,F12,20,15,240.46655543509587
LSHADE-cnEpSin,F12,20,16,238.4986411462587
LSHADE-cnEpSin,F12,20,17,238.34014704288893
LSHADE-cnEpSin,F12,20,18,244.86677568852477
LSHADE-cnEpSin,F12,20,19,238.1426859693088
LSHADE-cnEpSin,F12,20,20,238.4986411462587
LSHADE-cnEpSin,F12,20,21,243.48837434408412
LSHADE-cnEpSin,F12,20,22,239.94484709931064
LSHADE-cnEpSin,F12,20,23,239.09318842165067
LSHADE-cnEpSin,F12,20,24,238.40650055634117
LSHADE-cnEpSin,F12,20,25,238.49309975601045
LSHADE-cnEpSin,F12,20,26,241.34533302181035
LSHADE-cnEpSin,F12,20,27,242.94021759602535
LSHADE-cnEpSin,F12,20,28,238.1426859693088
LSHADE-cnEpSin,F12,20,29,243.38813539379225
L-SHADE,F12,20,0,238.2850342651336
L-SHADE,F12,20,1,239.09318842165067
L-SHADE,F12,20,2,238.2850342651336
L-SHADE,F12,20,3,238.2850342651332
L-SHADE,F12,20,4,238.2850342651336
L-SHADE,F12,20,5,238.2850342651336
L-SHADE,F12,20,6,238.2850342651336
L-SHADE,F12,20,7,238.2850342651336
L-SHADE,F12,20,8,238.2850342651336
L-SHADE,F12,20,9,238.2850342651336
L-SHADE,F12,20,10,238.2850342651336
L-SHADE,F12,20,11,238.2850342651336
L-SHADE,F12,20,12,238.2850342651336
L-SHADE,F12,20,13,238.2850342651336
L-SHADE,F12,20,14,238.2850342651336
L-SHADE,F12,20,15,238.2850342651336
L-SHADE,F12,20,16,238.2850342651336
L-SHADE,F12,20,17,238.2850342651336
L-SHADE,F12,20,18,238.2850342651336
L-SHADE,F12,20,19,238.2850342651336
L-SHADE,F12,20,20,238.2850342651336
L-SHADE,F12,20,21,238.2850342651336
L-SHADE,F12,20,22,238.2850342651336
L-SHADE,F12,20,23,238.2850342651336
L-SHADE,F12,20,24,238.2850342651336
L-SHADE,F12,20,25,238.2850342651336
L-SHADE,F12,20,26,238.2850342651336
L-SHADE,F12,20,27,239.4973555368952
L-SHADE,F12,20,28,239.09318842165067
L-SHADE,F12,20,29,238.2850342651336
NL-SHADE-RSP,F12,20,0,238.2850342651336
NL-SHADE-RSP,F12,20,1,234.852658475962
NL-SHADE-RSP,F12,20,2,235.3165769832599
NL-SHADE-RSP,F12,20,3,234.8720012129911
NL-SHADE-RSP,F12,20,4,234.85265847596247
NL-SHADE-RSP,F12,20,5,234.87669541911828
NL-SHADE-RSP,F12,20,6,235.31657698325944
NL-SHADE-RSP,F12,20,7,234.852658475962
NL-SHADE-RSP,F12,20,8,235.31657698325944
NL-SHADE-RSP,F12,20,9,234.852658475962
NL-SHADE-RSP,F12,20,10,234.852658475962
NL-SHADE-RSP,F12,20,11,235.31657698325944
NL-SHADE-RSP,F12,20,12,234.85265847596247
NL-SHADE-RSP,F12,20,13,235.3165769832599
NL-SHADE-RSP,F12,20,14,234.8731910467677
NL-SHADE-RSP,F12,20,15,235.4308268017089
NL-SHADE-RSP,F12,20,16,234.85265847596293
NL-SHADE-RSP,F12,20,17,235.33404231018585
NL-SHADE-RSP,F12,20,18,235.31657698326129
NL-SHADE-RSP,F12,20,19,234.86370101913965
NL-SHADE-RSP,F12,20,20,234.85265847596293
NL-SHADE-RSP,F12,20,21,237.63817854814303
NL-SHADE-RSP,F12,20,22,238.2850342651336
NL-SHADE-RSP,F12,20,23,238.2850342651336
NL-SHADE-RSP,F12,20,24,234.86216744305284
NL-SHADE-RSP,F12,20,25,234.87014311624853
NL-SHADE-RSP,F12,20,26,235.31657698325944
NL-SHADE-RSP,F12,20,27,237.63817854814303
NL-SHADE-RSP,F12,20,28,234.85265847596293
NL-SHADE-RSP,F12,20,29,235.3165769832599
jSO,F12,20,0,238.2850342651336
jSO,F12,20,1,238.2850342651336
jSO,F12,20,2,238.2850342651332
jSO,F12,20,3,238.93905113198437
jSO,F12,20,4,238.4986411462587
jSO,F12,20,5,238.40650055634117
jSO,F12,20,6,239.4899120516684
jSO,F12,20,7,240.3696095569794
jSO,F12,20,8,238.4986411462587
jSO,F12,20,9,239.4899120516684
jSO,F12,20,10,238.2850342651332
jSO,F12,20,11,238.40650055634117
jSO,F12,20,12,235.402863157562
jSO,F12,20,13,238.2850342651332
jSO,F12,20,14,235.402863157562
jSO,F12,20,15,238.2850342651336
jSO,F12,20,16,238.2850342651332
jSO,F12,20,17,238.4986411462587
jSO,F12,20,18,235.402863157562
jSO,F12,20,19,238.2850342651336
jSO,F12,20,20,239.09318842165067
jSO,F12,20,21,235.402863157562
jSO,F12,20,22,238.2850342651332
jSO,F12,20,23,238.4986411462587
jSO,F12,20,24,235.31657698325944
jSO,F12,20,25,238.2850342651332
jSO,F12,20,26,244.86677568852477
jSO,F12,20,27,239.09318842165067
jSO,F12,20,28,239.4899120516684
jSO,F12,20,29,238.2850342651336
ACE-SHADE,F2,10,0,0.0
ACE-SHADE,F2,10,1,0.0
ACE-SHADE,F2,10,2,3.986579112347158
ACE-SHADE,F2,10,3,8.916101927781312
ACE-SHADE,F2,10,4,0.0
ACE-SHADE,F2,10,5,3.986579112347158
ACE-SHADE,F2,10,6,8.916101927781312
ACE-SHADE,F2,10,7,8.916101927781312
ACE-SHADE,F2,10,8,8.916101927781312
ACE-SHADE,F2,10,9,8.916101927781312
ACE-SHADE,F2,10,10,3.986579112347158
ACE-SHADE,F2,10,11,3.986579112347158
ACE-SHADE,F2,10,12,3.986579112347158
ACE-SHADE,F2,10,13,8.916101927781312
ACE-SHADE,F2,10,14,8.916101927781312
ACE-SHADE,F2,10,15,3.986579112347158
ACE-SHADE,F2,10,16,0.0
ACE-SHADE,F2,10,17,3.986579112347158
ACE-SHADE,F2,10,18,8.916101927781312
ACE-SHADE,F2,10,19,0.0
ACE-SHADE,F2,10,20,3.986579112347158
ACE-SHADE,F2,10,21,0.0
ACE-SHADE,F2,10,22,0.0
ACE-SHADE,F2,10,23,0.0
ACE-SHADE,F2,10,24,3.986579112347158
ACE-SHADE,F2,10,25,8.916101927781312
ACE-SHADE,F2,10,26,3.986579112347158
ACE-SHADE,F2,10,27,3.986579112347158
ACE-SHADE,F2,10,28,0.0
ACE-SHADE,F2,10,29,0.0
NL-SHADE-RSP,F2,10,0,0.0
NL-SHADE-RSP,F2,10,1,0.0
NL-SHADE-RSP,F2,10,2,0.0
NL-SHADE-RSP,F2,10,3,0.0
NL-SHADE-RSP,F2,10,4,0.0
NL-SHADE-RSP,F2,10,5,0.0
NL-SHADE-RSP,F2,10,6,0.0
NL-SHADE-RSP,F2,10,7,0.0
NL-SHADE-RSP,F2,10,8,0.0
NL-SHADE-RSP,F2,10,9,0.0
NL-SHADE-RSP,F2,10,10,0.0
NL-SHADE-RSP,F2,10,11,0.0
NL-SHADE-RSP,F2,10,12,0.0
NL-SHADE-RSP,F2,10,13,0.0
NL-SHADE-RSP,F2,10,14,8.916101927781312
NL-SHADE-RSP,F2,10,15,0.0
NL-SHADE-RSP,F2,10,16,0.0
NL-SHADE-RSP,F2,10,17,0.0
NL-SHADE-RSP,F2,10,18,0.0
NL-SHADE-RSP,F2,10,19,0.0
NL-SHADE-RSP,F2,10,20,3.986579112347158
NL-SHADE-RSP,F2,10,21,0.0
NL-SHADE-RSP,F2,10,22,0.0
NL-SHADE-RSP,F2,10,23,0.0
NL-SHADE-RSP,F2,10,24,0.0
NL-SHADE-RSP,F2,10,25,0.0
NL-SHADE-RSP,F2,10,26,0.0
NL-SHADE-RSP,F2,10,27,0.0
NL-SHADE-RSP,F2,10,28,0.0
NL-SHADE-RSP,F2,10,29,0.0
LSHADE-SPACMA,F2,10,0,3.986579112347158
LSHADE-SPACMA,F2,10,1,0.0
LSHADE-SPACMA,F2,10,2,0.0
LSHADE-SPACMA,F2,10,3,8.916101927781312
LSHADE-SPACMA,F2,10,4,8.916101927781312
LSHADE-SPACMA,F2,10,5,0.0
LSHADE-SPACMA,F2,10,6,0.0
LSHADE-SPACMA,F2,10,7,0.0
LSHADE-SPACMA,F2,10,8,8.916101927781312
LSHADE-SPACMA,F2,10,9,0.0
LSHADE-SPACMA,F2,10,10,0.0
LSHADE-SPACMA,F2,10,11,0.0
LSHADE-SPACMA,F2,10,12,8.916101927781312
LSHADE-SPACMA,F2,10,13,8.916101927781312
LSHADE-SPACMA,F2,10,14,8.916101927781312
LSHADE-SPACMA,F2,10,15,0.0
LSHADE-SPACMA,F2,10,16,3.986579112347158
LSHADE-SPACMA,F2,10,17,8.916101927781312
LSHADE-SPACMA,F2,10,18,8.916101927781312
LSHADE-SPACMA,F2,10,19,8.916101927781312
LSHADE-SPACMA,F2,10,20,0.0
LSHADE-SPACMA,F2,10,21,0.0
LSHADE-SPACMA,F2,10,22,8.916101927781312
LSHADE-SPACMA,F2,10,23,8.916101927781312
LSHADE-SPACMA,F2,10,24,0.0
LSHADE-SPACMA,F2,10,25,8.916101927781312
LSHADE-SPACMA,F2,10,26,0.0
LSHADE-SPACMA,F2,10,27,0.0
LSHADE-SPACMA,F2,10,28,8.916101927781312
LSHADE-SPACMA,F2,10,29,8.916101927781312
LSHADE-cnEpSin,F2,10,0,3.986579112347158
LSHADE-cnEpSin,F2,10,1,8.916101927781312
LSHADE-cnEpSin,F2,10,2,8.916101927781312
LSHADE-cnEpSin,F2,10,3,8.916101927781312
LSHADE-cnEpSin,F2,10,4,8.916101927781312
LSHADE-cnEpSin,F2,10,5,3.986579112347158
LSHADE-cnEpSin,F2,10,6,3.986579112347158
LSHADE-cnEpSin,F2,10,7,3.986579112347158
LSHADE-cnEpSin,F2,10,8,3.986579112347158
LSHADE-cnEpSin,F2,10,9,0.0
LSHADE-cnEpSin,F2,10,10,8.916101927781312
LSHADE-cnEpSin,F2,10,11,3.986579112347158
LSHADE-cnEpSin,F2,10,12,8.916101927781312
LSHADE-cnEpSin,F2,10,13,8.916101927781312
LSHADE-cnEpSin,F2,10,14,8.916101927781312
LSHADE-cnEpSin,F2,10,15,8.916101927781312
LSHADE-cnEpSin,F2,10,16,8.916101927781312
LSHADE-cnEpSin,F2,10,17,8.916101927781312
LSHADE-cnEpSin,F2,10,18,8.916101927781312
LSHADE-cnEpSin,F2,10,19,0.0
LSHADE-cnEpSin,F2,10,20,8.916101927781312
LSHADE-cnEpSin,F2,10,21,8.916101927781312
LSHADE-cnEpSin,F2,10,22,8.916101927781312
LSHADE-cnEpSin,F2,10,23,8.916101927781312
LSHADE-cnEpSin,F2,10,24,0.0
LSHADE-cnEpSin,F2,10,25,3.986579112347158
LSHADE-cnEpSin,F2,10,26,3.986579112347158
LSHADE-cnEpSin,F2,10,27,3.986579112347158
LSHADE-cnEpSin,F2,10,28,3.986579112347158
LSHADE-cnEpSin,F2,10,29,0.0
LSHADE-RSP,F2,10,0,8.916101927781312
LSHADE-RSP,F2,10,1,3.986579112347158
LSHADE-RSP,F2,10,2,3.986579112347158
LSHADE-RSP,F2,10,3,3.986579112347158
LSHADE-RSP,F2,10,4,3.986579112347158
LSHADE-RSP,F2,10,5,3.986579112347158
LSHADE-RSP,F2,10,6,3.986579112347158
LSHADE-RSP,F2,10,7,3.986579112347158
LSHADE-RSP,F2,10,8,3.986579112347158
LSHADE-RSP,F2,10,9,3.986579112347158
LSHADE-RSP,F2,10,10,3.986579112347158
LSHADE-RSP,F2,10,11,3.986579112347158
LSHADE-RSP,F2,10,12,3.986579112347158
LSHADE-RSP,F2,10,13,8.916101927781312
LSHADE-RSP,F2,10,14,3.986579112347158
LSHADE-RSP,F2,10,15,3.986579112347158
LSHADE-RSP,F2,10,16,3.986579112347158
LSHADE-RSP,F2,10,17,3.986579112347158
LSHADE-RSP,F2,10,18,3.986579112347158
LSHADE-RSP,F2,10,19,8.916101927781312
LSHADE-RSP,F2,10,20,3.986579112347158
LSHADE-RSP,F2,10,21,3.986579112347158
LSHADE-RSP,F2,10,22,8.916101927781312
LSHADE-RSP,F2,10,23,8.916101927781312
LSHADE-RSP,F2,10,24,3.986579112347158
LSHADE-RSP,F2,10,25,3.986579112347158
LSHADE-RSP,F2,10,26,3.986579112347158
LSHADE-RSP,F2,10,27,3.986579112347158
LSHADE-RSP,F2,10,28,3.986579112347158
LSHADE-RSP,F2,10,29,3.986579112347158
jSO,F2,10,0,3.986579112347158
jSO,F2,10,1,3.986579112347158
jSO,F2,10,2,3.986579112347158
jSO,F2,10,3,8.916101927781312
jSO,F2,10,4,8.916101927781312
jSO,F2,10,5,3.986579112347158
jSO,F2,10,6,3.986579112347158
jSO,F2,10,7,3.986579112347158
jSO,F2,10,8,8.916101927781312
jSO,F2,10,9,3.986579112347158
jSO,F2,10,10,3.986579112347158
jSO,F2,10,11,3.986579112347158
jSO,F2,10,12,8.916101927781312
jSO,F2,10,13,3.986579112347158
jSO,F2,10,14,3.986579112347158
jSO,F2,10,15,3.986579112347158
jSO,F2,10,16,3.986579112347158
jSO,F2,10,17,3.986579112347158
jSO,F2,10,18,3.986579112347158
jSO,F2,10,19,3.986579112347158
jSO,F2,10,20,3.986579112347158
jSO,F2,10,21,3.986579112347158
jSO,F2,10,22,3.986579112347158
jSO,F2,10,23,0.0
jSO,F2,10,24,8.916101927781312
jSO,F2,10,25,3.986579112347158
jSO,F2,10,26,3.986579112347158
jSO,F2,10,27,3.986579112347158
jSO,F2,10,28,0.0
jSO,F2,10,29,8.916101927781312
L-SHADE,F2,10,0,8.916101927781312
L-SHADE,F2,10,1,3.986579112347158
L-SHADE,F2,10,2,3.986579112347158
L-SHADE,F2,10,3,8.916101927781312
L-SHADE,F2,10,4,3.986579112347158
L-SHADE,F2,10,5,8.916101927781312
L-SHADE,F2,10,6,3.986579112347158
L-SHADE,F2,10,7,3.986579112347158
L-SHADE,F2,10,8,3.986579112347158
L-SHADE,F2,10,9,3.986579112347158
L-SHADE,F2,10,10,3.986579112347158
L-SHADE,F2,10,11,3.986579112347158
L-SHADE,F2,10,12,3.986579112347158
L-SHADE,F2,10,13,3.986579112347158
L-SHADE,F2,10,14,3.986579112347158
L-SHADE,F2,10,15,3.986579112347158
L-SHADE,F2,10,16,3.986579112347158
L-SHADE,F2,10,17,3.986579112347158
L-SHADE,F2,10,18,3.986579112347158
L-SHADE,F2,10,19,3.986579112347158
L-SHADE,F2,10,20,3.986579112347158
L-SHADE,F2,10,21,3.986579112347158
L-SHADE,F2,10,22,3.986579112347158
L-SHADE,F2,10,23,3.986579112347158
L-SHADE,F2,10,24,3.986579112347158
L-SHADE,F2,10,25,3.986579112347158
L-SHADE,F2,10,26,3.986579112347158
L-SHADE,F2,10,27,3.986579112347158
L-SHADE,F2,10,28,3.986579112347158
L-SHADE,F2,10,29,3.986579112347158
CMA-ES,F2,10,0,8.241276199264405
CMA-ES,F2,10,1,8.241276199264405
CMA-ES,F2,10,2,8.916101927781312
CMA-ES,F2,10,3,8.916101927781312
CMA-ES,F2,10,4,19.46166079670735
CMA-ES,F2,10,5,8.916101927781312
CMA-ES,F2,10,6,8.241276199264405
CMA-ES,F2,10,7,8.916101927781312
CMA-ES,F2,10,8,8.241276199264405
CMA-ES,F2,10,9,8.241276199264405
CMA-ES,F2,10,10,7.909911415265071
CMA-ES,F2,10,11,8.241276199264405
CMA-ES,F2,10,12,8.241276199264405
CMA-ES,F2,10,13,8.916101927781312
CMA-ES,F2,10,14,8.241276199264405
CMA-ES,F2,10,15,8.916101927781312
CMA-ES,F2,10,16,8.241276199264405
CMA-ES,F2,10,17,8.241276199264405
CMA-ES,F2,10,18,8.916101927781312
CMA-ES,F2,10,19,8.916101927781312
CMA-ES,F2,10,20,8.241276199264405
CMA-ES,F2,10,21,8.241276199264405
CMA-ES,F2,10,22,8.916101927781312
CMA-ES,F2,10,23,3.986579112347158
CMA-ES,F2,10,24,8.916101927781312
CMA-ES,F2,10,25,7.554121984667176
CMA-ES,F2,10,26,8.241276199264405
CMA-ES,F2,10,27,8.241276199264405
CMA-ES,F2,10,28,8.241276199264405
CMA-ES,F2,10,29,8.241276199264405
ACE-SHADE,F2,20,0,49.08447897948122
ACE-SHADE,F2,20,1,49.08447897948122
ACE-SHADE,F2,20,2,49.08447897948122
ACE-SHADE,F2,20,3,49.08447897948122
ACE-SHADE,F2,20,4,49.08447897948122
ACE-SHADE,F2,20,5,49.08447897948122
ACE-SHADE,F2,20,6,49.08447897948122
ACE-SHADE,F2,20,7,49.08447897948116
ACE-SHADE,F2,20,8,49.08447897948122
ACE-SHADE,F2,20,9,49.08447897948122
ACE-SHADE,F2,20,10,49.08447897948122
ACE-SHADE,F2,20,11,49.08447897948122
ACE-SHADE,F2,20,12,49.08447897948116
ACE-SHADE,F2,20,13,49.08447897948122
ACE-SHADE,F2,20,14,49.08447897948116
ACE-SHADE,F2,20,15,49.08447897948122
ACE-SHADE,F2,20,16,49.08447897948116
ACE-SHADE,F2,20,17,49.08447897948122
ACE-SHADE,F2,20,18,49.08447897948122
ACE-SHADE,F2,20,19,49.08447897948122
ACE-SHADE,F2,20,20,49.08447897948116
ACE-SHADE,F2,20,21,49.08447897948122
ACE-SHADE,F2,20,22,49.08447897948122
ACE-SHADE,F2,20,23,49.08447897948122
ACE-SHADE,F2,20,24,49.08447897948122
ACE-SHADE,F2,20,25,49.08447897948122
ACE-SHADE,F2,20,26,49.08447897948122
ACE-SHADE,F2,20,27,49.08447897948122
ACE-SHADE,F2,20,28,49.08447897948122
ACE-SHADE,F2,20,29,49.08447897948116
CMA-ES,F2,20,0,49.08447897948122
CMA-ES,F2,20,1,49.08447897948122
CMA-ES,F2,20,2,49.08447897948122
CMA-ES,F2,20,3,45.63048902744333
CMA-ES,F2,20,4,45.63048902744328
CMA-ES,F2,20,5,49.08447897948122
CMA-ES,F2,20,6,49.08447897948122
CMA-ES,F2,20,7,45.63048902744333
CMA-ES,F2,20,8,49.08447897948122
CMA-ES,F2,20,9,49.08447897948122
CMA-ES,F2,20,10,45.63048902744333
CMA-ES,F2,20,11,49.08447897948122
CMA-ES,F2,20,12,49.08447897948122
CMA-ES,F2,20,13,0.0
CMA-ES,F2,20,14,44.89546931745133
CMA-ES,F2,20,15,45.63048902744328
CMA-ES,F2,20,16,5.684341886080803e-14
CMA-ES,F2,20,17,45.63048902744333
CMA-ES,F2,20,18,49.08447897948122
CMA-ES,F2,20,19,49.08447897948122
CMA-ES,F2,20,20,49.08447897948122
CMA-ES,F2,20,21,20.557629104302805
CMA-ES,F2,20,22,49.08447897948122
CMA-ES,F2,20,23,6.672868884248373
CMA-ES,F2,20,24,49.08447897948122
CMA-ES,F2,20,25,49.08447897948122
CMA-ES,F2,20,26,45.63048902744328
CMA-ES,F2,20,27,44.89546931745133
CMA-ES,F2,20,28,11.535296929121728
CMA-ES,F2,20,29,45.63048902744333
LSHADE-RSP,F2,20,0,49.08447897948122
LSHADE-RSP,F2,20,1,44.89546931745133
LSHADE-RSP,F2,20,2,44.89546931745133
LSHADE-RSP,F2,20,3,44.89546931745133
LSHADE-RSP,F2,20,4,44.89546931745133
LSHADE-RSP,F2,20,5,44.89546931745133
LSHADE-RSP,F2,20,6,44.89546931745133
LSHADE-RSP,F2,20,7,44.89546931745133
LSHADE-RSP,F2,20,8,44.89546931745133
LSHADE-RSP,F2,20,9,49.08447897948122
LSHADE-RSP,F2,20,10,44.89546931745133
LSHADE-RSP,F2,20,11,44.89546931745133
LSHADE-RSP,F2,20,12,44.89546931745133
LSHADE-RSP,F2,20,13,44.89546931745133
LSHADE-RSP,F2,20,14,44.89546931745133
LSHADE-RSP,F2,20,15,44.89546931745133
LSHADE-RSP,F2,20,16,44.89546931745133
LSHADE-RSP,F2,20,17,44.89546931745133
LSHADE-RSP,F2,20,18,44.89546931745133
LSHADE-RSP,F2,20,19,44.89546931745133
LSHADE-RSP,F2,20,20,44.89546931745133
LSHADE-RSP,F2,20,21,49.08447897948122
LSHADE-RSP,F2,20,22,44.89546931745133
LSHADE-RSP,F2,20,23,49.08447897948122
LSHADE-RSP,F2,20,24,44.89546931745133
LSHADE-RSP,F2,20,25,44.89546931745133
LSHADE-RSP,F2,20,26,49.08447897948122
LSHADE-RSP,F2,20,27,44.89546931745133
LSHADE-RSP,F2,20,28,44.89546931745133
LSHADE-RSP,F2,20,29,44.89546931745133
LSHADE-SPACMA,F2,20,0,49.08447897948122
LSHADE-SPACMA,F2,20,1,49.08447897948122
LSHADE-SPACMA,F2,20,2,49.08447897948122
LSHADE-SPACMA,F2,20,3,49.08447897948122
LSHADE-SPACMA,F2,20,4,49.08447897948122
LSHADE-SPACMA,F2,20,5,49.08447897948122
LSHADE-SPACMA,F2,20,6,49.08447897948116
LSHADE-SPACMA,F2,20,7,49.08447897948122
LSHADE-SPACMA,F2,20,8,49.08447897948122
LSHADE-SPACMA,F2,20,9,49.08447897948122
LSHADE-SPACMA,F2,20,10,49.08447897948122
LSHADE-SPACMA,F2,20,11,49.08447897948122
LSHADE-SPACMA,F2,20,12,49.08447897948122
LSHADE-SPACMA,F2,20,13,49.08447897948122
LSHADE-SPACMA,F2,20,14,49.08447897948122
LSHADE-SPACMA,F2,20,15,49.08447897948122
LSHADE-SPACMA,F2,20,16,49.08447897948122
LSHADE-SPACMA,F2,20,17,49.08447897948122
LSHADE-SPACMA,F2,20,18,49.08447897948116
LSHADE-SPACMA,F2,20,19,49.08447897948122
LSHADE-SPACMA,F2,20,20,49.08447897948116
LSHADE-SPACMA,F2,20,21,49.08447897948122
LSHADE-SPACMA,F2,20,22,49.08447897948122
LSHADE-SPACMA,F2,20,23,49.08447897948122
LSHADE-SPACMA,F2,20,24,49.08447897948122
LSHADE-SPACMA,F2,20,25,49.08447897948122
LSHADE-SPACMA,F2,20,26,49.08447897948122
LSHADE-SPACMA,F2,20,27,49.08447897948122
LSHADE-SPACMA,F2,20,28,49.08447897948116
LSHADE-SPACMA,F2,20,29,49.08447897948122
LSHADE-cnEpSin,F2,20,0,44.89546931745133
LSHADE-cnEpSin,F2,20,1,49.08447897948122
LSHADE-cnEpSin,F2,20,2,49.08447897948122
LSHADE-cnEpSin,F2,20,3,49.08447897948122
LSHADE-cnEpSin,F2,20,4,49.08447897948122
LSHADE-cnEpSin,F2,20,5,49.08447897948122
LSHADE-cnEpSin,F2,20,6,49.08447897948122
LSHADE-cnEpSin,F2,20,7,49.08447897948122
LSHADE-cnEpSin,F2,20,8,49.08447897948122
LSHADE-cnEpSin,F2,20,9,49.08447897948122
LSHADE-cnEpSin,F2,20,10,49.08447897948122
LSHADE-cnEpSin,F2,20,11,49.08447897948122
LSHADE-cnEpSin,F2,20,12,49.08447897948122
LSHADE-cnEpSin,F2,20,13,44.89546931745133
LSHADE-cnEpSin,F2,20,14,49.08447897948122
LSHADE-cnEpSin,F2,20,15,49.08447897948122
LSHADE-cnEpSin,F2,20,16,49.08447897948122
LSHADE-cnEpSin,F2,20,17,49.08447897948122
LSHADE-cnEpSin,F2,20,18,49.08447897948122
LSHADE-cnEpSin,F2,20,19,49.08447897948122
LSHADE-cnEpSin,F2,20,20,44.89546931745133
LSHADE-cnEpSin,F2,20,21,44.89546931745133
LSHADE-cnEpSin,F2,20,22,49.08447897948122
LSHADE-cnEpSin,F2,20,23,49.08447897948122
LSHADE-cnEpSin,F2,20,24,44.89546931745133
LSHADE-cnEpSin,F2,20,25,49.08447897948122
LSHADE-cnEpSin,F2,20,26,49.08447897948122
LSHADE-cnEpSin,F2,20,27,49.08447897948122
LSHADE-cnEpSin,F2,20,28,49.08447897948122
LSHADE-cnEpSin,F2,20,29,44.89546931745133
L-SHADE,F2,20,0,49.08447897948122
L-SHADE,F2,20,1,49.08447897948122
L-SHADE,F2,20,2,49.08447897948122
L-SHADE,F2,20,3,49.08447897948122
L-SHADE,F2,20,4,49.08447897948122
L-SHADE,F2,20,5,49.08447897948122
L-SHADE,F2,20,6,49.08447897948122
L-SHADE,F2,20,7,49.08447897948122
L-SHADE,F2,20,8,49.08447897948122
L-SHADE,F2,20,9,49.08447897948122
L-SHADE,F2,20,10,49.08447897948122
L-SHADE,F2,20,11,49.08447897948122
L-SHADE,F2,20,12,49.08447897948122
L-SHADE,F2,20,13,49.08447897948122
L-SHADE,F2,20,14,49.08447897948122
L-SHADE,F2,20,15,49.08447897948122
L-SHADE,F2,20,16,44.89546931745133
L-SHADE,F2,20,17,49.08447897948122
L-SHADE,F2,20,18,49.08447897948122
L-SHADE,F2,20,19,49.08447897948122
L-SHADE,F2,20,20,49.08447897948122
L-SHADE,F2,20,21,49.08447897948122
L-SHADE,F2,20,22,49.08447897948122
L-SHADE,F2,20,23,49.08447897948122
L-SHADE,F2,20,24,49.08447897948122
L-SHADE,F2,20,25,44.89546931745133
L-SHADE,F2,20,26,49.08447897948122
L-SHADE,F2,20,27,49.08447897948122
L-SHADE,F2,20,28,49.08447897948122
L-SHADE,F2,20,29,49.08447897948122
NL-SHADE-RSP,F2,20,0,49.08447897948122
NL-SHADE-RSP,F2,20,1,49.08447897948122
NL-SHADE-RSP,F2,20,2,49.08447897948122
NL-SHADE-RSP,F2,20,3,49.08447897948122
NL-SHADE-RSP,F2,20,4,49.08447897948122
NL-SHADE-RSP,F2,20,5,49.08447897948122
NL-SHADE-RSP,F2,20,6,49.08447897948122
NL-SHADE-RSP,F2,20,7,49.08447897948122
NL-SHADE-RSP,F2,20,8,49.08447897948122
NL-SHADE-RSP,F2,20,9,49.08447897948122
NL-SHADE-RSP,F2,20,10,49.08447897948122
NL-SHADE-RSP,F2,20,11,49.08447897948122
NL-SHADE-RSP,F2,20,12,49.08447897948122
NL-SHADE-RSP,F2,20,13,49.08447897948122
NL-SHADE-RSP,F2,20,14,49.08447897948122
NL-SHADE-RSP,F2,20,15,49.08447897948122
NL-SHADE-RSP,F2,20,16,49.08447897948122
NL-SHADE-RSP,F2,20,17,49.08447897948122
NL-SHADE-RSP,F2,20,18,49.08447897948122
NL-SHADE-RSP,F2,20,19,49.08447897948122
NL-SHADE-RSP,F2,20,20,49.08447897948122
NL-SHADE-RSP,F2,20,21,49.08447897948122
NL-SHADE-RSP,F2,20,22,49.08447897948122
NL-SHADE-RSP,F2,20,23,49.08447897948122
NL-SHADE-RSP,F2,20,24,49.08447897948122
NL-SHADE-RSP,F2,20,25,49.08447897948122
NL-SHADE-RSP,F2,20,26,49.08447897948122
NL-SHADE-RSP,F2,20,27,49.08447897948122
NL-SHADE-RSP,F2,20,28,49.08447897948122
NL-SHADE-RSP,F2,20,29,49.08447897948122
jSO,F2,20,0,49.08447897948122
jSO,F2,20,1,44.89546931745133
jSO,F2,20,2,44.89546931745133
jSO,F2,20,3,44.89546931745133
jSO,F2,20,4,44.89546931745133
jSO,F2,20,5,49.08447897948122
jSO,F2,20,6,49.08447897948122
jSO,F2,20,7,49.08447897948122
jSO,F2,20,8,44.89546931745133
jSO,F2,20,9,49.08447897948122
jSO,F2,20,10,49.08447897948122
jSO,F2,20,11,44.89546931745133
jSO,F2,20,12,44.89546931745133
jSO,F2,20,13,49.08447897948122
jSO,F2,20,14,44.89546931745133
jSO,F2,20,15,49.08447897948122
jSO,F2,20,16,49.08447897948122
jSO,F2,20,17,49.08447897948122
jSO,F2,20,18,49.08447897948122
jSO,F2,20,19,44.89546931745133
jSO,F2,20,20,44.89546931745133
jSO,F2,20,21,44.89546931745133
jSO,F2,20,22,49.08447897948122
jSO,F2,20,23,44.89546931745133
jSO,F2,20,24,49.08447897948122
jSO,F2,20,25,44.89546931745133
jSO,F2,20,26,44.89546931745133
jSO,F2,20,27,44.89546931745133
jSO,F2,20,28,44.89546931745133
jSO,F2,20,29,49.08447897948122
ACE-SHADE,F3,10,0,0.0
ACE-SHADE,F3,10,1,0.0
ACE-SHADE,F3,10,2,0.0
ACE-SHADE,F3,10,3,0.0
ACE-SHADE,F3,10,4,0.0
ACE-SHADE,F3,10,5,0.0
ACE-SHADE,F3,10,6,0.0
ACE-SHADE,F3,10,7,0.0
ACE-SHADE,F3,10,8,0.0
ACE-SHADE,F3,10,9,0.0
ACE-SHADE,F3,10,10,0.0
ACE-SHADE,F3,10,11,0.0
ACE-SHADE,F3,10,12,0.0
ACE-SHADE,F3,10,13,0.0
ACE-SHADE,F3,10,14,0.0
ACE-SHADE,F3,10,15,0.0
ACE-SHADE,F3,10,16,0.0
ACE-SHADE,F3,10,17,0.0
ACE-SHADE,F3,10,18,0.0
ACE-SHADE,F3,10,19,0.0
ACE-SHADE,F3,10,20,0.0
ACE-SHADE,F3,10,21,0.0
ACE-SHADE,F3,10,22,0.0
ACE-SHADE,F3,10,23,0.0
ACE-SHADE,F3,10,24,0.0
ACE-SHADE,F3,10,25,0.0
ACE-SHADE,F3,10,26,0.0
ACE-SHADE,F3,10,27,0.0
ACE-SHADE,F3,10,28,0.0
ACE-SHADE,F3,10,29,0.0
NL-SHADE-RSP,F3,10,0,0.0
NL-SHADE-RSP,F3,10,1,0.0
NL-SHADE-RSP,F3,10,2,0.0
NL-SHADE-RSP,F3,10,3,0.0
NL-SHADE-RSP,F3,10,4,0.0
NL-SHADE-RSP,F3,10,5,0.0
NL-SHADE-RSP,F3,10,6,0.0
NL-SHADE-RSP,F3,10,7,0.0
NL-SHADE-RSP,F3,10,8,0.0
NL-SHADE-RSP,F3,10,9,0.0
NL-SHADE-RSP,F3,10,10,0.0
NL-SHADE-RSP,F3,10,11,0.0
NL-SHADE-RSP,F3,10,12,0.0
NL-SHADE-RSP,F3,10,13,0.0
NL-SHADE-RSP,F3,10,14,0.0
NL-SHADE-RSP,F3,10,15,0.0
NL-SHADE-RSP,F3,10,16,0.0
NL-SHADE-RSP,F3,10,17,0.0
NL-SHADE-RSP,F3,10,18,0.0
NL-SHADE-RSP,F3,10,19,0.0
NL-SHADE-RSP,F3,10,20,0.0
NL-SHADE-RSP,F3,10,21,0.0
NL-SHADE-RSP,F3,10,22,0.0
NL-SHADE-RSP,F3,10,23,0.0
NL-SHADE-RSP,F3,10,24,0.0
NL-SHADE-RSP,F3,10,25,0.0
NL-SHADE-RSP,F3,10,26,0.0
NL-SHADE-RSP,F3,10,27,0.0
NL-SHADE-RSP,F3,10,28,0.0
NL-SHADE-RSP,F3,10,29,0.0
LSHADE-SPACMA,F3,10,0,0.0
LSHADE-SPACMA,F3,10,1,0.0
LSHADE-SPACMA,F3,10,2,0.0
LSHADE-SPACMA,F3,10,3,0.0
LSHADE-SPACMA,F3,10,4,0.0
LSHADE-SPACMA,F3,10,5,0.0
LSHADE-SPACMA,F3,10,6,0.0
LSHADE-SPACMA,F3,10,7,0.0
LSHADE-SPACMA,F3,10,8,0.0
LSHADE-SPACMA,F3,10,9,0.0
LSHADE-SPACMA,F3,10,10,0.0
LSHADE-SPACMA,F3,10,11,0.0
LSHADE-SPACMA,F3,10,12,0.0
LSHADE-SPACMA,F3,10,13,0.0
LSHADE-SPACMA,F3,10,14,0.0
LSHADE-SPACMA,F3,10,15,0.0
LSHADE-SPACMA,F3,10,16,0.0
LSHADE-SPACMA,F3,10,17,0.0
LSHADE-SPACMA,F3,10,18,0.0
LSHADE-SPACMA,F3,10,19,0.0
LSHADE-SPACMA,F3,10,20,0.0
LSHADE-SPACMA,F3,10,21,0.0
LSHADE-SPACMA,F3,10,22,0.0
LSHADE-SPACMA,F3,10,23,0.0
LSHADE-SPACMA,F3,10,24,0.0
LSHADE-SPACMA,F3,10,25,0.0
LSHADE-SPACMA,F3,10,26,0.0
LSHADE-SPACMA,F3,10,27,0.0
LSHADE-SPACMA,F3,10,28,0.0
LSHADE-SPACMA,F3,10,29,0.0
LSHADE-cnEpSin,F3,10,0,0.0
LSHADE-cnEpSin,F3,10,1,0.0
LSHADE-cnEpSin,F3,10,2,0.0
LSHADE-cnEpSin,F3,10,3,0.0
LSHADE-cnEpSin,F3,10,4,0.0
LSHADE-cnEpSin,F3,10,5,0.0
LSHADE-cnEpSin,F3,10,6,0.0
LSHADE-cnEpSin,F3,10,7,0.0
LSHADE-cnEpSin,F3,10,8,0.0
LSHADE-cnEpSin,F3,10,9,0.0
LSHADE-cnEpSin,F3,10,10,0.0
LSHADE-cnEpSin,F3,10,11,0.0
LSHADE-cnEpSin,F3,10,12,0.0
LSHADE-cnEpSin,F3,10,13,0.0
LSHADE-cnEpSin,F3,10,14,0.0
LSHADE-cnEpSin,F3,10,15,0.0
LSHADE-cnEpSin,F3,10,16,0.0
LSHADE-cnEpSin,F3,10,17,0.0
LSHADE-cnEpSin,F3,10,18,0.0
LSHADE-cnEpSin,F3,10,19,0.0
LSHADE-cnEpSin,F3,10,20,0.0
LSHADE-cnEpSin,F3,10,21,0.0
LSHADE-cnEpSin,F3,10,22,0.0
LSHADE-cnEpSin,F3,10,23,0.0
LSHADE-cnEpSin,F3,10,24,0.0
LSHADE-cnEpSin,F3,10,25,0.0
LSHADE-cnEpSin,F3,10,26,0.0
LSHADE-cnEpSin,F3,10,27,0.0
LSHADE-cnEpSin,F3,10,28,0.0
LSHADE-cnEpSin,F3,10,29,0.0
LSHADE-RSP,F3,10,0,0.0
LSHADE-RSP,F3,10,1,0.0
LSHADE-RSP,F3,10,2,0.0
LSHADE-RSP,F3,10,3,0.0
LSHADE-RSP,F3,10,4,0.0
LSHADE-RSP,F3,10,5,0.0
LSHADE-RSP,F3,10,6,0.0
LSHADE-RSP,F3,10,7,0.0
LSHADE-RSP,F3,10,8,0.0
LSHADE-RSP,F3,10,9,0.0
LSHADE-RSP,F3,10,10,0.0
LSHADE-RSP,F3,10,11,0.0
LSHADE-RSP,F3,10,12,0.0
LSHADE-RSP,F3,10,13,0.0
LSHADE-RSP,F3,10,14,0.0
LSHADE-RSP,F3,10,15,0.0
LSHADE-RSP,F3,10,16,0.0
LSHADE-RSP,F3,10,17,0.0
LSHADE-RSP,F3,10,18,0.0
LSHADE-RSP,F3,10,19,0.0
LSHADE-RSP,F3,10,20,0.0
LSHADE-RSP,F3,10,21,0.0
LSHADE-RSP,F3,10,22,0.0
LSHADE-RSP,F3,10,23,0.0
LSHADE-RSP,F3,10,24,0.0
LSHADE-RSP,F3,10,25,0.0
LSHADE-RSP,F3,10,26,0.0
LSHADE-RSP,F3,10,27,0.0
LSHADE-RSP,F3,10,28,0.0
LSHADE-RSP,F3,10,29,0.0
jSO,F3,10,0,0.0
jSO,F3,10,1,0.0
jSO,F3,10,2,0.0
jSO,F3,10,3,0.0
jSO,F3,10,4,0.0
jSO,F3,10,5,0.0
jSO,F3,10,6,0.0
jSO,F3,10,7,0.0
jSO,F3,10,8,0.0
jSO,F3,10,9,0.0
jSO,F3,10,10,0.0
jSO,F3,10,11,0.0
jSO,F3,10,12,0.0
jSO,F3,10,13,0.0
jSO,F3,10,14,0.0
jSO,F3,10,15,0.0
jSO,F3,10,16,0.0
jSO,F3,10,17,0.0
jSO,F3,10,18,0.0
jSO,F3,10,19,0.0
jSO,F3,10,20,0.0
jSO,F3,10,21,0.0
jSO,F3,10,22,0.0
jSO,F3,10,23,0.0
jSO,F3,10,24,0.0
jSO,F3,10,25,0.0
jSO,F3,10,26,0.0
jSO,F3,10,27,0.0
jSO,F3,10,28,0.0
jSO,F3,10,29,0.0
L-SHADE,F3,10,0,0.0
L-SHADE,F3,10,1,0.0
L-SHADE,F3,10,2,0.0
L-SHADE,F3,10,3,0.0
L-SHADE,F3,10,4,0.0
L-SHADE,F3,10,5,0.0
L-SHADE,F3,10,6,0.0
L-SHADE,F3,10,7,0.0
L-SHADE,F3,10,8,0.0
L-SHADE,F3,10,9,0.0
L-SHADE,F3,10,10,0.0
L-SHADE,F3,10,11,0.0
L-SHADE,F3,10,12,0.0
L-SHADE,F3,10,13,0.0
L-SHADE,F3,10,14,0.0
L-SHADE,F3,10,15,0.0
L-SHADE,F3,10,16,0.0
L-SHADE,F3,10,17,0.0
L-SHADE,F3,10,18,0.0
L-SHADE,F3,10,19,0.0
L-SHADE,F3,10,20,0.0
L-SHADE,F3,10,21,0.0
L-SHADE,F3,10,22,0.0
L-SHADE,F3,10,23,0.0
L-SHADE,F3,10,24,0.0
L-SHADE,F3,10,25,0.0
L-SHADE,F3,10,26,0.0
L-SHADE,F3,10,27,0.0
L-SHADE,F3,10,28,0.0
L-SHADE,F3,10,29,0.0
CMA-ES,F3,10,0,0.0
CMA-ES,F3,10,1,0.0
CMA-ES,F3,10,2,0.0
CMA-ES,F3,10,3,0.0
CMA-ES,F3,10,4,0.0
CMA-ES,F3,10,5,0.0
CMA-ES,F3,10,6,0.0
CMA-ES,F3,10,7,0.0
CMA-ES,F3,10,8,0.0
CMA-ES,F3,10,9,0.0
CMA-ES,F3,10,10,0.0
CMA-ES,F3,10,11,0.0
CMA-ES,F3,10,12,0.0
CMA-ES,F3,10,13,0.0
CMA-ES,F3,10,14,0.0
CMA-ES,F3,10,15,0.0
CMA-ES,F3,10,16,0.0
CMA-ES,F3,10,17,0.0
CMA-ES,F3,10,18,0.0
CMA-ES,F3,10,19,0.0
CMA-ES,F3,10,20,0.0
CMA-ES,F3,10,21,0.0
CMA-ES,F3,10,22,0.0
CMA-ES,F3,10,23,0.0
CMA-ES,F3,10,24,0.0
CMA-ES,F3,10,25,0.0
CMA-ES,F3,10,26,0.0
CMA-ES,F3,10,27,0.0
CMA-ES,F3,10,28,0.0
CMA-ES,F3,10,29,0.0
ACE-SHADE,F3,20,0,0.0
ACE-SHADE,F3,20,1,0.0
ACE-SHADE,F3,20,2,0.0
ACE-SHADE,F3,20,3,0.0
ACE-SHADE,F3,20,4,0.0
ACE-SHADE,F3,20,5,0.0
ACE-SHADE,F3,20,6,0.0
ACE-SHADE,F3,20,7,0.0
ACE-SHADE,F3,20,8,0.0
ACE-SHADE,F3,20,9,0.0
ACE-SHADE,F3,20,10,0.0
ACE-SHADE,F3,20,11,0.0
ACE-SHADE,F3,20,12,0.0
ACE-SHADE,F3,20,13,0.0
ACE-SHADE,F3,20,14,0.0
ACE-SHADE,F3,20,15,0.0
ACE-SHADE,F3,20,16,0.0
ACE-SHADE,F3,20,17,0.0
ACE-SHADE,F3,20,18,0.0
ACE-SHADE,F3,20,19,0.0
ACE-SHADE,F3,20,20,0.0
ACE-SHADE,F3,20,21,0.0
ACE-SHADE,F3,20,22,0.0
ACE-SHADE,F3,20,23,0.0
ACE-SHADE,F3,20,24,0.0
ACE-SHADE,F3,20,25,0.0
ACE-SHADE,F3,20,26,0.0
ACE-SHADE,F3,20,27,0.0
ACE-SHADE,F3,20,28,0.0
ACE-SHADE,F3,20,29,0.0
CMA-ES,F3,20,0,0.0
CMA-ES,F3,20,1,0.0218730506925339
CMA-ES,F3,20,2,0.0
CMA-ES,F3,20,3,0.0
CMA-ES,F3,20,4,1.1368683772161605e-13
CMA-ES,F3,20,5,0.0
CMA-ES,F3,20,6,1.1368683772161605e-13
CMA-ES,F3,20,7,1.1368683772161605e-13
CMA-ES,F3,20,8,0.0478267345998801
CMA-ES,F3,20,9,0.0
CMA-ES,F3,20,10,0.0
CMA-ES,F3,20,11,1.1368683772161605e-13
CMA-ES,F3,20,12,1.1368683772161605e-13
CMA-ES,F3,20,13,1.1368683772161605e-13
CMA-ES,F3,20,14,0.0
CMA-ES,F3,20,15,1.1368683772161605e-13
CMA-ES,F3,20,16,0.0551371887693221
CMA-ES,F3,20,17,0.0245405863302039
CMA-ES,F3,20,18,0.0
CMA-ES,F3,20,19,0.0
CMA-ES,F3,20,20,0.0
CMA-ES,F3,20,21,0.0245405863302039
CMA-ES,F3,20,22,0.0245405863302039
CMA-ES,F3,20,23,0.0
CMA-ES,F3,20,24,0.0
CMA-ES,F3,20,25,0.0
CMA-ES,F3,20,26,0.0
CMA-ES,F3,20,27,0.0
CMA-ES,F3,20,28,0.0
CMA-ES,F3,20,29,0.0
LSHADE-RSP,F3,20,0,0.0
LSHADE-RSP,F3,20,1,0.0
LSHADE-RSP,F3,20,2,0.0
LSHADE-RSP,F3,20,3,0.0
LSHADE-RSP,F3,20,4,0.0
LSHADE-RSP,F3,20,5,0.0
LSHADE-RSP,F3,20,6,0.0
LSHADE-RSP,F3,20,7,0.0
LSHADE-RSP,F3,20,8,0.0
LSHADE-RSP,F3,20,9,0.0
LSHADE-RSP,F3,20,10,0.0
LSHADE-RSP,F3,20,11,0.0
LSHADE-RSP,F3,20,12,0.0
LSHADE-RSP,F3,20,13,0.0
LSHADE-RSP,F3,20,14,0.0
LSHADE-RSP,F3,20,15,0.0
LSHADE-RSP,F3,20,16,0.0
LSHADE-RSP,F3,20,17,0.0
LSHADE-RSP,F3,20,18,0.0
LSHADE-RSP,F3,20,19,0.0
LSHADE-RSP,F3,20,20,0.0
LSHADE-RSP,F3,20,21,0.0
LSHADE-RSP,F3,20,22,0.0
LSHADE-RSP,F3,20,23,0.0
LSHADE-RSP,F3,20,24,0.0
LSHADE-RSP,F3,20,25,0.0
LSHADE-RSP,F3,20,26,0.0
LSHADE-RSP,F3,20,27,0.0
LSHADE-RSP,F3,20,28,0.0
LSHADE-RSP,F3,20,29,0.0
LSHADE-SPACMA,F3,20,0,0.0
LSHADE-SPACMA,F3,20,1,0.0
LSHADE-SPACMA,F3,20,2,0.0
LSHADE-SPACMA,F3,20,3,0.0
LSHADE-SPACMA,F3,20,4,0.0
LSHADE-SPACMA,F3,20,5,0.0
LSHADE-SPACMA,F3,20,6,0.0
LSHADE-SPACMA,F3,20,7,0.0
LSHADE-SPACMA,F3,20,8,0.0
LSHADE-SPACMA,F3,20,9,0.0
LSHADE-SPACMA,F3,20,10,0.0
LSHADE-SPACMA,F3,20,11,0.0
LSHADE-SPACMA,F3,20,12,0.0
LSHADE-SPACMA,F3,20,13,0.0
LSHADE-SPACMA,F3,20,14,0.0
LSHADE-SPACMA,F3,20,15,0.0
LSHADE-SPACMA,F3,20,16,0.0
LSHADE-SPACMA,F3,20,17,0.0
LSHADE-SPACMA,F3,20,18,0.0
LSHADE-SPACMA,F3,20,19,0.0
LSHADE-SPACMA,F3,20,20,0.0
LSHADE-SPACMA,F3,20,21,0.0
LSHADE-SPACMA,F3,20,22,0.0
LSHADE-SPACMA,F3,20,23,0.0
LSHADE-SPACMA,F3,20,24,0.0
LSHADE-SPACMA,F3,20,25,0.0
LSHADE-SPACMA,F3,20,26,0.0
LSHADE-SPACMA,F3,20,27,0.0
LSHADE-SPACMA,F3,20,28,0.0
LSHADE-SPACMA,F3,20,29,0.0
LSHADE-cnEpSin,F3,20,0,0.0
LSHADE-cnEpSin,F3,20,1,0.0
LSHADE-cnEpSin,F3,20,2,0.0
LSHADE-cnEpSin,F3,20,3,0.0
LSHADE-cnEpSin,F3,20,4,0.0
LSHADE-cnEpSin,F3,20,5,0.0
LSHADE-cnEpSin,F3,20,6,0.0
LSHADE-cnEpSin,F3,20,7,0.0
LSHADE-cnEpSin,F3,20,8,0.0
LSHADE-cnEpSin,F3,20,9,0.0
LSHADE-cnEpSin,F3,20,10,0.0
LSHADE-cnEpSin,F3,20,11,0.0
LSHADE-cnEpSin,F3,20,12,0.0
LSHADE-cnEpSin,F3,20,13,0.0
LSHADE-cnEpSin,F3,20,14,0.0
LSHADE-cnEpSin,F3,20,15,0.0
LSHADE-cnEpSin,F3,20,16,0.0
LSHADE-cnEpSin,F3,20,17,0.0
LSHADE-cnEpSin,F3,20,18,0.0
LSHADE-cnEpSin,F3,20,19,0.0
LSHADE-cnEpSin,F3,20,20,0.0
LSHADE-cnEpSin,F3,20,21,0.0
LSHADE-cnEpSin,F3,20,22,0.0
LSHADE-cnEpSin,F3,20,23,0.0
LSHADE-cnEpSin,F3,20,24,0.0
LSHADE-cnEpSin,F3,20,25,0.0
LSHADE-cnEpSin,F3,20,26,0.0
LSHADE-cnEpSin,F3,20,27,0.0
LSHADE-cnEpSin,F3,20,28,0.0
LSHADE-cnEpSin,F3,20,29,0.0
L-SHADE,F3,20,0,0.0
L-SHADE,F3,20,1,0.0
L-SHADE,F3,20,2,0.0
L-SHADE,F3,20,3,0.0
L-SHADE,F3,20,4,0.0
L-SHADE,F3,20,5,0.0
L-SHADE,F3,20,6,0.0
L-SHADE,F3,20,7,0.0
L-SHADE,F3,20,8,0.0
L-SHADE,F3,20,9,0.0
L-SHADE,F3,20,10,0.0
L-SHADE,F3,20,11,0.0
L-SHADE,F3,20,12,0.0
L-SHADE,F3,20,13,0.0
L-SHADE,F3,20,14,0.0
L-SHADE,F3,20,15,0.0
L-SHADE,F3,20,16,0.0
L-SHADE,F3,20,17,0.0
L-SHADE,F3,20,18,0.0
L-SHADE,F3,20,19,0.0
L-SHADE,F3,20,20,0.0
L-SHADE,F3,20,21,0.0
L-SHADE,F3,20,22,0.0
L-SHADE,F3,20,23,0.0
L-SHADE,F3,20,24,0.0
L-SHADE,F3,20,25,0.0
L-SHADE,F3,20,26,0.0
L-SHADE,F3,20,27,0.0
L-SHADE,F3,20,28,0.0
L-SHADE,F3,20,29,0.0
NL-SHADE-RSP,F3,20,0,0.0
NL-SHADE-RSP,F3,20,1,0.0
NL-SHADE-RSP,F3,20,2,0.0
NL-SHADE-RSP,F3,20,3,0.0
NL-SHADE-RSP,F3,20,4,0.0
NL-SHADE-RSP,F3,20,5,0.0
NL-SHADE-RSP,F3,20,6,0.0
NL-SHADE-RSP,F3,20,7,0.0
NL-SHADE-RSP,F3,20,8,0.0
NL-SHADE-RSP,F3,20,9,0.0
NL-SHADE-RSP,F3,20,10,0.0
NL-SHADE-RSP,F3,20,11,0.0
NL-SHADE-RSP,F3,20,12,0.0
NL-SHADE-RSP,F3,20,13,0.0
NL-SHADE-RSP,F3,20,14,0.0
NL-SHADE-RSP,F3,20,15,0.0
NL-SHADE-RSP,F3,20,16,0.0
NL-SHADE-RSP,F3,20,17,0.0
NL-SHADE-RSP,F3,20,18,0.0
NL-SHADE-RSP,F3,20,19,0.0
NL-SHADE-RSP,F3,20,20,0.0
NL-SHADE-RSP,F3,20,21,0.0
NL-SHADE-RSP,F3,20,22,0.0
NL-SHADE-RSP,F3,20,23,0.0
NL-SHADE-RSP,F3,20,24,0.0
NL-SHADE-RSP,F3,20,25,0.0
NL-SHADE-RSP,F3,20,26,0.0
NL-SHADE-RSP,F3,20,27,0.0
NL-SHADE-RSP,F3,20,28,0.0
NL-SHADE-RSP,F3,20,29,0.0
jSO,F3,20,0,0.0
jSO,F3,20,1,0.0
jSO,F3,20,2,0.0
jSO,F3,20,3,0.0
jSO,F3,20,4,0.0
jSO,F3,20,5,0.0
jSO,F3,20,6,0.0
jSO,F3,20,7,0.0
jSO,F3,20,8,0.0
jSO,F3,20,9,0.0
jSO,F3,20,10,0.0
jSO,F3,20,11,0.0
jSO,F3,20,12,0.0
jSO,F3,20,13,0.0
jSO,F3,20,14,0.0
jSO,F3,20,15,0.0
jSO,F3,20,16,0.0
jSO,F3,20,17,0.0
jSO,F3,20,18,0.0
jSO,F3,20,19,0.0
jSO,F3,20,20,0.0
jSO,F3,20,21,0.0
jSO,F3,20,22,0.0
jSO,F3,20,23,0.0
jSO,F3,20,24,0.0
jSO,F3,20,25,0.0
jSO,F3,20,26,0.0
jSO,F3,20,27,0.0
jSO,F3,20,28,0.0
jSO,F3,20,29,0.0
ACE-SHADE,F4,10,0,4.000029536358625
ACE-SHADE,F4,10,1,2.000000008004463
ACE-SHADE,F4,10,2,4.000000000011255
ACE-SHADE,F4,10,3,8.000009962856893
ACE-SHADE,F4,10,4,2.0
ACE-SHADE,F4,10,5,6.0
ACE-SHADE,F4,10,6,2.0
ACE-SHADE,F4,10,7,2.0
ACE-SHADE,F4,10,8,4.000036389514662
ACE-SHADE,F4,10,9,4.000032315721114
ACE-SHADE,F4,10,10,8.000008242364743
ACE-SHADE,F4,10,11,4.0
ACE-SHADE,F4,10,12,6.000035454415411
ACE-SHADE,F4,10,13,4.000067616254569
ACE-SHADE,F4,10,14,6.000001155228119
ACE-SHADE,F4,10,15,4.0
ACE-SHADE,F4,10,16,8.000000003347964
ACE-SHADE,F4,10,17,4.0
ACE-SHADE,F4,10,18,4.0
ACE-SHADE,F4,10,19,4.0
ACE-SHADE,F4,10,20,8.000000000271143
ACE-SHADE,F4,10,21,4.0
ACE-SHADE,F4,10,22,4.000000000000114
ACE-SHADE,F4,10,23,6.0
ACE-SHADE,F4,10,24,6.000129665218196
ACE-SHADE,F4,10,25,6.000000001708827
ACE-SHADE,F4,10,26,8.000000000000455
ACE-SHADE,F4,10,27,4.000000000010232
ACE-SHADE,F4,10,28,6.0000000030350975
ACE-SHADE,F4,10,29,6.000003052832653
NL-SHADE-RSP,F4,10,0,8.000037231826354
NL-SHADE-RSP,F4,10,1,12.000000668610484
NL-SHADE-RSP,F4,10,2,10.000000976572892
NL-SHADE-RSP,F4,10,3,4.000181080330208
NL-SHADE-RSP,F4,10,4,8.000004350398399
NL-SHADE-RSP,F4,10,5,8.000002928963454
NL-SHADE-RSP,F4,10,6,10.0000039384596
NL-SHADE-RSP,F4,10,7,8.000025637725571
NL-SHADE-RSP,F4,10,8,10.000010644978488
NL-SHADE-RSP,F4,10,9,4.000158687484259
NL-SHADE-RSP,F4,10,10,8.000025281584612
NL-SHADE-RSP,F4,10,11,10.000001710175296
NL-SHADE-RSP,F4,10,12,8.000014054418216
NL-SHADE-RSP,F4,10,13,12.000007271611253
NL-SHADE-RSP,F4,10,14,12.000000633843683
NL-SHADE-RSP,F4,10,15,12.000000190567787
NL-SHADE-RSP,F4,10,16,8.000013556114823
NL-SHADE-RSP,F4,10,17,10.000005085726343
NL-SHADE-RSP,F4,10,18,10.000001195111508
NL-SHADE-RSP,F4,10,19,16.000000000381874
NL-SHADE-RSP,F4,10,20,10.000001394309606
NL-SHADE-RSP,F4,10,21,6.000023161937861
NL-SHADE-RSP,F4,10,22,12.000004613949386
NL-SHADE-RSP,F4,10,23,12.000002213832886
NL-SHADE-RSP,F4,10,24,10.000007746770052
NL-SHADE-RSP,F4,10,25,14.00001994377999
NL-SHADE-RSP,F4,10,26,10.000009869017616
NL-SHADE-RSP,F4,10,27,10.000004469331088
NL-SHADE-RSP,F4,10,28,10.000040339710496
NL-SHADE-RSP,F4,10,29,14.000000338973225
LSHADE-SPACMA,F4,10,0,4.000034430534015
LSHADE-SPACMA,F4,10,1,4.000021841355078
LSHADE-SPACMA,F4,10,2,4.0000089071967295
LSHADE-SPACMA,F4,10,3,2.000000008252755
LSHADE-SPACMA,F4,10,4,6.000030779943245
LSHADE-SPACMA,F4,10,5,6.000011282749597
LSHADE-SPACMA,F4,10,6,8.00000317482204
LSHADE-SPACMA,F4,10,7,6.000030916463061
LSHADE-SPACMA,F4,10,8,6.000029514135235
LSHADE-SPACMA,F4,10,9,8.000031107991504
LSHADE-SPACMA,F4,10,10,4.0000048764112535
LSHADE-SPACMA,F4,10,11,6.000032150853599
LSHADE-SPACMA,F4,10,12,8.00001242356359
LSHADE-SPACMA,F4,10,13,4.00000012988869
LSHADE-SPACMA,F4,10,14,8.00002051854733
LSHADE-SPACMA,F4,10,15,6.000003208179578
LSHADE-SPACMA,F4,10,16,4.00001284004361
LSHADE-SPACMA,F4,10,17,4.0000030925061765
LSHADE-SPACMA,F4,10,18,6.000027994518405
LSHADE-SPACMA,F4,10,19,8.000000040466375
LSHADE-SPACMA,F4,10,20,6.000042916666189
LSHADE-SPACMA,F4,10,21,6.000036863771243
LSHADE-SPACMA,F4,10,22,4.0
LSHADE-SPACMA,F4,10,23,6.000003884348189
LSHADE-SPACMA,F4,10,24,8.000018536588186
LSHADE-SPACMA,F4,10,25,4.000026183397722
LSHADE-SPACMA,F4,10,26,4.000000632214892
LSHADE-SPACMA,F4,10,27,6.0000114695558295
LSHADE-SPACMA,F4,10,28,8.0000306356294
LSHADE-SPACMA,F4,10,29,6.000004011818078
LSHADE-cnEpSin,F4,10,0,8.000165897579677
LSHADE-cnEpSin,F4,10,1,10.00001073642943
LSHADE-cnEpSin,F4,10,2,8.000251536719247
LSHADE-cnEpSin,F4,10,3,10.0000194491638
LSHADE-cnEpSin,F4,10,4,8.000098399280887
LSHADE-cnEpSin,F4,10,5,8.000503712875002
LSHADE-cnEpSin,F4,10,6,4.000445817139962
LSHADE-cnEpSin,F4,10,7,8.000063195090434
LSHADE-cnEpSin,F4,10,8,6.000587954962839
LSHADE-cnEpSin,F4,10,9,8.000067860450827
LSHADE-cnEpSin,F4,10,10,6.000172110874473
LSHADE-cnEpSin,F4,10,11,10.00003016987273
LSHADE-cnEpSin,F4,10,12,8.000359899315526
LSHADE-cnEpSin,F4,10,13,8.000153489539457
LSHADE-cnEpSin,F4,10,14,10.000076348554217
LSHADE-cnEpSin,F4,10,15,4.000687435227974
LSHADE-cnEpSin,F4,10,16,6.0008275065241605
LSHADE-cnEpSin,F4,10,17,10.0000906633245
LSHADE-cnEpSin,F4,10,18,4.000245245203246
LSHADE-cnEpSin,F4,10,19,6.000088149014118
LSHADE-cnEpSin,F4,10,20,10.00001733058241
LSHADE-cnEpSin,F4,10,21,8.000065713892468
LSHADE-cnEpSin,F4,10,22,6.000124203763562
LSHADE-cnEpSin,F4,10,23,6.0002173060871655
LSHADE-cnEpSin,F4,10,24,10.0000158184082
LSHADE-cnEpSin,F4,10,25,6.00029704562894
LSHADE-cnEpSin,F4,10,26,8.000045212956593
LSHADE-cnEpSin,F4,10,27,6.000129221986299
LSHADE-cnEpSin,F4,10,28,8.000194549031903
LSHADE-cnEpSin,F4,10,29,8.000076937681342
LSHADE-RSP,F4,10,0,8.000000000000455
LSHADE-RSP,F4,10,1,8.0
LSHADE-RSP,F4,10,2,8.000000000000227
LSHADE-RSP,F4,10,3,10.000000000018533
LSHADE-RSP,F4,10,4,8.000000000000227
LSHADE-RSP,F4,10,5,6.000000000000114
LSHADE-RSP,F4,10,6,10.000000000000796
LSHADE-RSP,F4,10,7,10.000000000000457
LSHADE-RSP,F4,10,8,8.000000000000114
LSHADE-RSP,F4,10,9,8.000000000013529
LSHADE-RSP,F4,10,10,8.000000000120735
LSHADE-RSP,F4,10,11,12.000000001543413
LSHADE-RSP,F4,10,12,10.000000000012848
LSHADE-RSP,F4,10,13,8.000000000034447
LSHADE-RSP,F4,10,14,8.000000000000114
LSHADE-RSP,F4,10,15,12.000000000006937
LSHADE-RSP,F4,10,16,8.000000000000114
LSHADE-RSP,F4,10,17,10.000000000027512
LSHADE-RSP,F4,10,18,12.0
LSHADE-RSP,F4,10,19,10.00000000000034
LSHADE-RSP,F4,10,20,6.00000000000216
LSHADE-RSP,F4,10,21,8.0
LSHADE-RSP,F4,10,22,10.000000000000114
LSHADE-RSP,F4,10,23,8.0
LSHADE-RSP,F4,10,24,4.000000000000227
LSHADE-RSP,F4,10,25,10.0
LSHADE-RSP,F4,10,26,6.0
LSHADE-RSP,F4,10,27,4.000000000004093
LSHADE-RSP,F4,10,28,8.000000000102887
LSHADE-RSP,F4,10,29,8.000000000012847
jSO,F4,10,0,8.0
jSO,F4,10,1,8.0
jSO,F4,10,2,8.0
jSO,F4,10,3,12.000000000000114
jSO,F4,10,4,10.000000000000227
jSO,F4,10,5,8.000000000000114
jSO,F4,10,6,6.000000000000114
jSO,F4,10,7,8.000000000000227
jSO,F4,10,8,8.000000000049909
jSO,F4,10,9,10.000000000000114
jSO,F4,10,10,8.0
jSO,F4,10,11,8.000000000000114
jSO,F4,10,12,8.0
jSO,F4,10,13,8.0
jSO,F4,10,14,10.000000000001478
jSO,F4,10,15,6.0
jSO,F4,10,16,8.000000000000568
jSO,F4,10,17,8.0
jSO,F4,10,18,8.00000000000216
jSO,F4,10,19,8.0
jSO,F4,10,20,6.0
jSO,F4,10,21,8.000000000000114
jSO,F4,10,22,8.000000000000114
jSO,F4,10,23,6.000000000000341
jSO,F4,10,24,6.0
jSO,F4,10,25,8.0
jSO,F4,10,26,8.0
jSO,F4,10,27,8.0
jSO,F4,10,28,6.0
jSO,F4,10,29,6.0
L-SHADE,F4,10,0,6.00003388384971
L-SHADE,F4,10,1,8.000019224995981
L-SHADE,F4,10,2,10.00000719277034
L-SHADE,F4,10,3,8.000036911345205
L-SHADE,F4,10,4,8.000041528925976
L-SHADE,F4,10,5,6.000104416343106
L-SHADE,F4,10,6,10.000003673302103
L-SHADE,F4,10,7,10.000004326194016
L-SHADE,F4,10,8,8.000084491465941
L-SHADE,F4,10,9,4.000087436226181
L-SHADE,F4,10,10,14.000000443083309
L-SHADE,F4,10,11,6.00004900452825
L-SHADE,F4,10,12,10.000017295172256
L-SHADE,F4,10,13,10.00001426576364
L-SHADE,F4,10,14,4.0000255717634445
L-SHADE,F4,10,15,12.000003279911994
L-SHADE,F4,10,16,12.000000278976245
L-SHADE,F4,10,17,12.000001696630306
L-SHADE,F4,10,18,10.00001600830342
L-SHADE,F4,10,19,6.0000672045702
L-SHADE,F4,10,20,10.000025763146482
L-SHADE,F4,10,21,6.000032570553117
L-SHADE,F4,10,22,12.000000087362878
L-SHADE,F4,10,23,8.00001488968337
L-SHADE,F4,10,24,10.000018475745833
L-SHADE,F4,10,25,10.000028051803383
L-SHADE,F4,10,26,6.000173508727244
L-SHADE,F4,10,27,8.000069590259045
L-SHADE,F4,10,28,10.000003731357424
L-SHADE,F4,10,29,12.000001835019477
CMA-ES,F4,10,0,28.0
CMA-ES,F4,10,1,14.0
CMA-ES,F4,10,2,32.0
CMA-ES,F4,10,3,22.0
CMA-ES,F4,10,4,28.0
CMA-ES,F4,10,5,44.0
CMA-ES,F4,10,6,32.0
CMA-ES,F4,10,7,24.0
CMA-ES,F4,10,8,34.0
CMA-ES,F4,10,9,30.0
CMA-ES,F4,10,10,26.0
CMA-ES,F4,10,11,44.0
CMA-ES,F4,10,12,20.0
CMA-ES,F4,10,13,24.0
CMA-ES,F4,10,14,24.0
CMA-ES,F4,10,15,32.0
CMA-ES,F4,10,16,24.0
CMA-ES,F4,10,17,22.0
CMA-ES,F4,10,18,38.0
CMA-ES,F4,10,19,20.0
CMA-ES,F4,10,20,22.0
CMA-ES,F4,10,21,20.0
CMA-ES,F4,10,22,26.0
CMA-ES,F4,10,23,26.0
CMA-ES,F4,10,24,22.0
CMA-ES,F4,10,25,30.0
CMA-ES,F4,10,26,30.0
CMA-ES,F4,10,27,26.0
CMA-ES,F4,10,28,24.0
CMA-ES,F4,10,29,30.0
ACE-SHADE,F4,20,0,16.0
ACE-SHADE,F4,20,1,12.0
ACE-SHADE,F4,20,2,16.0
ACE-SHADE,F4,20,3,14.0
ACE-SHADE,F4,20,4,20.00000000000591
ACE-SHADE,F4,20,5,12.0
ACE-SHADE,F4,20,6,18.0
ACE-SHADE,F4,20,7,14.0
ACE-SHADE,F4,20,8,12.0
ACE-SHADE,F4,20,9,22.0000000000274
ACE-SHADE,F4,20,10,12.0
ACE-SHADE,F4,20,11,12.0
ACE-SHADE,F4,20,12,10.0
ACE-SHADE,F4,20,13,10.0
ACE-SHADE,F4,20,14,10.0
ACE-SHADE,F4,20,15,18.000000000000114
ACE-SHADE,F4,20,16,14.0
ACE-SHADE,F4,20,17,16.0
ACE-SHADE,F4,20,18,18.000000000022283
ACE-SHADE,F4,20,19,14.0
ACE-SHADE,F4,20,20,14.000000000340831
ACE-SHADE,F4,20,21,14.00000000000034
ACE-SHADE,F4,20,22,16.00000000000057
ACE-SHADE,F4,20,23,10.0
ACE-SHADE,F4,20,24,14.0
ACE-SHADE,F4,20,25,12.0
ACE-SHADE,F4,20,26,14.0
ACE-SHADE,F4,20,27,10.0
ACE-SHADE,F4,20,28,14.0
ACE-SHADE,F4,20,29,16.0
CMA-ES,F4,20,0,56.0
CMA-ES,F4,20,1,76.0
CMA-ES,F4,20,2,70.0
CMA-ES,F4,20,3,72.0
CMA-ES,F4,20,4,64.0
CMA-ES,F4,20,5,62.0
CMA-ES,F4,20,6,90.0
CMA-ES,F4,20,7,82.0
CMA-ES,F4,20,8,62.0
CMA-ES,F4,20,9,80.0
CMA-ES,F4,20,10,54.0
CMA-ES,F4,20,11,48.0
CMA-ES,F4,20,12,64.0
CMA-ES,F4,20,13,82.0
CMA-ES,F4,20,14,64.0
CMA-ES,F4,20,15,58.0
CMA-ES,F4,20,16,80.0
CMA-ES,F4,20,17,74.0
CMA-ES,F4,20,18,60.0
CMA-ES,F4,20,19,66.0
CMA-ES,F4,20,20,46.0
CMA-ES,F4,20,21,46.0
CMA-ES,F4,20,22,64.0
CMA-ES,F4,20,23,62.0
CMA-ES,F4,20,24,94.0
CMA-ES,F4,20,25,88.0
CMA-ES,F4,20,26,102.0
CMA-ES,F4,20,27,50.0
CMA-ES,F4,20,28,84.0
CMA-ES,F4,20,29,78.0
LSHADE-RSP,F4,20,0,20.00000000000034
LSHADE-RSP,F4,20,1,16.0
LSHADE-RSP,F4,20,2,22.0
LSHADE-RSP,F4,20,3,26.00000000000045
LSHADE-RSP,F4,20,4,26.0
LSHADE-RSP,F4,20,5,24.0
LSHADE-RSP,F4,20,6,16.0
LSHADE-RSP,F4,20,7,20.0
LSHADE-RSP,F4,20,8,18.000000000000114
LSHADE-RSP,F4,20,9,22.0
LSHADE-RSP,F4,20,10,22.0
LSHADE-RSP,F4,20,11,20.0
LSHADE-RSP,F4,20,12,18.0
LSHADE-RSP,F4,20,13,22.0
LSHADE-RSP,F4,20,14,26.000000000001705
LSHADE-RSP,F4,20,15,18.0
LSHADE-RSP,F4,20,16,18.0
LSHADE-RSP,F4,20,17,22.0
LSHADE-RSP,F4,20,18,22.0
LSHADE-RSP,F4,20,19,14.0
LSHADE-RSP,F4,20,20,26.0
LSHADE-RSP,F4,20,21,22.000000000000117
LSHADE-RSP,F4,20,22,26.0
LSHADE-RSP,F4,20,23,22.000000000023192
LSHADE-RSP,F4,20,24,16.0
LSHADE-RSP,F4,20,25,22.000000000000117
LSHADE-RSP,F4,20,26,22.000000000000117
LSHADE-RSP,F4,20,27,18.000000000000114
LSHADE-RSP,F4,20,28,16.0
LSHADE-RSP,F4,20,29,20.0
LSHADE-SPACMA,F4,20,0,16.000012180827753
LSHADE-SPACMA,F4,20,1,12.00001494464516
LSHADE-SPACMA,F4,20,2,14.000079481060766
LSHADE-SPACMA,F4,20,3,12.000035744437696
LSHADE-SPACMA,F4,20,4,14.000000381885684
LSHADE-SPACMA,F4,20,5,16.000019856457016
LSHADE-SPACMA,F4,20,6,14.000036173569356
LSHADE-SPACMA,F4,20,7,20.00000832244621
LSHADE-SPACMA,F4,20,8,14.00010461708439
LSHADE-SPACMA,F4,20,9,12.000033254440382
LSHADE-SPACMA,F4,20,10,12.000029823260547
LSHADE-SPACMA,F4,20,11,10.000020510921672
LSHADE-SPACMA,F4,20,12,16.000000999634835
LSHADE-SPACMA,F4,20,13,16.000021347507527
LSHADE-SPACMA,F4,20,14,16.00002765699446
LSHADE-SPACMA,F4,20,15,12.000048287729667
LSHADE-SPACMA,F4,20,16,16.000017364437554
LSHADE-SPACMA,F4,20,17,12.000046562198577
LSHADE-SPACMA,F4,20,18,16.00007331560755
LSHADE-SPACMA,F4,20,19,12.000078537605075
LSHADE-SPACMA,F4,20,20,14.000100953959418
LSHADE-SPACMA,F4,20,21,16.00003024433579
LSHADE-SPACMA,F4,20,22,4.000025699713319
LSHADE-SPACMA,F4,20,23,14.000001792157036
LSHADE-SPACMA,F4,20,24,16.000125160255266
LSHADE-SPACMA,F4,20,25,14.00003099503408
LSHADE-SPACMA,F4,20,26,14.0000140786957
LSHADE-SPACMA,F4,20,27,10.000014689939462
LSHADE-SPACMA,F4,20,28,14.000011001907296
LSHADE-SPACMA,F4,20,29,16.000015485524386
LSHADE-cnEpSin,F4,20,0,24.0000448703247
LSHADE-cnEpSin,F4,20,1,18.000066449418796
LSHADE-cnEpSin,F4,20,2,22.000028952945517
LSHADE-cnEpSin,F4,20,3,26.000067197069143
LSHADE-cnEpSin,F4,20,4,16.00026827359477
LSHADE-cnEpSin,F4,20,5,20.000048915770208
LSHADE-cnEpSin,F4,20,6,16.00015999200116
LSHADE-cnEpSin,F4,20,7,20.00004560178627
LSHADE-cnEpSin,F4,20,8,20.000198470097075
LSHADE-cnEpSin,F4,20,9,22.000219119172925
LSHADE-cnEpSin,F4,20,10,18.00015836617058
LSHADE-cnEpSin,F4,20,11,22.000190139277947
LSHADE-cnEpSin,F4,20,12,20.000138608202636
LSHADE-cnEpSin,F4,20,13,14.000103987431658
LSHADE-cnEpSin,F4,20,14,24.00001586009307
LSHADE-cnEpSin,F4,20,15,22.00020939200067
LSHADE-cnEpSin,F4,20,16,18.00030799339038
LSHADE-cnEpSin,F4,20,17,18.000243655447207
LSHADE-cnEpSin,F4,20,18,20.00006504491114
LSHADE-cnEpSin,F4,20,19,16.00054791171101
LSHADE-cnEpSin,F4,20,20,18.000060114869257
LSHADE-cnEpSin,F4,20,21,16.000354315341497
LSHADE-cnEpSin,F4,20,22,20.00014659343753
LSHADE-cnEpSin,F4,20,23,22.00012775358846
LSHADE-cnEpSin,F4,20,24,22.000002380707656
LSHADE-cnEpSin,F4,20,25,18.000131844509383
LSHADE-cnEpSin,F4,20,26,20.000181333392103
LSHADE-cnEpSin,F4,20,27,18.000230960840213
LSHADE-cnEpSin,F4,20,28,24.000020385899347
LSHADE-cnEpSin,F4,20,29,18.000093843488912
L-SHADE,F4,20,0,18.00001537254093
L-SHADE,F4,20,1,20.000016519464907
L-SHADE,F4,20,2,16.000073385792575
L-SHADE,F4,20,3,14.000080461692278
L-SHADE,F4,20,4,16.00002583533501
L-SHADE,F4,20,5,20.000005529237
L-SHADE,F4,20,6,18.000013024338955
L-SHADE,F4,20,7,12.00010112597772
L-SHADE,F4,20,8,18.00001508261937
L-SHADE,F4,20,9,18.000028376595765
L-SHADE,F4,20,10,22.00001021790365
L-SHADE,F4,20,11,16.00001715223175
L-SHADE,F4,20,12,18.000024634863962
L-SHADE,F4,20,13,14.000038972738594
L-SHADE,F4,20,14,16.00010674679629
L-SHADE,F4,20,15,12.000044441156888
L-SHADE,F4,20,16,16.000105998448134
L-SHADE,F4,20,17,28.0000132900816
L-SHADE,F4,20,18,22.000010870030906
L-SHADE,F4,20,19,20.000003117399046
L-SHADE,F4,20,20,16.00003150467421
L-SHADE,F4,20,21,16.00001990587748
L-SHADE,F4,20,22,14.000037814142845
L-SHADE,F4,20,23,20.00001473859697
L-SHADE,F4,20,24,20.00000515568377
L-SHADE,F4,20,25,24.000018769446115
L-SHADE,F4,20,26,16.000053270177204
L-SHADE,F4,20,27,16.000061691387145
L-SHADE,F4,20,28,18.00004965710025
L-SHADE,F4,20,29,18.000047663861437
NL-SHADE-RSP,F4,20,0,34.0000012048024
NL-SHADE-RSP,F4,20,1,42.00000148615368
NL-SHADE-RSP,F4,20,2,36.00001258493751
NL-SHADE-RSP,F4,20,3,38.00000003087735
NL-SHADE-RSP,F4,20,4,30.000005777149
NL-SHADE-RSP,F4,20,5,40.00000063991877
NL-SHADE-RSP,F4,20,6,40.00000223686004
NL-SHADE-RSP,F4,20,7,26.000003481179192
NL-SHADE-RSP,F4,20,8,22.00010152310813
NL-SHADE-RSP,F4,20,9,40.00015348027705
NL-SHADE-RSP,F4,20,10,20.000052405052543
NL-SHADE-RSP,F4,20,11,34.00000720275318
NL-SHADE-RSP,F4,20,12,32.00001998185837
NL-SHADE-RSP,F4,20,13,28.000105208628952
NL-SHADE-RSP,F4,20,14,40.00001084949429
NL-SHADE-RSP,F4,20,15,36.000030810253634
NL-SHADE-RSP,F4,20,16,40.0000063322542
NL-SHADE-RSP,F4,20,17,32.00000114016677
NL-SHADE-RSP,F4,20,18,28.0000504441839
NL-SHADE-RSP,F4,20,19,38.00000057661475
NL-SHADE-RSP,F4,20,20,30.000006089521094
NL-SHADE-RSP,F4,20,21,42.00000236998631
NL-SHADE-RSP,F4,20,22,28.00000029978673
NL-SHADE-RSP,F4,20,23,26.00000192061782
NL-SHADE-RSP,F4,20,24,34.00009552122117
NL-SHADE-RSP,F4,20,25,40.00000391930973
NL-SHADE-RSP,F4,20,26,34.00001272656425
NL-SHADE-RSP,F4,20,27,18.000018757121325
NL-SHADE-RSP,F4,20,28,36.00000067327153
NL-SHADE-RSP,F4,20,29,26.0000137543052
jSO,F4,20,0,20.0
jSO,F4,20,1,22.0
jSO,F4,20,2,24.0
jSO,F4,20,3,22.0
jSO,F4,20,4,18.0
jSO,F4,20,5,18.0
jSO,F4,20,6,18.0
jSO,F4,20,7,22.0
jSO,F4,20,8,14.0
jSO,F4,20,9,20.0
jSO,F4,20,10,24.0
jSO,F4,20,11,22.0
jSO,F4,20,12,18.0
jSO,F4,20,13,16.0
jSO,F4,20,14,20.0
jSO,F4,20,15,24.0
jSO,F4,20,16,22.0
jSO,F4,20,17,20.0
jSO,F4,20,18,26.0
jSO,F4,20,19,20.0
jSO,F4,20,20,20.0
jSO,F4,20,21,24.0
jSO,F4,20,22,18.0
jSO,F4,20,23,14.0
jSO,F4,20,24,24.0
jSO,F4,20,25,16.0
jSO,F4,20,26,22.0
jSO,F4,20,27,16.0
jSO,F4,20,28,20.0
jSO,F4,20,29,20.0
ACE-SHADE,F5,10,0,0.0
ACE-SHADE,F5,10,1,0.0
ACE-SHADE,F5,10,2,0.0
ACE-SHADE,F5,10,3,0.0
ACE-SHADE,F5,10,4,0.0
ACE-SHADE,F5,10,5,0.0
ACE-SHADE,F5,10,6,0.0
ACE-SHADE,F5,10,7,0.0
ACE-SHADE,F5,10,8,0.0
ACE-SHADE,F5,10,9,0.0
ACE-SHADE,F5,10,10,0.0
ACE-SHADE,F5,10,11,0.0
ACE-SHADE,F5,10,12,0.0
ACE-SHADE,F5,10,13,0.0
ACE-SHADE,F5,10,14,0.0
ACE-SHADE,F5,10,15,0.0
ACE-SHADE,F5,10,16,0.0
ACE-SHADE,F5,10,17,0.0
ACE-SHADE,F5,10,18,0.0
ACE-SHADE,F5,10,19,0.0
ACE-SHADE,F5,10,20,0.0
ACE-SHADE,F5,10,21,0.0
ACE-SHADE,F5,10,22,0.0
ACE-SHADE,F5,10,23,0.0
ACE-SHADE,F5,10,24,0.0
ACE-SHADE,F5,10,25,0.0
ACE-SHADE,F5,10,26,0.0
ACE-SHADE,F5,10,27,0.0
ACE-SHADE,F5,10,28,0.0
ACE-SHADE,F5,10,29,0.0
NL-SHADE-RSP,F5,10,0,0.0
NL-SHADE-RSP,F5,10,1,0.0
NL-SHADE-RSP,F5,10,2,0.0
NL-SHADE-RSP,F5,10,3,0.0
NL-SHADE-RSP,F5,10,4,0.0
NL-SHADE-RSP,F5,10,5,0.0
NL-SHADE-RSP,F5,10,6,0.0
NL-SHADE-RSP,F5,10,7,0.0
NL-SHADE-RSP,F5,10,8,0.0
NL-SHADE-RSP,F5,10,9,0.0
NL-SHADE-RSP,F5,10,10,0.0
NL-SHADE-RSP,F5,10,11,0.0
NL-SHADE-RSP,F5,10,12,0.0
NL-SHADE-RSP,F5,10,13,0.0
NL-SHADE-RSP,F5,10,14,0.0
NL-SHADE-RSP,F5,10,15,0.0
NL-SHADE-RSP,F5,10,16,0.0
NL-SHADE-RSP,F5,10,17,0.0
NL-SHADE-RSP,F5,10,18,0.0
NL-SHADE-RSP,F5,10,19,0.0
NL-SHADE-RSP,F5,10,20,0.0
NL-SHADE-RSP,F5,10,21,0.0
NL-SHADE-RSP,F5,10,22,0.0
NL-SHADE-RSP,F5,10,23,0.0
NL-SHADE-RSP,F5,10,24,0.0
NL-SHADE-RSP,F5,10,25,0.0
NL-SHADE-RSP,F5,10,26,0.0
NL-SHADE-RSP,F5,10,27,0.0
NL-SHADE-RSP,F5,10,28,0.0
NL-SHADE-RSP,F5,10,29,0.0
LSHADE-SPACMA,F5,10,0,0.0
LSHADE-SPACMA,F5,10,1,0.0
LSHADE-SPACMA,F5,10,2,0.0
LSHADE-SPACMA,F5,10,3,0.0
LSHADE-SPACMA,F5,10,4,0.0
LSHADE-SPACMA,F5,10,5,0.0
LSHADE-SPACMA,F5,10,6,0.0
LSHADE-SPACMA,F5,10,7,0.0
LSHADE-SPACMA,F5,10,8,0.0
LSHADE-SPACMA,F5,10,9,0.0
LSHADE-SPACMA,F5,10,10,0.0
LSHADE-SPACMA,F5,10,11,0.0
LSHADE-SPACMA,F5,10,12,0.0
LSHADE-SPACMA,F5,10,13,0.0
LSHADE-SPACMA,F5,10,14,0.0
LSHADE-SPACMA,F5,10,15,0.0
LSHADE-SPACMA,F5,10,16,0.0
LSHADE-SPACMA,F5,10,17,0.0
LSHADE-SPACMA,F5,10,18,0.0
LSHADE-SPACMA,F5,10,19,0.0
LSHADE-SPACMA,F5,10,20,0.0
LSHADE-SPACMA,F5,10,21,0.0
LSHADE-SPACMA,F5,10,22,0.0
LSHADE-SPACMA,F5,10,23,0.0
LSHADE-SPACMA,F5,10,24,0.0
LSHADE-SPACMA,F5,10,25,0.0
LSHADE-SPACMA,F5,10,26,0.0
LSHADE-SPACMA,F5,10,27,0.0
LSHADE-SPACMA,F5,10,28,0.0
LSHADE-SPACMA,F5,10,29,0.0
LSHADE-cnEpSin,F5,10,0,0.0
LSHADE-cnEpSin,F5,10,1,0.0
LSHADE-cnEpSin,F5,10,2,0.0
LSHADE-cnEpSin,F5,10,3,0.0
LSHADE-cnEpSin,F5,10,4,0.0
LSHADE-cnEpSin,F5,10,5,0.0
LSHADE-cnEpSin,F5,10,6,0.0
LSHADE-cnEpSin,F5,10,7,0.0
LSHADE-cnEpSin,F5,10,8,0.0
LSHADE-cnEpSin,F5,10,9,0.0
LSHADE-cnEpSin,F5,10,10,0.0
LSHADE-cnEpSin,F5,10,11,0.0
LSHADE-cnEpSin,F5,10,12,0.0
LSHADE-cnEpSin,F5,10,13,0.0
LSHADE-cnEpSin,F5,10,14,0.0
LSHADE-cnEpSin,F5,10,15,0.0
LSHADE-cnEpSin,F5,10,16,0.0
LSHADE-cnEpSin,F5,10,17,0.0
LSHADE-cnEpSin,F5,10,18,0.0
LSHADE-cnEpSin,F5,10,19,0.0
LSHADE-cnEpSin,F5,10,20,0.0
LSHADE-cnEpSin,F5,10,21,0.0
LSHADE-cnEpSin,F5,10,22,0.0
LSHADE-cnEpSin,F5,10,23,0.0
LSHADE-cnEpSin,F5,10,24,0.0
LSHADE-cnEpSin,F5,10,25,0.0
LSHADE-cnEpSin,F5,10,26,0.0
LSHADE-cnEpSin,F5,10,27,0.0
LSHADE-cnEpSin,F5,10,28,0.0
LSHADE-cnEpSin,F5,10,29,0.0
LSHADE-RSP,F5,10,0,0.0
LSHADE-RSP,F5,10,1,0.0
LSHADE-RSP,F5,10,2,0.0
LSHADE-RSP,F5,10,3,0.0
LSHADE-RSP,F5,10,4,0.0
LSHADE-RSP,F5,10,5,0.0
LSHADE-RSP,F5,10,6,0.0
LSHADE-RSP,F5,10,7,0.0
LSHADE-RSP,F5,10,8,0.0
LSHADE-RSP,F5,10,9,0.0
LSHADE-RSP,F5,10,10,0.0
LSHADE-RSP,F5,10,11,0.0
LSHADE-RSP,F5,10,12,0.0
LSHADE-RSP,F5,10,13,0.0
LSHADE-RSP,F5,10,14,0.0
LSHADE-RSP,F5,10,15,0.0
LSHADE-RSP,F5,10,16,0.0
LSHADE-RSP,F5,10,17,0.0
LSHADE-RSP,F5,10,18,0.0
LSHADE-RSP,F5,10,19,0.0
LSHADE-RSP,F5,10,20,0.0
LSHADE-RSP,F5,10,21,0.0
LSHADE-RSP,F5,10,22,0.0
LSHADE-RSP,F5,10,23,0.0
LSHADE-RSP,F5,10,24,0.0
LSHADE-RSP,F5,10,25,0.0
LSHADE-RSP,F5,10,26,0.0
LSHADE-RSP,F5,10,27,0.0
LSHADE-RSP,F5,10,28,0.0
LSHADE-RSP,F5,10,29,0.0
jSO,F5,10,0,0.0
jSO,F5,10,1,0.0
jSO,F5,10,2,0.0
jSO,F5,10,3,0.0
jSO,F5,10,4,0.0
jSO,F5,10,5,0.0
jSO,F5,10,6,0.0
jSO,F5,10,7,0.0
jSO,F5,10,8,0.0
jSO,F5,10,9,0.0
jSO,F5,10,10,0.0
jSO,F5,10,11,0.0
jSO,F5,10,12,0.0
jSO,F5,10,13,0.0
jSO,F5,10,14,0.0
jSO,F5,10,15,0.0
jSO,F5,10,16,0.0
jSO,F5,10,17,0.0
jSO,F5,10,18,0.0
jSO,F5,10,19,0.0
jSO,F5,10,20,0.0
jSO,F5,10,21,0.0
jSO,F5,10,22,0.0
jSO,F5,10,23,0.0
jSO,F5,10,24,0.0
jSO,F5,10,25,0.0
jSO,F5,10,26,0.0
jSO,F5,10,27,0.0
jSO,F5,10,28,0.0
jSO,F5,10,29,0.0
L-SHADE,F5,10,0,0.0
L-SHADE,F5,10,1,0.0
L-SHADE,F5,10,2,0.0
L-SHADE,F5,10,3,0.0
L-SHADE,F5,10,4,0.0
L-SHADE,F5,10,5,0.0
L-SHADE,F5,10,6,0.0
L-SHADE,F5,10,7,0.0
L-SHADE,F5,10,8,0.0
L-SHADE,F5,10,9,0.0
L-SHADE,F5,10,10,0.0
L-SHADE,F5,10,11,0.0
L-SHADE,F5,10,12,0.0
L-SHADE,F5,10,13,0.0
L-SHADE,F5,10,14,0.0
L-SHADE,F5,10,15,0.0
L-SHADE,F5,10,16,0.0
L-SHADE,F5,10,17,0.0
L-SHADE,F5,10,18,0.0
L-SHADE,F5,10,19,0.0
L-SHADE,F5,10,20,0.0
L-SHADE,F5,10,21,0.0
L-SHADE,F5,10,22,0.0
L-SHADE,F5,10,23,0.0
L-SHADE,F5,10,24,0.0
L-SHADE,F5,10,25,0.0
L-SHADE,F5,10,26,0.0
L-SHADE,F5,10,27,0.0
L-SHADE,F5,10,28,0.0
L-SHADE,F5,10,29,0.0
CMA-ES,F5,10,0,0.0
CMA-ES,F5,10,1,0.0
CMA-ES,F5,10,2,0.0
CMA-ES,F5,10,3,0.0
CMA-ES,F5,10,4,0.0
CMA-ES,F5,10,5,0.0
CMA-ES,F5,10,6,0.0
CMA-ES,F5,10,7,0.0
CMA-ES,F5,10,8,0.0
CMA-ES,F5,10,9,0.0
CMA-ES,F5,10,10,0.0
CMA-ES,F5,10,11,0.0
CMA-ES,F5,10,12,0.0
CMA-ES,F5,10,13,0.0
CMA-ES,F5,10,14,0.0
CMA-ES,F5,10,15,0.0
CMA-ES,F5,10,16,0.0
CMA-ES,F5,10,17,0.0
CMA-ES,F5,10,18,0.0
CMA-ES,F5,10,19,0.0
CMA-ES,F5,10,20,0.0
CMA-ES,F5,10,21,0.0
CMA-ES,F5,10,22,0.0
CMA-ES,F5,10,23,0.0
CMA-ES,F5,10,24,0.0
CMA-ES,F5,10,25,0.0
CMA-ES,F5,10,26,0.0
CMA-ES,F5,10,27,0.0
CMA-ES,F5,10,28,0.0
CMA-ES,F5,10,29,0.0
ACE-SHADE,F5,20,0,0.0
ACE-SHADE,F5,20,1,0.0
ACE-SHADE,F5,20,2,0.0
ACE-SHADE,F5,20,3,0.0
ACE-SHADE,F5,20,4,0.0
ACE-SHADE,F5,20,5,0.0
ACE-SHADE,F5,20,6,0.0
ACE-SHADE,F5,20,7,0.0
ACE-SHADE,F5,20,8,0.0
ACE-SHADE,F5,20,9,0.0
ACE-SHADE,F5,20,10,0.0
ACE-SHADE,F5,20,11,0.0
ACE-SHADE,F5,20,12,0.0
ACE-SHADE,F5,20,13,0.0
ACE-SHADE,F5,20,14,0.0
ACE-SHADE,F5,20,15,0.0
ACE-SHADE,F5,20,16,0.0
ACE-SHADE,F5,20,17,0.0
ACE-SHADE,F5,20,18,0.0
ACE-SHADE,F5,20,19,0.0
ACE-SHADE,F5,20,20,0.0
ACE-SHADE,F5,20,21,0.0
ACE-SHADE,F5,20,22,0.0
ACE-SHADE,F5,20,23,0.0
ACE-SHADE,F5,20,24,0.0
ACE-SHADE,F5,20,25,0.0
ACE-SHADE,F5,20,26,0.0
ACE-SHADE,F5,20,27,0.0
ACE-SHADE,F5,20,28,0.0
ACE-SHADE,F5,20,29,0.0
CMA-ES,F5,20,0,0.0
CMA-ES,F5,20,1,0.4543240185907962
CMA-ES,F5,20,2,0.5438522690072887
CMA-ES,F5,20,3,1.1368683772161605e-13
CMA-ES,F5,20,4,0.5438522690072887
CMA-ES,F5,20,5,1.1368683772161605e-13
CMA-ES,F5,20,6,0.7821639574193568
CMA-ES,F5,20,7,0.7692948634032746
CMA-ES,F5,20,8,1.1368683772161605e-13
CMA-ES,F5,20,9,0.0
CMA-ES,F5,20,10,1.1368683772161605e-13
CMA-ES,F5,20,11,0.0895282504164924
CMA-ES,F5,20,12,0.0
CMA-ES,F5,20,13,0.1790565008329849
CMA-ES,F5,20,14,0.0
CMA-ES,F5,20,15,0.0
CMA-ES,F5,20,16,1.1368683772161605e-13
CMA-ES,F5,20,17,1.1368683772161605e-13
CMA-ES,F5,20,18,0.6821853211881717
CMA-ES,F5,20,19,1.1368683772161605e-13
CMA-ES,F5,20,20,0.0
CMA-ES,F5,20,21,0.0
CMA-ES,F5,20,22,0.4543240185907962
CMA-ES,F5,20,23,0.0895282504164924
CMA-ES,F5,20,24,0.4543240185907962
CMA-ES,F5,20,25,0.0
CMA-ES,F5,20,26,0.0
CMA-ES,F5,20,27,0.0
CMA-ES,F5,20,28,0.0895282504164924
CMA-ES,F5,20,29,0.4543240185907962
LSHADE-RSP,F5,20,0,0.0
LSHADE-RSP,F5,20,1,0.0
LSHADE-RSP,F5,20,2,0.0
LSHADE-RSP,F5,20,3,0.0
LSHADE-RSP,F5,20,4,0.0
LSHADE-RSP,F5,20,5,0.0
LSHADE-RSP,F5,20,6,0.0
LSHADE-RSP,F5,20,7,0.0
LSHADE-RSP,F5,20,8,0.0
LSHADE-RSP,F5,20,9,0.0
LSHADE-RSP,F5,20,10,0.0
LSHADE-RSP,F5,20,11,0.0
LSHADE-RSP,F5,20,12,0.0
LSHADE-RSP,F5,20,13,0.0
LSHADE-RSP,F5,20,14,0.0
LSHADE-RSP,F5,20,15,0.0
LSHADE-RSP,F5,20,16,0.0
LSHADE-RSP,F5,20,17,0.0
LSHADE-RSP,F5,20,18,0.0
LSHADE-RSP,F5,20,19,0.0
LSHADE-RSP,F5,20,20,0.0
LSHADE-RSP,F5,20,21,0.0
LSHADE-RSP,F5,20,22,0.0
LSHADE-RSP,F5,20,23,0.0
LSHADE-RSP,F5,20,24,0.0
LSHADE-RSP,F5,20,25,0.0
LSHADE-RSP,F5,20,26,0.0
LSHADE-RSP,F5,20,27,0.0
LSHADE-RSP,F5,20,28,0.0
LSHADE-RSP,F5,20,29,0.0
LSHADE-SPACMA,F5,20,0,0.0
LSHADE-SPACMA,F5,20,1,0.0
LSHADE-SPACMA,F5,20,2,0.0
LSHADE-SPACMA,F5,20,3,0.0
LSHADE-SPACMA,F5,20,4,0.0
LSHADE-SPACMA,F5,20,5,0.0
LSHADE-SPACMA,F5,20,6,0.0
LSHADE-SPACMA,F5,20,7,0.0
LSHADE-SPACMA,F5,20,8,0.0
LSHADE-SPACMA,F5,20,9,0.0
LSHADE-SPACMA,F5,20,10,0.0
LSHADE-SPACMA,F5,20,11,0.0
LSHADE-SPACMA,F5,20,12,0.0
LSHADE-SPACMA,F5,20,13,0.0
LSHADE-SPACMA,F5,20,14,0.0
LSHADE-SPACMA,F5,20,15,0.0
LSHADE-SPACMA,F5,20,16,0.0
LSHADE-SPACMA,F5,20,17,0.0
LSHADE-SPACMA,F5,20,18,0.0
LSHADE-SPACMA,F5,20,19,0.0
LSHADE-SPACMA,F5,20,20,0.0
LSHADE-SPACMA,F5,20,21,0.0
LSHADE-SPACMA,F5,20,22,0.0
LSHADE-SPACMA,F5,20,23,0.0
LSHADE-SPACMA,F5,20,24,0.0
LSHADE-SPACMA,F5,20,25,0.0
LSHADE-SPACMA,F5,20,26,0.0
LSHADE-SPACMA,F5,20,27,0.0
LSHADE-SPACMA,F5,20,28,0.0
LSHADE-SPACMA,F5,20,29,0.0
LSHADE-cnEpSin,F5,20,0,0.0
LSHADE-cnEpSin,F5,20,1,0.0
LSHADE-cnEpSin,F5,20,2,0.0
LSHADE-cnEpSin,F5,20,3,0.0
LSHADE-cnEpSin,F5,20,4,0.0
LSHADE-cnEpSin,F5,20,5,0.0
LSHADE-cnEpSin,F5,20,6,0.0
LSHADE-cnEpSin,F5,20,7,0.0
LSHADE-cnEpSin,F5,20,8,0.0
LSHADE-cnEpSin,F5,20,9,0.0
LSHADE-cnEpSin,F5,20,10,0.0
LSHADE-cnEpSin,F5,20,11,0.0
LSHADE-cnEpSin,F5,20,12,0.0
LSHADE-cnEpSin,F5,20,13,0.0
LSHADE-cnEpSin,F5,20,14,0.0
LSHADE-cnEpSin,F5,20,15,0.0
LSHADE-cnEpSin,F5,20,16,0.0
LSHADE-cnEpSin,F5,20,17,0.0
LSHADE-cnEpSin,F5,20,18,0.0
LSHADE-cnEpSin,F5,20,19,0.0
LSHADE-cnEpSin,F5,20,20,0.0
LSHADE-cnEpSin,F5,20,21,0.0
LSHADE-cnEpSin,F5,20,22,0.0
LSHADE-cnEpSin,F5,20,23,0.0
LSHADE-cnEpSin,F5,20,24,0.0
LSHADE-cnEpSin,F5,20,25,0.0
LSHADE-cnEpSin,F5,20,26,0.0
LSHADE-cnEpSin,F5,20,27,0.0
LSHADE-cnEpSin,F5,20,28,0.0
LSHADE-cnEpSin,F5,20,29,0.0
L-SHADE,F5,20,0,0.0
L-SHADE,F5,20,1,0.0
L-SHADE,F5,20,2,0.0
L-SHADE,F5,20,3,0.0
L-SHADE,F5,20,4,0.0
L-SHADE,F5,20,5,0.0
L-SHADE,F5,20,6,0.0
L-SHADE,F5,20,7,0.0
L-SHADE,F5,20,8,0.0
L-SHADE,F5,20,9,0.0
L-SHADE,F5,20,10,0.0
L-SHADE,F5,20,11,0.0
L-SHADE,F5,20,12,0.0
L-SHADE,F5,20,13,0.0
L-SHADE,F5,20,14,0.0
L-SHADE,F5,20,15,0.0
L-SHADE,F5,20,16,0.0
L-SHADE,F5,20,17,0.0
L-SHADE,F5,20,18,0.0
L-SHADE,F5,20,19,0.0
L-SHADE,F5,20,20,0.0
L-SHADE,F5,20,21,0.0
L-SHADE,F5,20,22,0.0
L-SHADE,F5,20,23,0.0
L-SHADE,F5,20,24,0.0
L-SHADE,F5,20,25,0.0
L-SHADE,F5,20,26,0.0
L-SHADE,F5,20,27,0.0
L-SHADE,F5,20,28,0.0
L-SHADE,F5,20,29,0.0
NL-SHADE-RSP,F5,20,0,0.0
NL-SHADE-RSP,F5,20,1,0.0
NL-SHADE-RSP,F5,20,2,0.0
NL-SHADE-RSP,F5,20,3,0.0
NL-SHADE-RSP,F5,20,4,0.0
NL-SHADE-RSP,F5,20,5,0.0
NL-SHADE-RSP,F5,20,6,0.0
NL-SHADE-RSP,F5,20,7,0.0
NL-SHADE-RSP,F5,20,8,0.0
NL-SHADE-RSP,F5,20,9,0.0
NL-SHADE-RSP,F5,20,10,0.0
NL-SHADE-RSP,F5,20,11,0.0
NL-SHADE-RSP,F5,20,12,0.0
NL-SHADE-RSP,F5,20,13,0.0
NL-SHADE-RSP,F5,20,14,0.0
NL-SHADE-RSP,F5,20,15,0.0
NL-SHADE-RSP,F5,20,16,0.0
NL-SHADE-RSP,F5,20,17,0.0
NL-SHADE-RSP,F5,20,18,0.0
NL-SHADE-RSP,F5,20,19,0.0
NL-SHADE-RSP,F5,20,20,0.0
NL-SHADE-RSP,F5,20,21,0.0
NL-SHADE-RSP,F5,20,22,0.0
NL-SHADE-RSP,F5,20,23,0.0
NL-SHADE-RSP,F5,20,24,0.0
NL-SHADE-RSP,F5,20,25,0.0
NL-SHADE-RSP,F5,20,26,0.0
NL-SHADE-RSP,F5,20,27,0.0
NL-SHADE-RSP,F5,20,28,0.0
NL-SHADE-RSP,F5,20,29,0.0
jSO,F5,20,0,0.0
jSO,F5,20,1,0.0
jSO,F5,20,2,0.0
jSO,F5,20,3,0.0
jSO,F5,20,4,0.0
jSO,F5,20,5,0.0
jSO,F5,20,6,0.0
jSO,F5,20,7,0.0
jSO,F5,20,8,0.0
jSO,F5,20,9,0.0
jSO,F5,20,10,0.0
jSO,F5,20,11,0.0
jSO,F5,20,12,0.0
jSO,F5,20,13,0.0
jSO,F5,20,14,0.0
jSO,F5,20,15,0.0
jSO,F5,20,16,0.0
jSO,F5,20,17,0.0
jSO,F5,20,18,0.0
jSO,F5,20,19,0.0
jSO,F5,20,20,0.0
jSO,F5,20,21,0.0
jSO,F5,20,22,0.0
jSO,F5,20,23,0.0
jSO,F5,20,24,0.0
jSO,F5,20,25,0.0
jSO,F5,20,26,0.0
jSO,F5,20,27,0.0
jSO,F5,20,28,0.0
jSO,F5,20,29,0.0
ACE-SHADE,F6,10,0,0.4515455917467079
ACE-SHADE,F6,10,1,1.4806593256141696
ACE-SHADE,F6,10,2,0.311137098520021
ACE-SHADE,F6,10,3,0.4859110494526248
ACE-SHADE,F6,10,4,0.4759288020648
ACE-SHADE,F6,10,5,0.4899337059218851
ACE-SHADE,F6,10,6,4.260455723127507
ACE-SHADE,F6,10,7,1.3994237802289715
ACE-SHADE,F6,10,8,1.454666271157521
ACE-SHADE,F6,10,9,1.48390677208522
ACE-SHADE,F6,10,10,0.2479447705532038
ACE-SHADE,F6,10,11,0.4239092795487522
ACE-SHADE,F6,10,12,0.4810946975414936
ACE-SHADE,F6,10,13,0.1363838192171442
ACE-SHADE,F6,10,14,1.475867798550098
ACE-SHADE,F6,10,15,0.3689929906051929
ACE-SHADE,F6,10,16,2.152791554712394
ACE-SHADE,F6,10,17,0.4590798483554863
ACE-SHADE,F6,10,18,0.1844136691465792
ACE-SHADE,F6,10,19,1.358737897689025
ACE-SHADE,F6,10,20,0.4816876081154078
ACE-SHADE,F6,10,21,0.2008950884903697
ACE-SHADE,F6,10,22,0.4137876579002295
ACE-SHADE,F6,10,23,0.3366510531657241
ACE-SHADE,F6,10,24,1.48051721573529
ACE-SHADE,F6,10,25,0.4778660434990343
ACE-SHADE,F6,10,26,0.3123412118582109
ACE-SHADE,F6,10,27,2.434422595684282
ACE-SHADE,F6,10,28,1.4739667271398955
ACE-SHADE,F6,10,29,0.166318828685462
NL-SHADE-RSP,F6,10,0,0.4855674322068353
NL-SHADE-RSP,F6,10,1,0.4681398857103431
NL-SHADE-RSP,F6,10,2,0.3377104787057305
NL-SHADE-RSP,F6,10,3,0.4754628684909221
NL-SHADE-RSP,F6,10,4,0.4790322047265363
NL-SHADE-RSP,F6,10,5,0.2045856504360017
NL-SHADE-RSP,F6,10,6,0.3676868585193915
NL-SHADE-RSP,F6,10,7,0.2411052975348866
NL-SHADE-RSP,F6,10,8,0.4291901541057541
NL-SHADE-RSP,F6,10,9,0.278093808491576
NL-SHADE-RSP,F6,10,10,0.4977802159291968
NL-SHADE-RSP,F6,10,11,0.4221309381734954
NL-SHADE-RSP,F6,10,12,0.4985129554897867
NL-SHADE-RSP,F6,10,13,0.3283422480076297
NL-SHADE-RSP,F6,10,14,0.4999994151271494
NL-SHADE-RSP,F6,10,15,0.3747476577498219
NL-SHADE-RSP,F6,10,16,0.2680247956961921
NL-SHADE-RSP,F6,10,17,0.4989518380357367
NL-SHADE-RSP,F6,10,18,0.3116822008760209
NL-SHADE-RSP,F6,10,19,0.4992167659222559
NL-SHADE-RSP,F6,10,20,0.4999981924061103
NL-SHADE-RSP,F6,10,21,0.4995988573418799
NL-SHADE-RSP,F6,10,22,0.4975750800876994
NL-SHADE-RSP,F6,10,23,0.3840695804806273
NL-SHADE-RSP,F6,10,24,0.4196885652243054
NL-SHADE-RSP,F6,10,25,0.3992819148377293
NL-SHADE-RSP,F6,10,26,0.370075076795274
NL-SHADE-RSP,F6,10,27,0.4912256416912441
NL-SHADE-RSP,F6,10,28,0.4984931268463697
NL-SHADE-RSP,F6,10,29,0.4992855312484607
LSHADE-SPACMA,F6,10,0,0.4571922636419003
LSHADE-SPACMA,F6,10,1,0.1013345764974928
LSHADE-SPACMA,F6,10,2,0.4967869232343673
LSHADE-SPACMA,F6,10,3,0.2630983584194837
LSHADE-SPACMA,F6,10,4,0.2900926130380412
LSHADE-SPACMA,F6,10,5,0.4782409363663191
LSHADE-SPACMA,F6,10,6,0.1067415493853332
LSHADE-SPACMA,F6,10,7,0.3525862970718663
LSHADE-SPACMA,F6,10,8,0.0014141726442176
LSHADE-SPACMA,F6,10,9,0.3926472950013249
LSHADE-SPACMA,F6,10,10,0.4315607675926003
LSHADE-SPACMA,F6,10,11,0.0884359318879433
LSHADE-SPACMA,F6,10,12,0.4591944644114392
LSHADE-SPACMA,F6,10,13,0.2036222321714831
LSHADE-SPACMA,F6,10,14,0.4923928670971236
LSHADE-SPACMA,F6,10,15,0.3434731761535659
LSHADE-SPACMA,F6,10,16,0.4999821685403276
LSHADE-SPACMA,F6,10,17,0.1098922227140519
LSHADE-SPACMA,F6,10,18,0.0148985597397768
LSHADE-SPACMA,F6,10,19,0.259486141915886
LSHADE-SPACMA,F6,10,20,0.493030313071813
LSHADE-SPACMA,F6,10,21,0.4882541825973021
LSHADE-SPACMA,F6,10,22,0.4247216246719745
LSHADE-SPACMA,F6,10,23,0.1760963947845084
LSHADE-SPACMA,F6,10,24,0.0873099703680964
LSHADE-SPACMA,F6,10,25,0.3867761745357256
LSHADE-SPACMA,F6,10,26,0.326763334132238
LSHADE-SPACMA,F6,10,27,0.1889868421137635
LSHADE-SPACMA,F6,10,28,0.0864694056385815
LSHADE-SPACMA,F6,10,29,0.226530320896245
LSHADE-cnEpSin,F6,10,0,0.4205581823430293
LSHADE-cnEpSin,F6,10,1,0.4046706340127457
LSHADE-cnEpSin,F6,10,2,0.4449803423667617
LSHADE-cnEpSin,F6,10,3,0.3099440333930943
LSHADE-cnEpSin,F6,10,4,0.4131287626942139
LSHADE-cnEpSin,F6,10,5,0.1316298486301548
LSHADE-cnEpSin,F6,10,6,0.4604728903600517
LSHADE-cnEpSin,F6,10,7,0.3559685374016226
LSHADE-cnEpSin,F6,10,8,0.3859047994887987
LSHADE-cnEpSin,F6,10,9,0.4851478067150765
LSHADE-cnEpSin,F6,10,10,0.3417939524583744
LSHADE-cnEpSin,F6,10,11,0.4134933815330441
LSHADE-cnEpSin,F6,10,12,0.3008468740786156
LSHADE-cnEpSin,F6,10,13,0.3533953104051761
LSHADE-cnEpSin,F6,10,14,0.4358316178759196
LSHADE-cnEpSin,F6,10,15,0.4926227207931788
LSHADE-cnEpSin,F6,10,16,0.4684248320124879
LSHADE-cnEpSin,F6,10,17,0.4450675134710309
LSHADE-cnEpSin,F6,10,18,0.2495572516347692
LSHADE-cnEpSin,F6,10,19,0.4851181260312387
LSHADE-cnEpSin,F6,10,20,0.489709780689509
LSHADE-cnEpSin,F6,10,21,0.4487762869271137
LSHADE-cnEpSin,F6,10,22,0.2959291755780668
LSHADE-cnEpSin,F6,10,23,0.3538756692655624
LSHADE-cnEpSin,F6,10,24,0.2223909646493211
LSHADE-cnEpSin,F6,10,25,0.2412993560253653
LSHADE-cnEpSin,F6,10,26,0.4700421427380661
LSHADE-cnEpSin,F6,10,27,0.4172067905690255
LSHADE-cnEpSin,F6,10,28,0.4992415156689276
LSHADE-cnEpSin,F6,10,29,0.1486960754564279
LSHADE-RSP,F6,10,0,0.3475853796460342
LSHADE-RSP,F6,10,1,0.1802266211764163
LSHADE-RSP,F6,10,2,0.4450544941830685
LSHADE-RSP,F6,10,3,0.2957346666835292
LSHADE-RSP,F6,10,4,0.3945976119130137
LSHADE-RSP,F6,10,5,0.4737808403071994
LSHADE-RSP,F6,10,6,0.4146935649357601
LSHADE-RSP,F6,10,7,0.0257378949384019
LSHADE-RSP,F6,10,8,0.1944086477890323
LSHADE-RSP,F6,10,9,0.3137485218949223
LSHADE-RSP,F6,10,10,0.1615016888135869
LSHADE-RSP,F6,10,11,0.0467863182984729
LSHADE-RSP,F6,10,12,0.2840748766402612
LSHADE-RSP,F6,10,13,0.1986582379142873
LSHADE-RSP,F6,10,14,0.2141392202136103
LSHADE-RSP,F6,10,15,0.1055093283532642
LSHADE-RSP,F6,10,16,0.3877945404549336
LSHADE-RSP,F6,10,17,0.3511963562052642
LSHADE-RSP,F6,10,18,0.136661039881119
LSHADE-RSP,F6,10,19,0.1259608396762814
LSHADE-RSP,F6,10,20,0.0533424185982767
LSHADE-RSP,F6,10,21,0.1519542486032605
LSHADE-RSP,F6,10,22,0.3301059692712442
LSHADE-RSP,F6,10,23,0.4627372434003973
LSHADE-RSP,F6,10,24,0.0972098821966938
LSHADE-RSP,F6,10,25,0.3002217767707407
LSHADE-RSP,F6,10,26,0.2244533004659388
LSHADE-RSP,F6,10,27,0.3087254130537076
LSHADE-RSP,F6,10,28,0.4999982280949098
LSHADE-RSP,F6,10,29,0.374846186903369
jSO,F6,10,0,0.1715744364273632
jSO,F6,10,1,0.3127969291826957
jSO,F6,10,2,0.2440954122782841
jSO,F6,10,3,0.1057418332400175
jSO,F6,10,4,0.4412352359977376
jSO,F6,10,5,0.3984237092461171
jSO,F6,10,6,0.3785979571985081
jSO,F6,10,7,0.2291337911226492
jSO,F6,10,8,0.2811691970266565
jSO,F6,10,9,0.0070177274537854
jSO,F6,10,10,0.2579197209265658
jSO,F6,10,11,0.0965597318208892
jSO,F6,10,12,0.041022108256584
jSO,F6,10,13,0.3707472580970261
jSO,F6,10,14,0.4343016386449108
jSO,F6,10,15,0.3072784691439665
jSO,F6,10,16,0.20659049056826
jSO,F6,10,17,0.1535707009661564
jSO,F6,10,18,0.4592699811630609
jSO,F6,10,19,0.2733905777790824
jSO,F6,10,20,0.0857864823478848
jSO,F6,10,21,0.4017887121901822
jSO,F6,10,22,0.0816081083901281
jSO,F6,10,23,0.1728743031626436
jSO,F6,10,24,0.2555890364367315
jSO,F6,10,25,0.3804305480680341
jSO,F6,10,26,0.4462533822745627
jSO,F6,10,27,0.2633490530677136
jSO,F6,10,28,0.3007815140401817
jSO,F6,10,29,0.2490592363089945
L-SHADE,F6,10,0,0.3154560690941252
L-SHADE,F6,10,1,0.0507793502438289
L-SHADE,F6,10,2,0.4966514262378041
L-SHADE,F6,10,3,0.4924343736242917
L-SHADE,F6,10,4,0.1681826175947662
L-SHADE,F6,10,5,0.0446313999498215
L-SHADE,F6,10,6,0.4459626586071863
L-SHADE,F6,10,7,0.4803574533625578
L-SHADE,F6,10,8,0.3298584228837171
L-SHADE,F6,10,9,0.4996958221668137
L-SHADE,F6,10,10,0.0308792324165096
L-SHADE,F6,10,11,0.4626705744237824
L-SHADE,F6,10,12,0.1719785914754084
L-SHADE,F6,10,13,0.249748973197029
L-SHADE,F6,10,14,0.4426832433648542
L-SHADE,F6,10,15,0.1217269234271043
L-SHADE,F6,10,16,0.486722961772557
L-SHADE,F6,10,17,0.0291643228383691
L-SHADE,F6,10,18,0.3712962692450219
L-SHADE,F6,10,19,0.4114500845962539
L-SHADE,F6,10,20,0.4763719679583573
L-SHADE,F6,10,21,0.4987780949875287
L-SHADE,F6,10,22,0.4310438482741574
L-SHADE,F6,10,23,0.179235589434711
L-SHADE,F6,10,24,0.3399188922230678
L-SHADE,F6,10,25,0.4711723146178883
L-SHADE,F6,10,26,0.3082804707039486
L-SHADE,F6,10,27,0.1815410395377057
L-SHADE,F6,10,28,0.4789828715952353
L-SHADE,F6,10,29,0.0451769023623001
CMA-ES,F6,10,0,13791.930619256767
CMA-ES,F6,10,1,16806.381315493098
CMA-ES,F6,10,2,2190.3209718094727
CMA-ES,F6,10,3,5.136466311449112
CMA-ES,F6,10,4,2.0990464647577483
CMA-ES,F6,10,5,12317.08153837298
CMA-ES,F6,10,6,15079.940632610513
CMA-ES,F6,10,7,16.14210009506769
CMA-ES,F6,10,8,5.570771095750388
CMA-ES,F6,10,9,27413.66566770908
CMA-ES,F6,10,10,4.473974684308814
CMA-ES,F6,10,11,9.236748725859798
CMA-ES,F6,10,12,5.442599270669234
CMA-ES,F6,10,13,13807.909184835424
CMA-ES,F6,10,14,1297.546616761636
CMA-ES,F6,10,15,1296.5516577045428
CMA-ES,F6,10,16,11219.48882607381
CMA-ES,F6,10,17,4.304832854322967
CMA-ES,F6,10,18,6831.924869676794
CMA-ES,F6,10,19,10955.83257391429
CMA-ES,F6,10,20,1289.1353606862883
CMA-ES,F6,10,21,6.233028132573054
CMA-ES,F6,10,22,6.460604033444497
CMA-ES,F6,10,23,8.85568463643176
CMA-ES,F6,10,24,10950.018880068446
CMA-ES,F6,10,25,1292.1202328197496
CMA-ES,F6,10,26,5.352231080266165
CMA-ES,F6,10,27,1434.7382360974198
CMA-ES,F6,10,28,4319.613902310844
CMA-ES,F6,10,29,15071.299422588396
ACE-SHADE,F6,20,0,1.4041353740606155
ACE-SHADE,F6,20,1,0.3992428531373662
ACE-SHADE,F6,20,2,1.244220533432781
ACE-SHADE,F6,20,3,2.316790310834904
ACE-SHADE,F6,20,4,0.477210573388902
ACE-SHADE,F6,20,5,2.0180420427329864
ACE-SHADE,F6,20,6,1.3007636112113232
ACE-SHADE,F6,20,7,1.4092721182987589
ACE-SHADE,F6,20,8,1.2917461425781769
ACE-SHADE,F6,20,9,1.2677571835426988
ACE-SHADE,F6,20,10,6.733341554724575
ACE-SHADE,F6,20,11,3.546814511833418
ACE-SHADE,F6,20,12,1.303117592217859
ACE-SHADE,F6,20,13,0.3435386697376543
ACE-SHADE,F6,20,14,6.341199045129315
ACE-SHADE,F6,20,15,0.3573842134085225
ACE-SHADE,F6,20,16,3.7244244114858702
ACE-SHADE,F6,20,17,5.51931949316122
ACE-SHADE,F6,20,18,0.4655059853255352
ACE-SHADE,F6,20,19,3.0904683027056308
ACE-SHADE,F6,20,20,2.352650209660624
ACE-SHADE,F6,20,21,1.0899919254704855
ACE-SHADE,F6,20,22,2.240012153102043
ACE-SHADE,F6,20,23,3.2948563336449297
ACE-SHADE,F6,20,24,4.242512038598761
ACE-SHADE,F6,20,25,1.4095830689145714
ACE-SHADE,F6,20,26,12.253924966793877
ACE-SHADE,F6,20,27,3.788635444366719
ACE-SHADE,F6,20,28,2.091778505867296
ACE-SHADE,F6,20,29,0.4266641258809613
CMA-ES,F6,20,0,72348.96462324886
CMA-ES,F6,20,1,26849.070361109712
CMA-ES,F6,20,2,35864.517537962114
CMA-ES,F6,20,3,41761.25887771885
CMA-ES,F6,20,4,27217.83926802084
CMA-ES,F6,20,5,18048.82683502163
CMA-ES,F6,20,6,69681.86865726972
CMA-ES,F6,20,7,51883.92352991368
CMA-ES,F6,20,8,36401.786195187255
CMA-ES,F6,20,9,46591.107590435626
CMA-ES,F6,20,10,38584.60724539164
CMA-ES,F6,20,11,19068.32447302639
CMA-ES,F6,20,12,44547.52442056115
CMA-ES,F6,20,13,22022.441403624147
CMA-ES,F6,20,14,36218.69390051626
CMA-ES,F6,20,15,64416.84566486984
CMA-ES,F6,20,16,1683.090184616919
CMA-ES,F6,20,17,47416.06725910064
CMA-ES,F6,20,18,12553.985421811043
CMA-ES,F6,20,19,39352.4884550881
CMA-ES,F6,20,20,35171.609859503296
CMA-ES,F6,20,21,1776.632546762557
CMA-ES,F6,20,22,52504.78704368952
CMA-ES,F6,20,23,30687.271856666623
CMA-ES,F6,20,24,31425.99792234914
CMA-ES,F6,20,25,3866.523929116076
CMA-ES,F6,20,26,50330.964163595374
CMA-ES,F6,20,27,37663.343912654935
CMA-ES,F6,20,28,4951.005698179837
CMA-ES,F6,20,29,26396.61266967395
LSHADE-RSP,F6,20,0,0.4296783415027221
LSHADE-RSP,F6,20,1,0.477760648093863
LSHADE-RSP,F6,20,2,0.4897150211802454
LSHADE-RSP,F6,20,3,0.4999494172470804
LSHADE-RSP,F6,20,4,0.497915741540055
LSHADE-RSP,F6,20,5,0.4625746152535157
LSHADE-RSP,F6,20,6,0.4999803620266903
LSHADE-RSP,F6,20,7,0.4788523077354512
LSHADE-RSP,F6,20,8,0.4999980458771915
LSHADE-RSP,F6,20,9,0.4999939904250823
LSHADE-RSP,F6,20,10,0.4999975324728893
LSHADE-RSP,F6,20,11,0.4993017638673791
LSHADE-RSP,F6,20,12,0.4991433486704864
LSHADE-RSP,F6,20,13,0.4999516488937843
LSHADE-RSP,F6,20,14,0.4989252906407273
LSHADE-RSP,F6,20,15,0.4897778883100727
LSHADE-RSP,F6,20,16,0.4888046865812612
LSHADE-RSP,F6,20,17,0.4992437051644174
LSHADE-RSP,F6,20,18,0.4986352541927772
LSHADE-RSP,F6,20,19,0.4737577188757313
LSHADE-RSP,F6,20,20,0.4981600340302066
LSHADE-RSP,F6,20,21,0.4997406024558586
LSHADE-RSP,F6,20,22,0.4995405585639219
LSHADE-RSP,F6,20,23,0.4756424182264709
LSHADE-RSP,F6,20,24,0.4981486264423438
LSHADE-RSP,F6,20,25,0.493533984638816
LSHADE-RSP,F6,20,26,0.4997254692343631
LSHADE-RSP,F6,20,27,0.4999509218107505
LSHADE-RSP,F6,20,28,0.4999987592843808
LSHADE-RSP,F6,20,29,0.4998636158020417
LSHADE-SPACMA,F6,20,0,0.4980493898942768
LSHADE-SPACMA,F6,20,1,0.4981361640218438
LSHADE-SPACMA,F6,20,2,0.4999999984045189
LSHADE-SPACMA,F6,20,3,0.4687525032497888
LSHADE-SPACMA,F6,20,4,0.4941332985763438
LSHADE-SPACMA,F6,20,5,0.4999984096730259
LSHADE-SPACMA,F6,20,6,0.4999999998788098
LSHADE-SPACMA,F6,20,7,0.4999351458852743
LSHADE-SPACMA,F6,20,8,0.4999999784431566
LSHADE-SPACMA,F6,20,9,0.4993920845938646
LSHADE-SPACMA,F6,20,10,0.4999997863551471
LSHADE-SPACMA,F6,20,11,0.4999987020075878
LSHADE-SPACMA,F6,20,12,0.4999971785152866
LSHADE-SPACMA,F6,20,13,0.4999996736980847
LSHADE-SPACMA,F6,20,14,0.497959929879471
LSHADE-SPACMA,F6,20,15,0.4999997589004579
LSHADE-SPACMA,F6,20,16,0.48312407306571
LSHADE-SPACMA,F6,20,17,0.4728794955663034
LSHADE-SPACMA,F6,20,18,0.4999996906913111
LSHADE-SPACMA,F6,20,19,0.4987595044681256
LSHADE-SPACMA,F6,20,20,0.481281937583617
LSHADE-SPACMA,F6,20,21,0.499136290520255
LSHADE-SPACMA,F6,20,22,0.4999999672234025
LSHADE-SPACMA,F6,20,23,0.4999999951330665
LSHADE-SPACMA,F6,20,24,0.4969440561292231
LSHADE-SPACMA,F6,20,25,0.4929675265113928
LSHADE-SPACMA,F6,20,26,0.499999622596988
LSHADE-SPACMA,F6,20,27,0.4999185844724252
LSHADE-SPACMA,F6,20,28,0.4825813111465322
LSHADE-SPACMA,F6,20,29,0.4999999902531726
LSHADE-cnEpSin,F6,20,0,0.4999990221740518
LSHADE-cnEpSin,F6,20,1,0.4999999144538378
LSHADE-cnEpSin,F6,20,2,0.4784414813798321
LSHADE-cnEpSin,F6,20,3,0.4958148034454552
LSHADE-cnEpSin,F6,20,4,0.4875041049062929
LSHADE-cnEpSin,F6,20,5,0.4948582532533692
LSHADE-cnEpSin,F6,20,6,0.4922581087441813
LSHADE-cnEpSin,F6,20,7,0.4999864026244722
LSHADE-cnEpSin,F6,20,8,0.4999387926520739
LSHADE-cnEpSin,F6,20,9,0.474706127118452
LSHADE-cnEpSin,F6,20,10,0.4998645235330059
LSHADE-cnEpSin,F6,20,11,0.4999426951185342
LSHADE-cnEpSin,F6,20,12,0.4999501065176446
LSHADE-cnEpSin,F6,20,13,0.4986390807428051
LSHADE-cnEpSin,F6,20,14,0.4999768038726415
LSHADE-cnEpSin,F6,20,15,0.499890301969117
LSHADE-cnEpSin,F6,20,16,0.4999313086780148
LSHADE-cnEpSin,F6,20,17,0.4999036986764622
LSHADE-cnEpSin,F6,20,18,0.4873941684361398
LSHADE-cnEpSin,F6,20,19,0.4997981396202249
LSHADE-cnEpSin,F6,20,20,0.4988199203098702
LSHADE-cnEpSin,F6,20,21,0.4999178621330884
LSHADE-cnEpSin,F6,20,22,0.4970025012528367
LSHADE-cnEpSin,F6,20,23,0.4951515964114605
LSHADE-cnEpSin,F6,20,24,0.499787760831623
LSHADE-cnEpSin,F6,20,25,0.4995000725982663
LSHADE-cnEpSin,F6,20,26,0.4964597832881736
LSHADE-cnEpSin,F6,20,27,0.4999891895899964
LSHADE-cnEpSin,F6,20,28,0.4787547867276771
LSHADE-cnEpSin,F6,20,29,0.4999013188007666
L-SHADE,F6,20,0,0.4992335935066876
L-SHADE,F6,20,1,0.337060308428363
L-SHADE,F6,20,2,0.4999990489934589
L-SHADE,F6,20,3,0.4999999154981651
L-SHADE,F6,20,4,0.4999999098254193
L-SHADE,F6,20,5,0.4996290719518583
L-SHADE,F6,20,6,0.4999999272163222
L-SHADE,F6,20,7,0.4994370680467455
L-SHADE,F6,20,8,0.4964366107176374
L-SHADE,F6,20,9,0.4999978107887273
L-SHADE,F6,20,10,0.4999999863957782
L-SHADE,F6,20,11,0.4999996681028733
L-SHADE,F6,20,12,0.4995136325096609
L-SHADE,F6,20,13,0.4997762843750024
L-SHADE,F6,20,14,0.4999999975943865
L-SHADE,F6,20,15,0.4994330827494195
L-SHADE,F6,20,16,0.4999977461213802
L-SHADE,F6,20,17,0.4999845065349291
L-SHADE,F6,20,18,0.4999933895571757
L-SHADE,F6,20,19,0.4999658816286683
L-SHADE,F6,20,20,0.3632201232146599
L-SHADE,F6,20,21,0.4999999999615738
L-SHADE,F6,20,22,0.4999704217377712
L-SHADE,F6,20,23,0.4999997552556579
L-SHADE,F6,20,24,0.4999894063362262
L-SHADE,F6,20,25,0.499988554630363
L-SHADE,F6,20,26,0.4934894972243455
L-SHADE,F6,20,27,0.4999931195086446
L-SHADE,F6,20,28,0.4992500623541218
L-SHADE,F6,20,29,0.499999056869683
NL-SHADE-RSP,F6,20,0,0.4999508562987103
NL-SHADE-RSP,F6,20,1,0.4999999981200744
NL-SHADE-RSP,F6,20,2,0.499752269287228
NL-SHADE-RSP,F6,20,3,0.4999994412291926
NL-SHADE-RSP,F6,20,4,0.4815195573853543
NL-SHADE-RSP,F6,20,5,0.4999997820209501
NL-SHADE-RSP,F6,20,6,0.4996446243708305
NL-SHADE-RSP,F6,20,7,0.4999999999420197
NL-SHADE-RSP,F6,20,8,0.4999976730039179
NL-SHADE-RSP,F6,20,9,0.4958262036466294
NL-SHADE-RSP,F6,20,10,0.4969346118821249
NL-SHADE-RSP,F6,20,11,0.4699168645006466
NL-SHADE-RSP,F6,20,12,0.4755140378144915
NL-SHADE-RSP,F6,20,13,0.4999918068585884
NL-SHADE-RSP,F6,20,14,0.2854392290264513
NL-SHADE-RSP,F6,20,15,0.4989524269496996
NL-SHADE-RSP,F6,20,16,0.4808160896604931
NL-SHADE-RSP,F6,20,17,0.4912167207637594
NL-SHADE-RSP,F6,20,18,0.4485932584598231
NL-SHADE-RSP,F6,20,19,0.499999998735575
NL-SHADE-RSP,F6,20,20,0.4999999616768491
NL-SHADE-RSP,F6,20,21,0.4995914560220171
NL-SHADE-RSP,F6,20,22,0.4995739773351033
NL-SHADE-RSP,F6,20,23,0.4999996089836713
NL-SHADE-RSP,F6,20,24,0.4999965603735745
NL-SHADE-RSP,F6,20,25,0.4999977519166805
NL-SHADE-RSP,F6,20,26,0.4999963740506246
NL-SHADE-RSP,F6,20,27,0.4987839143818746
NL-SHADE-RSP,F6,20,28,0.4999999848237166
NL-SHADE-RSP,F6,20,29,0.4999999762505922
jSO,F6,20,0,0.4990088528663818
jSO,F6,20,1,0.4995014516910032
jSO,F6,20,2,0.4966951435685587
jSO,F6,20,3,0.486399270675065
jSO,F6,20,4,0.4999472735148629
jSO,F6,20,5,0.4999998553141722
jSO,F6,20,6,0.4990065664721896
jSO,F6,20,7,0.4996744508223401
jSO,F6,20,8,0.4999960718005241
jSO,F6,20,9,0.498698942865758
jSO,F6,20,10,0.4967377781422328
jSO,F6,20,11,0.4963296768892178
jSO,F6,20,12,0.4999941039413897
jSO,F6,20,13,0.4987811290684476
jSO,F6,20,14,0.4971417998615379
jSO,F6,20,15,0.4999930051155843
jSO,F6,20,16,0.497837559373238
jSO,F6,20,17,0.4999959130764182
jSO,F6,20,18,0.4903667258765836
jSO,F6,20,19,0.4999960092534365
jSO,F6,20,20,0.4997963671714842
jSO,F6,20,21,0.4789230660683188
jSO,F6,20,22,0.4954828542845462
jSO,F6,20,23,0.4999804460674113
jSO,F6,20,24,0.4789765400910255
jSO,F6,20,25,0.4995493495039227
jSO,F6,20,26,0.4964030383612225
jSO,F6,20,27,0.4909150498760937
jSO,F6,20,28,0.4999194543881913
jSO,F6,20,29,0.4975430360761947
ACE-SHADE,F7,10,0,0.0865029749784298
ACE-SHADE,F7,10,1,0.092575483411565
ACE-SHADE,F7,10,2,0.0247023948506921
ACE-SHADE,F7,10,3,0.0052176843037159
ACE-SHADE,F7,10,4,0.3162142929315905
ACE-SHADE,F7,10,5,0.238181482726759
ACE-SHADE,F7,10,6,0.0126670028239459
ACE-SHADE,F7,10,7,14.763164333558509
ACE-SHADE,F7,10,8,0.0222143464834516
ACE-SHADE,F7,10,9,0.0111982285159228
ACE-SHADE,F7,10,10,0.032985579998467
ACE-SHADE,F7,10,11,0.0010762767269625
ACE-SHADE,F7,10,12,19.933965125382883
ACE-SHADE,F7,10,13,0.0481848908184474
ACE-SHADE,F7,10,14,0.0240935438071119
ACE-SHADE,F7,10,15,0.5108505467271698
ACE-SHADE,F7,10,16,0.0446326301137105
ACE-SHADE,F7,10,17,0.0257553499679943
ACE-SHADE,F7,10,18,20.032796544711573
ACE-SHADE,F7,10,19,0.1284507955533627
ACE-SHADE,F7,10,20,0.0406506516560511
ACE-SHADE,F7,10,21,0.0013031584062446
ACE-SHADE,F7,10,22,0.0004915681806778
ACE-SHADE,F7,10,23,0.2469889629285262
ACE-SHADE,F7,10,24,0.0276524145742769
ACE-SHADE,F7,10,25,0.2009215178929935
ACE-SHADE,F7,10,26,0.0344575664951207
ACE-SHADE,F7,10,27,0.0658203892628535
ACE-SHADE,F7,10,28,3.8984114217878414
ACE-SHADE,F7,10,29,20.039978312810945
NL-SHADE-RSP,F7,10,0,0.3015054311433687
NL-SHADE-RSP,F7,10,1,0.1541642310928637
NL-SHADE-RSP,F7,10,2,0.0002631200609357
NL-SHADE-RSP,F7,10,3,0.1479506603363916
NL-SHADE-RSP,F7,10,4,0.1163193079228221
NL-SHADE-RSP,F7,10,5,0.1712773835195093
NL-SHADE-RSP,F7,10,6,0.1215236406189887
NL-SHADE-RSP,F7,10,7,0.0908760197009996
NL-SHADE-RSP,F7,10,8,0.0474599376520927
NL-SHADE-RSP,F7,10,9,0.0433498464224157
NL-SHADE-RSP,F7,10,10,0.1472581234500012
NL-SHADE-RSP,F7,10,11,0.5640671964279136
NL-SHADE-RSP,F7,10,12,0.0481877584795711
NL-SHADE-RSP,F7,10,13,0.0390604081283072
NL-SHADE-RSP,F7,10,14,0.3201922114615172
NL-SHADE-RSP,F7,10,15,0.1929295559798447
NL-SHADE-RSP,F7,10,16,0.3308556533916089
NL-SHADE-RSP,F7,10,17,0.1549364331167453
NL-SHADE-RSP,F7,10,18,0.329803194686292
NL-SHADE-RSP,F7,10,19,0.2409924295195651
NL-SHADE-RSP,F7,10,20,0.0602128949612961
NL-SHADE-RSP,F7,10,21,0.0226146260467885
NL-SHADE-RSP,F7,10,22,0.0002399340555712
NL-SHADE-RSP,F7,10,23,0.2986784000145235
NL-SHADE-RSP,F7,10,24,0.3257077481005126
NL-SHADE-RSP,F7,10,25,0.2370343038844566
NL-SHADE-RSP,F7,10,26,0.2564941435703076
NL-SHADE-RSP,F7,10,27,0.2175817196712159
NL-SHADE-RSP,F7,10,28,0.2949449980042118
NL-SHADE-RSP,F7,10,29,0.3907462584522818
LSHADE-SPACMA,F7,10,0,0.1471372124160552
LSHADE-SPACMA,F7,10,1,1.0707304187139923
LSHADE-SPACMA,F7,10,2,1.232295924330856
LSHADE-SPACMA,F7,10,3,0.9609225761182644
LSHADE-SPACMA,F7,10,4,0.193972517388147
LSHADE-SPACMA,F7,10,5,1.0162850416654692
LSHADE-SPACMA,F7,10,6,0.7400522993791583
LSHADE-SPACMA,F7,10,7,0.5167282419190542
LSHADE-SPACMA,F7,10,8,0.5850655730512244
LSHADE-SPACMA,F7,10,9,0.080385610993062
LSHADE-SPACMA,F7,10,10,1.0102613353199104
LSHADE-SPACMA,F7,10,11,0.9325403295190426
LSHADE-SPACMA,F7,10,12,0.5149737059714425
LSHADE-SPACMA,F7,10,13,0.1948114051967877
LSHADE-SPACMA,F7,10,14,1.4805414653305888
LSHADE-SPACMA,F7,10,15,0.8328267461156429
LSHADE-SPACMA,F7,10,16,0.7509758503897501
LSHADE-SPACMA,F7,10,17,0.5303123367011722
LSHADE-SPACMA,F7,10,18,0.8400085366490657
LSHADE-SPACMA,F7,10,19,1.0737032569866187
LSHADE-SPACMA,F7,10,20,0.3337631956203495
LSHADE-SPACMA,F7,10,21,0.8433087610287657
LSHADE-SPACMA,F7,10,22,1.61789163198614
LSHADE-SPACMA,F7,10,23,20.59464129081925
LSHADE-SPACMA,F7,10,24,1.2618278833551813
LSHADE-SPACMA,F7,10,25,0.4824535562509027
LSHADE-SPACMA,F7,10,26,1.0890648166139272
LSHADE-SPACMA,F7,10,27,0.5024546404474677
LSHADE-SPACMA,F7,10,28,1.4167875836274106
LSHADE-SPACMA,F7,10,29,0.3093408799686585
LSHADE-cnEpSin,F7,10,0,20.14115583768671
LSHADE-cnEpSin,F7,10,1,0.0133789495132532
LSHADE-cnEpSin,F7,10,2,0.3941302822001944
LSHADE-cnEpSin,F7,10,3,0.0553561135293421
LSHADE-cnEpSin,F7,10,4,1.0904641852973782
LSHADE-cnEpSin,F7,10,5,0.0268760143396775
LSHADE-cnEpSin,F7,10,6,0.0151585174467072
LSHADE-cnEpSin,F7,10,7,0.956748973562526
LSHADE-cnEpSin,F7,10,8,0.0505089061862236
LSHADE-cnEpSin,F7,10,9,0.2020741517960687
LSHADE-cnEpSin,F7,10,10,0.0250428774647843
LSHADE-cnEpSin,F7,10,11,0.8023142624144839
LSHADE-cnEpSin,F7,10,12,0.2937113531031627
LSHADE-cnEpSin,F7,10,13,20.23588057526831
LSHADE-cnEpSin,F7,10,14,0.1093726990682171
LSHADE-cnEpSin,F7,10,15,1.2058083338370125
LSHADE-cnEpSin,F7,10,16,0.0656488416427691
LSHADE-cnEpSin,F7,10,17,0.0382068664109738
LSHADE-cnEpSin,F7,10,18,0.0098280653630808
LSHADE-cnEpSin,F7,10,19,0.5460386466897944
LSHADE-cnEpSin,F7,10,20,1.1156081153446848
LSHADE-cnEpSin,F7,10,21,0.003110761575499
LSHADE-cnEpSin,F7,10,22,0.0372883881475445
LSHADE-cnEpSin,F7,10,23,0.4998955518840375
LSHADE-cnEpSin,F7,10,24,0.0688745206762178
LSHADE-cnEpSin,F7,10,25,20.03740310400417
LSHADE-cnEpSin,F7,10,26,0.4288965990363067
LSHADE-cnEpSin,F7,10,27,0.0873047305842646
LSHADE-cnEpSin,F7,10,28,0.0293860191723069
LSHADE-cnEpSin,F7,10,29,20.17926639190296
LSHADE-RSP,F7,10,0,0.7950239514696023
LSHADE-RSP,F7,10,1,1.0184610481885557
LSHADE-RSP,F7,10,2,0.0003958224644975
LSHADE-RSP,F7,10,3,0.340608941045275
LSHADE-RSP,F7,10,4,0.1710949869814158
LSHADE-RSP,F7,10,5,0.3908510524254325
LSHADE-RSP,F7,10,6,0.5893901671533968
LSHADE-RSP,F7,10,7,0.7752741050451277
LSHADE-RSP,F7,10,8,0.0146830814483109
LSHADE-RSP,F7,10,9,0.0166720160464137
LSHADE-RSP,F7,10,10,0.6043269311276163
LSHADE-RSP,F7,10,11,0.4921243935993971
LSHADE-RSP,F7,10,12,0.7801785357710287
LSHADE-RSP,F7,10,13,1.046625177042415
LSHADE-RSP,F7,10,14,0.0102405367006213
LSHADE-RSP,F7,10,15,0.6872109956711938
LSHADE-RSP,F7,10,16,0.8778487846625467
LSHADE-RSP,F7,10,17,0.269836981470462
LSHADE-RSP,F7,10,18,0.2763457500054755
LSHADE-RSP,F7,10,19,0.8556381349826552
LSHADE-RSP,F7,10,20,0.5742531817834333
LSHADE-RSP,F7,10,21,0.5464347050105971
LSHADE-RSP,F7,10,22,0.121354925101059
LSHADE-RSP,F7,10,23,1.405665249767253
LSHADE-RSP,F7,10,24,0.9011563492570076
LSHADE-RSP,F7,10,25,0.9173692377312364
LSHADE-RSP,F7,10,26,0.7022524739825258
LSHADE-RSP,F7,10,27,0.538247739471899
LSHADE-RSP,F7,10,28,0.5572772259438352
LSHADE-RSP,F7,10,29,0.6573124918677422
jSO,F7,10,0,1.1414253792627278
jSO,F7,10,1,0.6482686217104856
jSO,F7,10,2,0.7795963950359237
jSO,F7,10,3,0.4660507248700014
jSO,F7,10,4,0.7939463096145118
jSO,F7,10,5,0.4184452604265516
jSO,F7,10,6,0.5272873180708757
jSO,F7,10,7,0.581653920233066
jSO,F7,10,8,0.938010505608645
jSO,F7,10,9,0.88253176649755
jSO,F7,10,10,0.3542400948929298
jSO,F7,10,11,0.5704400278161756
jSO,F7,10,12,0.451515651698628
jSO,F7,10,13,0.1758034765221054
jSO,F7,10,14,0.1647400132653729
jSO,F7,10,15,0.2073834246170918
jSO,F7,10,16,1.0444369803585687
jSO,F7,10,17,1.426801053021336
jSO,F7,10,18,0.7058820299521358
jSO,F7,10,19,1.281809519595981
jSO,F7,10,20,0.6918059567515229
jSO,F7,10,21,0.0830774382427534
jSO,F7,10,22,1.293451215931782
jSO,F7,10,23,20.480528833048535
jSO,F7,10,24,0.5722118661035438
jSO,F7,10,25,0.6424650743933853
jSO,F7,10,26,0.2720197087776341
jSO,F7,10,27,1.2365030430730712
jSO,F7,10,28,0.2477288224431504
jSO,F7,10,29,0.2789073417402505
L-SHADE,F7,10,0,0.6130978725661862
L-SHADE,F7,10,1,1.2717310455830102
L-SHADE,F7,10,2,0.7393938560871902
L-SHADE,F7,10,3,0.8821143982129342
L-SHADE,F7,10,4,1.022237934498662
L-SHADE,F7,10,5,0.3825948577284634
L-SHADE,F7,10,6,0.3313599898640404
L-SHADE,F7,10,7,0.5161268459698931
L-SHADE,F7,10,8,0.896902874122361
L-SHADE,F7,10,9,0.7676957485498406
L-SHADE,F7,10,10,0.5125858079413774
L-SHADE,F7,10,11,0.3728638397303712
L-SHADE,F7,10,12,0.8676787042279557
L-SHADE,F7,10,13,0.3545250539739299
L-SHADE,F7,10,14,0.561038820701242
L-SHADE,F7,10,15,0.2564089394802522
L-SHADE,F7,10,16,0.7443096704048457
L-SHADE,F7,10,17,0.9140831658721708
L-SHADE,F7,10,18,0.4939432822759499
L-SHADE,F7,10,19,0.5038448023249202
L-SHADE,F7,10,20,0.418613924037345
L-SHADE,F7,10,21,0.6580147615550231
L-SHADE,F7,10,22,0.6121155358014221
L-SHADE,F7,10,23,0.4281704589236597
L-SHADE,F7,10,24,0.6621350303903455
L-SHADE,F7,10,25,0.3173518507262542
L-SHADE,F7,10,26,0.5192428679770273
L-SHADE,F7,10,27,0.6092069530689059
L-SHADE,F7,10,28,0.8459004391963845
L-SHADE,F7,10,29,0.6709845176110321
CMA-ES,F7,10,0,21.51526913256248
CMA-ES,F7,10,1,23.577814216297384
CMA-ES,F7,10,2,20.995081720881217
CMA-ES,F7,10,3,19.99904359327502
CMA-ES,F7,10,4,21.24432085949752
CMA-ES,F7,10,5,23.8037987147502
CMA-ES,F7,10,6,21.989987136117637
CMA-ES,F7,10,7,20.99647812439912
CMA-ES,F7,10,8,27.978514020751845
CMA-ES,F7,10,9,20.99626945568025
CMA-ES,F7,10,10,20.99313720097166
CMA-ES,F7,10,11,20.99496128976739
CMA-ES,F7,10,12,20.98791912299953
CMA-ES,F7,10,13,24.97285968559777
CMA-ES,F7,10,14,20.992182932293417
CMA-ES,F7,10,15,21.989921434017106
CMA-ES,F7,10,16,21.029680527354003
CMA-ES,F7,10,17,22.48959364507345
CMA-ES,F7,10,18,21.43905301619543
CMA-ES,F7,10,19,21.99085275391667
CMA-ES,F7,10,20,21.519798958710226
CMA-ES,F7,10,21,23.98997579678576
CMA-ES,F7,10,22,20.99499314267496
CMA-ES,F7,10,23,20.991325312579875
CMA-ES,F7,10,24,21.494780717531967
CMA-ES,F7,10,25,20.41355406782168
CMA-ES,F7,10,26,21.4947458582119
CMA-ES,F7,10,27,15.388363257431138
CMA-ES,F7,10,28,23.36500854579617
CMA-ES,F7,10,29,21.49495905189815
ACE-SHADE,F7,20,0,20.511789772126804
ACE-SHADE,F7,20,1,20.2310554803405
ACE-SHADE,F7,20,2,20.161453406619103
ACE-SHADE,F7,20,3,20.5202872742625
ACE-SHADE,F7,20,4,20.27318588055391
ACE-SHADE,F7,20,5,20.34261080751253
ACE-SHADE,F7,20,6,20.201782746419667
ACE-SHADE,F7,20,7,20.21501017395508
ACE-SHADE,F7,20,8,20.218568970658453
ACE-SHADE,F7,20,9,20.41845973019372
ACE-SHADE,F7,20,10,20.29521665201696
ACE-SHADE,F7,20,11,20.54848505242103
ACE-SHADE,F7,20,12,20.15174000696493
ACE-SHADE,F7,20,13,20.552424039577545
ACE-SHADE,F7,20,14,20.64928292622608
ACE-SHADE,F7,20,15,20.37933848625244
ACE-SHADE,F7,20,16,20.30245883407906
ACE-SHADE,F7,20,17,20.207888733997837
ACE-SHADE,F7,20,18,20.384475996116635
ACE-SHADE,F7,20,19,20.29254244290405
ACE-SHADE,F7,20,20,20.39911184162338
ACE-SHADE,F7,20,21,20.168985305605247
ACE-SHADE,F7,20,22,20.25665121306201
ACE-SHADE,F7,20,23,20.522501953168785
ACE-SHADE,F7,20,24,20.258550854605573
ACE-SHADE,F7,20,25,20.247918245790515
ACE-SHADE,F7,20,26,20.763457239639365
ACE-SHADE,F7,20,27,20.29532868801812
ACE-SHADE,F7,20,28,20.309444440149942
ACE-SHADE,F7,20,29,20.45331923164053
CMA-ES,F7,20,0,25.51387694381674
CMA-ES,F7,20,1,23.30048987625696
CMA-ES,F7,20,2,24.30442545292749
CMA-ES,F7,20,3,22.36094953281736
CMA-ES,F7,20,4,24.545072757874777
CMA-ES,F7,20,5,23.475451443592647
CMA-ES,F7,20,6,21.059295659882537
CMA-ES,F7,20,7,29.257607188944576
CMA-ES,F7,20,8,23.77148339660539
CMA-ES,F7,20,9,21.58481546080748
CMA-ES,F7,20,10,21.44321127672333
CMA-ES,F7,20,11,22.19111011088012
CMA-ES,F7,20,12,24.583136600345146
CMA-ES,F7,20,13,23.38491155189172
CMA-ES,F7,20,14,21.4880456800131
CMA-ES,F7,20,15,22.356685506536905
CMA-ES,F7,20,16,23.27745643853882
CMA-ES,F7,20,17,23.88329744087264
CMA-ES,F7,20,18,24.867568776621056
CMA-ES,F7,20,19,23.630942710775344
CMA-ES,F7,20,20,26.579132533733173
CMA-ES,F7,20,21,23.799850925634477
CMA-ES,F7,20,22,22.295800559371852
CMA-ES,F7,20,23,21.343629205423213
CMA-ES,F7,20,24,22.25920703078691
CMA-ES,F7,20,25,23.846253331226308
CMA-ES,F7,20,26,24.006445608163176
CMA-ES,F7,20,27,22.17501519254552
CMA-ES,F7,20,28,21.553133837019686
CMA-ES,F7,20,29,21.856812811471627
LSHADE-RSP,F7,20,0,20.80454856410256
LSHADE-RSP,F7,20,1,20.231798141227276
LSHADE-RSP,F7,20,2,20.88266009159247
LSHADE-RSP,F7,20,3,20.62788138611245
LSHADE-RSP,F7,20,4,20.91775646027031
LSHADE-RSP,F7,20,5,7.64328542590647
LSHADE-RSP,F7,20,6,20.64753370681888
LSHADE-RSP,F7,20,7,21.02172306061425
LSHADE-RSP,F7,20,8,20.893473302697885
LSHADE-RSP,F7,20,9,20.47470902087844
LSHADE-RSP,F7,20,10,20.34369495972146
LSHADE-RSP,F7,20,11,21.085056189495617
LSHADE-RSP,F7,20,12,20.55511084648242
LSHADE-RSP,F7,20,13,20.649385869352727
LSHADE-RSP,F7,20,14,20.51100924211596
LSHADE-RSP,F7,20,15,20.92936354106132
LSHADE-RSP,F7,20,16,20.753107840030907
LSHADE-RSP,F7,20,17,20.7854255065522
LSHADE-RSP,F7,20,18,20.575390940418856
LSHADE-RSP,F7,20,19,20.71341807764497
LSHADE-RSP,F7,20,20,20.567998013406168
LSHADE-RSP,F7,20,21,20.78593347218498
LSHADE-RSP,F7,20,22,16.111546469164978
LSHADE-RSP,F7,20,23,20.643405581470237
LSHADE-RSP,F7,20,24,20.80802587253333
LSHADE-RSP,F7,20,25,17.62751736343239
LSHADE-RSP,F7,20,26,18.267791778922856
LSHADE-RSP,F7,20,27,20.62999406371705
LSHADE-RSP,F7,20,28,13.790613612309471
LSHADE-RSP,F7,20,29,20.50252701840327
LSHADE-SPACMA,F7,20,0,20.37346140927434
LSHADE-SPACMA,F7,20,1,20.501495456938077
LSHADE-SPACMA,F7,20,2,20.34169220506692
LSHADE-SPACMA,F7,20,3,20.630825769592093
LSHADE-SPACMA,F7,20,4,20.29871354601687
LSHADE-SPACMA,F7,20,5,20.456503968957577
LSHADE-SPACMA,F7,20,6,20.69133423011021
LSHADE-SPACMA,F7,20,7,20.39131391577098
LSHADE-SPACMA,F7,20,8,20.308871505168327
LSHADE-SPACMA,F7,20,9,20.223351828650493
LSHADE-SPACMA,F7,20,10,20.72000349206041
LSHADE-SPACMA,F7,20,11,20.613919203977048
LSHADE-SPACMA,F7,20,12,20.708405556176103
LSHADE-SPACMA,F7,20,13,20.449714575497865
LSHADE-SPACMA,F7,20,14,20.361313944305493
LSHADE-SPACMA,F7,20,15,20.781603558386
LSHADE-SPACMA,F7,20,16,20.129868822723665
LSHADE-SPACMA,F7,20,17,20.34878887369996
LSHADE-SPACMA,F7,20,18,20.51849538345209
LSHADE-SPACMA,F7,20,19,20.25408707040333
LSHADE-SPACMA,F7,20,20,20.622376565507462
LSHADE-SPACMA,F7,20,21,20.304587500297885
LSHADE-SPACMA,F7,20,22,20.728851789119744
LSHADE-SPACMA,F7,20,23,20.20844078710752
LSHADE-SPACMA,F7,20,24,20.63628822724172
LSHADE-SPACMA,F7,20,25,20.36273633149881
LSHADE-SPACMA,F7,20,26,20.441115630066637
LSHADE-SPACMA,F7,20,27,20.500162048320817
LSHADE-SPACMA,F7,20,28,20.68170093044841
LSHADE-SPACMA,F7,20,29,20.215625075469006
LSHADE-cnEpSin,F7,20,0,20.497862547030763
LSHADE-cnEpSin,F7,20,1,9.853652813035524
LSHADE-cnEpSin,F7,20,2,20.49995410116503
LSHADE-cnEpSin,F7,20,3,20.497087148229863
LSHADE-cnEpSin,F7,20,4,20.28248794403339
LSHADE-cnEpSin,F7,20,5,20.407394764267337
LSHADE-cnEpSin,F7,20,6,20.24888339405061
LSHADE-cnEpSin,F7,20,7,20.816117000519853
LSHADE-cnEpSin,F7,20,8,20.267602296604537
LSHADE-cnEpSin,F7,20,9,20.074567006032797
LSHADE-cnEpSin,F7,20,10,20.8077506228492
LSHADE-cnEpSin,F7,20,11,20.001759871915965
LSHADE-cnEpSin,F7,20,12,16.141303048948885
LSHADE-cnEpSin,F7,20,13,20.454385783948737
LSHADE-cnEpSin,F7,20,14,20.497948409017454
LSHADE-cnEpSin,F7,20,15,20.284664382181745
LSHADE-cnEpSin,F7,20,16,20.29324219812338
LSHADE-cnEpSin,F7,20,17,20.209090409032115
LSHADE-cnEpSin,F7,20,18,20.610789162623405
LSHADE-cnEpSin,F7,20,19,20.52864344322461
LSHADE-cnEpSin,F7,20,20,0.6606889698134637
LSHADE-cnEpSin,F7,20,21,20.437177773005715
LSHADE-cnEpSin,F7,20,22,20.544897789405468
LSHADE-cnEpSin,F7,20,23,20.33145493491702
LSHADE-cnEpSin,F7,20,24,20.802312162837325
LSHADE-cnEpSin,F7,20,25,20.42949209645008
LSHADE-cnEpSin,F7,20,26,20.481804631629075
LSHADE-cnEpSin,F7,20,27,20.26335615021344
LSHADE-cnEpSin,F7,20,28,20.42708910801957
LSHADE-cnEpSin,F7,20,29,20.45283616901133
L-SHADE,F7,20,0,20.26708611760569
L-SHADE,F7,20,1,20.768500060306906
L-SHADE,F7,20,2,4.327074524390355
L-SHADE,F7,20,3,20.190297859006705
L-SHADE,F7,20,4,20.543691277233396
L-SHADE,F7,20,5,20.490987750294607
L-SHADE,F7,20,6,20.60449683273509
L-SHADE,F7,20,7,20.61234119465348
L-SHADE,F7,20,8,20.31460283885985
L-SHADE,F7,20,9,20.25739505549609
L-SHADE,F7,20,10,20.51882395102916
L-SHADE,F7,20,11,20.658119368788675
L-SHADE,F7,20,12,20.31865773537993
L-SHADE,F7,20,13,20.493025647963123
L-SHADE,F7,20,14,20.493537844741923
L-SHADE,F7,20,15,20.447618332746742
L-SHADE,F7,20,16,20.72283479599037
L-SHADE,F7,20,17,20.632410009575324
L-SHADE,F7,20,18,20.16645418692724
L-SHADE,F7,20,19,20.705181370924493
L-SHADE,F7,20,20,20.767228737355023
L-SHADE,F7,20,21,20.650300960888444
L-SHADE,F7,20,22,20.046253087851483
L-SHADE,F7,20,23,20.36642648506313
L-SHADE,F7,20,24,20.564273539609303
L-SHADE,F7,20,25,20.48029245761973
L-SHADE,F7,20,26,20.730018330985786
L-SHADE,F7,20,27,20.372976199777668
L-SHADE,F7,20,28,20.227063842998405
L-SHADE,F7,20,29,20.545734814534853
NL-SHADE-RSP,F7,20,0,20.524520612523247
NL-SHADE-RSP,F7,20,1,20.928056128222124
NL-SHADE-RSP,F7,20,2,20.514826202965423
NL-SHADE-RSP,F7,20,3,21.51278700060629
NL-SHADE-RSP,F7,20,4,20.476346626087437
NL-SHADE-RSP,F7,20,5,20.705519189465576
NL-SHADE-RSP,F7,20,6,20.55347877266649
NL-SHADE-RSP,F7,20,7,20.74746078928001
NL-SHADE-RSP,F7,20,8,20.854901195082903
NL-SHADE-RSP,F7,20,9,20.69582471636818
NL-SHADE-RSP,F7,20,10,20.571574275085595
NL-SHADE-RSP,F7,20,11,20.83720328787649
NL-SHADE-RSP,F7,20,12,20.456521354697315
NL-SHADE-RSP,F7,20,13,21.192343365845545
NL-SHADE-RSP,F7,20,14,20.191898290476047
NL-SHADE-RSP,F7,20,15,20.693752628313632
NL-SHADE-RSP,F7,20,16,19.571040352260297
NL-SHADE-RSP,F7,20,17,20.741664956067325
NL-SHADE-RSP,F7,20,18,20.942866632494088
NL-SHADE-RSP,F7,20,19,17.88313206016369
NL-SHADE-RSP,F7,20,20,20.986913269814977
NL-SHADE-RSP,F7,20,21,21.315873245087914
NL-SHADE-RSP,F7,20,22,20.55612888014889
NL-SHADE-RSP,F7,20,23,20.582228904936528
NL-SHADE-RSP,F7,20,24,20.51994057632851
NL-SHADE-RSP,F7,20,25,20.832736238540065
NL-SHADE-RSP,F7,20,26,20.84195618661852
NL-SHADE-RSP,F7,20,27,20.87778738283396
NL-SHADE-RSP,F7,20,28,21.698516219052408
NL-SHADE-RSP,F7,20,29,20.602891656541946
jSO,F7,20,0,20.838872378380984
jSO,F7,20,1,20.284135315595904
jSO,F7,20,2,20.260696205184782
jSO,F7,20,3,20.241625511474467
jSO,F7,20,4,20.183348367577764
jSO,F7,20,5,20.67474777055736
jSO,F7,20,6,20.278605404850623
jSO,F7,20,7,20.763250453811903
jSO,F7,20,8,20.476299259830284
jSO,F7,20,9,20.92288345750103
jSO,F7,20,10,20.92255845020327
jSO,F7,20,11,20.537814117626795
jSO,F7,20,12,20.701221128142837
jSO,F7,20,13,20.56112684437562
jSO,F7,20,14,20.771315956245417
jSO,F7,20,15,20.334596426947652
jSO,F7,20,16,21.0632834374951
jSO,F7,20,17,20.881474138037447
jSO,F7,20,18,20.65257486862629
jSO,F7,20,19,17.11852789900604
jSO,F7,20,20,20.28459996587821
jSO,F7,20,21,20.566220739608298
jSO,F7,20,22,20.630754385540055
jSO,F7,20,23,20.85906333196749
jSO,F7,20,24,20.942064274226595
jSO,F7,20,25,20.570218019639924
jSO,F7,20,26,21.136518985428893
jSO,F7,20,27,21.08771915477041
jSO,F7,20,28,20.626579684151693
jSO,F7,20,29,21.20473925939677
ACE-SHADE,F8,10,0,0.6260892524110204
ACE-SHADE,F8,10,1,0.5946644966547865
ACE-SHADE,F8,10,2,0.1166503865410959
ACE-SHADE,F8,10,3,0.1346974626426345
ACE-SHADE,F8,10,4,20.197044068343075
ACE-SHADE,F8,10,5,0.1800707943489214
ACE-SHADE,F8,10,6,0.1765508791190768
ACE-SHADE,F8,10,7,0.2189433071080202
ACE-SHADE,F8,10,8,0.0585573627768098
ACE-SHADE,F8,10,9,0.0523466618842576
ACE-SHADE,F8,10,10,0.0792315397993661
ACE-SHADE,F8,10,11,0.1207359084269228
ACE-SHADE,F8,10,12,0.150382277965491
ACE-SHADE,F8,10,13,0.0978179550347704
ACE-SHADE,F8,10,14,4.998543617376072
ACE-SHADE,F8,10,15,0.0530101098893283
ACE-SHADE,F8,10,16,0.6702059879921762
ACE-SHADE,F8,10,17,0.1096517925470834
ACE-SHADE,F8,10,18,0.1709911265493247
ACE-SHADE,F8,10,19,0.1450942645865325
ACE-SHADE,F8,10,20,0.0954811842061644
ACE-SHADE,F8,10,21,0.1391340032268999
ACE-SHADE,F8,10,22,0.1409055904919114
ACE-SHADE,F8,10,23,0.1212138786963805
ACE-SHADE,F8,10,24,0.1304454632227134
ACE-SHADE,F8,10,25,0.1508620142667496
ACE-SHADE,F8,10,26,0.1550165405610641
ACE-SHADE,F8,10,27,20.291518476185047
ACE-SHADE,F8,10,28,0.1277103982006338
ACE-SHADE,F8,10,29,0.1495233262826332
NL-SHADE-RSP,F8,10,0,0.7655835807290714
NL-SHADE-RSP,F8,10,1,0.3959907125367863
NL-SHADE-RSP,F8,10,2,0.4839403284677246
NL-SHADE-RSP,F8,10,3,0.4364768853188252
NL-SHADE-RSP,F8,10,4,0.54831615725152
NL-SHADE-RSP,F8,10,5,0.5272301720528958
NL-SHADE-RSP,F8,10,6,0.5076942101072746
NL-SHADE-RSP,F8,10,7,0.4624443350335241
NL-SHADE-RSP,F8,10,8,0.2837228050975682
NL-SHADE-RSP,F8,10,9,0.4415366798389186
NL-SHADE-RSP,F8,10,10,1.0416534771493389
NL-SHADE-RSP,F8,10,11,0.545889653168615
NL-SHADE-RSP,F8,10,12,0.3766976948568299
NL-SHADE-RSP,F8,10,13,0.2876664403079303
NL-SHADE-RSP,F8,10,14,0.723986718543074
NL-SHADE-RSP,F8,10,15,0.6381843992485301
NL-SHADE-RSP,F8,10,16,0.7242289049504507
NL-SHADE-RSP,F8,10,17,0.4798643694380189
NL-SHADE-RSP,F8,10,18,0.4890177804481936
NL-SHADE-RSP,F8,10,19,0.7123620326979108
NL-SHADE-RSP,F8,10,20,0.3435435886931373
NL-SHADE-RSP,F8,10,21,0.5358754374715318
NL-SHADE-RSP,F8,10,22,0.2714263823336296
NL-SHADE-RSP,F8,10,23,0.485277825083358
NL-SHADE-RSP,F8,10,24,0.4892985295655307
NL-SHADE-RSP,F8,10,25,0.5235671149857808
NL-SHADE-RSP,F8,10,26,0.7197147239544393
NL-SHADE-RSP,F8,10,27,0.2704720564711351
NL-SHADE-RSP,F8,10,28,0.6910105328374812
NL-SHADE-RSP,F8,10,29,0.3628114573084531
LSHADE-SPACMA,F8,10,0,20.56750733620447
LSHADE-SPACMA,F8,10,1,0.4600718109600166
LSHADE-SPACMA,F8,10,2,0.5247843977358571
LSHADE-SPACMA,F8,10,3,0.4292286341838007
LSHADE-SPACMA,F8,10,4,0.6515779817705152
LSHADE-SPACMA,F8,10,5,0.2948642406536237
LSHADE-SPACMA,F8,10,6,0.3304462001538013
LSHADE-SPACMA,F8,10,7,0.3433722880977257
LSHADE-SPACMA,F8,10,8,20.51632254001061
LSHADE-SPACMA,F8,10,9,0.4435276735216575
LSHADE-SPACMA,F8,10,10,0.3264396324980225
LSHADE-SPACMA,F8,10,11,0.4962256240969509
LSHADE-SPACMA,F8,10,12,0.6461598858477373
LSHADE-SPACMA,F8,10,13,0.3644045379851377
LSHADE-SPACMA,F8,10,14,0.6478010088612791
LSHADE-SPACMA,F8,10,15,0.6766470780798954
LSHADE-SPACMA,F8,10,16,1.1036180470600812
LSHADE-SPACMA,F8,10,17,0.4294390585932888
LSHADE-SPACMA,F8,10,18,0.4456846218135979
LSHADE-SPACMA,F8,10,19,0.3955374166152978
LSHADE-SPACMA,F8,10,20,0.3615053532585079
LSHADE-SPACMA,F8,10,21,0.3663101975953395
LSHADE-SPACMA,F8,10,22,0.3931789236035001
LSHADE-SPACMA,F8,10,23,0.3463407242957146
LSHADE-SPACMA,F8,10,24,0.6576129445084007
LSHADE-SPACMA,F8,10,25,2.097072229301375
LSHADE-SPACMA,F8,10,26,0.7988902987181064
LSHADE-SPACMA,F8,10,27,1.0291404969034377
LSHADE-SPACMA,F8,10,28,0.4857747915657455
LSHADE-SPACMA,F8,10,29,20.40871280524243
LSHADE-cnEpSin,F8,10,0,0.1585646692155933
LSHADE-cnEpSin,F8,10,1,0.141787474992725
LSHADE-cnEpSin,F8,10,2,0.1063799174366977
LSHADE-cnEpSin,F8,10,3,0.2355313494663278
LSHADE-cnEpSin,F8,10,4,0.1657375083664192
LSHADE-cnEpSin,F8,10,5,0.1235196318975795
LSHADE-cnEpSin,F8,10,6,0.1485799578122169
LSHADE-cnEpSin,F8,10,7,0.3375512360794346
LSHADE-cnEpSin,F8,10,8,0.1361541027808925
LSHADE-cnEpSin,F8,10,9,11.24902852033074
LSHADE-cnEpSin,F8,10,10,0.0265013365583399
LSHADE-cnEpSin,F8,10,11,0.1590312528232971
LSHADE-cnEpSin,F8,10,12,20.009581489558517
LSHADE-cnEpSin,F8,10,13,0.1634553951616908
LSHADE-cnEpSin,F8,10,14,0.1070817929826262
LSHADE-cnEpSin,F8,10,15,0.1830811621689463
LSHADE-cnEpSin,F8,10,16,0.1740074262038433
LSHADE-cnEpSin,F8,10,17,0.2678764187103297
LSHADE-cnEpSin,F8,10,18,0.1684739286934018
LSHADE-cnEpSin,F8,10,19,0.1442330513673368
LSHADE-cnEpSin,F8,10,20,0.0469717461610343
LSHADE-cnEpSin,F8,10,21,20.293855534540853
LSHADE-cnEpSin,F8,10,22,0.0538599450806032
LSHADE-cnEpSin,F8,10,23,0.1936295084165067
LSHADE-cnEpSin,F8,10,24,0.1489244446256634
LSHADE-cnEpSin,F8,10,25,0.1358728119844272
LSHADE-cnEpSin,F8,10,26,0.1773344120701949
LSHADE-cnEpSin,F8,10,27,20.142033150451425
LSHADE-cnEpSin,F8,10,28,20.32559770241096
LSHADE-cnEpSin,F8,10,29,0.0534402535108711
LSHADE-RSP,F8,10,0,1.2306239507493046
LSHADE-RSP,F8,10,1,0.4277040032379773
LSHADE-RSP,F8,10,2,0.4919885484182487
LSHADE-RSP,F8,10,3,0.4486659631179464
LSHADE-RSP,F8,10,4,0.3484092067928941
LSHADE-RSP,F8,10,5,0.4534133161610043
LSHADE-RSP,F8,10,6,0.4357656142196902
LSHADE-RSP,F8,10,7,0.3794554882174452
LSHADE-RSP,F8,10,8,0.3853619249211988
LSHADE-RSP,F8,10,9,0.3932135079535328
LSHADE-RSP,F8,10,10,0.5278644732998146
LSHADE-RSP,F8,10,11,1.0628244015256314
LSHADE-RSP,F8,10,12,0.3406559856039166
LSHADE-RSP,F8,10,13,0.3426846569354893
LSHADE-RSP,F8,10,14,0.6786983442361816
LSHADE-RSP,F8,10,15,1.6663844771546792
LSHADE-RSP,F8,10,16,0.3104460672889217
LSHADE-RSP,F8,10,17,0.4902521379576683
LSHADE-RSP,F8,10,18,2.335238284563274
LSHADE-RSP,F8,10,19,0.4060897447780007
LSHADE-RSP,F8,10,20,0.4235094997807209
LSHADE-RSP,F8,10,21,0.2489881167680323
LSHADE-RSP,F8,10,22,0.5821111537093202
LSHADE-RSP,F8,10,23,0.3792459132419026
LSHADE-RSP,F8,10,24,0.4707291009867731
LSHADE-RSP,F8,10,25,0.3169623255553233
LSHADE-RSP,F8,10,26,0.545141875095851
LSHADE-RSP,F8,10,27,0.421475975915655
LSHADE-RSP,F8,10,28,0.6296641208368783
LSHADE-RSP,F8,10,29,0.583085806652889
jSO,F8,10,0,0.5042880878299911
jSO,F8,10,1,1.098150909742344
jSO,F8,10,2,0.3724283002343327
jSO,F8,10,3,0.7357920022864164
jSO,F8,10,4,0.5500626719408501
jSO,F8,10,5,0.4459960611320639
jSO,F8,10,6,0.6090010611828802
jSO,F8,10,7,0.8213794565799617
jSO,F8,10,8,0.259955731455193
jSO,F8,10,9,0.3721112189364248
jSO,F8,10,10,0.4937615722988084
jSO,F8,10,11,0.5522419541566705
jSO,F8,10,12,0.4167627242813978
jSO,F8,10,13,0.3900005764458001
jSO,F8,10,14,0.5629311400957704
jSO,F8,10,15,0.6435700356919369
jSO,F8,10,16,2.555425136954909
jSO,F8,10,17,0.4458072911515955
jSO,F8,10,18,0.3020232592393768
jSO,F8,10,19,0.41304789223841
jSO,F8,10,20,0.4046998959606753
jSO,F8,10,21,0.3275196732461154
jSO,F8,10,22,0.4027501901614414
jSO,F8,10,23,2.498509115125671
jSO,F8,10,24,0.3945518440204978
jSO,F8,10,25,0.4916624602024058
jSO,F8,10,26,0.4328957929128592
jSO,F8,10,27,0.4302791327581872
jSO,F8,10,28,0.5755837219812747
jSO,F8,10,29,0.2859796608413489
L-SHADE,F8,10,0,0.3329486903467114
L-SHADE,F8,10,1,20.551983707779076
L-SHADE,F8,10,2,0.4217272576315736
L-SHADE,F8,10,3,1.1747612506146652
L-SHADE,F8,10,4,0.4825317680492844
L-SHADE,F8,10,5,0.4285283699582578
L-SHADE,F8,10,6,0.5471534607368085
L-SHADE,F8,10,7,0.2872563666905989
L-SHADE,F8,10,8,0.4678525210169937
L-SHADE,F8,10,9,0.6188730038065842
L-SHADE,F8,10,10,0.621640538101019
L-SHADE,F8,10,11,0.4158206580827936
L-SHADE,F8,10,12,0.5603941118588409
L-SHADE,F8,10,13,0.4153249203573068
L-SHADE,F8,10,14,0.4295854871584197
L-SHADE,F8,10,15,0.7344329783741159
L-SHADE,F8,10,16,0.4108028632435889
L-SHADE,F8,10,17,0.4807279178248791
L-SHADE,F8,10,18,0.6411499906239442
L-SHADE,F8,10,19,0.4691417251824532
L-SHADE,F8,10,20,0.5830623501428818
L-SHADE,F8,10,21,0.4514487005171759
L-SHADE,F8,10,22,0.3514684679421407
L-SHADE,F8,10,23,0.3158887405111272
L-SHADE,F8,10,24,0.5822014991244941
L-SHADE,F8,10,25,0.3699304231590758
L-SHADE,F8,10,26,0.3431755499063911
L-SHADE,F8,10,27,0.2353411599951869
L-SHADE,F8,10,28,0.3927466672362243
L-SHADE,F8,10,29,0.2617283509666777
CMA-ES,F8,10,0,20.16685233008866
CMA-ES,F8,10,1,20.133863468768595
CMA-ES,F8,10,2,20.50592351899741
CMA-ES,F8,10,3,20.50358866263105
CMA-ES,F8,10,4,20.26806667224901
CMA-ES,F8,10,5,3.5233713835177696
CMA-ES,F8,10,6,20.157018093971143
CMA-ES,F8,10,7,20.765492844173423
CMA-ES,F8,10,8,16.742678251722737
CMA-ES,F8,10,9,20.16040322460549
CMA-ES,F8,10,10,20.347202066314367
CMA-ES,F8,10,11,20.27233767045027
CMA-ES,F8,10,12,3.4041218294760256
CMA-ES,F8,10,13,15.10951651116602
CMA-ES,F8,10,14,20.41035257105113
CMA-ES,F8,10,15,3.166781053534123
CMA-ES,F8,10,16,20.66070655067506
CMA-ES,F8,10,17,20.788329205835453
CMA-ES,F8,10,18,20.322694993417823
CMA-ES,F8,10,19,20.51589811488975
CMA-ES,F8,10,20,20.336991006089196
CMA-ES,F8,10,21,14.64999195792143
CMA-ES,F8,10,22,20.35285224391191
CMA-ES,F8,10,23,20.03850600586657
CMA-ES,F8,10,24,20.17985334386458
CMA-ES,F8,10,25,13.912915389651062
CMA-ES,F8,10,26,20.6740563591311
CMA-ES,F8,10,27,6.908057637923321
CMA-ES,F8,10,28,9.104164206364205
CMA-ES,F8,10,29,20.521771934606026
ACE-SHADE,F8,20,0,21.213678167041053
ACE-SHADE,F8,20,1,21.20895754498088
ACE-SHADE,F8,20,2,20.72301292576185
ACE-SHADE,F8,20,3,0.780071427268922
ACE-SHADE,F8,20,4,20.78584629103807
ACE-SHADE,F8,20,5,20.918185155838277
ACE-SHADE,F8,20,6,21.02105829050652
ACE-SHADE,F8,20,7,21.06707177168528
ACE-SHADE,F8,20,8,21.153072281665573
ACE-SHADE,F8,20,9,20.884028686787133
ACE-SHADE,F8,20,10,21.11750537035141
ACE-SHADE,F8,20,11,20.83740909175276
ACE-SHADE,F8,20,12,20.759199383086525
ACE-SHADE,F8,20,13,11.341209763629196
ACE-SHADE,F8,20,14,20.992482414074857
ACE-SHADE,F8,20,15,20.57019349357324
ACE-SHADE,F8,20,16,21.569878758353298
ACE-SHADE,F8,20,17,20.65922638971824
ACE-SHADE,F8,20,18,20.95490665518946
ACE-SHADE,F8,20,19,20.74402287119301
ACE-SHADE,F8,20,20,20.87357433313855
ACE-SHADE,F8,20,21,20.76630402116052
ACE-SHADE,F8,20,22,0.6888109187771079
ACE-SHADE,F8,20,23,0.7464822321303473
ACE-SHADE,F8,20,24,0.9718214157906004
ACE-SHADE,F8,20,25,20.99904921177631
ACE-SHADE,F8,20,26,21.28021667067105
ACE-SHADE,F8,20,27,21.0050524735625
ACE-SHADE,F8,20,28,4.89266840909977
ACE-SHADE,F8,20,29,20.572622515396688
CMA-ES,F8,20,0,21.24918606611436
CMA-ES,F8,20,1,21.17372759947193
CMA-ES,F8,20,2,20.95362162590709
CMA-ES,F8,20,3,21.185601282350035
CMA-ES,F8,20,4,21.10642975609608
CMA-ES,F8,20,5,20.31013331612257
CMA-ES,F8,20,6,21.103298773582537
CMA-ES,F8,20,7,20.84383694004964
CMA-ES,F8,20,8,21.419538431074216
CMA-ES,F8,20,9,20.77082699895709
CMA-ES,F8,20,10,21.452365991292027
CMA-ES,F8,20,11,21.532659401361343
CMA-ES,F8,20,12,21.840787889586863
CMA-ES,F8,20,13,20.880046160343227
CMA-ES,F8,20,14,21.71112119033341
CMA-ES,F8,20,15,21.433586213249782
CMA-ES,F8,20,16,20.91494449644597
CMA-ES,F8,20,17,20.782977715819012
CMA-ES,F8,20,18,20.799522283133683
CMA-ES,F8,20,19,20.79526386671432
CMA-ES,F8,20,20,20.691357110591525
CMA-ES,F8,20,21,20.50053381642101
CMA-ES,F8,20,22,21.721627752014683
CMA-ES,F8,20,23,20.783811027987667
CMA-ES,F8,20,24,20.33873637734814
CMA-ES,F8,20,25,20.640519152502293
CMA-ES,F8,20,26,21.04423820455486
CMA-ES,F8,20,27,21.01821406269937
CMA-ES,F8,20,28,20.861471866509877
CMA-ES,F8,20,29,20.81422870705137
LSHADE-RSP,F8,20,0,1.7086544443200182
LSHADE-RSP,F8,20,1,1.1267236848584616
LSHADE-RSP,F8,20,2,1.083553010126252
LSHADE-RSP,F8,20,3,2.587871045672728
LSHADE-RSP,F8,20,4,0.9400527193229208
LSHADE-RSP,F8,20,5,0.8824116282758041
LSHADE-RSP,F8,20,6,1.1108762401722745
LSHADE-RSP,F8,20,7,0.9070331151415304
LSHADE-RSP,F8,20,8,1.8699592027055587
LSHADE-RSP,F8,20,9,1.0791894029011928
LSHADE-RSP,F8,20,10,1.4537814151908606
LSHADE-RSP,F8,20,11,0.9861770047782557
LSHADE-RSP,F8,20,12,1.2023906217959848
LSHADE-RSP,F8,20,13,1.0029879541712037
LSHADE-RSP,F8,20,14,0.9480143095261157
LSHADE-RSP,F8,20,15,1.3546075584049504
LSHADE-RSP,F8,20,16,21.919037019714324
LSHADE-RSP,F8,20,17,0.85316173504998
LSHADE-RSP,F8,20,18,1.1483145143215552
LSHADE-RSP,F8,20,19,0.995968165607792
LSHADE-RSP,F8,20,20,1.2568607774978773
LSHADE-RSP,F8,20,21,0.8924791989716141
LSHADE-RSP,F8,20,22,1.0747335328060217
LSHADE-RSP,F8,20,23,1.161826482307788
LSHADE-RSP,F8,20,24,1.046037963555591
LSHADE-RSP,F8,20,25,1.1611934152597314
LSHADE-RSP,F8,20,26,1.9898503601721127
LSHADE-RSP,F8,20,27,1.334996402464185
LSHADE-RSP,F8,20,28,1.3194015362932987
LSHADE-RSP,F8,20,29,0.8363706384693614
LSHADE-SPACMA,F8,20,0,0.9627176461635828
LSHADE-SPACMA,F8,20,1,0.9931868349003709
LSHADE-SPACMA,F8,20,2,1.5267151986481622
LSHADE-SPACMA,F8,20,3,0.7019874665588759
LSHADE-SPACMA,F8,20,4,0.8518967544546285
LSHADE-SPACMA,F8,20,5,1.656016382261896
LSHADE-SPACMA,F8,20,6,21.07002681536551
LSHADE-SPACMA,F8,20,7,0.5891031232881687
LSHADE-SPACMA,F8,20,8,1.5938541380696734
LSHADE-SPACMA,F8,20,9,1.0989169476051757
LSHADE-SPACMA,F8,20,10,21.048737851848728
LSHADE-SPACMA,F8,20,11,20.92936196146229
LSHADE-SPACMA,F8,20,12,1.05121954051765
LSHADE-SPACMA,F8,20,13,21.03130457322959
LSHADE-SPACMA,F8,20,14,1.0728489997277393
LSHADE-SPACMA,F8,20,15,20.849965448878265
LSHADE-SPACMA,F8,20,16,0.9361626274048832
LSHADE-SPACMA,F8,20,17,20.7748767191747
LSHADE-SPACMA,F8,20,18,20.910249621819275
LSHADE-SPACMA,F8,20,19,2.644135702519634
LSHADE-SPACMA,F8,20,20,20.719014643006176
LSHADE-SPACMA,F8,20,21,1.0065427251215624
LSHADE-SPACMA,F8,20,22,21.107300502814724
LSHADE-SPACMA,F8,20,23,0.8828238578284981
LSHADE-SPACMA,F8,20,24,0.9511409547108088
LSHADE-SPACMA,F8,20,25,20.91730634107625
LSHADE-SPACMA,F8,20,26,1.097682925017125
LSHADE-SPACMA,F8,20,27,21.19145354037346
LSHADE-SPACMA,F8,20,28,21.650674567159516
LSHADE-SPACMA,F8,20,29,20.615568580064974
LSHADE-cnEpSin,F8,20,0,1.1100732119552958
LSHADE-cnEpSin,F8,20,1,20.4487403176322
LSHADE-cnEpSin,F8,20,2,1.2851341472505735
LSHADE-cnEpSin,F8,20,3,0.9077600249638637
LSHADE-cnEpSin,F8,20,4,0.6735194491125185
LSHADE-cnEpSin,F8,20,5,21.21134069120535
LSHADE-cnEpSin,F8,20,6,21.18454029932036
LSHADE-cnEpSin,F8,20,7,0.635056923864795
LSHADE-cnEpSin,F8,20,8,0.5244437140058835
LSHADE-cnEpSin,F8,20,9,21.192633558238867
LSHADE-cnEpSin,F8,20,10,20.15754552267299
LSHADE-cnEpSin,F8,20,11,20.6902046187156
LSHADE-cnEpSin,F8,20,12,20.272522570126966
LSHADE-cnEpSin,F8,20,13,0.8605888808601776
LSHADE-cnEpSin,F8,20,14,0.2566301731544627
LSHADE-cnEpSin,F8,20,15,20.492687477129948
LSHADE-cnEpSin,F8,20,16,0.4736069236832918
LSHADE-cnEpSin,F8,20,17,20.72859939424052
LSHADE-cnEpSin,F8,20,18,0.333779578328631
LSHADE-cnEpSin,F8,20,19,0.2122911230180761
LSHADE-cnEpSin,F8,20,20,20.52311660696114
LSHADE-cnEpSin,F8,20,21,21.73915949888533
LSHADE-cnEpSin,F8,20,22,21.07341182716709
LSHADE-cnEpSin,F8,20,23,0.9829773228125304
LSHADE-cnEpSin,F8,20,24,20.34896562818858
LSHADE-cnEpSin,F8,20,25,20.4744623520769
LSHADE-cnEpSin,F8,20,26,21.418602627773
LSHADE-cnEpSin,F8,20,27,0.5798335320691876
LSHADE-cnEpSin,F8,20,28,20.88651838481337
LSHADE-cnEpSin,F8,20,29,20.67107503996567
L-SHADE,F8,20,0,21.187597872938568
L-SHADE,F8,20,1,20.804158137967534
L-SHADE,F8,20,2,0.9271829286085448
L-SHADE,F8,20,3,0.8742197757483154
L-SHADE,F8,20,4,20.7190870902632
L-SHADE,F8,20,5,1.0082571251564332
L-SHADE,F8,20,6,1.009102560048177
L-SHADE,F8,20,7,20.49877770122248
L-SHADE,F8,20,8,1.1784385124951768
L-SHADE,F8,20,9,6.656696845887836
L-SHADE,F8,20,10,20.84209889748672
L-SHADE,F8,20,11,21.17474355366812
L-SHADE,F8,20,12,21.180611841218703
L-SHADE,F8,20,13,0.9941588129686352
L-SHADE,F8,20,14,0.5759336918135887
L-SHADE,F8,20,15,1.0953664272465176
L-SHADE,F8,20,16,7.383334312549778
L-SHADE,F8,20,17,0.9792887936882836
L-SHADE,F8,20,18,21.05319783775758
L-SHADE,F8,20,19,20.84261414325329
L-SHADE,F8,20,20,1.270858566408151
L-SHADE,F8,20,21,20.91561539161285
L-SHADE,F8,20,22,1.029835756086413
L-SHADE,F8,20,23,1.2312944003015218
L-SHADE,F8,20,24,20.882735428203432
L-SHADE,F8,20,25,0.7469458156629116
L-SHADE,F8,20,26,3.826071227372722
L-SHADE,F8,20,27,0.8224610964352905
L-SHADE,F8,20,28,1.1663984404958685
L-SHADE,F8,20,29,21.024285908047204
NL-SHADE-RSP,F8,20,0,1.403810523854645
NL-SHADE-RSP,F8,20,1,21.287448520983617
NL-SHADE-RSP,F8,20,2,1.0402041693191677
NL-SHADE-RSP,F8,20,3,1.0355783975546728
NL-SHADE-RSP,F8,20,4,1.0616171598835535
NL-SHADE-RSP,F8,20,5,1.1172279775569225
NL-SHADE-RSP,F8,20,6,0.6466125816468775
NL-SHADE-RSP,F8,20,7,21.2395880846334
NL-SHADE-RSP,F8,20,8,21.48089375577638
NL-SHADE-RSP,F8,20,9,21.115435122191684
NL-SHADE-RSP,F8,20,10,0.97786387109727
NL-SHADE-RSP,F8,20,11,21.434888159922597
NL-SHADE-RSP,F8,20,12,1.2759165981869955
NL-SHADE-RSP,F8,20,13,3.671422740987055
NL-SHADE-RSP,F8,20,14,1.2183516551062894
NL-SHADE-RSP,F8,20,15,19.53125451389087
NL-SHADE-RSP,F8,20,16,1.0080668937339397
NL-SHADE-RSP,F8,20,17,1.517742318308137
NL-SHADE-RSP,F8,20,18,21.97561169469509
NL-SHADE-RSP,F8,20,19,20.492448262569724
NL-SHADE-RSP,F8,20,20,21.004897242036805
NL-SHADE-RSP,F8,20,21,20.994650962342348
NL-SHADE-RSP,F8,20,22,1.2370775860549656
NL-SHADE-RSP,F8,20,23,21.66200723316706
NL-SHADE-RSP,F8,20,24,21.374588660005884
NL-SHADE-RSP,F8,20,25,0.9796890087450264
NL-SHADE-RSP,F8,20,26,1.166540358117345
NL-SHADE-RSP,F8,20,27,21.00307214789564
NL-SHADE-RSP,F8,20,28,20.967869454008
NL-SHADE-RSP,F8,20,29,3.806112498107268
jSO,F8,20,0,1.051272564417559
jSO,F8,20,1,2.3936116391000724
jSO,F8,20,2,22.963468888713575
jSO,F8,20,3,0.7241370115389145
jSO,F8,20,4,3.477952230764004
jSO,F8,20,5,1.0447738756888612
jSO,F8,20,6,1.1286613826309804
jSO,F8,20,7,0.9791204833413758
jSO,F8,20,8,0.9259214923554282
jSO,F8,20,9,1.3043398408581195
jSO,F8,20,10,0.9633167738434169
jSO,F8,20,11,23.67289704440964
jSO,F8,20,12,1.34117832264792
jSO,F8,20,13,1.2480683846711145
jSO,F8,20,14,1.2029259865676067
jSO,F8,20,15,0.9340851641122754
jSO,F8,20,16,2.291259982351221
jSO,F8,20,17,0.906364026652227
jSO,F8,20,18,0.8577942918050212
jSO,F8,20,19,1.3829876465219968
jSO,F8,20,20,0.8959560491252887
jSO,F8,20,21,0.7392354977296236
jSO,F8,20,22,1.6531810546925954
jSO,F8,20,23,0.8137671906674768
jSO,F8,20,24,0.6873299594094533
jSO,F8,20,25,22.405247015817626
jSO,F8,20,26,21.46892880907853
jSO,F8,20,27,1.014156926373289
jSO,F8,20,28,0.7688385598507921
jSO,F8,20,29,0.7035921820606745
ACE-SHADE,F9,10,0,0.0
ACE-SHADE,F9,10,1,0.0
ACE-SHADE,F9,10,2,0.0
ACE-SHADE,F9,10,3,0.0
ACE-SHADE,F9,10,4,0.0
ACE-SHADE,F9,10,5,0.0
ACE-SHADE,F9,10,6,0.0
ACE-SHADE,F9,10,7,0.0
ACE-SHADE,F9,10,8,0.0
ACE-SHADE,F9,10,9,0.0
ACE-SHADE,F9,10,10,0.0
ACE-SHADE,F9,10,11,0.0
ACE-SHADE,F9,10,12,0.0
ACE-SHADE,F9,10,13,0.0
ACE-SHADE,F9,10,14,0.0
ACE-SHADE,F9,10,15,0.0
ACE-SHADE,F9,10,16,0.0
ACE-SHADE,F9,10,17,0.0
ACE-SHADE,F9,10,18,0.0
ACE-SHADE,F9,10,19,0.0
ACE-SHADE,F9,10,20,0.0
ACE-SHADE,F9,10,21,0.0
ACE-SHADE,F9,10,22,0.0
ACE-SHADE,F9,10,23,0.0
ACE-SHADE,F9,10,24,0.0
ACE-SHADE,F9,10,25,0.0
ACE-SHADE,F9,10,26,0.0
ACE-SHADE,F9,10,27,0.0
ACE-SHADE,F9,10,28,0.0
ACE-SHADE,F9,10,29,0.0
NL-SHADE-RSP,F9,10,0,0.0
NL-SHADE-RSP,F9,10,1,0.0
NL-SHADE-RSP,F9,10,2,0.0
NL-SHADE-RSP,F9,10,3,0.0
NL-SHADE-RSP,F9,10,4,0.0
NL-SHADE-RSP,F9,10,5,4.547473508864641e-13
NL-SHADE-RSP,F9,10,6,0.0
NL-SHADE-RSP,F9,10,7,0.0
NL-SHADE-RSP,F9,10,8,0.0
NL-SHADE-RSP,F9,10,9,0.0
NL-SHADE-RSP,F9,10,10,0.0
NL-SHADE-RSP,F9,10,11,4.547473508864641e-13
NL-SHADE-RSP,F9,10,12,0.0
NL-SHADE-RSP,F9,10,13,0.0
NL-SHADE-RSP,F9,10,14,0.0
NL-SHADE-RSP,F9,10,15,0.0
NL-SHADE-RSP,F9,10,16,0.0
NL-SHADE-RSP,F9,10,17,0.0
NL-SHADE-RSP,F9,10,18,0.0
NL-SHADE-RSP,F9,10,19,4.547473508864641e-13
NL-SHADE-RSP,F9,10,20,0.0
NL-SHADE-RSP,F9,10,21,0.0
NL-SHADE-RSP,F9,10,22,0.0
NL-SHADE-RSP,F9,10,23,0.0
NL-SHADE-RSP,F9,10,24,0.0
NL-SHADE-RSP,F9,10,25,0.0
NL-SHADE-RSP,F9,10,26,0.0
NL-SHADE-RSP,F9,10,27,0.0
NL-SHADE-RSP,F9,10,28,0.0
NL-SHADE-RSP,F9,10,29,0.0
LSHADE-SPACMA,F9,10,0,0.0
LSHADE-SPACMA,F9,10,1,0.0
LSHADE-SPACMA,F9,10,2,0.0
LSHADE-SPACMA,F9,10,3,0.0
LSHADE-SPACMA,F9,10,4,0.0
LSHADE-SPACMA,F9,10,5,0.0
LSHADE-SPACMA,F9,10,6,0.0
LSHADE-SPACMA,F9,10,7,0.0
LSHADE-SPACMA,F9,10,8,0.0
LSHADE-SPACMA,F9,10,9,0.0
LSHADE-SPACMA,F9,10,10,0.0
LSHADE-SPACMA,F9,10,11,0.0
LSHADE-SPACMA,F9,10,12,0.0
LSHADE-SPACMA,F9,10,13,0.0
LSHADE-SPACMA,F9,10,14,0.0
LSHADE-SPACMA,F9,10,15,0.0
LSHADE-SPACMA,F9,10,16,0.0
LSHADE-SPACMA,F9,10,17,0.0
LSHADE-SPACMA,F9,10,18,0.0
LSHADE-SPACMA,F9,10,19,0.0
LSHADE-SPACMA,F9,10,20,0.0
LSHADE-SPACMA,F9,10,21,0.0
LSHADE-SPACMA,F9,10,22,0.0
LSHADE-SPACMA,F9,10,23,0.0
LSHADE-SPACMA,F9,10,24,0.0
LSHADE-SPACMA,F9,10,25,0.0
LSHADE-SPACMA,F9,10,26,0.0
LSHADE-SPACMA,F9,10,27,0.0
LSHADE-SPACMA,F9,10,28,0.0
LSHADE-SPACMA,F9,10,29,0.0
LSHADE-cnEpSin,F9,10,0,4.547473508864641e-13
LSHADE-cnEpSin,F9,10,1,0.0
LSHADE-cnEpSin,F9,10,2,0.0
LSHADE-cnEpSin,F9,10,3,0.0
LSHADE-cnEpSin,F9,10,4,4.547473508864641e-13
LSHADE-cnEpSin,F9,10,5,0.0
LSHADE-cnEpSin,F9,10,6,0.0
LSHADE-cnEpSin,F9,10,7,0.0
LSHADE-cnEpSin,F9,10,8,0.0
LSHADE-cnEpSin,F9,10,9,0.0
LSHADE-cnEpSin,F9,10,10,4.547473508864641e-13
LSHADE-cnEpSin,F9,10,11,0.0
LSHADE-cnEpSin,F9,10,12,0.0
LSHADE-cnEpSin,F9,10,13,0.0
LSHADE-cnEpSin,F9,10,14,0.0
LSHADE-cnEpSin,F9,10,15,0.0
LSHADE-cnEpSin,F9,10,16,0.0
LSHADE-cnEpSin,F9,10,17,0.0
LSHADE-cnEpSin,F9,10,18,0.0
LSHADE-cnEpSin,F9,10,19,0.0
LSHADE-cnEpSin,F9,10,20,0.0
LSHADE-cnEpSin,F9,10,21,0.0
LSHADE-cnEpSin,F9,10,22,0.0
LSHADE-cnEpSin,F9,10,23,0.0
LSHADE-cnEpSin,F9,10,24,0.0
LSHADE-cnEpSin,F9,10,25,4.547473508864641e-13
LSHADE-cnEpSin,F9,10,26,4.547473508864641e-13
LSHADE-cnEpSin,F9,10,27,0.0
LSHADE-cnEpSin,F9,10,28,0.0
LSHADE-cnEpSin,F9,10,29,0.0
LSHADE-RSP,F9,10,0,0.0
LSHADE-RSP,F9,10,1,0.0
LSHADE-RSP,F9,10,2,0.0
LSHADE-RSP,F9,10,3,0.0
LSHADE-RSP,F9,10,4,0.0
LSHADE-RSP,F9,10,5,0.0
LSHADE-RSP,F9,10,6,0.0
LSHADE-RSP,F9,10,7,0.0
LSHADE-RSP,F9,10,8,0.0
LSHADE-RSP,F9,10,9,0.0
LSHADE-RSP,F9,10,10,0.0
LSHADE-RSP,F9,10,11,0.0
LSHADE-RSP,F9,10,12,0.0
LSHADE-RSP,F9,10,13,0.0
LSHADE-RSP,F9,10,14,0.0
LSHADE-RSP,F9,10,15,0.0
LSHADE-RSP,F9,10,16,0.0
LSHADE-RSP,F9,10,17,0.0
LSHADE-RSP,F9,10,18,359.0943447803593
LSHADE-RSP,F9,10,19,0.0
LSHADE-RSP,F9,10,20,0.0
LSHADE-RSP,F9,10,21,0.0
LSHADE-RSP,F9,10,22,0.0
LSHADE-RSP,F9,10,23,0.0
LSHADE-RSP,F9,10,24,0.0
LSHADE-RSP,F9,10,25,0.0
LSHADE-RSP,F9,10,26,0.0
LSHADE-RSP,F9,10,27,0.0
LSHADE-RSP,F9,10,28,0.0
LSHADE-RSP,F9,10,29,0.0
jSO,F9,10,0,0.0
jSO,F9,10,1,0.0
jSO,F9,10,2,0.0
jSO,F9,10,3,0.0
jSO,F9,10,4,0.0
jSO,F9,10,5,0.0
jSO,F9,10,6,0.0
jSO,F9,10,7,0.0
jSO,F9,10,8,0.0
jSO,F9,10,9,0.0
jSO,F9,10,10,0.0
jSO,F9,10,11,0.0
jSO,F9,10,12,0.0
jSO,F9,10,13,0.0
jSO,F9,10,14,0.0
jSO,F9,10,15,0.0
jSO,F9,10,16,0.0
jSO,F9,10,17,0.0
jSO,F9,10,18,0.0
jSO,F9,10,19,0.0
jSO,F9,10,20,0.0
jSO,F9,10,21,0.0
jSO,F9,10,22,0.0
jSO,F9,10,23,0.0
jSO,F9,10,24,0.0
jSO,F9,10,25,0.0
jSO,F9,10,26,0.0
jSO,F9,10,27,0.0
jSO,F9,10,28,0.0
jSO,F9,10,29,0.0
L-SHADE,F9,10,0,4.547473508864641e-13
L-SHADE,F9,10,1,4.547473508864641e-13
L-SHADE,F9,10,2,0.0
L-SHADE,F9,10,3,0.0
L-SHADE,F9,10,4,0.0
L-SHADE,F9,10,5,0.0
L-SHADE,F9,10,6,4.547473508864641e-13
L-SHADE,F9,10,7,4.547473508864641e-13
L-SHADE,F9,10,8,4.547473508864641e-13
L-SHADE,F9,10,9,4.547473508864641e-13
L-SHADE,F9,10,10,0.0
L-SHADE,F9,10,11,0.0
L-SHADE,F9,10,12,0.0
L-SHADE,F9,10,13,0.0
L-SHADE,F9,10,14,0.0
L-SHADE,F9,10,15,0.0
L-SHADE,F9,10,16,0.0
L-SHADE,F9,10,17,4.547473508864641e-13
L-SHADE,F9,10,18,0.0
L-SHADE,F9,10,19,0.0
L-SHADE,F9,10,20,0.0
L-SHADE,F9,10,21,4.547473508864641e-13
L-SHADE,F9,10,22,0.0
L-SHADE,F9,10,23,4.547473508864641e-13
L-SHADE,F9,10,24,0.0
L-SHADE,F9,10,25,359.0943447803593
L-SHADE,F9,10,26,0.0
L-SHADE,F9,10,27,0.0
L-SHADE,F9,10,28,0.0
L-SHADE,F9,10,29,0.0
CMA-ES,F9,10,0,359.1928051808691
CMA-ES,F9,10,1,4.547473508864641e-13
CMA-ES,F9,10,2,366.9081428772743
CMA-ES,F9,10,3,359.1928051808695
CMA-ES,F9,10,4,364.5424327561923
CMA-ES,F9,10,5,364.54243275619183
CMA-ES,F9,10,6,359.1928051808695
CMA-ES,F9,10,7,366.9081428772743
CMA-ES,F9,10,8,364.54243275619183
CMA-ES,F9,10,9,370.1079759592353
CMA-ES,F9,10,10,359.0943447803593
CMA-ES,F9,10,11,369.8598037236384
CMA-ES,F9,10,12,364.5424327561923
CMA-ES,F9,10,13,4.547473508864641e-13
CMA-ES,F9,10,14,364.54243275619183
CMA-ES,F9,10,15,369.87906052204926
CMA-ES,F9,10,16,359.1928051808695
CMA-ES,F9,10,17,366.9081428772743
CMA-ES,F9,10,18,364.54243275619183
CMA-ES,F9,10,19,359.1928051808691
CMA-ES,F9,10,20,364.54243275619183
CMA-ES,F9,10,21,370.1079759592353
CMA-ES,F9,10,22,364.54243275619183
CMA-ES,F9,10,23,359.1928051808695
CMA-ES,F9,10,24,364.54243275619183
CMA-ES,F9,10,25,359.1928051808695
CMA-ES,F9,10,26,366.9081428772743
CMA-ES,F9,10,27,359.0943447803593
CMA-ES,F9,10,28,369.8598037236384
CMA-ES,F9,10,29,364.54243275619183
ACE-SHADE,F9,20,0,335.6387702715756
ACE-SHADE,F9,20,1,335.6387702715756
ACE-SHADE,F9,20,2,335.6387702715756
ACE-SHADE,F9,20,3,335.6387702715756
ACE-SHADE,F9,20,4,335.6387702715756
ACE-SHADE,F9,20,5,335.6387702715756
ACE-SHADE,F9,20,6,335.6387702715756
ACE-SHADE,F9,20,7,335.6387702715756
ACE-SHADE,F9,20,8,335.6387702715756
ACE-SHADE,F9,20,9,335.6387702715756
ACE-SHADE,F9,20,10,335.6387702715756
ACE-SHADE,F9,20,11,335.6387702715756
ACE-SHADE,F9,20,12,335.6387702715756
ACE-SHADE,F9,20,13,335.6387702715756
ACE-SHADE,F9,20,14,335.6387702715756
ACE-SHADE,F9,20,15,335.6387702715756
ACE-SHADE,F9,20,16,335.6387702715756
ACE-SHADE,F9,20,17,335.6387702715756
ACE-SHADE,F9,20,18,335.6387702715756
ACE-SHADE,F9,20,19,335.6387702715756
ACE-SHADE,F9,20,20,335.6387702715756
ACE-SHADE,F9,20,21,335.6387702715756
ACE-SHADE,F9,20,22,335.6387702715756
ACE-SHADE,F9,20,23,335.6387702715756
ACE-SHADE,F9,20,24,335.6387702715756
ACE-SHADE,F9,20,25,335.6387702715756
ACE-SHADE,F9,20,26,335.6387702715756
ACE-SHADE,F9,20,27,335.6387702715756
ACE-SHADE,F9,20,28,335.6387702715756
ACE-SHADE,F9,20,29,335.6387702715756
CMA-ES,F9,20,0,335.6387702715756
CMA-ES,F9,20,1,335.6670563832208
CMA-ES,F9,20,2,335.8129460184532
CMA-ES,F9,20,3,335.6387702715756
CMA-ES,F9,20,4,335.6387702715756
CMA-ES,F9,20,5,342.00093172940524
CMA-ES,F9,20,6,341.2758004862144
CMA-ES,F9,20,7,335.6387702715756
CMA-ES,F9,20,8,335.8129460184532
CMA-ES,F9,20,9,342.00093172940524
CMA-ES,F9,20,10,335.6387702715756
CMA-ES,F9,20,11,335.6387702715756
CMA-ES,F9,20,12,335.6387702715756
CMA-ES,F9,20,13,335.6387702715756
CMA-ES,F9,20,14,335.6387702715756
CMA-ES,F9,20,15,339.4672369092168
CMA-ES,F9,20,16,335.6387702715756
CMA-ES,F9,20,17,350.78830473069684
CMA-ES,F9,20,18,339.4672369092168
CMA-ES,F9,20,19,335.6681792174095
CMA-ES,F9,20,20,335.6387702715756
CMA-ES,F9,20,21,342.00093172940524
CMA-ES,F9,20,22,339.46159859299496
CMA-ES,F9,20,23,335.6670563832208
CMA-ES,F9,20,24,335.6670563832208
CMA-ES,F9,20,25,335.6387702715756
CMA-ES,F9,20,26,335.66817921740903
CMA-ES,F9,20,27,335.6387702715756
CMA-ES,F9,20,28,341.2758004862144
CMA-ES,F9,20,29,335.6681792174095
LSHADE-RSP,F9,20,0,335.6387702715756
LSHADE-RSP,F9,20,1,335.6387702715756
LSHADE-RSP,F9,20,2,335.6387702715756
LSHADE-RSP,F9,20,3,335.6387702715756
LSHADE-RSP,F9,20,4,335.6387702715756
LSHADE-RSP,F9,20,5,335.6387702715756
LSHADE-RSP,F9,20,6,335.6387702715756
LSHADE-RSP,F9,20,7,335.6387702715756
LSHADE-RSP,F9,20,8,335.6387702715756
LSHADE-RSP,F9,20,9,335.6387702715756
LSHADE-RSP,F9,20,10,335.6387702715756
LSHADE-RSP,F9,20,11,335.6387702715756
LSHADE-RSP,F9,20,12,335.6387702715756
LSHADE-RSP,F9,20,13,335.6387702715756
LSHADE-RSP,F9,20,14,335.6387702715756
LSHADE-RSP,F9,20,15,335.6387702715756
LSHADE-RSP,F9,20,16,335.6387702715756
LSHADE-RSP,F9,20,17,335.6387702715756
LSHADE-RSP,F9,20,18,335.6387702715756
LSHADE-RSP,F9,20,19,335.6387702715756
LSHADE-RSP,F9,20,20,335.6387702715756
LSHADE-RSP,F9,20,21,335.6387702715756
LSHADE-RSP,F9,20,22,335.6387702715756
LSHADE-RSP,F9,20,23,335.6387702715756
LSHADE-RSP,F9,20,24,335.6387702715756
LSHADE-RSP,F9,20,25,335.6387702715756
LSHADE-RSP,F9,20,26,335.6387702715756
LSHADE-RSP,F9,20,27,335.6387702715756
LSHADE-RSP,F9,20,28,335.6387702715756
LSHADE-RSP,F9,20,29,335.6387702715756
LSHADE-SPACMA,F9,20,0,335.6387702715756
LSHADE-SPACMA,F9,20,1,335.6387702715756
LSHADE-SPACMA,F9,20,2,335.6387702715756
LSHADE-SPACMA,F9,20,3,335.6387702715756
LSHADE-SPACMA,F9,20,4,335.6387702715756
LSHADE-SPACMA,F9,20,5,335.6387702715756
LSHADE-SPACMA,F9,20,6,335.63877027157605
LSHADE-SPACMA,F9,20,7,335.6387702715756
LSHADE-SPACMA,F9,20,8,335.6387702715756
LSHADE-SPACMA,F9,20,9,335.6387702715756
LSHADE-SPACMA,F9,20,10,335.6387702715756
LSHADE-SPACMA,F9,20,11,335.63877027157605
LSHADE-SPACMA,F9,20,12,335.63877027157605
LSHADE-SPACMA,F9,20,13,335.6387702715756
LSHADE-SPACMA,F9,20,14,335.6387702715756
LSHADE-SPACMA,F9,20,15,335.6387702715756
LSHADE-SPACMA,F9,20,16,335.6387702715756
LSHADE-SPACMA,F9,20,17,335.63877027157605
LSHADE-SPACMA,F9,20,18,335.6387702715756
LSHADE-SPACMA,F9,20,19,335.6387702715756
LSHADE-SPACMA,F9,20,20,335.6387702715756
LSHADE-SPACMA,F9,20,21,335.6387702715756
LSHADE-SPACMA,F9,20,22,335.6387702715756
LSHADE-SPACMA,F9,20,23,335.63877027157605
LSHADE-SPACMA,F9,20,24,335.6387702715756
LSHADE-SPACMA,F9,20,25,335.6387702715756
LSHADE-SPACMA,F9,20,26,335.63877027157605
LSHADE-SPACMA,F9,20,27,335.6387702715756
LSHADE-SPACMA,F9,20,28,335.6387702715756
LSHADE-SPACMA,F9,20,29,335.6387702715756
LSHADE-cnEpSin,F9,20,0,335.6387702715756
LSHADE-cnEpSin,F9,20,1,335.63877027157605
LSHADE-cnEpSin,F9,20,2,335.6387702715756
LSHADE-cnEpSin,F9,20,3,335.6387702715756
LSHADE-cnEpSin,F9,20,4,335.6387702715756
LSHADE-cnEpSin,F9,20,5,335.6387702715756
LSHADE-cnEpSin,F9,20,6,335.6387702715756
LSHADE-cnEpSin,F9,20,7,335.6387702715756
LSHADE-cnEpSin,F9,20,8,335.6387702715756
LSHADE-cnEpSin,F9,20,9,335.6387702715756
LSHADE-cnEpSin,F9,20,10,335.6387702715756
LSHADE-cnEpSin,F9,20,11,335.6387702715756
LSHADE-cnEpSin,F9,20,12,335.6387702715756
LSHADE-cnEpSin,F9,20,13,335.6387702715756
LSHADE-cnEpSin,F9,20,14,335.63877027157605
LSHADE-cnEpSin,F9,20,15,335.6387702715756
LSHADE-cnEpSin,F9,20,16,335.6387702715756
LSHADE-cnEpSin,F9,20,17,335.6387702715756
LSHADE-cnEpSin,F9,20,18,335.6387702715756
LSHADE-cnEpSin,F9,20,19,335.6387702715756
LSHADE-cnEpSin,F9,20,20,335.63877027157605
LSHADE-cnEpSin,F9,20,21,335.63877027157605
LSHADE-cnEpSin,F9,20,22,335.6387702715756
LSHADE-cnEpSin,F9,20,23,335.6387702715756
LSHADE-cnEpSin,F9,20,24,335.63877027157605
LSHADE-cnEpSin,F9,20,25,335.6387702715756
LSHADE-cnEpSin,F9,20,26,335.6387702715756
LSHADE-cnEpSin,F9,20,27,335.6387702715756
LSHADE-cnEpSin,F9,20,28,335.6387702715756
LSHADE-cnEpSin,F9,20,29,335.6387702715756
L-SHADE,F9,20,0,335.6387702715756
L-SHADE,F9,20,1,335.6387702715756
L-SHADE,F9,20,2,335.63877027157605
L-SHADE,F9,20,3,335.63877027157605
L-SHADE,F9,20,4,335.6387702715756
L-SHADE,F9,20,5,335.6387702715756
L-SHADE,F9,20,6,335.63877027157605
L-SHADE,F9,20,7,335.63877027157605
L-SHADE,F9,20,8,335.6387702715756
L-SHADE,F9,20,9,335.6387702715756
L-SHADE,F9,20,10,335.6387702715756
L-SHADE,F9,20,11,335.6387702715756
L-SHADE,F9,20,12,335.6387702715756
L-SHADE,F9,20,13,335.6387702715756
L-SHADE,F9,20,14,335.63877027157605
L-SHADE,F9,20,15,335.6387702715756
L-SHADE,F9,20,16,335.6387702715756
L-SHADE,F9,20,17,335.6387702715756
L-SHADE,F9,20,18,335.6387702715756
L-SHADE,F9,20,19,335.6387702715756
L-SHADE,F9,20,20,335.6387702715756
L-SHADE,F9,20,21,335.6387702715756
L-SHADE,F9,20,22,335.6387702715756
L-SHADE,F9,20,23,335.63877027157605
L-SHADE,F9,20,24,335.6387702715756
L-SHADE,F9,20,25,335.6387702715756
L-SHADE,F9,20,26,335.6387702715756
L-SHADE,F9,20,27,335.63877027157605
L-SHADE,F9,20,28,335.63877027157605
L-SHADE,F9,20,29,335.63877027157605
NL-SHADE-RSP,F9,20,0,335.6387702715756
NL-SHADE-RSP,F9,20,1,335.6387702715756
NL-SHADE-RSP,F9,20,2,335.6387702715756
NL-SHADE-RSP,F9,20,3,335.6387702715756
NL-SHADE-RSP,F9,20,4,335.6387702715756
NL-SHADE-RSP,F9,20,5,335.63877027157605
NL-SHADE-RSP,F9,20,6,335.63877027157605
NL-SHADE-RSP,F9,20,7,335.6387702715756
NL-SHADE-RSP,F9,20,8,335.6387702715756
NL-SHADE-RSP,F9,20,9,335.6387702715756
NL-SHADE-RSP,F9,20,10,335.63877027157605
NL-SHADE-RSP,F9,20,11,335.6387702715756
NL-SHADE-RSP,F9,20,12,335.6387702715756
NL-SHADE-RSP,F9,20,13,335.63877027157605
NL-SHADE-RSP,F9,20,14,335.6387702715756
NL-SHADE-RSP,F9,20,15,335.6387702715756
NL-SHADE-RSP,F9,20,16,335.63877027157605
NL-SHADE-RSP,F9,20,17,335.6387702715756
NL-SHADE-RSP,F9,20,18,335.6387702715756
NL-SHADE-RSP,F9,20,19,335.6387702715756
NL-SHADE-RSP,F9,20,20,335.6387702715756
NL-SHADE-RSP,F9,20,21,335.6387702715756
NL-SHADE-RSP,F9,20,22,335.6387702715756
NL-SHADE-RSP,F9,20,23,335.6387702715756
NL-SHADE-RSP,F9,20,24,335.6387702715756
NL-SHADE-RSP,F9,20,25,335.6387702715756
NL-SHADE-RSP,F9,20,26,335.6387702715756
NL-SHADE-RSP,F9,20,27,335.6387702715756
NL-SHADE-RSP,F9,20,28,335.6387702715756
NL-SHADE-RSP,F9,20,29,335.6387702715756
jSO,F9,20,0,335.6387702715756
jSO,F9,20,1,335.6387702715756
jSO,F9,20,2,335.6387702715756
jSO,F9,20,3,335.6387702715756
jSO,F9,20,4,335.6387702715756
jSO,F9,20,5,335.6387702715756
jSO,F9,20,6,335.6387702715756
jSO,F9,20,7,335.6387702715756
jSO,F9,20,8,335.6387702715756
jSO,F9,20,9,335.6387702715756
jSO,F9,20,10,335.6387702715756
jSO,F9,20,11,335.6387702715756
jSO,F9,20,12,335.6387702715756
jSO,F9,20,13,335.6387702715756
jSO,F9,20,14,335.6387702715756
jSO,F9,20,15,335.6387702715756
jSO,F9,20,16,335.6387702715756
jSO,F9,20,17,335.6387702715756
jSO,F9,20,18,335.6387702715756
jSO,F9,20,19,335.6387702715756
jSO,F9,20,20,335.6387702715756
jSO,F9,20,21,335.6387702715756
jSO,F9,20,22,335.6387702715756
jSO,F9,20,23,335.6387702715756
jSO,F9,20,24,335.6387702715756
jSO,F9,20,25,335.6387702715756
jSO,F9,20,26,335.6387702715756
jSO,F9,20,27,335.6387702715756
jSO,F9,20,28,335.6387702715756
jSO,F9,20,29,335.6387702715756
