Alg,Function,Dim,Run,Best
pop6 tail-shartli,Ackley,30,0,1.1102230246251565e-14
pop6 tail-shartli,Ackley,30,1,7.549516567451064e-15
pop6 tail-shartli,Ackley,30,2,1.4654943925052066e-14
pop6 tail-shartli,Ackley,30,3,1.1102230246251565e-14
pop6 tail-shartli,Ackley,30,4,1.1102230246251565e-14
pop6 tail-shartli,Ackley,30,5,7.549516567451064e-15
pop6 tail-shartli,Ackley,30,6,7.549516567451064e-15
pop6 tail-shartli,Ackley,30,7,7.549516567451064e-15
pop6 tail-shartli,Ackley,30,8,7.549516567451064e-15
pop6 tail-shartli,Ackley,30,9,1.1102230246251565e-14
pop6 tail-shartli,Ackley,30,10,7.549516567451064e-15
pop6 tail-shartli,Ackley,30,11,7.549516567451064e-15
pop6 tail-shartli,Ackley,30,12,7.549516567451064e-15
pop6 tail-shartli,Ackley,30,13,1.1102230246251565e-14
pop6 tail-shartli,Ackley,30,14,1.1102230246251565e-14
pop6 tail-shartli,BentCigar,30,0,4.67005655890839e-22
pop6 tail-shartli,BentCigar,30,1,3.660314600225495e-22
pop6 tail-shartli,BentCigar,30,2,7.573064690121713e-23
pop6 tail-shartli,BentCigar,30,3,2.5559093329160782e-22
pop6 tail-shartli,BentCigar,30,4,1.135959703518257e-22
pop6 tail-shartli,BentCigar,30,5,5.174927538249837e-22
pop6 tail-shartli,BentCigar,30,6,5.174927538249837e-22
pop6 tail-shartli,BentCigar,30,7,5.36425415550288e-23
pop6 tail-shartli,BentCigar,30,8,1.931131495981037e-21
pop6 tail-shartli,BentCigar,30,9,4.0389678347315804e-22
pop6 tail-shartli,BentCigar,30,10,1.2937318845624594e-22
pop6 tail-shartli,BentCigar,30,11,3.534096855390133e-22
pop6 tail-shartli,BentCigar,30,12,2.6505726415425997e-22
pop6 tail-shartli,BentCigar,30,13,1.842779087218058e-21
pop6 tail-shartli,BentCigar,30,14,4.449175505446507e-22
pop6 tail-shartli,Composition,30,0,7.327471962526216e-15
pop6 tail-shartli,Composition,30,1,3.77475828372557e-15
pop6 tail-shartli,Composition,30,2,2.220446049250313e-16
pop6 tail-shartli,Composition,30,3,3.774758283725564e-15
pop6 tail-shartli,Composition,30,4,3.774758283725589e-15
pop6 tail-shartli,Composition,30,5,7.327471962526166e-15
pop6 tail-shartli,Composition,30,6,3.774758283725564e-15
pop6 tail-shartli,Composition,30,7,3.774758283725584e-15
pop6 tail-shartli,Composition,30,8,7.327471962526197e-15
pop6 tail-shartli,Composition,30,9,7.327471962526169e-15
pop6 tail-shartli,Composition,30,10,3.774758283725589e-15
pop6 tail-shartli,Composition,30,11,5.551115123125896e-15
pop6 tail-shartli,Composition,30,12,3.774758283725565e-15
pop6 tail-shartli,Composition,30,13,2.220446049250313e-16
pop6 tail-shartli,Composition,30,14,1.998401444325307e-15
pop6 tail-shartli,DynamicSphere,30,0,0.11379385394526208
pop6 tail-shartli,DynamicSphere,30,1,0.09371221194745315
pop6 tail-shartli,DynamicSphere,30,2,0.11831726466318122
pop6 tail-shartli,DynamicSphere,30,3,0.0761397899578075
pop6 tail-shartli,DynamicSphere,30,4,0.1432574887011757
pop6 tail-shartli,DynamicSphere,30,5,0.0469759163903421
pop6 tail-shartli,DynamicSphere,30,6,0.10071113795916793
pop6 tail-shartli,DynamicSphere,30,7,0.07715839408402836
pop6 tail-shartli,DynamicSphere,30,8,0.12515525299039632
pop6 tail-shartli,DynamicSphere,30,9,0.08754140966433284
pop6 tail-shartli,DynamicSphere,30,10,0.09231955219549011
pop6 tail-shartli,DynamicSphere,30,11,0.08030858666609507
pop6 tail-shartli,DynamicSphere,30,12,0.1541483050067893
pop6 tail-shartli,DynamicSphere,30,13,0.08453487838953067
pop6 tail-shartli,DynamicSphere,30,14,0.0885908359420514
pop6 tail-shartli,Griewank,30,0,0.0
pop6 tail-shartli,Griewank,30,1,0.0
pop6 tail-shartli,Griewank,30,2,0.0
pop6 tail-shartli,Griewank,30,3,0.0
pop6 tail-shartli,Griewank,30,4,0.0
pop6 tail-shartli,Griewank,30,5,0.0
pop6 tail-shartli,Griewank,30,6,0.0
pop6 tail-shartli,Griewank,30,7,0.0
pop6 tail-shartli,Griewank,30,8,0.0
pop6 tail-shartli,Griewank,30,9,0.0
pop6 tail-shartli,Griewank,30,10,0.0
pop6 tail-shartli,Griewank,30,11,0.0
pop6 tail-shartli,Griewank,30,12,0.0
pop6 tail-shartli,Griewank,30,13,0.0
pop6 tail-shartli,Griewank,30,14,0.0
pop6 tail-shartli,Levy,30,0,3.0523835679544635e-30
pop6 tail-shartli,Levy,30,1,2.4547671352441573e-30
pop6 tail-shartli,Levy,30,2,1.7002831521130905e-30
pop6 tail-shartli,Levy,30,3,1.3098332020322824e-30
pop6 tail-shartli,Levy,30,4,2.4034730774029946e-30
pop6 tail-shartli,Levy,30,5,2.8491975878546636e-30
pop6 tail-shartli,Levy,30,6,2.505066067452893e-30
pop6 tail-shartli,Levy,30,7,2.505066067452892e-30
pop6 tail-shartli,Levy,30,8,2.255561657674055e-30
pop6 tail-shartli,Levy,30,9,3.2022852389482526e-30
pop6 tail-shartli,Levy,30,10,1.7082441571724855e-30
pop6 tail-shartli,Levy,30,11,2.106655112312691e-30
pop6 tail-shartli,Levy,30,12,4.347219172160122e-30
pop6 tail-shartli,Levy,30,13,2.305860589882792e-30
pop6 tail-shartli,Levy,30,14,1.3098332020322809e-30
pop6 tail-shartli,NoisyRastrigin,30,0,0.26890227544072687
pop6 tail-shartli,NoisyRastrigin,30,1,0.14605208417779814
pop6 tail-shartli,NoisyRastrigin,30,2,0.1585193366958748
pop6 tail-shartli,NoisyRastrigin,30,3,0.1693858368685781
pop6 tail-shartli,NoisyRastrigin,30,4,0.2064074156860105
pop6 tail-shartli,NoisyRastrigin,30,5,0.22087491440703388
pop6 tail-shartli,NoisyRastrigin,30,6,0.18676052959174072
pop6 tail-shartli,NoisyRastrigin,30,7,0.18637630637122626
pop6 tail-shartli,NoisyRastrigin,30,8,0.17804882959313062
pop6 tail-shartli,NoisyRastrigin,30,9,0.20476563351484778
pop6 tail-shartli,NoisyRastrigin,30,10,0.2942037113028011
pop6 tail-shartli,NoisyRastrigin,30,11,0.2046189465689583
pop6 tail-shartli,NoisyRastrigin,30,12,0.24990112948007948
pop6 tail-shartli,NoisyRastrigin,30,13,0.2555183886410308
pop6 tail-shartli,NoisyRastrigin,30,14,0.18803194608124407
pop6 tail-shartli,NoisySphere,30,0,0.0057636895020821135
pop6 tail-shartli,NoisySphere,30,1,0.010433161171848416
pop6 tail-shartli,NoisySphere,30,2,0.012072877803043187
pop6 tail-shartli,NoisySphere,30,3,0.010598784548178844
pop6 tail-shartli,NoisySphere,30,4,0.014255460626829407
pop6 tail-shartli,NoisySphere,30,5,0.007265536383594243
pop6 tail-shartli,NoisySphere,30,6,0.008309235055948203
pop6 tail-shartli,NoisySphere,30,7,0.01571056663684838
pop6 tail-shartli,NoisySphere,30,8,0.01083636753162585
pop6 tail-shartli,NoisySphere,30,9,0.010016596200930991
pop6 tail-shartli,NoisySphere,30,10,0.009814645745785824
pop6 tail-shartli,NoisySphere,30,11,0.014770985854043045
pop6 tail-shartli,NoisySphere,30,12,0.01192433465396075
pop6 tail-shartli,NoisySphere,30,13,0.01049693165169483
pop6 tail-shartli,NoisySphere,30,14,0.013293220364335414
pop6 tail-shartli,Rosenbrock,30,0,4.425158132426758
pop6 tail-shartli,Rosenbrock,30,1,4.789440404830304
pop6 tail-shartli,Rosenbrock,30,2,2.9781200320019656
pop6 tail-shartli,Rosenbrock,30,3,4.129207117172975
pop6 tail-shartli,Rosenbrock,30,4,3.8396978840915215
pop6 tail-shartli,Rosenbrock,30,5,2.300864981557079
pop6 tail-shartli,Rosenbrock,30,6,1.4962635146092866
pop6 tail-shartli,Rosenbrock,30,7,3.7708119522993484
pop6 tail-shartli,Rosenbrock,30,8,2.97324803174441
pop6 tail-shartli,Rosenbrock,30,9,3.6706115190865223
pop6 tail-shartli,Rosenbrock,30,10,4.461827713123778
pop6 tail-shartli,Rosenbrock,30,11,2.263076344026222
pop6 tail-shartli,Rosenbrock,30,12,2.4434673383607435
pop6 tail-shartli,Rosenbrock,30,13,3.4857935268557165
pop6 tail-shartli,Rosenbrock,30,14,5.399640352259845
pop6 tail-shartli,RotatedElliptic,30,0,140.98704754130816
pop6 tail-shartli,RotatedElliptic,30,1,1744.5967420645425
pop6 tail-shartli,RotatedElliptic,30,2,144.03969022629371
pop6 tail-shartli,RotatedElliptic,30,3,230.5118407850962
pop6 tail-shartli,RotatedElliptic,30,4,718.9525776811035
pop6 tail-shartli,RotatedElliptic,30,5,60.47572776973485
pop6 tail-shartli,RotatedElliptic,30,6,719.6515608447742
pop6 tail-shartli,RotatedElliptic,30,7,13.979177109446393
pop6 tail-shartli,RotatedElliptic,30,8,5.748474731396086
pop6 tail-shartli,RotatedElliptic,30,9,3572.2999452903036
pop6 tail-shartli,RotatedElliptic,30,10,41.22910474639986
pop6 tail-shartli,RotatedElliptic,30,11,144.4493789986168
pop6 tail-shartli,RotatedElliptic,30,12,1147.6261194659962
pop6 tail-shartli,RotatedElliptic,30,13,2294.3513283286006
pop6 tail-shartli,RotatedElliptic,30,14,6.945497192127803
pop6 tail-shartli,Schwefel,30,0,118.43871644142564
pop6 tail-shartli,Schwefel,30,1,236.8770510558661
pop6 tail-shartli,Schwefel,30,2,118.43871644142746
pop6 tail-shartli,Schwefel,30,3,0.00038182698881428223
pop6 tail-shartli,Schwefel,30,4,355.3153856703011
pop6 tail-shartli,Schwefel,30,5,236.87705105586974
pop6 tail-shartli,Schwefel,30,6,118.43871644142746
pop6 tail-shartli,Schwefel,30,7,236.87705105586792
pop6 tail-shartli,Schwefel,30,8,118.43871644142746
pop6 tail-shartli,Schwefel,30,9,236.87705105586247
pop6 tail-shartli,Schwefel,30,10,236.8770510558661
pop6 tail-shartli,Schwefel,30,11,118.43871644142746
pop6 tail-shartli,Schwefel,30,12,118.43871644142746
pop6 tail-shartli,Schwefel,30,13,0.00038182699063327163
pop6 tail-shartli,Schwefel,30,14,0.00038182698881428223
pop6 tail-shartli,Zakharov,30,0,9.342247467801303e-16
pop6 tail-shartli,Zakharov,30,1,3.936696122887161e-15
pop6 tail-shartli,Zakharov,30,2,7.516241567928085e-16
pop6 tail-shartli,Zakharov,30,3,1.1439878912543295e-16
pop6 tail-shartli,Zakharov,30,4,1.5584045100696162e-16
pop6 tail-shartli,Zakharov,30,5,3.413162939478561e-16
pop6 tail-shartli,Zakharov,30,6,1.2200075529719859e-15
pop6 tail-shartli,Zakharov,30,7,1.3010142209267041e-16
pop6 tail-shartli,Zakharov,30,8,2.493569498250022e-16
pop6 tail-shartli,Zakharov,30,9,4.269919402601087e-15
pop6 tail-shartli,Zakharov,30,10,4.6560419575048545e-15
pop6 tail-shartli,Zakharov,30,11,1.6729632539903678e-16
pop6 tail-shartli,Zakharov,30,12,6.222718284726631e-15
pop6 tail-shartli,Zakharov,30,13,9.08863730357144e-16
pop6 tail-shartli,Zakharov,30,14,3.2013582434430993e-15
pop6 tail-yo'q,Ackley,30,0,2.1760371282653068e-14
pop6 tail-yo'q,Ackley,30,1,2.1760371282653068e-14
pop6 tail-yo'q,Ackley,30,2,1.4654943925052066e-14
pop6 tail-yo'q,Ackley,30,3,2.1760371282653068e-14
pop6 tail-yo'q,Ackley,30,4,2.1760371282653068e-14
pop6 tail-yo'q,Ackley,30,5,2.1760371282653068e-14
pop6 tail-yo'q,Ackley,30,6,2.1760371282653068e-14
pop6 tail-yo'q,Ackley,30,7,2.1760371282653068e-14
pop6 tail-yo'q,Ackley,30,8,7.549516567451064e-15
pop6 tail-yo'q,Ackley,30,9,1.4654943925052066e-14
pop6 tail-yo'q,Ackley,30,10,1.4654943925052066e-14
pop6 tail-yo'q,Ackley,30,11,1.4654943925052066e-14
pop6 tail-yo'q,Ackley,30,12,1.4654943925052066e-14
pop6 tail-yo'q,Ackley,30,13,1.4654943925052066e-14
pop6 tail-yo'q,Ackley,30,14,2.886579864025407e-14
pop6 tail-yo'q,BentCigar,30,0,4.67005655890839e-22
pop6 tail-yo'q,BentCigar,30,1,1.6408306828597046e-22
pop6 tail-yo'q,BentCigar,30,2,7.573064690121713e-23
pop6 tail-yo'q,BentCigar,30,3,2.5559093329160782e-22
pop6 tail-yo'q,BentCigar,30,4,1.135959703518257e-22
pop6 tail-yo'q,BentCigar,30,5,5.174927538249837e-22
pop6 tail-yo'q,BentCigar,30,6,5.174927538249837e-22
pop6 tail-yo'q,BentCigar,30,7,5.36425415550288e-23
pop6 tail-yo'q,BentCigar,30,8,1.135959703518257e-22
pop6 tail-yo'q,BentCigar,30,9,4.0389678347315804e-22
pop6 tail-yo'q,BentCigar,30,10,1.2937318845624594e-22
pop6 tail-yo'q,BentCigar,30,11,3.534096855390133e-22
pop6 tail-yo'q,BentCigar,30,12,2.6505726415425997e-22
pop6 tail-yo'q,BentCigar,30,13,1.8427790745962836e-21
pop6 tail-yo'q,BentCigar,30,14,4.449175505446507e-22
pop6 tail-yo'q,Composition,30,0,7.327471962526216e-15
pop6 tail-yo'q,Composition,30,1,3.77475828372557e-15
pop6 tail-yo'q,Composition,30,2,2.220446049250313e-16
pop6 tail-yo'q,Composition,30,3,3.774758283725564e-15
pop6 tail-yo'q,Composition,30,4,3.774758283725589e-15
pop6 tail-yo'q,Composition,30,5,7.327471962526166e-15
pop6 tail-yo'q,Composition,30,6,3.774758283725564e-15
pop6 tail-yo'q,Composition,30,7,3.774758283725584e-15
pop6 tail-yo'q,Composition,30,8,7.327471962526197e-15
pop6 tail-yo'q,Composition,30,9,7.327471962526185e-15
pop6 tail-yo'q,Composition,30,10,3.774758283725589e-15
pop6 tail-yo'q,Composition,30,11,5.551115123125896e-15
pop6 tail-yo'q,Composition,30,12,3.774758283725565e-15
pop6 tail-yo'q,Composition,30,13,2.220446049250313e-16
pop6 tail-yo'q,Composition,30,14,1.998401444325307e-15
pop6 tail-yo'q,DynamicSphere,30,0,0.282500172650498
pop6 tail-yo'q,DynamicSphere,30,1,0.5384834512003743
pop6 tail-yo'q,DynamicSphere,30,2,0.618468736602984
pop6 tail-yo'q,DynamicSphere,30,3,0.9509283447365707
pop6 tail-yo'q,DynamicSphere,30,4,0.38892164837179943
pop6 tail-yo'q,DynamicSphere,30,5,0.7525518325091148
pop6 tail-yo'q,DynamicSphere,30,6,0.3101073027574339
pop6 tail-yo'q,DynamicSphere,30,7,0.845033115135221
pop6 tail-yo'q,DynamicSphere,30,8,0.6976530850035776
pop6 tail-yo'q,DynamicSphere,30,9,0.7427028537360274
pop6 tail-yo'q,DynamicSphere,30,10,0.3553527265960163
pop6 tail-yo'q,DynamicSphere,30,11,0.6989429562620793
pop6 tail-yo'q,DynamicSphere,30,12,0.1699797454854304
pop6 tail-yo'q,DynamicSphere,30,13,0.557183865922213
pop6 tail-yo'q,DynamicSphere,30,14,0.43747232207886266
pop6 tail-yo'q,Griewank,30,0,0.0
pop6 tail-yo'q,Griewank,30,1,0.0
pop6 tail-yo'q,Griewank,30,2,0.0
pop6 tail-yo'q,Griewank,30,3,0.0
pop6 tail-yo'q,Griewank,30,4,0.0
pop6 tail-yo'q,Griewank,30,5,0.0
pop6 tail-yo'q,Griewank,30,6,0.0
pop6 tail-yo'q,Griewank,30,7,0.0
pop6 tail-yo'q,Griewank,30,8,0.0
pop6 tail-yo'q,Griewank,30,9,0.0
pop6 tail-yo'q,Griewank,30,10,0.0
pop6 tail-yo'q,Griewank,30,11,0.0
pop6 tail-yo'q,Griewank,30,12,0.0
pop6 tail-yo'q,Griewank,30,13,0.0
pop6 tail-yo'q,Griewank,30,14,0.0
pop6 tail-yo'q,Levy,30,0,4.995134537079176e-30
pop6 tail-yo'q,Levy,30,1,1.2102304632472312e-30
pop6 tail-yo'q,Levy,30,2,1.395938102773379e-29
pop6 tail-yo'q,Levy,30,3,1.3098332020322824e-30
pop6 tail-yo'q,Levy,30,4,9.170488560991924e-30
pop6 tail-yo'q,Levy,30,5,4.098709888013714e-30
pop6 tail-yo'q,Levy,30,6,3.3018879777333e-30
pop6 tail-yo'q,Levy,30,7,2.505066067452892e-30
pop6 tail-yo'q,Levy,30,8,4.324258623053908e-29
pop6 tail-yo'q,Levy,30,9,3.202285238948254e-30
pop6 tail-yo'q,Levy,30,10,1.7082441571724855e-30
pop6 tail-yo'q,Levy,30,11,2.106655112312691e-30
pop6 tail-yo'q,Levy,30,12,4.4971208431539156e-30
pop6 tail-yo'q,Levy,30,13,1.6086414183874387e-30
pop6 tail-yo'q,Levy,30,14,1.3098332020322809e-30
pop6 tail-yo'q,NoisyRastrigin,30,0,0.20948286995515808
pop6 tail-yo'q,NoisyRastrigin,30,1,0.23609735383381292
pop6 tail-yo'q,NoisyRastrigin,30,2,0.21336672011213942
pop6 tail-yo'q,NoisyRastrigin,30,3,0.24753380632662214
pop6 tail-yo'q,NoisyRastrigin,30,4,0.3451854348431489
pop6 tail-yo'q,NoisyRastrigin,30,5,0.1731018955851571
pop6 tail-yo'q,NoisyRastrigin,30,6,0.24791405711235726
pop6 tail-yo'q,NoisyRastrigin,30,7,0.14489507345891006
pop6 tail-yo'q,NoisyRastrigin,30,8,0.26265768454894456
pop6 tail-yo'q,NoisyRastrigin,30,9,0.13968495869417907
pop6 tail-yo'q,NoisyRastrigin,30,10,0.30023477821869804
pop6 tail-yo'q,NoisyRastrigin,30,11,0.19342867376712114
pop6 tail-yo'q,NoisyRastrigin,30,12,0.1636503734175232
pop6 tail-yo'q,NoisyRastrigin,30,13,0.24979667639006564
pop6 tail-yo'q,NoisyRastrigin,30,14,0.13553921228062826
pop6 tail-yo'q,NoisySphere,30,0,0.005510190132712612
pop6 tail-yo'q,NoisySphere,30,1,0.00987086329459557
pop6 tail-yo'q,NoisySphere,30,2,0.008433216505343968
pop6 tail-yo'q,NoisySphere,30,3,0.010656457734939572
pop6 tail-yo'q,NoisySphere,30,4,0.012714691965017426
pop6 tail-yo'q,NoisySphere,30,5,0.004713643963890696
pop6 tail-yo'q,NoisySphere,30,6,0.008309235055948203
pop6 tail-yo'q,NoisySphere,30,7,0.01330160838049951
pop6 tail-yo'q,NoisySphere,30,8,0.01083636753162585
pop6 tail-yo'q,NoisySphere,30,9,0.009910429093505667
pop6 tail-yo'q,NoisySphere,30,10,0.00819581708262267
pop6 tail-yo'q,NoisySphere,30,11,0.013356394980068353
pop6 tail-yo'q,NoisySphere,30,12,0.00982079976511532
pop6 tail-yo'q,NoisySphere,30,13,0.01049693165169483
pop6 tail-yo'q,NoisySphere,30,14,0.012734799679719114
pop6 tail-yo'q,Rosenbrock,30,0,6.465539013411491
pop6 tail-yo'q,Rosenbrock,30,1,7.167879446686753
pop6 tail-yo'q,Rosenbrock,30,2,5.587603429913607
pop6 tail-yo'q,Rosenbrock,30,3,6.0224337780978
pop6 tail-yo'q,Rosenbrock,30,4,6.5565607299002835
pop6 tail-yo'q,Rosenbrock,30,5,4.21939654875661
pop6 tail-yo'q,Rosenbrock,30,6,3.543470698336308
pop6 tail-yo'q,Rosenbrock,30,7,5.602443970907466
pop6 tail-yo'q,Rosenbrock,30,8,5.42339529469271
pop6 tail-yo'q,Rosenbrock,30,9,5.295737755196544
pop6 tail-yo'q,Rosenbrock,30,10,7.32885649024656
pop6 tail-yo'q,Rosenbrock,30,11,4.3325235722663376
pop6 tail-yo'q,Rosenbrock,30,12,4.899279080931519
pop6 tail-yo'q,Rosenbrock,30,13,6.015758954900683
pop6 tail-yo'q,Rosenbrock,30,14,7.6030923311199325
pop6 tail-yo'q,RotatedElliptic,30,0,145.5539312520351
pop6 tail-yo'q,RotatedElliptic,30,1,1799.4743881741033
pop6 tail-yo'q,RotatedElliptic,30,2,152.9689162475341
pop6 tail-yo'q,RotatedElliptic,30,3,233.50160296327823
pop6 tail-yo'q,RotatedElliptic,30,4,737.5021759080639
pop6 tail-yo'q,RotatedElliptic,30,5,67.18809452058952
pop6 tail-yo'q,RotatedElliptic,30,6,871.2086025208503
pop6 tail-yo'q,RotatedElliptic,30,7,14.44376081329571
pop6 tail-yo'q,RotatedElliptic,30,8,6.339540473072012
pop6 tail-yo'q,RotatedElliptic,30,9,3668.2144629135205
pop6 tail-yo'q,RotatedElliptic,30,10,45.07125795654661
pop6 tail-yo'q,RotatedElliptic,30,11,159.0849572794418
pop6 tail-yo'q,RotatedElliptic,30,12,1257.0828237799699
pop6 tail-yo'q,RotatedElliptic,30,13,2510.7105000295182
pop6 tail-yo'q,RotatedElliptic,30,14,7.485439797716242
pop6 tail-yo'q,Schwefel,30,0,118.43871649614812
pop6 tail-yo'q,Schwefel,30,1,236.8770510558661
pop6 tail-yo'q,Schwefel,30,2,118.43871644142746
pop6 tail-yo'q,Schwefel,30,3,0.00038182699245226104
pop6 tail-yo'q,Schwefel,30,4,355.31538567030657
pop6 tail-yo'q,Schwefel,30,5,236.87705105586974
pop6 tail-yo'q,Schwefel,30,6,118.43871644142746
pop6 tail-yo'q,Schwefel,30,7,236.87705105587156
pop6 tail-yo'q,Schwefel,30,8,118.43871644142746
pop6 tail-yo'q,Schwefel,30,9,236.87705105586792
pop6 tail-yo'q,Schwefel,30,10,236.8770510558661
pop6 tail-yo'q,Schwefel,30,11,118.43871644142746
pop6 tail-yo'q,Schwefel,30,12,118.43871644142746
pop6 tail-yo'q,Schwefel,30,13,0.00038182699245226104
pop6 tail-yo'q,Schwefel,30,14,0.00038182700700417627
pop6 tail-yo'q,Zakharov,30,0,5.040127370099952e-15
pop6 tail-yo'q,Zakharov,30,1,1.1015206474421576e-14
pop6 tail-yo'q,Zakharov,30,2,2.8423682052329688e-15
pop6 tail-yo'q,Zakharov,30,3,3.6166473749995723e-16
pop6 tail-yo'q,Zakharov,30,4,4.0825724575163713e-16
pop6 tail-yo'q,Zakharov,30,5,9.131093562720042e-16
pop6 tail-yo'q,Zakharov,30,6,1.4027894468375213e-14
pop6 tail-yo'q,Zakharov,30,7,6.288353039340765e-16
pop6 tail-yo'q,Zakharov,30,8,6.372043558551562e-16
pop6 tail-yo'q,Zakharov,30,9,6.330423822088705e-15
pop6 tail-yo'q,Zakharov,30,10,1.1795701486900118e-14
pop6 tail-yo'q,Zakharov,30,11,3.996042980520129e-16
pop6 tail-yo'q,Zakharov,30,12,1.4153690346870759e-14
pop6 tail-yo'q,Zakharov,30,13,3.0056577237516044e-15
pop6 tail-yo'q,Zakharov,30,14,4.740973350957645e-14
pop8 tail-shartli,Ackley,30,0,7.549516567451064e-15
pop8 tail-shartli,Ackley,30,1,1.1102230246251565e-14
pop8 tail-shartli,Ackley,30,2,7.549516567451064e-15
pop8 tail-shartli,Ackley,30,3,1.1102230246251565e-14
pop8 tail-shartli,Ackley,30,4,1.1102230246251565e-14
pop8 tail-shartli,Ackley,30,5,7.549516567451064e-15
pop8 tail-shartli,Ackley,30,6,7.549516567451064e-15
pop8 tail-shartli,Ackley,30,7,7.549516567451064e-15
pop8 tail-shartli,Ackley,30,8,1.1102230246251565e-14
pop8 tail-shartli,Ackley,30,9,7.549516567451064e-15
pop8 tail-shartli,Ackley,30,10,7.549516567451064e-15
pop8 tail-shartli,Ackley,30,11,1.1102230246251565e-14
pop8 tail-shartli,Ackley,30,12,1.1102230246251565e-14
pop8 tail-shartli,Ackley,30,13,1.1102230246251565e-14
pop8 tail-shartli,Ackley,30,14,7.549516567451064e-15
pop8 tail-shartli,BentCigar,30,0,1.796190401826857e-21
pop8 tail-shartli,BentCigar,30,1,2.77268026407844e-21
pop8 tail-shartli,BentCigar,30,2,1.322228007827416e-18
pop8 tail-shartli,BentCigar,30,3,1.229953897387252e-18
pop8 tail-shartli,BentCigar,30,4,2.664396073359573e-19
pop8 tail-shartli,BentCigar,30,5,1.8367594402359747e-19
pop8 tail-shartli,BentCigar,30,6,9.06672015619344e-20
pop8 tail-shartli,BentCigar,30,7,6.318582769225143e-22
pop8 tail-shartli,BentCigar,30,8,1.2516694362108394e-20
pop8 tail-shartli,BentCigar,30,9,2.720340096063646e-20
pop8 tail-shartli,BentCigar,30,10,3.8189175414174937e-20
pop8 tail-shartli,BentCigar,30,11,5.336105532298998e-20
pop8 tail-shartli,BentCigar,30,12,1.2924500296414682e-19
pop8 tail-shartli,BentCigar,30,13,5.577547077031352e-21
pop8 tail-shartli,BentCigar,30,14,3.2594108647258216e-17
pop8 tail-shartli,Composition,30,0,7.327471962526257e-15
pop8 tail-shartli,Composition,30,1,3.774758283725589e-15
pop8 tail-shartli,Composition,30,2,7.327471962526229e-15
pop8 tail-shartli,Composition,30,3,9.103828801926596e-15
pop8 tail-shartli,Composition,30,4,1.2656542480727368e-14
pop8 tail-shartli,Composition,30,5,9.103828801926582e-15
pop8 tail-shartli,Composition,30,6,7.32747196252621e-15
pop8 tail-shartli,Composition,30,7,9.103828801926593e-15
pop8 tail-shartli,Composition,30,8,1.0880185641326869e-14
pop8 tail-shartli,Composition,30,9,7.327471962526281e-15
pop8 tail-shartli,Composition,30,10,9.103828801926542e-15
pop8 tail-shartli,Composition,30,11,7.327471962526238e-15
pop8 tail-shartli,Composition,30,12,7.327471962526278e-15
pop8 tail-shartli,Composition,30,13,1.0880185641326947e-14
pop8 tail-shartli,Composition,30,14,5.551115123125882e-15
pop8 tail-shartli,DynamicSphere,30,0,0.09338682175657702
pop8 tail-shartli,DynamicSphere,30,1,0.05831655514101789
pop8 tail-shartli,DynamicSphere,30,2,0.07136649601770796
pop8 tail-shartli,DynamicSphere,30,3,0.07919173737133571
pop8 tail-shartli,DynamicSphere,30,4,0.10072799850536396
pop8 tail-shartli,DynamicSphere,30,5,0.05895433069709776
pop8 tail-shartli,DynamicSphere,30,6,0.10029067420831239
pop8 tail-shartli,DynamicSphere,30,7,0.12225405633282302
pop8 tail-shartli,DynamicSphere,30,8,0.12105974960606049
pop8 tail-shartli,DynamicSphere,30,9,0.1002993024110735
pop8 tail-shartli,DynamicSphere,30,10,0.10978865078772354
pop8 tail-shartli,DynamicSphere,30,11,0.07208097395851974
pop8 tail-shartli,DynamicSphere,30,12,0.08470163027150968
pop8 tail-shartli,DynamicSphere,30,13,0.08098308187864668
pop8 tail-shartli,DynamicSphere,30,14,0.07945291468526924
pop8 tail-shartli,Griewank,30,0,0.0
pop8 tail-shartli,Griewank,30,1,0.0
pop8 tail-shartli,Griewank,30,2,0.0
pop8 tail-shartli,Griewank,30,3,0.0
pop8 tail-shartli,Griewank,30,4,0.0
pop8 tail-shartli,Griewank,30,5,0.0
pop8 tail-shartli,Griewank,30,6,0.0
pop8 tail-shartli,Griewank,30,7,0.0
pop8 tail-shartli,Griewank,30,8,0.0
pop8 tail-shartli,Griewank,30,9,0.0
pop8 tail-shartli,Griewank,30,10,0.0
pop8 tail-shartli,Griewank,30,11,0.0
pop8 tail-shartli,Griewank,30,12,0.0
pop8 tail-shartli,Griewank,30,13,0.0
pop8 tail-shartli,Griewank,30,14,0.0
pop8 tail-shartli,Levy,30,0,3.899504410443609e-30
pop8 tail-shartli,Levy,30,1,2.9014867713282494e-30
pop8 tail-shartli,Levy,30,2,6.1400684702910425e-30
pop8 tail-shartli,Levy,30,3,2.8531780903843607e-30
pop8 tail-shartli,Levy,30,4,4.148013694590025e-30
pop8 tail-shartli,Levy,30,5,3.2515890455245666e-30
pop8 tail-shartli,Levy,30,6,1.1599315310384931e-30
pop8 tail-shartli,Levy,30,7,2.3058605898827927e-30
pop8 tail-shartli,Levy,30,8,6.686390845160186e-30
pop8 tail-shartli,Levy,30,9,1.1106277244621792e-30
pop8 tail-shartli,Levy,30,10,3.991146144169264e-30
pop8 tail-shartli,Levy,30,11,3.351191784309615e-30
pop8 tail-shartli,Levy,30,12,3.9488082170199206e-30
pop8 tail-shartli,Levy,30,13,3.797911420393708e-30
pop8 tail-shartli,Levy,30,14,3.347211281779918e-30
pop8 tail-shartli,NoisyRastrigin,30,0,0.5945786605339549
pop8 tail-shartli,NoisyRastrigin,30,1,0.35734079589920675
pop8 tail-shartli,NoisyRastrigin,30,2,0.26910651807198427
pop8 tail-shartli,NoisyRastrigin,30,3,0.2688592776861114
pop8 tail-shartli,NoisyRastrigin,30,4,0.18660870928726503
pop8 tail-shartli,NoisyRastrigin,30,5,0.20831698741950433
pop8 tail-shartli,NoisyRastrigin,30,6,0.18305055261863146
pop8 tail-shartli,NoisyRastrigin,30,7,0.21920994780648329
pop8 tail-shartli,NoisyRastrigin,30,8,0.38111876368303044
pop8 tail-shartli,NoisyRastrigin,30,9,0.33731991205305256
pop8 tail-shartli,NoisyRastrigin,30,10,0.3842856966668755
pop8 tail-shartli,NoisyRastrigin,30,11,0.33703924845777067
pop8 tail-shartli,NoisyRastrigin,30,12,0.20726669753180005
pop8 tail-shartli,NoisyRastrigin,30,13,0.29664137733176865
pop8 tail-shartli,NoisyRastrigin,30,14,0.19696355340503757
pop8 tail-shartli,NoisySphere,30,0,0.012179041254543518
pop8 tail-shartli,NoisySphere,30,1,0.014771999713421111
pop8 tail-shartli,NoisySphere,30,2,0.008821829821161645
pop8 tail-shartli,NoisySphere,30,3,0.009939866778920173
pop8 tail-shartli,NoisySphere,30,4,0.007232152028057441
pop8 tail-shartli,NoisySphere,30,5,0.014580954784787858
pop8 tail-shartli,NoisySphere,30,6,0.012953633932033255
pop8 tail-shartli,NoisySphere,30,7,0.00939774421825864
pop8 tail-shartli,NoisySphere,30,8,0.009906556520959
pop8 tail-shartli,NoisySphere,30,9,0.00926876814696403
pop8 tail-shartli,NoisySphere,30,10,0.011510589158799834
pop8 tail-shartli,NoisySphere,30,11,0.011764994469086269
pop8 tail-shartli,NoisySphere,30,12,0.012341313695005579
pop8 tail-shartli,NoisySphere,30,13,0.015797127672053782
pop8 tail-shartli,NoisySphere,30,14,0.013101539073522128
pop8 tail-shartli,Rosenbrock,30,0,5.270681352638185
pop8 tail-shartli,Rosenbrock,30,1,6.751208801299717
pop8 tail-shartli,Rosenbrock,30,2,6.440628409427163
pop8 tail-shartli,Rosenbrock,30,3,7.0868430580541375
pop8 tail-shartli,Rosenbrock,30,4,6.518765325212156
pop8 tail-shartli,Rosenbrock,30,5,6.274246829848246
pop8 tail-shartli,Rosenbrock,30,6,7.091302075365079
pop8 tail-shartli,Rosenbrock,30,7,7.766905534667703
pop8 tail-shartli,Rosenbrock,30,8,7.582482508557394
pop8 tail-shartli,Rosenbrock,30,9,4.237660635892303
pop8 tail-shartli,Rosenbrock,30,10,5.685956360549
pop8 tail-shartli,Rosenbrock,30,11,4.739689862460433
pop8 tail-shartli,Rosenbrock,30,12,7.9652634521769174
pop8 tail-shartli,Rosenbrock,30,13,6.787634757155999
pop8 tail-shartli,Rosenbrock,30,14,6.689091112639
pop8 tail-shartli,RotatedElliptic,30,0,2.2183323983168948
pop8 tail-shartli,RotatedElliptic,30,1,0.39485026748306684
pop8 tail-shartli,RotatedElliptic,30,2,0.6112798828755055
pop8 tail-shartli,RotatedElliptic,30,3,3.798211452625285
pop8 tail-shartli,RotatedElliptic,30,4,34.77081465933932
pop8 tail-shartli,RotatedElliptic,30,5,25.300366008337146
pop8 tail-shartli,RotatedElliptic,30,6,0.005486150347179573
pop8 tail-shartli,RotatedElliptic,30,7,52.12553732247457
pop8 tail-shartli,RotatedElliptic,30,8,11.370454679859218
pop8 tail-shartli,RotatedElliptic,30,9,10.521833786397803
pop8 tail-shartli,RotatedElliptic,30,10,9.999064336554138
pop8 tail-shartli,RotatedElliptic,30,11,0.29469464804791895
pop8 tail-shartli,RotatedElliptic,30,12,26.736487185329604
pop8 tail-shartli,RotatedElliptic,30,13,37.93751831513434
pop8 tail-shartli,RotatedElliptic,30,14,62.567616573831636
pop8 tail-shartli,Schwefel,30,0,118.43871644142564
pop8 tail-shartli,Schwefel,30,1,0.00038182698881428223
pop8 tail-shartli,Schwefel,30,2,118.43871644142746
pop8 tail-shartli,Schwefel,30,3,0.00038182698881428223
pop8 tail-shartli,Schwefel,30,4,118.43871644142746
pop8 tail-shartli,Schwefel,30,5,454.016720446436
pop8 tail-shartli,Schwefel,30,6,118.43871644142564
pop8 tail-shartli,Schwefel,30,7,355.3153856703011
pop8 tail-shartli,Schwefel,30,8,355.31538567030475
pop8 tail-shartli,Schwefel,30,9,473.75372028473976
pop8 tail-shartli,Schwefel,30,10,355.31538567030657
pop8 tail-shartli,Schwefel,30,11,118.43871644142564
pop8 tail-shartli,Schwefel,30,12,0.00038182698881428223
pop8 tail-shartli,Schwefel,30,13,355.31538567030475
pop8 tail-shartli,Schwefel,30,14,236.87705105586247
pop8 tail-shartli,Zakharov,30,0,6.873450739627956e-14
pop8 tail-shartli,Zakharov,30,1,1.6436896671018308e-14
pop8 tail-shartli,Zakharov,30,2,4.761630754715818e-15
pop8 tail-shartli,Zakharov,30,3,5.712228513389424e-15
pop8 tail-shartli,Zakharov,30,4,1.6005219399851403e-14
pop8 tail-shartli,Zakharov,30,5,6.568238842932802e-16
pop8 tail-shartli,Zakharov,30,6,1.4073343196306426e-14
pop8 tail-shartli,Zakharov,30,7,1.1174654056623361e-13
pop8 tail-shartli,Zakharov,30,8,1.7581601087967768e-14
pop8 tail-shartli,Zakharov,30,9,7.802699363408369e-15
pop8 tail-shartli,Zakharov,30,10,4.357548676327191e-14
pop8 tail-shartli,Zakharov,30,11,2.6361459328467018e-14
pop8 tail-shartli,Zakharov,30,12,2.516597330499466e-14
pop8 tail-shartli,Zakharov,30,13,6.132976716920526e-16
pop8 tail-shartli,Zakharov,30,14,6.458788521328728e-15
pop8 tail-yo'q,Ackley,30,0,3.952393967665557e-14
pop8 tail-yo'q,Ackley,30,1,3.952393967665557e-14
pop8 tail-yo'q,Ackley,30,2,4.6629367034256575e-14
pop8 tail-yo'q,Ackley,30,3,3.241851231905457e-14
pop8 tail-yo'q,Ackley,30,4,2.1760371282653068e-14
pop8 tail-yo'q,Ackley,30,5,4.3076653355456074e-14
pop8 tail-yo'q,Ackley,30,6,2.886579864025407e-14
pop8 tail-yo'q,Ackley,30,7,2.1760371282653068e-14
pop8 tail-yo'q,Ackley,30,8,3.241851231905457e-14
pop8 tail-yo'q,Ackley,30,9,3.952393967665557e-14
pop8 tail-yo'q,Ackley,30,10,1.4654943925052066e-14
pop8 tail-yo'q,Ackley,30,11,1.4654943925052066e-14
pop8 tail-yo'q,Ackley,30,12,1.4654943925052066e-14
pop8 tail-yo'q,Ackley,30,13,3.241851231905457e-14
pop8 tail-yo'q,Ackley,30,14,2.1760371282653068e-14
pop8 tail-yo'q,BentCigar,30,0,4.67005655890839e-22
pop8 tail-yo'q,BentCigar,30,1,1.262177448353619e-22
pop8 tail-yo'q,BentCigar,30,2,1.727802597660321e-21
pop8 tail-yo'q,BentCigar,30,3,3.505461249968998e-20
pop8 tail-yo'q,BentCigar,30,4,3.546718629873669e-21
pop8 tail-yo'q,BentCigar,30,5,3.2540512340366737e-21
pop8 tail-yo'q,BentCigar,30,6,1.2369338993865465e-21
pop8 tail-yo'q,BentCigar,30,7,2.583716679825119e-21
pop8 tail-yo'q,BentCigar,30,8,5.7113529538001255e-22
pop8 tail-yo'q,BentCigar,30,9,1.2432447866283146e-21
pop8 tail-yo'q,BentCigar,30,10,4.847747477809423e-21
pop8 tail-yo'q,BentCigar,30,11,7.699282434957075e-22
pop8 tail-yo'q,BentCigar,30,12,4.330057508758134e-21
pop8 tail-yo'q,BentCigar,30,13,3.407879110554771e-22
pop8 tail-yo'q,BentCigar,30,14,1.0796863805796201e-20
pop8 tail-yo'q,Composition,30,0,1.0880185641326919e-14
pop8 tail-yo'q,Composition,30,1,3.774758283725589e-15
pop8 tail-yo'q,Composition,30,2,7.327471962526191e-15
pop8 tail-yo'q,Composition,30,3,1.0880185641326894e-14
pop8 tail-yo'q,Composition,30,4,7.327471962526235e-15
pop8 tail-yo'q,Composition,30,5,1.2656542480727327e-14
pop8 tail-yo'q,Composition,30,6,7.327471962526241e-15
pop8 tail-yo'q,Composition,30,7,7.327471962526273e-15
pop8 tail-yo'q,Composition,30,8,9.103828801926536e-15
pop8 tail-yo'q,Composition,30,9,7.32747196252626e-15
pop8 tail-yo'q,Composition,30,10,7.327471962526216e-15
pop8 tail-yo'q,Composition,30,11,5.551115123125885e-15
pop8 tail-yo'q,Composition,30,12,1.0880185641326906e-14
pop8 tail-yo'q,Composition,30,13,1.08801856413269e-14
pop8 tail-yo'q,Composition,30,14,1.0880185641326883e-14
pop8 tail-yo'q,DynamicSphere,30,0,1.6138799710740623
pop8 tail-yo'q,DynamicSphere,30,1,0.6074018264456997
pop8 tail-yo'q,DynamicSphere,30,2,1.0086086459381833
pop8 tail-yo'q,DynamicSphere,30,3,0.14479736447478406
pop8 tail-yo'q,DynamicSphere,30,4,0.6596784375869066
pop8 tail-yo'q,DynamicSphere,30,5,1.4125380809579222
pop8 tail-yo'q,DynamicSphere,30,6,1.1113272769834042
pop8 tail-yo'q,DynamicSphere,30,7,0.1573275661536511
pop8 tail-yo'q,DynamicSphere,30,8,0.613635097792447
pop8 tail-yo'q,DynamicSphere,30,9,1.7427657023159684
pop8 tail-yo'q,DynamicSphere,30,10,0.6802533469193424
pop8 tail-yo'q,DynamicSphere,30,11,0.5573549620174355
pop8 tail-yo'q,DynamicSphere,30,12,1.2118180844460773
pop8 tail-yo'q,DynamicSphere,30,13,0.6983852472544454
pop8 tail-yo'q,DynamicSphere,30,14,1.5791656963137677
pop8 tail-yo'q,Griewank,30,0,0.0
pop8 tail-yo'q,Griewank,30,1,0.0
pop8 tail-yo'q,Griewank,30,2,0.0
pop8 tail-yo'q,Griewank,30,3,0.0
pop8 tail-yo'q,Griewank,30,4,0.0
pop8 tail-yo'q,Griewank,30,5,0.0
pop8 tail-yo'q,Griewank,30,6,0.0
pop8 tail-yo'q,Griewank,30,7,0.0
pop8 tail-yo'q,Griewank,30,8,0.0
pop8 tail-yo'q,Griewank,30,9,0.0
pop8 tail-yo'q,Griewank,30,10,0.0
pop8 tail-yo'q,Griewank,30,11,0.0
pop8 tail-yo'q,Griewank,30,12,0.0
pop8 tail-yo'q,Griewank,30,13,0.0
pop8 tail-yo'q,Griewank,30,14,0.0
pop8 tail-yo'q,Levy,30,0,1.6349846758575013e-29
pop8 tail-yo'q,Levy,30,1,1.0133769001581549e-29
pop8 tail-yo'q,Levy,30,2,2.3403728950929904e-29
pop8 tail-yo'q,Levy,30,3,3.279268289596561e-29
pop8 tail-yo'q,Levy,30,4,2.1237981687666136e-29
pop8 tail-yo'q,Levy,30,5,4.238352388046064e-29
pop8 tail-yo'q,Levy,30,6,1.1270107080537378e-29
pop8 tail-yo'q,Levy,30,7,1.6560118035891556e-29
pop8 tail-yo'q,Levy,30,8,8.430931462347235e-30
pop8 tail-yo'q,Levy,30,9,8.816342142259704e-29
pop8 tail-yo'q,Levy,30,10,3.465045419578341e-29
pop8 tail-yo'q,Levy,30,11,3.069264114362248e-29
pop8 tail-yo'q,Levy,30,12,1.525421663193944e-29
pop8 tail-yo'q,Levy,30,13,3.2807305965444023e-29
pop8 tail-yo'q,Levy,30,14,8.182422178200783e-30
pop8 tail-yo'q,NoisyRastrigin,30,0,0.8662077725147252
pop8 tail-yo'q,NoisyRastrigin,30,1,0.5078554934436958
pop8 tail-yo'q,NoisyRastrigin,30,2,0.565754979280463
pop8 tail-yo'q,NoisyRastrigin,30,3,0.2688245150937565
pop8 tail-yo'q,NoisyRastrigin,30,4,0.40277125714445283
pop8 tail-yo'q,NoisyRastrigin,30,5,0.3468457981633506
pop8 tail-yo'q,NoisyRastrigin,30,6,0.28862416692725823
pop8 tail-yo'q,NoisyRastrigin,30,7,0.46508648798436525
pop8 tail-yo'q,NoisyRastrigin,30,8,0.5323023549326287
pop8 tail-yo'q,NoisyRastrigin,30,9,0.4895342780279446
pop8 tail-yo'q,NoisyRastrigin,30,10,0.5000205089619243
pop8 tail-yo'q,NoisyRastrigin,30,11,0.40610465594751766
pop8 tail-yo'q,NoisyRastrigin,30,12,0.4946874801079648
pop8 tail-yo'q,NoisyRastrigin,30,13,0.5423993130435001
pop8 tail-yo'q,NoisyRastrigin,30,14,0.3712171193572935
pop8 tail-yo'q,NoisySphere,30,0,0.010069796493500564
pop8 tail-yo'q,NoisySphere,30,1,0.01185394655263719
pop8 tail-yo'q,NoisySphere,30,2,0.008821829821161645
pop8 tail-yo'q,NoisySphere,30,3,0.008384638218403505
pop8 tail-yo'q,NoisySphere,30,4,0.007424668931852289
pop8 tail-yo'q,NoisySphere,30,5,0.01391894482108273
pop8 tail-yo'q,NoisySphere,30,6,0.011402751316888709
pop8 tail-yo'q,NoisySphere,30,7,0.008740999001905019
pop8 tail-yo'q,NoisySphere,30,8,0.008977422454821169
pop8 tail-yo'q,NoisySphere,30,9,0.008260064606776394
pop8 tail-yo'q,NoisySphere,30,10,0.008745735923170211
pop8 tail-yo'q,NoisySphere,30,11,0.008653671043402754
pop8 tail-yo'q,NoisySphere,30,12,0.010218313385056126
pop8 tail-yo'q,NoisySphere,30,13,0.016248153463209302
pop8 tail-yo'q,NoisySphere,30,14,0.010860822027606
pop8 tail-yo'q,Rosenbrock,30,0,7.017325696318601
pop8 tail-yo'q,Rosenbrock,30,1,9.48276734289767
pop8 tail-yo'q,Rosenbrock,30,2,8.96606491575521
pop8 tail-yo'q,Rosenbrock,30,3,8.489404543623658
pop8 tail-yo'q,Rosenbrock,30,4,9.152293239299315
pop8 tail-yo'q,Rosenbrock,30,5,8.353783487345193
pop8 tail-yo'q,Rosenbrock,30,6,9.566805175619509
pop8 tail-yo'q,Rosenbrock,30,7,9.703571861944408
pop8 tail-yo'q,Rosenbrock,30,8,8.99645838201481
pop8 tail-yo'q,Rosenbrock,30,9,6.104592047082264
pop8 tail-yo'q,Rosenbrock,30,10,8.436361466022726
pop8 tail-yo'q,Rosenbrock,30,11,5.624614658727055
pop8 tail-yo'q,Rosenbrock,30,12,10.674468741274735
pop8 tail-yo'q,Rosenbrock,30,13,9.627959201943382
pop8 tail-yo'q,Rosenbrock,30,14,8.429647079581633
pop8 tail-yo'q,RotatedElliptic,30,0,2.359695074924258
pop8 tail-yo'q,RotatedElliptic,30,1,0.6601290223128516
pop8 tail-yo'q,RotatedElliptic,30,2,0.7236126199434341
pop8 tail-yo'q,RotatedElliptic,30,3,3.9301793188600325
pop8 tail-yo'q,RotatedElliptic,30,4,36.884063912274286
pop8 tail-yo'q,RotatedElliptic,30,5,29.369564895916124
pop8 tail-yo'q,RotatedElliptic,30,6,0.0074500023020750376
pop8 tail-yo'q,RotatedElliptic,30,7,54.50617401194384
pop8 tail-yo'q,RotatedElliptic,30,8,11.291896766322248
pop8 tail-yo'q,RotatedElliptic,30,9,10.577726340464576
pop8 tail-yo'q,RotatedElliptic,30,10,10.642494639716084
pop8 tail-yo'q,RotatedElliptic,30,11,0.31381699661848517
pop8 tail-yo'q,RotatedElliptic,30,12,30.308522166075008
pop8 tail-yo'q,RotatedElliptic,30,13,44.02931693355045
pop8 tail-yo'q,RotatedElliptic,30,14,64.59847342465861
pop8 tail-yo'q,Schwefel,30,0,118.43871644142746
pop8 tail-yo'q,Schwefel,30,1,0.0003818300010607345
pop8 tail-yo'q,Schwefel,30,2,118.43871644144383
pop8 tail-yo'q,Schwefel,30,3,0.00038182698881428223
pop8 tail-yo'q,Schwefel,30,4,118.43871644142746
pop8 tail-yo'q,Schwefel,30,5,454.0167204464469
pop8 tail-yo'q,Schwefel,30,6,118.43871644144747
pop8 tail-yo'q,Schwefel,30,7,355.3153856703848
pop8 tail-yo'q,Schwefel,30,8,355.31538567030475
pop8 tail-yo'q,Schwefel,30,9,473.75372028473976
pop8 tail-yo'q,Schwefel,30,10,355.31538567030657
pop8 tail-yo'q,Schwefel,30,11,118.43871644142746
pop8 tail-yo'q,Schwefel,30,12,0.00038182698881428223
pop8 tail-yo'q,Schwefel,30,13,355.31538567030475
pop8 tail-yo'q,Schwefel,30,14,236.87705105587702
pop8 tail-yo'q,Zakharov,30,0,2.388780519269428e-13
pop8 tail-yo'q,Zakharov,30,1,4.9961483849897895e-14
pop8 tail-yo'q,Zakharov,30,2,5.5494869987350654e-15
pop8 tail-yo'q,Zakharov,30,3,1.758978361244302e-14
pop8 tail-yo'q,Zakharov,30,4,2.5256618619752037e-14
pop8 tail-yo'q,Zakharov,30,5,3.60536778973383e-15
pop8 tail-yo'q,Zakharov,30,6,2.4075929761572462e-14
pop8 tail-yo'q,Zakharov,30,7,1.04997981887779e-13
pop8 tail-yo'q,Zakharov,30,8,8.464199052246408e-14
pop8 tail-yo'q,Zakharov,30,9,1.0992296354306957e-14
pop8 tail-yo'q,Zakharov,30,10,1.800567153904772e-13
pop8 tail-yo'q,Zakharov,30,11,9.360698969715767e-14
pop8 tail-yo'q,Zakharov,30,12,1.1945640664254746e-13
pop8 tail-yo'q,Zakharov,30,13,2.398633612638525e-15
pop8 tail-yo'q,Zakharov,30,14,6.762714426382622e-15
pop10 tail-shartli,Ackley,30,0,7.549516567451064e-15
pop10 tail-shartli,Ackley,30,1,1.1102230246251565e-14
pop10 tail-shartli,Ackley,30,2,7.549516567451064e-15
pop10 tail-shartli,Ackley,30,3,7.549516567451064e-15
pop10 tail-shartli,Ackley,30,4,1.1102230246251565e-14
pop10 tail-shartli,Ackley,30,5,1.1102230246251565e-14
pop10 tail-shartli,Ackley,30,6,7.549516567451064e-15
pop10 tail-shartli,Ackley,30,7,1.1102230246251565e-14
pop10 tail-shartli,Ackley,30,8,1.1102230246251565e-14
pop10 tail-shartli,Ackley,30,9,1.1102230246251565e-14
pop10 tail-shartli,Ackley,30,10,7.549516567451064e-15
pop10 tail-shartli,Ackley,30,11,7.549516567451064e-15
pop10 tail-shartli,Ackley,30,12,1.1102230246251565e-14
pop10 tail-shartli,Ackley,30,13,7.549516567451064e-15
pop10 tail-shartli,Ackley,30,14,7.549516567451064e-15
pop10 tail-shartli,BentCigar,30,0,6.276332118073479e-16
pop10 tail-shartli,BentCigar,30,1,3.379940508979839e-18
pop10 tail-shartli,BentCigar,30,2,2.2355444116066233e-19
pop10 tail-shartli,BentCigar,30,3,6.821888787506853e-16
pop10 tail-shartli,BentCigar,30,4,8.305295609835618e-18
pop10 tail-shartli,BentCigar,30,5,2.6305019321251788e-19
pop10 tail-shartli,BentCigar,30,6,3.586346989650847e-17
pop10 tail-shartli,BentCigar,30,7,2.822405694195549e-16
pop10 tail-shartli,BentCigar,30,8,3.3401575575648983e-18
pop10 tail-shartli,BentCigar,30,9,6.646092171804412e-19
pop10 tail-shartli,BentCigar,30,10,5.358461274583108e-18
pop10 tail-shartli,BentCigar,30,11,2.910008884501337e-17
pop10 tail-shartli,BentCigar,30,12,2.9692515103630997e-16
pop10 tail-shartli,BentCigar,30,13,6.916939929040187e-17
pop10 tail-shartli,BentCigar,30,14,4.4247933301442385e-16
pop10 tail-shartli,Composition,30,0,1.0880185641326862e-14
pop10 tail-shartli,Composition,30,1,7.327471962526264e-15
pop10 tail-shartli,Composition,30,2,7.327471962526224e-15
pop10 tail-shartli,Composition,30,3,7.32747196252626e-15
pop10 tail-shartli,Composition,30,4,7.327471962526174e-15
pop10 tail-shartli,Composition,30,5,7.327471962526197e-15
pop10 tail-shartli,Composition,30,6,9.103828801926552e-15
pop10 tail-shartli,Composition,30,7,7.327471962526169e-15
pop10 tail-shartli,Composition,30,8,3.7747582837256e-15
pop10 tail-shartli,Composition,30,9,9.103828801926605e-15
pop10 tail-shartli,Composition,30,10,1.0880185641326869e-14
pop10 tail-shartli,Composition,30,11,1.2656542480727293e-14
pop10 tail-shartli,Composition,30,12,7.327471962526197e-15
pop10 tail-shartli,Composition,30,13,1.0880185641326995e-14
pop10 tail-shartli,Composition,30,14,9.103828801926552e-15
pop10 tail-shartli,DynamicSphere,30,0,0.2962249679922702
pop10 tail-shartli,DynamicSphere,30,1,0.09347987890505344
pop10 tail-shartli,DynamicSphere,30,2,0.0623463158100408
pop10 tail-shartli,DynamicSphere,30,3,0.12659120843939758
pop10 tail-shartli,DynamicSphere,30,4,0.19423064171896443
pop10 tail-shartli,DynamicSphere,30,5,0.0721978424754626
pop10 tail-shartli,DynamicSphere,30,6,0.2740635124402953
pop10 tail-shartli,DynamicSphere,30,7,0.12629285952318828
pop10 tail-shartli,DynamicSphere,30,8,0.15683845529602225
pop10 tail-shartli,DynamicSphere,30,9,0.18642201512424725
pop10 tail-shartli,DynamicSphere,30,10,0.10591948069640152
pop10 tail-shartli,DynamicSphere,30,11,0.1576991464990655
pop10 tail-shartli,DynamicSphere,30,12,0.1608746514585756
pop10 tail-shartli,DynamicSphere,30,13,0.12340781171455328
pop10 tail-shartli,DynamicSphere,30,14,0.2466405843268215
pop10 tail-shartli,Griewank,30,0,0.0
pop10 tail-shartli,Griewank,30,1,0.0
pop10 tail-shartli,Griewank,30,2,0.0
pop10 tail-shartli,Griewank,30,3,0.0
pop10 tail-shartli,Griewank,30,4,0.0
pop10 tail-shartli,Griewank,30,5,0.0
pop10 tail-shartli,Griewank,30,6,0.0
pop10 tail-shartli,Griewank,30,7,0.0
pop10 tail-shartli,Griewank,30,8,0.0
pop10 tail-shartli,Griewank,30,9,0.0
pop10 tail-shartli,Griewank,30,10,0.0
pop10 tail-shartli,Griewank,30,11,0.0
pop10 tail-shartli,Griewank,30,12,0.0
pop10 tail-shartli,Griewank,30,13,0.0
pop10 tail-shartli,Griewank,30,14,0.0
pop10 tail-shartli,Levy,30,0,2.6539726128142594e-30
pop10 tail-shartli,Levy,30,1,5.6420547763657905e-30
pop10 tail-shartli,Levy,30,2,4.2476164333750726e-30
pop10 tail-shartli,Levy,30,3,3.347211281779918e-30
pop10 tail-shartli,Levy,30,4,3.3511917843096145e-30
pop10 tail-shartli,Levy,30,5,3.351191784309614e-30
pop10 tail-shartli,Levy,30,6,6.90661337880096e-30
pop10 tail-shartli,Levy,30,7,3.499103204038555e-30
pop10 tail-shartli,Levy,30,8,2.7535753515993097e-30
pop10 tail-shartli,Levy,30,9,3.84920547823487e-30
pop10 tail-shartli,Levy,30,10,1.9567534413189025e-30
pop10 tail-shartli,Levy,30,11,3.0523835679544645e-30
pop10 tail-shartli,Levy,30,12,4.646027388515282e-30
pop10 tail-shartli,Levy,30,13,2.2555616576740542e-30
pop10 tail-shartli,Levy,30,14,2.753575351599309e-30
pop10 tail-shartli,NoisyRastrigin,30,0,1.0557190319620808
pop10 tail-shartli,NoisyRastrigin,30,1,1.2424741278884603
pop10 tail-shartli,NoisyRastrigin,30,2,1.1177939391484664
pop10 tail-shartli,NoisyRastrigin,30,3,0.5393684758048121
pop10 tail-shartli,NoisyRastrigin,30,4,0.42645461129517237
pop10 tail-shartli,NoisyRastrigin,30,5,0.3862433823596483
pop10 tail-shartli,NoisyRastrigin,30,6,0.36293926056521464
pop10 tail-shartli,NoisyRastrigin,30,7,0.5654156406461848
pop10 tail-shartli,NoisyRastrigin,30,8,0.5235563213695933
pop10 tail-shartli,NoisyRastrigin,30,9,0.9064710987100693
pop10 tail-shartli,NoisyRastrigin,30,10,0.3948682913218011
pop10 tail-shartli,NoisyRastrigin,30,11,0.29489819652213
pop10 tail-shartli,NoisyRastrigin,30,12,2.22811143257117
pop10 tail-shartli,NoisyRastrigin,30,13,0.41895940166344836
pop10 tail-shartli,NoisyRastrigin,30,14,0.3198780037088973
pop10 tail-shartli,NoisySphere,30,0,0.01108287513192632
pop10 tail-shartli,NoisySphere,30,1,0.010643900010461076
pop10 tail-shartli,NoisySphere,30,2,0.008829271232241353
pop10 tail-shartli,NoisySphere,30,3,0.014621768400613078
pop10 tail-shartli,NoisySphere,30,4,0.010950701260101944
pop10 tail-shartli,NoisySphere,30,5,0.016063668999651073
pop10 tail-shartli,NoisySphere,30,6,0.014723387756466318
pop10 tail-shartli,NoisySphere,30,7,0.01887381039222379
pop10 tail-shartli,NoisySphere,30,8,0.009684041819601547
pop10 tail-shartli,NoisySphere,30,9,0.018222130468114252
pop10 tail-shartli,NoisySphere,30,10,0.010317524227868562
pop10 tail-shartli,NoisySphere,30,11,0.013056024090966564
pop10 tail-shartli,NoisySphere,30,12,0.01220071507610269
pop10 tail-shartli,NoisySphere,30,13,0.015379709934942329
pop10 tail-shartli,NoisySphere,30,14,0.01455386634062052
pop10 tail-shartli,Rosenbrock,30,0,6.982365651851296
pop10 tail-shartli,Rosenbrock,30,1,12.53472491178967
pop10 tail-shartli,Rosenbrock,30,2,7.959876658551046
pop10 tail-shartli,Rosenbrock,30,3,8.716667634578851
pop10 tail-shartli,Rosenbrock,30,4,8.463600027566558
pop10 tail-shartli,Rosenbrock,30,5,8.395789238357555
pop10 tail-shartli,Rosenbrock,30,6,9.053388586592494
pop10 tail-shartli,Rosenbrock,30,7,9.16452342035139
pop10 tail-shartli,Rosenbrock,30,8,6.933062866321919
pop10 tail-shartli,Rosenbrock,30,9,9.445250445021703
pop10 tail-shartli,Rosenbrock,30,10,7.766181407687501
pop10 tail-shartli,Rosenbrock,30,11,10.770845912556634
pop10 tail-shartli,Rosenbrock,30,12,7.878188016267015
pop10 tail-shartli,Rosenbrock,30,13,8.88429201754829
pop10 tail-shartli,Rosenbrock,30,14,9.649818560965858
pop10 tail-shartli,RotatedElliptic,30,0,432.3954424232357
pop10 tail-shartli,RotatedElliptic,30,1,78.25827426306742
pop10 tail-shartli,RotatedElliptic,30,2,26.77097446179657
pop10 tail-shartli,RotatedElliptic,30,3,0.8481828595969861
pop10 tail-shartli,RotatedElliptic,30,4,25.77820605613445
pop10 tail-shartli,RotatedElliptic,30,5,0.671090792431163
pop10 tail-shartli,RotatedElliptic,30,6,4.372148361047935
pop10 tail-shartli,RotatedElliptic,30,7,0.41283963821972464
pop10 tail-shartli,RotatedElliptic,30,8,1.4939443995933475
pop10 tail-shartli,RotatedElliptic,30,9,385.9446551196688
pop10 tail-shartli,RotatedElliptic,30,10,24.530941910375393
pop10 tail-shartli,RotatedElliptic,30,11,5.73827802312328
pop10 tail-shartli,RotatedElliptic,30,12,96.57595516913509
pop10 tail-shartli,RotatedElliptic,30,13,3.85088109830389
pop10 tail-shartli,RotatedElliptic,30,14,11.417364111077594
pop10 tail-shartli,Schwefel,30,0,0.00038182698881428223
pop10 tail-shartli,Schwefel,30,1,0.00038182698881428223
pop10 tail-shartli,Schwefel,30,2,473.75372028473976
pop10 tail-shartli,Schwefel,30,3,236.8770510558661
pop10 tail-shartli,Schwefel,30,4,118.43871644142746
pop10 tail-shartli,Schwefel,30,5,118.43871644142746
pop10 tail-shartli,Schwefel,30,6,0.00038182698881428223
pop10 tail-shartli,Schwefel,30,7,0.00038182698881428223
pop10 tail-shartli,Schwefel,30,8,118.43871644142746
pop10 tail-shartli,Schwefel,30,9,118.43871644142564
pop10 tail-shartli,Schwefel,30,10,118.43871644142746
pop10 tail-shartli,Schwefel,30,11,118.43871644142564
pop10 tail-shartli,Schwefel,30,12,0.00038182698881428223
pop10 tail-shartli,Schwefel,30,13,335.5783858319992
pop10 tail-shartli,Schwefel,30,14,118.43871644142746
pop10 tail-shartli,Zakharov,30,0,1.6447398566780354e-14
pop10 tail-shartli,Zakharov,30,1,5.972376245913183e-15
pop10 tail-shartli,Zakharov,30,2,2.1344992499250403e-13
pop10 tail-shartli,Zakharov,30,3,5.3095072556421215e-14
pop10 tail-shartli,Zakharov,30,4,7.147023879279681e-14
pop10 tail-shartli,Zakharov,30,5,1.467471040993763e-13
pop10 tail-shartli,Zakharov,30,6,1.19844752321642e-13
pop10 tail-shartli,Zakharov,30,7,1.0181624136173178e-13
pop10 tail-shartli,Zakharov,30,8,3.079626696000626e-14
pop10 tail-shartli,Zakharov,30,9,4.400546732241785e-14
pop10 tail-shartli,Zakharov,30,10,5.601459842023198e-15
pop10 tail-shartli,Zakharov,30,11,2.6324855256873686e-14
pop10 tail-shartli,Zakharov,30,12,1.481412718985745e-13
pop10 tail-shartli,Zakharov,30,13,1.4613632734270004e-13
pop10 tail-shartli,Zakharov,30,14,1.4597713442609543e-13
pop10 tail-yo'q,Ackley,30,0,5.0182080713057076e-14
pop10 tail-yo'q,Ackley,30,1,5.728750807065808e-14
pop10 tail-yo'q,Ackley,30,2,7.505107646466058e-14
pop10 tail-yo'q,Ackley,30,3,5.0182080713057076e-14
pop10 tail-yo'q,Ackley,30,4,5.0182080713057076e-14
pop10 tail-yo'q,Ackley,30,5,4.3076653355456074e-14
pop10 tail-yo'q,Ackley,30,6,1.354472090042691e-13
pop10 tail-yo'q,Ackley,30,7,4.3076653355456074e-14
pop10 tail-yo'q,Ackley,30,8,6.439293542825908e-14
pop10 tail-yo'q,Ackley,30,9,5.728750807065808e-14
pop10 tail-yo'q,Ackley,30,10,7.860379014346108e-14
pop10 tail-yo'q,Ackley,30,11,3.952393967665557e-14
pop10 tail-yo'q,Ackley,30,12,3.241851231905457e-14
pop10 tail-yo'q,Ackley,30,13,9.992007221626409e-14
pop10 tail-yo'q,Ackley,30,14,5.0182080713057076e-14
pop10 tail-yo'q,BentCigar,30,0,2.4660149782607154e-18
pop10 tail-yo'q,BentCigar,30,1,3.8581267951275076e-20
pop10 tail-yo'q,BentCigar,30,2,1.6188514000076445e-20
pop10 tail-yo'q,BentCigar,30,3,1.749594348250765e-18
pop10 tail-yo'q,BentCigar,30,4,2.8309888442082425e-20
pop10 tail-yo'q,BentCigar,30,5,1.9684870565365041e-19
pop10 tail-yo'q,BentCigar,30,6,3.8220955272199496e-19
pop10 tail-yo'q,BentCigar,30,7,7.875038092848964e-16
pop10 tail-yo'q,BentCigar,30,8,9.820761257288573e-20
pop10 tail-yo'q,BentCigar,30,9,5.96980110665945e-20
pop10 tail-yo'q,BentCigar,30,10,2.2151661383621275e-20
pop10 tail-yo'q,BentCigar,30,11,1.096271578185502e-20
pop10 tail-yo'q,BentCigar,30,12,2.3661079798802482e-18
pop10 tail-yo'q,BentCigar,30,13,6.82358290434577e-18
pop10 tail-yo'q,BentCigar,30,14,1.0718638708011254e-18
pop10 tail-yo'q,Composition,30,0,7.305267502035465e-14
pop10 tail-yo'q,Composition,30,1,1.7985612998928685e-14
pop10 tail-yo'q,Composition,30,2,5.173639294754213e-14
pop10 tail-yo'q,Composition,30,3,3.752553823233517e-14
pop10 tail-yo'q,Composition,30,4,3.930189507173611e-14
pop10 tail-yo'q,Composition,30,5,2.864375403533215e-14
pop10 tail-yo'q,Composition,30,6,2.1538326677729873e-14
pop10 tail-yo'q,Composition,30,7,2.3314683517130405e-14
pop10 tail-yo'q,Composition,30,8,2.1538326677729772e-14
pop10 tail-yo'q,Composition,30,9,1.7985612998928694e-14
pop10 tail-yo'q,Composition,30,10,2.864375403533186e-14
pop10 tail-yo'q,Composition,30,11,2.8643754035332093e-14
pop10 tail-yo'q,Composition,30,12,2.864375403533184e-14
pop10 tail-yo'q,Composition,30,13,1.443289932012763e-14
pop10 tail-yo'q,Composition,30,14,2.1538326677729952e-14
pop10 tail-yo'q,DynamicSphere,30,0,2.0426300467634992
pop10 tail-yo'q,DynamicSphere,30,1,0.9883784642912835
pop10 tail-yo'q,DynamicSphere,30,2,1.9739948601956676
pop10 tail-yo'q,DynamicSphere,30,3,0.963631435561084
pop10 tail-yo'q,DynamicSphere,30,4,1.7061217593747464
pop10 tail-yo'q,DynamicSphere,30,5,0.8289789513805601
pop10 tail-yo'q,DynamicSphere,30,6,1.9535912135293498
pop10 tail-yo'q,DynamicSphere,30,7,1.3228833989495357
pop10 tail-yo'q,DynamicSphere,30,8,1.7662474600984575
pop10 tail-yo'q,DynamicSphere,30,9,1.24411427206824
pop10 tail-yo'q,DynamicSphere,30,10,1.8151579358896253
pop10 tail-yo'q,DynamicSphere,30,11,1.8483040269077817
pop10 tail-yo'q,DynamicSphere,30,12,0.9035469579601588
pop10 tail-yo'q,DynamicSphere,30,13,1.7760207627390943
pop10 tail-yo'q,DynamicSphere,30,14,0.9964255610903199
pop10 tail-yo'q,Griewank,30,0,0.0
pop10 tail-yo'q,Griewank,30,1,0.0
pop10 tail-yo'q,Griewank,30,2,0.0
pop10 tail-yo'q,Griewank,30,3,0.0
pop10 tail-yo'q,Griewank,30,4,0.0
pop10 tail-yo'q,Griewank,30,5,0.0
pop10 tail-yo'q,Griewank,30,6,0.0
pop10 tail-yo'q,Griewank,30,7,0.0
pop10 tail-yo'q,Griewank,30,8,0.0
pop10 tail-yo'q,Griewank,30,9,0.0
pop10 tail-yo'q,Griewank,30,10,0.0
pop10 tail-yo'q,Griewank,30,11,0.0
pop10 tail-yo'q,Griewank,30,12,0.0
pop10 tail-yo'q,Griewank,30,13,0.0
pop10 tail-yo'q,Griewank,30,14,0.0
pop10 tail-yo'q,Levy,30,0,1.798337363853639e-28
pop10 tail-yo'q,Levy,30,1,2.0387598130329293e-26
pop10 tail-yo'q,Levy,30,2,5.0499310056099045e-28
pop10 tail-yo'q,Levy,30,3,2.105853844396695e-27
pop10 tail-yo'q,Levy,30,4,1.4116930900889655e-27
pop10 tail-yo'q,Levy,30,5,9.547751152497483e-29
pop10 tail-yo'q,Levy,30,6,2.299349873310587e-27
pop10 tail-yo'q,Levy,30,7,9.248780140966095e-29
pop10 tail-yo'q,Levy,30,8,5.341265735333042e-27
pop10 tail-yo'q,Levy,30,9,4.6630218312244644e-27
pop10 tail-yo'q,Levy,30,10,6.576239617584872e-29
pop10 tail-yo'q,Levy,30,11,3.829341517186318e-28
pop10 tail-yo'q,Levy,30,12,6.785706691429758e-27
pop10 tail-yo'q,Levy,30,13,1.4579466267973406e-27
pop10 tail-yo'q,Levy,30,14,2.42321588623648e-28
pop10 tail-yo'q,NoisyRastrigin,30,0,1.1888192918982394
pop10 tail-yo'q,NoisyRastrigin,30,1,1.2424741278884603
pop10 tail-yo'q,NoisyRastrigin,30,2,1.1177939391484664
pop10 tail-yo'q,NoisyRastrigin,30,3,1.0104832681293257
pop10 tail-yo'q,NoisyRastrigin,30,4,0.6177908708403717
pop10 tail-yo'q,NoisyRastrigin,30,5,0.6244630455409617
pop10 tail-yo'q,NoisyRastrigin,30,6,0.9222433519449496
pop10 tail-yo'q,NoisyRastrigin,30,7,1.5592770682144597
pop10 tail-yo'q,NoisyRastrigin,30,8,0.4730076408003505
pop10 tail-yo'q,NoisyRastrigin,30,9,0.9240855360810727
pop10 tail-yo'q,NoisyRastrigin,30,10,0.7119008629305359
pop10 tail-yo'q,NoisyRastrigin,30,11,0.7952649410644472
pop10 tail-yo'q,NoisyRastrigin,30,12,2.22811143257117
pop10 tail-yo'q,NoisyRastrigin,30,13,0.865150727535152
pop10 tail-yo'q,NoisyRastrigin,30,14,0.9244013036587759
pop10 tail-yo'q,NoisySphere,30,0,0.010540646484709296
pop10 tail-yo'q,NoisySphere,30,1,0.008669865667956262
pop10 tail-yo'q,NoisySphere,30,2,0.006427117982604418
pop10 tail-yo'q,NoisySphere,30,3,0.01051940362273419
pop10 tail-yo'q,NoisySphere,30,4,0.010001357482762303
pop10 tail-yo'q,NoisySphere,30,5,0.012977910842762745
pop10 tail-yo'q,NoisySphere,30,6,0.011409748056123811
pop10 tail-yo'q,NoisySphere,30,7,0.01887381039222379
pop10 tail-yo'q,NoisySphere,30,8,0.0077048282792324205
pop10 tail-yo'q,NoisySphere,30,9,0.012684301840805864
pop10 tail-yo'q,NoisySphere,30,10,0.00835923843999384
pop10 tail-yo'q,NoisySphere,30,11,0.013277435489244586
pop10 tail-yo'q,NoisySphere,30,12,0.011837010276298885
pop10 tail-yo'q,NoisySphere,30,13,0.01247680303100401
pop10 tail-yo'q,NoisySphere,30,14,0.01455386634062052
pop10 tail-yo'q,Rosenbrock,30,0,9.066323901520745
pop10 tail-yo'q,Rosenbrock,30,1,15.497964082501197
pop10 tail-yo'q,Rosenbrock,30,2,9.446356443232762
pop10 tail-yo'q,Rosenbrock,30,3,9.837166894033064
pop10 tail-yo'q,Rosenbrock,30,4,10.66182393286588
pop10 tail-yo'q,Rosenbrock,30,5,9.986835738873427
pop10 tail-yo'q,Rosenbrock,30,6,10.688690864605059
pop10 tail-yo'q,Rosenbrock,30,7,10.894242228273626
pop10 tail-yo'q,Rosenbrock,30,8,9.021180380897656
pop10 tail-yo'q,Rosenbrock,30,9,11.207965797133967
pop10 tail-yo'q,Rosenbrock,30,10,10.613549880074292
pop10 tail-yo'q,Rosenbrock,30,11,13.379347324561666
pop10 tail-yo'q,Rosenbrock,30,12,8.909882424820736
pop10 tail-yo'q,Rosenbrock,30,13,11.407705067220334
pop10 tail-yo'q,Rosenbrock,30,14,10.973076288148462
pop10 tail-yo'q,RotatedElliptic,30,0,444.4675954798421
pop10 tail-yo'q,RotatedElliptic,30,1,84.60884713430673
pop10 tail-yo'q,RotatedElliptic,30,2,28.42655213201609
pop10 tail-yo'q,RotatedElliptic,30,3,0.9791464956159991
pop10 tail-yo'q,RotatedElliptic,30,4,28.952395970148093
pop10 tail-yo'q,RotatedElliptic,30,5,0.7373833712102635
pop10 tail-yo'q,RotatedElliptic,30,6,4.444541069252425
pop10 tail-yo'q,RotatedElliptic,30,7,0.43145003595471404
pop10 tail-yo'q,RotatedElliptic,30,8,1.8263508334920657
pop10 tail-yo'q,RotatedElliptic,30,9,434.1594718824612
pop10 tail-yo'q,RotatedElliptic,30,10,24.47660137178904
pop10 tail-yo'q,RotatedElliptic,30,11,6.59236999492867
pop10 tail-yo'q,RotatedElliptic,30,12,97.50969687603583
pop10 tail-yo'q,RotatedElliptic,30,13,4.087028548929695
pop10 tail-yo'q,RotatedElliptic,30,14,12.722245166447467
pop10 tail-yo'q,Schwefel,30,0,0.0004268594984750962
pop10 tail-yo'q,Schwefel,30,1,0.0003818507138930727
pop10 tail-yo'q,Schwefel,30,2,473.7537202847434
pop10 tail-yo'q,Schwefel,30,3,236.8770510558661
pop10 tail-yo'q,Schwefel,30,4,118.43871644300998
pop10 tail-yo'q,Schwefel,30,5,118.43871644225692
pop10 tail-yo'q,Schwefel,30,6,0.00038182698881428223
pop10 tail-yo'q,Schwefel,30,7,0.00038182698881428223
pop10 tail-yo'q,Schwefel,30,8,118.4387164415657
pop10 tail-yo'q,Schwefel,30,9,118.43871644142928
pop10 tail-yo'q,Schwefel,30,10,118.4387164422642
pop10 tail-yo'q,Schwefel,30,11,118.4387164414311
pop10 tail-yo'q,Schwefel,30,12,0.00038182699245226104
pop10 tail-yo'q,Schwefel,30,13,335.5783858320119
pop10 tail-yo'q,Schwefel,30,14,118.43871644142746
pop10 tail-yo'q,Zakharov,30,0,6.916247460871388e-14
pop10 tail-yo'q,Zakharov,30,1,2.3677681890226222e-14
pop10 tail-yo'q,Zakharov,30,2,5.768681411753136e-13
pop10 tail-yo'q,Zakharov,30,3,1.6490909652043793e-13
pop10 tail-yo'q,Zakharov,30,4,1.7295961511150424e-13
pop10 tail-yo'q,Zakharov,30,5,8.353986594219559e-13
pop10 tail-yo'q,Zakharov,30,6,9.931542915725988e-14
pop10 tail-yo'q,Zakharov,30,7,2.1045843522362518e-13
pop10 tail-yo'q,Zakharov,30,8,8.920263396281426e-14
pop10 tail-yo'q,Zakharov,30,9,5.157394942769993e-13
pop10 tail-yo'q,Zakharov,30,10,6.76106957554076e-14
pop10 tail-yo'q,Zakharov,30,11,7.123941476758358e-14
pop10 tail-yo'q,Zakharov,30,12,4.830637763701271e-13
pop10 tail-yo'q,Zakharov,30,13,6.39133630964452e-13
pop10 tail-yo'q,Zakharov,30,14,1.3863801070878127e-13
pop12 tail-shartli,Ackley,30,0,1.1102230246251565e-14
pop12 tail-shartli,Ackley,30,1,7.549516567451064e-15
pop12 tail-shartli,Ackley,30,2,7.549516567451064e-15
pop12 tail-shartli,Ackley,30,3,7.549516567451064e-15
pop12 tail-shartli,Ackley,30,4,1.1102230246251565e-14
pop12 tail-shartli,Ackley,30,5,7.549516567451064e-15
pop12 tail-shartli,Ackley,30,6,7.549516567451064e-15
pop12 tail-shartli,Ackley,30,7,7.549516567451064e-15
pop12 tail-shartli,Ackley,30,8,1.1102230246251565e-14
pop12 tail-shartli,Ackley,30,9,1.1102230246251565e-14
pop12 tail-shartli,Ackley,30,10,1.1102230246251565e-14
pop12 tail-shartli,Ackley,30,11,1.1102230246251565e-14
pop12 tail-shartli,Ackley,30,12,1.1102230246251565e-14
pop12 tail-shartli,Ackley,30,13,1.1102230246251565e-14
pop12 tail-shartli,Ackley,30,14,7.549516567451064e-15
pop12 tail-shartli,BentCigar,30,0,1.0138283296624595e-16
pop12 tail-shartli,BentCigar,30,1,2.551881682720893e-15
pop12 tail-shartli,BentCigar,30,2,2.582233045898577e-17
pop12 tail-shartli,BentCigar,30,3,1.2650445648227646e-14
pop12 tail-shartli,BentCigar,30,4,2.810135153682761e-17
pop12 tail-shartli,BentCigar,30,5,1.8952055435294894e-15
pop12 tail-shartli,BentCigar,30,6,1.2493080967918764e-15
pop12 tail-shartli,BentCigar,30,7,4.935524737787767e-13
pop12 tail-shartli,BentCigar,30,8,2.034636901537883e-14
pop12 tail-shartli,BentCigar,30,9,4.782727165396397e-15
pop12 tail-shartli,BentCigar,30,10,3.635838480096048e-15
pop12 tail-shartli,BentCigar,30,11,2.306839137039333e-15
pop12 tail-shartli,BentCigar,30,12,1.4548029495009486e-15
pop12 tail-shartli,BentCigar,30,13,7.39872036713044e-15
pop12 tail-shartli,BentCigar,30,14,1.0505421031798789e-16
pop12 tail-shartli,Composition,30,0,9.103828801926557e-15
pop12 tail-shartli,Composition,30,1,7.327471962526216e-15
pop12 tail-shartli,Composition,30,2,5.551115123125894e-15
pop12 tail-shartli,Composition,30,3,7.327471962526241e-15
pop12 tail-shartli,Composition,30,4,9.103828801926577e-15
pop12 tail-shartli,Composition,30,5,7.327471962526211e-15
pop12 tail-shartli,Composition,30,6,7.327471962526186e-15
pop12 tail-shartli,Composition,30,7,5.551115123125907e-15
pop12 tail-shartli,Composition,30,8,9.103828801926536e-15
pop12 tail-shartli,Composition,30,9,7.327471962526183e-15
pop12 tail-shartli,Composition,30,10,1.0880185641326968e-14
pop12 tail-shartli,Composition,30,11,1.0880185641326884e-14
pop12 tail-shartli,Composition,30,12,1.088018564132691e-14
pop12 tail-shartli,Composition,30,13,1.0880185641326899e-14
pop12 tail-shartli,Composition,30,14,9.103828801926588e-15
pop12 tail-shartli,DynamicSphere,30,0,0.3026975731934246
pop12 tail-shartli,DynamicSphere,30,1,0.10601134076925303
pop12 tail-shartli,DynamicSphere,30,2,0.18288033457055808
pop12 tail-shartli,DynamicSphere,30,3,0.09010857276993028
pop12 tail-shartli,DynamicSphere,30,4,0.3411815381022773
pop12 tail-shartli,DynamicSphere,30,5,0.12533199397773176
pop12 tail-shartli,DynamicSphere,30,6,0.2775277315456999
pop12 tail-shartli,DynamicSphere,30,7,0.12138364767538815
pop12 tail-shartli,DynamicSphere,30,8,0.10311576944933896
pop12 tail-shartli,DynamicSphere,30,9,0.2762644657227177
pop12 tail-shartli,DynamicSphere,30,10,0.6841933030679541
pop12 tail-shartli,DynamicSphere,30,11,0.054861747848097046
pop12 tail-shartli,DynamicSphere,30,12,0.12018641459541744
pop12 tail-shartli,DynamicSphere,30,13,0.1255940130694764
pop12 tail-shartli,DynamicSphere,30,14,0.11741770168420093
pop12 tail-shartli,Griewank,30,0,0.0
pop12 tail-shartli,Griewank,30,1,0.0
pop12 tail-shartli,Griewank,30,2,0.0
pop12 tail-shartli,Griewank,30,3,0.0
pop12 tail-shartli,Griewank,30,4,0.0
pop12 tail-shartli,Griewank,30,5,0.0
pop12 tail-shartli,Griewank,30,6,0.0
pop12 tail-shartli,Griewank,30,7,0.0
pop12 tail-shartli,Griewank,30,8,0.0
pop12 tail-shartli,Griewank,30,9,1.1102230246251565e-16
pop12 tail-shartli,Griewank,30,10,0.0
pop12 tail-shartli,Griewank,30,11,0.0
pop12 tail-shartli,Griewank,30,12,0.0
pop12 tail-shartli,Griewank,30,13,0.0
pop12 tail-shartli,Griewank,30,14,0.0
pop12 tail-shartli,Levy,30,0,4.297915365583813e-30
pop12 tail-shartli,Levy,30,1,4.6963263207240114e-30
pop12 tail-shartli,Levy,30,2,8.924964653742774e-30
pop12 tail-shartli,Levy,30,3,3.797911420393708e-30
pop12 tail-shartli,Levy,30,4,4.944835604870434e-30
pop12 tail-shartli,Levy,30,5,3.052383567954463e-30
pop12 tail-shartli,Levy,30,6,4.0967196367488645e-30
pop12 tail-shartli,Levy,30,7,3.546416759350019e-30
pop12 tail-shartli,Levy,30,8,2.95278082916941e-30
pop12 tail-shartli,Levy,30,9,2.6046688062379454e-30
pop12 tail-shartli,Levy,30,10,2.10665511231269e-30
pop12 tail-shartli,Levy,30,11,4.845232866085381e-30
pop12 tail-shartli,Levy,30,12,6.090764663714737e-30
pop12 tail-shartli,Levy,30,13,1.6579452249637473e-30
pop12 tail-shartli,Levy,30,14,2.604668806237946e-30
pop12 tail-shartli,NoisyRastrigin,30,0,0.7515229712222276
pop12 tail-shartli,NoisyRastrigin,30,1,4.340663837406769
pop12 tail-shartli,NoisyRastrigin,30,2,1.5559403476013554
pop12 tail-shartli,NoisyRastrigin,30,3,3.57668833645711
pop12 tail-shartli,NoisyRastrigin,30,4,1.724188729750983
pop12 tail-shartli,NoisyRastrigin,30,5,4.213741881043433
pop12 tail-shartli,NoisyRastrigin,30,6,3.3723462127097683
pop12 tail-shartli,NoisyRastrigin,30,7,2.3858479480341295
pop12 tail-shartli,NoisyRastrigin,30,8,1.3369319285554333
pop12 tail-shartli,NoisyRastrigin,30,9,0.5035304245016388
pop12 tail-shartli,NoisyRastrigin,30,10,5.763431741937911
pop12 tail-shartli,NoisyRastrigin,30,11,2.1656993662065656
pop12 tail-shartli,NoisyRastrigin,30,12,2.6826473813359524
pop12 tail-shartli,NoisyRastrigin,30,13,2.393176393058935
pop12 tail-shartli,NoisyRastrigin,30,14,1.2383991106490608
pop12 tail-shartli,NoisySphere,30,0,0.012134283274263708
pop12 tail-shartli,NoisySphere,30,1,0.009733603451591279
pop12 tail-shartli,NoisySphere,30,2,0.015382031473864237
pop12 tail-shartli,NoisySphere,30,3,0.01394799139371719
pop12 tail-shartli,NoisySphere,30,4,0.014767824574221607
pop12 tail-shartli,NoisySphere,30,5,0.01242280800154296
pop12 tail-shartli,NoisySphere,30,6,0.010085964099977342
pop12 tail-shartli,NoisySphere,30,7,0.01675081780485392
pop12 tail-shartli,NoisySphere,30,8,0.01877002580122108
pop12 tail-shartli,NoisySphere,30,9,0.010769791853853067
pop12 tail-shartli,NoisySphere,30,10,0.010395600336487707
pop12 tail-shartli,NoisySphere,30,11,0.010576176939056957
pop12 tail-shartli,NoisySphere,30,12,0.014431220432985725
pop12 tail-shartli,NoisySphere,30,13,0.010328743305744157
pop12 tail-shartli,NoisySphere,30,14,0.010758398913314206
pop12 tail-shartli,Rosenbrock,30,0,10.25623814819004
pop12 tail-shartli,Rosenbrock,30,1,11.730948915202214
pop12 tail-shartli,Rosenbrock,30,2,10.6003390118521
pop12 tail-shartli,Rosenbrock,30,3,9.91795099731915
pop12 tail-shartli,Rosenbrock,30,4,10.64226090596687
pop12 tail-shartli,Rosenbrock,30,5,11.533611075395953
pop12 tail-shartli,Rosenbrock,30,6,8.781849775834013
pop12 tail-shartli,Rosenbrock,30,7,11.748176046159568
pop12 tail-shartli,Rosenbrock,30,8,10.268928209904223
pop12 tail-shartli,Rosenbrock,30,9,10.151175683055753
pop12 tail-shartli,Rosenbrock,30,10,10.295221619992638
pop12 tail-shartli,Rosenbrock,30,11,9.87322383407272
pop12 tail-shartli,Rosenbrock,30,12,11.173040267574535
pop12 tail-shartli,Rosenbrock,30,13,10.475335538922593
pop12 tail-shartli,Rosenbrock,30,14,10.213163858320703
pop12 tail-shartli,RotatedElliptic,30,0,0.30107791039461723
pop12 tail-shartli,RotatedElliptic,30,1,0.5189296454393593
pop12 tail-shartli,RotatedElliptic,30,2,0.28965320818911805
pop12 tail-shartli,RotatedElliptic,30,3,9.684584395376367
pop12 tail-shartli,RotatedElliptic,30,4,3.8810139938690686
pop12 tail-shartli,RotatedElliptic,30,5,1.008214539962597
pop12 tail-shartli,RotatedElliptic,30,6,0.3256410999824208
pop12 tail-shartli,RotatedElliptic,30,7,0.8524154859949982
pop12 tail-shartli,RotatedElliptic,30,8,0.6363557658525312
pop12 tail-shartli,RotatedElliptic,30,9,7.130641897090156
pop12 tail-shartli,RotatedElliptic,30,10,1.745387983235758
pop12 tail-shartli,RotatedElliptic,30,11,8.345102970827826
pop12 tail-shartli,RotatedElliptic,30,12,27.030053525163147
pop12 tail-shartli,RotatedElliptic,30,13,89.43760339956212
pop12 tail-shartli,RotatedElliptic,30,14,1.530832425083432
pop12 tail-shartli,Schwefel,30,0,118.43871644142746
pop12 tail-shartli,Schwefel,30,1,236.87705105586429
pop12 tail-shartli,Schwefel,30,2,118.43871644142564
pop12 tail-shartli,Schwefel,30,3,236.87705105586429
pop12 tail-shartli,Schwefel,30,4,0.00038182698881428223
pop12 tail-shartli,Schwefel,30,5,118.43871644142746
pop12 tail-shartli,Schwefel,30,6,118.43871644142564
pop12 tail-shartli,Schwefel,30,7,118.43871644142746
pop12 tail-shartli,Schwefel,30,8,236.87705105586247
pop12 tail-shartli,Schwefel,30,9,0.00038182699245226104
pop12 tail-shartli,Schwefel,30,10,355.31538567030293
pop12 tail-shartli,Schwefel,30,11,118.43871644142564
pop12 tail-shartli,Schwefel,30,12,118.43871644142564
pop12 tail-shartli,Schwefel,30,13,0.00038182698881428223
pop12 tail-shartli,Schwefel,30,14,118.43871644142746
pop12 tail-shartli,Zakharov,30,0,3.693744382226995e-12
pop12 tail-shartli,Zakharov,30,1,1.3512697684091456e-13
pop12 tail-shartli,Zakharov,30,2,6.043669129386293e-13
pop12 tail-shartli,Zakharov,30,3,4.5184375952184876e-13
pop12 tail-shartli,Zakharov,30,4,1.5907968965812992e-12
pop12 tail-shartli,Zakharov,30,5,1.0008004301944458e-13
pop12 tail-shartli,Zakharov,30,6,1.6083077392935878e-12
pop12 tail-shartli,Zakharov,30,7,2.184072734857942e-13
pop12 tail-shartli,Zakharov,30,8,1.3845955231008608e-13
pop12 tail-shartli,Zakharov,30,9,7.738301995220098e-14
pop12 tail-shartli,Zakharov,30,10,3.3975129999575188e-12
pop12 tail-shartli,Zakharov,30,11,5.388306287658246e-13
pop12 tail-shartli,Zakharov,30,12,1.910032330480533e-12
pop12 tail-shartli,Zakharov,30,13,1.2633728534355526e-12
pop12 tail-shartli,Zakharov,30,14,2.188515419702885e-11
pop12 tail-yo'q,Ackley,30,0,1.354472090042691e-13
pop12 tail-yo'q,Ackley,30,1,5.013767179207207e-13
pop12 tail-yo'q,Ackley,30,2,5.013767179207207e-13
pop12 tail-yo'q,Ackley,30,3,1.567190821560871e-12
pop12 tail-yo'q,Ackley,30,4,7.536193891155563e-13
pop12 tail-yo'q,Ackley,30,5,3.6992631180510216e-13
pop12 tail-yo'q,Ackley,30,6,2.1715962361668062e-13
pop12 tail-yo'q,Ackley,30,7,1.9939605522267811e-13
pop12 tail-yo'q,Ackley,30,8,1.461053500406706e-13
pop12 tail-yo'q,Ackley,30,9,5.262457136723242e-13
pop12 tail-yo'q,Ackley,30,10,1.816324868286756e-13
pop12 tail-yo'q,Ackley,30,11,2.5623947408348613e-13
pop12 tail-yo'q,Ackley,30,12,3.6282088444750116e-13
pop12 tail-yo'q,Ackley,30,13,6.079581282847357e-13
pop12 tail-yo'q,Ackley,30,14,8.033573806187633e-13
pop12 tail-yo'q,BentCigar,30,0,1.8158168440625336e-17
pop12 tail-yo'q,BentCigar,30,1,1.0056441863177223e-16
pop12 tail-yo'q,BentCigar,30,2,1.3320317736582866e-18
pop12 tail-yo'q,BentCigar,30,3,4.7169675209648063e-17
pop12 tail-yo'q,BentCigar,30,4,2.782930053599354e-17
pop12 tail-yo'q,BentCigar,30,5,4.6540105134189326e-18
pop12 tail-yo'q,BentCigar,30,6,7.623982728746378e-16
pop12 tail-yo'q,BentCigar,30,7,9.094455461760824e-15
pop12 tail-yo'q,BentCigar,30,8,5.823726950007001e-16
pop12 tail-yo'q,BentCigar,30,9,4.8174985055066477e-17
pop12 tail-yo'q,BentCigar,30,10,6.797527874676353e-17
pop12 tail-yo'q,BentCigar,30,11,5.929565417828224e-17
pop12 tail-yo'q,BentCigar,30,12,3.305411671553666e-17
pop12 tail-yo'q,BentCigar,30,13,1.6772950574435037e-17
pop12 tail-yo'q,BentCigar,30,14,8.688106769339374e-19
pop12 tail-yo'q,Composition,30,0,7.924771949797871e-13
pop12 tail-yo'q,Composition,30,1,3.0575542098211763e-13
pop12 tail-yo'q,Composition,30,2,8.493206138409501e-13
pop12 tail-yo'q,Composition,30,3,5.313527395866604e-13
pop12 tail-yo'q,Composition,30,4,7.48290318597571e-14
pop12 tail-yo'q,Composition,30,5,6.68132216221092e-13
pop12 tail-yo'q,Composition,30,6,5.828670879294825e-13
pop12 tail-yo'q,Composition,30,7,1.3344880756001066e-13
pop12 tail-yo'q,Composition,30,8,2.9332092310628735e-13
pop12 tail-yo'q,Composition,30,9,3.2935876248936743e-12
pop12 tail-yo'q,Composition,30,10,1.1390888232658867e-13
pop12 tail-yo'q,Composition,30,11,2.7555735471224835e-13
pop12 tail-yo'q,Composition,30,12,1.7252865802686088e-13
pop12 tail-yo'q,Composition,30,13,2.2049029269073936e-13
pop12 tail-yo'q,Composition,30,14,9.257039579356584e-13
pop12 tail-yo'q,DynamicSphere,30,0,0.9036616173513732
pop12 tail-yo'q,DynamicSphere,30,1,1.9718189064331946
pop12 tail-yo'q,DynamicSphere,30,2,1.6052102731646278
pop12 tail-yo'q,DynamicSphere,30,3,1.8836001870276373
pop12 tail-yo'q,DynamicSphere,30,4,0.9509439794333608
pop12 tail-yo'q,DynamicSphere,30,5,0.7437231586190962
pop12 tail-yo'q,DynamicSphere,30,6,1.5970462671906684
pop12 tail-yo'q,DynamicSphere,30,7,0.9969237375044948
pop12 tail-yo'q,DynamicSphere,30,8,1.4777332075303309
pop12 tail-yo'q,DynamicSphere,30,9,3.0985910633506926
pop12 tail-yo'q,DynamicSphere,30,10,1.8237935739439366
pop12 tail-yo'q,DynamicSphere,30,11,1.8970024934985976
pop12 tail-yo'q,DynamicSphere,30,12,1.027798355697056
pop12 tail-yo'q,DynamicSphere,30,13,1.271410220706891
pop12 tail-yo'q,DynamicSphere,30,14,1.224329045739031
pop12 tail-yo'q,Griewank,30,0,0.0
pop12 tail-yo'q,Griewank,30,1,0.0
pop12 tail-yo'q,Griewank,30,2,0.0
pop12 tail-yo'q,Griewank,30,3,0.0
pop12 tail-yo'q,Griewank,30,4,0.0
pop12 tail-yo'q,Griewank,30,5,0.0
pop12 tail-yo'q,Griewank,30,6,0.0
pop12 tail-yo'q,Griewank,30,7,0.0
pop12 tail-yo'q,Griewank,30,8,0.0
pop12 tail-yo'q,Griewank,30,9,1.1102230246251565e-16
pop12 tail-yo'q,Griewank,30,10,0.0
pop12 tail-yo'q,Griewank,30,11,0.0
pop12 tail-yo'q,Griewank,30,12,0.0
pop12 tail-yo'q,Griewank,30,13,0.0
pop12 tail-yo'q,Griewank,30,14,0.0
pop12 tail-yo'q,Levy,30,0,4.874310213029503e-25
pop12 tail-yo'q,Levy,30,1,3.651032473927452e-24
pop12 tail-yo'q,Levy,30,2,4.941221029872252e-24
pop12 tail-yo'q,Levy,30,3,7.730729526844796e-25
pop12 tail-yo'q,Levy,30,4,2.602869528199164e-25
pop12 tail-yo'q,Levy,30,5,1.4811268213857123e-25
pop12 tail-yo'q,Levy,30,6,3.0966410720404048e-25
pop12 tail-yo'q,Levy,30,7,2.269924989497551e-24
pop12 tail-yo'q,Levy,30,8,1.0805160432654523e-24
pop12 tail-yo'q,Levy,30,9,8.635841410464963e-26
pop12 tail-yo'q,Levy,30,10,3.0104959521715417e-25
pop12 tail-yo'q,Levy,30,11,3.2523916392066373e-25
pop12 tail-yo'q,Levy,30,12,9.067991860128071e-24
pop12 tail-yo'q,Levy,30,13,4.9631150060998226e-26
pop12 tail-yo'q,Levy,30,14,3.730729355935421e-25
pop12 tail-yo'q,NoisyRastrigin,30,0,1.9489865157674995
pop12 tail-yo'q,NoisyRastrigin,30,1,4.340663837406769
pop12 tail-yo'q,NoisyRastrigin,30,2,1.5559403476013554
pop12 tail-yo'q,NoisyRastrigin,30,3,3.57668833645711
pop12 tail-yo'q,NoisyRastrigin,30,4,1.894579051455862
pop12 tail-yo'q,NoisyRastrigin,30,5,4.213741881043433
pop12 tail-yo'q,NoisyRastrigin,30,6,3.3723462127097683
pop12 tail-yo'q,NoisyRastrigin,30,7,2.3858479480341295
pop12 tail-yo'q,NoisyRastrigin,30,8,1.551288960446394
pop12 tail-yo'q,NoisyRastrigin,30,9,1.1488500843537075
pop12 tail-yo'q,NoisyRastrigin,30,10,5.763431741937911
pop12 tail-yo'q,NoisyRastrigin,30,11,2.1656993662065656
pop12 tail-yo'q,NoisyRastrigin,30,12,2.6826473813359524
pop12 tail-yo'q,NoisyRastrigin,30,13,2.393176393058935
pop12 tail-yo'q,NoisyRastrigin,30,14,1.2383991106490608
pop12 tail-yo'q,NoisySphere,30,0,0.012134283274263708
pop12 tail-yo'q,NoisySphere,30,1,0.00959501615419813
pop12 tail-yo'q,NoisySphere,30,2,0.011348166695953532
pop12 tail-yo'q,NoisySphere,30,3,0.011506791519629479
pop12 tail-yo'q,NoisySphere,30,4,0.013921636659477927
pop12 tail-yo'q,NoisySphere,30,5,0.011387047130586503
pop12 tail-yo'q,NoisySphere,30,6,0.01039002167128249
pop12 tail-yo'q,NoisySphere,30,7,0.01675081780485392
pop12 tail-yo'q,NoisySphere,30,8,0.015686744958940478
pop12 tail-yo'q,NoisySphere,30,9,0.007042550376526842
pop12 tail-yo'q,NoisySphere,30,10,0.007545165102509581
pop12 tail-yo'q,NoisySphere,30,11,0.010576176939056957
pop12 tail-yo'q,NoisySphere,30,12,0.009391803871134394
pop12 tail-yo'q,NoisySphere,30,13,0.008616712697690113
pop12 tail-yo'q,NoisySphere,30,14,0.010647018378150403
pop12 tail-yo'q,Rosenbrock,30,0,10.950849968559371
pop12 tail-yo'q,Rosenbrock,30,1,14.05273499704852
pop12 tail-yo'q,Rosenbrock,30,2,13.277700400164456
pop12 tail-yo'q,Rosenbrock,30,3,12.369318035485088
pop12 tail-yo'q,Rosenbrock,30,4,12.805191810877144
pop12 tail-yo'q,Rosenbrock,30,5,14.539514665231884
pop12 tail-yo'q,Rosenbrock,30,6,11.181463615876746
pop12 tail-yo'q,Rosenbrock,30,7,14.349890292937932
pop12 tail-yo'q,Rosenbrock,30,8,11.666078931104995
pop12 tail-yo'q,Rosenbrock,30,9,11.284369971585297
pop12 tail-yo'q,Rosenbrock,30,10,12.172733606014937
pop12 tail-yo'q,Rosenbrock,30,11,11.827959497521901
pop12 tail-yo'q,Rosenbrock,30,12,12.703584719477833
pop12 tail-yo'q,Rosenbrock,30,13,12.539741280974166
pop12 tail-yo'q,Rosenbrock,30,14,12.599528957053653
pop12 tail-yo'q,RotatedElliptic,30,0,0.33425163401895
pop12 tail-yo'q,RotatedElliptic,30,1,0.6392887792304346
pop12 tail-yo'q,RotatedElliptic,30,2,0.34275403966151546
pop12 tail-yo'q,RotatedElliptic,30,3,9.576127183528106
pop12 tail-yo'q,RotatedElliptic,30,4,3.6588429761861714
pop12 tail-yo'q,RotatedElliptic,30,5,1.1309704904951703
pop12 tail-yo'q,RotatedElliptic,30,6,0.326552845201996
pop12 tail-yo'q,RotatedElliptic,30,7,0.9459163524375905
pop12 tail-yo'q,RotatedElliptic,30,8,0.7813900110003505
pop12 tail-yo'q,RotatedElliptic,30,9,8.001149061466604
pop12 tail-yo'q,RotatedElliptic,30,10,1.9403338667022396
pop12 tail-yo'q,RotatedElliptic,30,11,9.119256344017776
pop12 tail-yo'q,RotatedElliptic,30,12,27.554219875859975
pop12 tail-yo'q,RotatedElliptic,30,13,89.85977146471635
pop12 tail-yo'q,RotatedElliptic,30,14,1.72137768271984
pop12 tail-yo'q,Schwefel,30,0,118.43871644143474
pop12 tail-yo'q,Schwefel,30,1,236.8770510559716
pop12 tail-yo'q,Schwefel,30,2,118.43871644146384
pop12 tail-yo'q,Schwefel,30,3,236.87705105596615
pop12 tail-yo'q,Schwefel,30,4,0.00038182699063327163
pop12 tail-yo'q,Schwefel,30,5,118.4387164414311
pop12 tail-yo'q,Schwefel,30,6,118.43871644143474
pop12 tail-yo'q,Schwefel,30,7,118.43871932612274
pop12 tail-yo'q,Schwefel,30,8,236.87705105586974
pop12 tail-yo'q,Schwefel,30,9,0.00038182699245226104
pop12 tail-yo'q,Schwefel,30,10,355.31538579733024
pop12 tail-yo'q,Schwefel,30,11,118.43871644144929
pop12 tail-yo'q,Schwefel,30,12,118.43871644184219
pop12 tail-yo'q,Schwefel,30,13,0.00038182699063327163
pop12 tail-yo'q,Schwefel,30,14,118.43871653088354
pop12 tail-yo'q,Zakharov,30,0,2.7331416875546962e-11
pop12 tail-yo'q,Zakharov,30,1,1.0741968605758462e-12
pop12 tail-yo'q,Zakharov,30,2,2.0584394779065434e-12
pop12 tail-yo'q,Zakharov,30,3,6.581615784416942e-13
pop12 tail-yo'q,Zakharov,30,4,1.0861866062844549e-11
pop12 tail-yo'q,Zakharov,30,5,3.585255758238333e-13
pop12 tail-yo'q,Zakharov,30,6,6.071333853451241e-12
pop12 tail-yo'q,Zakharov,30,7,1.1603917278718221e-12
pop12 tail-yo'q,Zakharov,30,8,7.954845356613815e-13
pop12 tail-yo'q,Zakharov,30,9,1.664462273677346e-13
pop12 tail-yo'q,Zakharov,30,10,6.232637049648971e-12
pop12 tail-yo'q,Zakharov,30,11,4.026342047768275e-12
pop12 tail-yo'q,Zakharov,30,12,6.783978969043425e-12
pop12 tail-yo'q,Zakharov,30,13,1.824488414178615e-11
pop12 tail-yo'q,Zakharov,30,14,7.245163346903903e-11
pop8 tail-doimiy,Ackley,30,0,7.549516567451064e-15
pop8 tail-doimiy,Ackley,30,1,1.1102230246251565e-14
pop8 tail-doimiy,Ackley,30,2,7.549516567451064e-15
pop8 tail-doimiy,Ackley,30,3,1.1102230246251565e-14
pop8 tail-doimiy,Ackley,30,4,1.1102230246251565e-14
pop8 tail-doimiy,Ackley,30,5,7.549516567451064e-15
pop8 tail-doimiy,Ackley,30,6,7.549516567451064e-15
pop8 tail-doimiy,Ackley,30,7,7.549516567451064e-15
pop8 tail-doimiy,Ackley,30,8,1.1102230246251565e-14
pop8 tail-doimiy,Ackley,30,9,7.549516567451064e-15
pop8 tail-doimiy,Ackley,30,10,7.549516567451064e-15
pop8 tail-doimiy,Ackley,30,11,1.1102230246251565e-14
pop8 tail-doimiy,Ackley,30,12,1.1102230246251565e-14
pop8 tail-doimiy,Ackley,30,13,1.1102230246251565e-14
pop8 tail-doimiy,Ackley,30,14,7.549516567451064e-15
pop8 tail-doimiy,BentCigar,30,0,1.796190401826857e-21
pop8 tail-doimiy,BentCigar,30,1,2.77268026407844e-21
pop8 tail-doimiy,BentCigar,30,2,1.322228007827416e-18
pop8 tail-doimiy,BentCigar,30,3,1.229953897387252e-18
pop8 tail-doimiy,BentCigar,30,4,2.664396073359573e-19
pop8 tail-doimiy,BentCigar,30,5,1.8367594402359747e-19
pop8 tail-doimiy,BentCigar,30,6,9.06672015619344e-20
pop8 tail-doimiy,BentCigar,30,7,6.318582769225143e-22
pop8 tail-doimiy,BentCigar,30,8,1.2516694362108394e-20
pop8 tail-doimiy,BentCigar,30,9,2.720340096063646e-20
pop8 tail-doimiy,BentCigar,30,10,3.8189175414174937e-20
pop8 tail-doimiy,BentCigar,30,11,5.336105532298998e-20
pop8 tail-doimiy,BentCigar,30,12,1.2924500296414682e-19
pop8 tail-doimiy,BentCigar,30,13,5.577547077031352e-21
pop8 tail-doimiy,BentCigar,30,14,3.2594108647258216e-17
pop8 tail-doimiy,Composition,30,0,7.327471962526257e-15
pop8 tail-doimiy,Composition,30,1,3.774758283725589e-15
pop8 tail-doimiy,Composition,30,2,7.327471962526229e-15
pop8 tail-doimiy,Composition,30,3,9.103828801926596e-15
pop8 tail-doimiy,Composition,30,4,1.2656542480727368e-14
pop8 tail-doimiy,Composition,30,5,9.103828801926582e-15
pop8 tail-doimiy,Composition,30,6,7.32747196252621e-15
pop8 tail-doimiy,Composition,30,7,9.103828801926593e-15
pop8 tail-doimiy,Composition,30,8,1.0880185641326869e-14
pop8 tail-doimiy,Composition,30,9,7.327471962526281e-15
pop8 tail-doimiy,Composition,30,10,9.103828801926542e-15
pop8 tail-doimiy,Composition,30,11,7.327471962526238e-15
pop8 tail-doimiy,Composition,30,12,7.327471962526278e-15
pop8 tail-doimiy,Composition,30,13,1.0880185641326947e-14
pop8 tail-doimiy,Composition,30,14,5.551115123125882e-15
pop8 tail-doimiy,DynamicSphere,30,0,0.09338682175657702
pop8 tail-doimiy,DynamicSphere,30,1,0.05831655514101789
pop8 tail-doimiy,DynamicSphere,30,2,0.07136649601770796
pop8 tail-doimiy,DynamicSphere,30,3,0.07919173737133571
pop8 tail-doimiy,DynamicSphere,30,4,0.10072799850536396
pop8 tail-doimiy,DynamicSphere,30,5,0.05895433069709776
pop8 tail-doimiy,DynamicSphere,30,6,0.10029067420831239
pop8 tail-doimiy,DynamicSphere,30,7,0.12225405633282302
pop8 tail-doimiy,DynamicSphere,30,8,0.12105974960606049
pop8 tail-doimiy,DynamicSphere,30,9,0.1002993024110735
pop8 tail-doimiy,DynamicSphere,30,10,0.10978865078772354
pop8 tail-doimiy,DynamicSphere,30,11,0.07208097395851974
pop8 tail-doimiy,DynamicSphere,30,12,0.08470163027150968
pop8 tail-doimiy,DynamicSphere,30,13,0.08098308187864668
pop8 tail-doimiy,DynamicSphere,30,14,0.07945291468526924
pop8 tail-doimiy,Griewank,30,0,0.0
pop8 tail-doimiy,Griewank,30,1,0.0
pop8 tail-doimiy,Griewank,30,2,0.0
pop8 tail-doimiy,Griewank,30,3,0.0
pop8 tail-doimiy,Griewank,30,4,0.0
pop8 tail-doimiy,Griewank,30,5,0.0
pop8 tail-doimiy,Griewank,30,6,0.0
pop8 tail-doimiy,Griewank,30,7,0.0
pop8 tail-doimiy,Griewank,30,8,0.0
pop8 tail-doimiy,Griewank,30,9,0.0
pop8 tail-doimiy,Griewank,30,10,0.0
pop8 tail-doimiy,Griewank,30,11,0.0
pop8 tail-doimiy,Griewank,30,12,0.0
pop8 tail-doimiy,Griewank,30,13,0.0
pop8 tail-doimiy,Griewank,30,14,0.0
pop8 tail-doimiy,Levy,30,0,3.899504410443609e-30
pop8 tail-doimiy,Levy,30,1,2.9014867713282494e-30
pop8 tail-doimiy,Levy,30,2,6.1400684702910425e-30
pop8 tail-doimiy,Levy,30,3,2.8531780903843607e-30
pop8 tail-doimiy,Levy,30,4,4.148013694590025e-30
pop8 tail-doimiy,Levy,30,5,3.2515890455245666e-30
pop8 tail-doimiy,Levy,30,6,1.1599315310384931e-30
pop8 tail-doimiy,Levy,30,7,2.3058605898827927e-30
pop8 tail-doimiy,Levy,30,8,6.686390845160186e-30
pop8 tail-doimiy,Levy,30,9,1.1106277244621792e-30
pop8 tail-doimiy,Levy,30,10,3.991146144169264e-30
pop8 tail-doimiy,Levy,30,11,3.351191784309615e-30
pop8 tail-doimiy,Levy,30,12,3.9488082170199206e-30
pop8 tail-doimiy,Levy,30,13,3.797911420393708e-30
pop8 tail-doimiy,Levy,30,14,3.347211281779918e-30
pop8 tail-doimiy,NoisyRastrigin,30,0,0.20817002377721927
pop8 tail-doimiy,NoisyRastrigin,30,1,1.1707341789538717
pop8 tail-doimiy,NoisyRastrigin,30,2,2.1763468229799265
pop8 tail-doimiy,NoisyRastrigin,30,3,0.21115378027445253
pop8 tail-doimiy,NoisyRastrigin,30,4,0.1725930478028861
pop8 tail-doimiy,NoisyRastrigin,30,5,3.1444098933978726
pop8 tail-doimiy,NoisyRastrigin,30,6,0.20908511888034376
pop8 tail-doimiy,NoisyRastrigin,30,7,0.2631662232031733
pop8 tail-doimiy,NoisyRastrigin,30,8,2.1591623029350338
pop8 tail-doimiy,NoisyRastrigin,30,9,0.20588780767610615
pop8 tail-doimiy,NoisyRastrigin,30,10,2.171874321231842
pop8 tail-doimiy,NoisyRastrigin,30,11,1.20256123158104
pop8 tail-doimiy,NoisyRastrigin,30,12,0.24768498903708824
pop8 tail-doimiy,NoisyRastrigin,30,13,0.23868272739044372
pop8 tail-doimiy,NoisyRastrigin,30,14,1.243003134770193
pop8 tail-doimiy,NoisySphere,30,0,0.012179041254543518
pop8 tail-doimiy,NoisySphere,30,1,0.014771999713421111
pop8 tail-doimiy,NoisySphere,30,2,0.008821829821161645
pop8 tail-doimiy,NoisySphere,30,3,0.009939866778920173
pop8 tail-doimiy,NoisySphere,30,4,0.007232152028057441
pop8 tail-doimiy,NoisySphere,30,5,0.014580954784787858
pop8 tail-doimiy,NoisySphere,30,6,0.012953633932033255
pop8 tail-doimiy,NoisySphere,30,7,0.00939774421825864
pop8 tail-doimiy,NoisySphere,30,8,0.009906556520959
pop8 tail-doimiy,NoisySphere,30,9,0.00926876814696403
pop8 tail-doimiy,NoisySphere,30,10,0.011510589158799834
pop8 tail-doimiy,NoisySphere,30,11,0.011764994469086269
pop8 tail-doimiy,NoisySphere,30,12,0.012341313695005579
pop8 tail-doimiy,NoisySphere,30,13,0.015797127672053782
pop8 tail-doimiy,NoisySphere,30,14,0.013101539073522128
pop8 tail-doimiy,Rosenbrock,30,0,5.270681352638185
pop8 tail-doimiy,Rosenbrock,30,1,6.751208801299717
pop8 tail-doimiy,Rosenbrock,30,2,6.440628409427163
pop8 tail-doimiy,Rosenbrock,30,3,7.0868430580541375
pop8 tail-doimiy,Rosenbrock,30,4,6.518765325212156
pop8 tail-doimiy,Rosenbrock,30,5,6.274246829848246
pop8 tail-doimiy,Rosenbrock,30,6,7.091302075365079
pop8 tail-doimiy,Rosenbrock,30,7,7.766905534667703
pop8 tail-doimiy,Rosenbrock,30,8,7.582482508557394
pop8 tail-doimiy,Rosenbrock,30,9,4.237660635892303
pop8 tail-doimiy,Rosenbrock,30,10,5.685956360549
pop8 tail-doimiy,Rosenbrock,30,11,4.739689862460433
pop8 tail-doimiy,Rosenbrock,30,12,7.9652634521769174
pop8 tail-doimiy,Rosenbrock,30,13,6.787634757155999
pop8 tail-doimiy,Rosenbrock,30,14,6.689091112639
pop8 tail-doimiy,RotatedElliptic,30,0,2.2183323983168948
pop8 tail-doimiy,RotatedElliptic,30,1,0.39485026748306684
pop8 tail-doimiy,RotatedElliptic,30,2,0.6112798828755055
pop8 tail-doimiy,RotatedElliptic,30,3,3.798211452625285
pop8 tail-doimiy,RotatedElliptic,30,4,34.77081465933932
pop8 tail-doimiy,RotatedElliptic,30,5,25.300366008337146
pop8 tail-doimiy,RotatedElliptic,30,6,0.005486150347179573
pop8 tail-doimiy,RotatedElliptic,30,7,52.12553732247457
pop8 tail-doimiy,RotatedElliptic,30,8,11.370454679859218
pop8 tail-doimiy,RotatedElliptic,30,9,10.521833786397803
pop8 tail-doimiy,RotatedElliptic,30,10,9.999064336554138
pop8 tail-doimiy,RotatedElliptic,30,11,0.29469464804791895
pop8 tail-doimiy,RotatedElliptic,30,12,26.736487185329604
pop8 tail-doimiy,RotatedElliptic,30,13,37.93751831513434
pop8 tail-doimiy,RotatedElliptic,30,14,62.567616573831636
pop8 tail-doimiy,Schwefel,30,0,118.43871644142564
pop8 tail-doimiy,Schwefel,30,1,0.00038182698881428223
pop8 tail-doimiy,Schwefel,30,2,118.43871644142746
pop8 tail-doimiy,Schwefel,30,3,0.00038182698881428223
pop8 tail-doimiy,Schwefel,30,4,118.43871644142746
pop8 tail-doimiy,Schwefel,30,5,454.016720446436
pop8 tail-doimiy,Schwefel,30,6,118.43871644142564
pop8 tail-doimiy,Schwefel,30,7,355.3153856703011
pop8 tail-doimiy,Schwefel,30,8,355.31538567030475
pop8 tail-doimiy,Schwefel,30,9,473.75372028473976
pop8 tail-doimiy,Schwefel,30,10,355.31538567030657
pop8 tail-doimiy,Schwefel,30,11,118.43871644142564
pop8 tail-doimiy,Schwefel,30,12,0.00038182698881428223
pop8 tail-doimiy,Schwefel,30,13,355.31538567030475
pop8 tail-doimiy,Schwefel,30,14,236.87705105586247
pop8 tail-doimiy,Zakharov,30,0,6.873450739627956e-14
pop8 tail-doimiy,Zakharov,30,1,1.6436896671018308e-14
pop8 tail-doimiy,Zakharov,30,2,4.761630754715818e-15
pop8 tail-doimiy,Zakharov,30,3,5.712228513389424e-15
pop8 tail-doimiy,Zakharov,30,4,1.6005219399851403e-14
pop8 tail-doimiy,Zakharov,30,5,6.568238842932802e-16
pop8 tail-doimiy,Zakharov,30,6,1.4073343196306426e-14
pop8 tail-doimiy,Zakharov,30,7,1.1174654056623361e-13
pop8 tail-doimiy,Zakharov,30,8,1.7581601087967768e-14
pop8 tail-doimiy,Zakharov,30,9,7.802699363408369e-15
pop8 tail-doimiy,Zakharov,30,10,4.357548676327191e-14
pop8 tail-doimiy,Zakharov,30,11,2.6361459328467018e-14
pop8 tail-doimiy,Zakharov,30,12,2.516597330499466e-14
pop8 tail-doimiy,Zakharov,30,13,6.132976716920526e-16
pop8 tail-doimiy,Zakharov,30,14,6.458788521328728e-15
L-SHADE,Ackley,30,0,1.8194334927557065e-12
L-SHADE,Ackley,30,1,2.8532731732866523e-12
L-SHADE,Ackley,30,2,1.318500864044836e-12
L-SHADE,Ackley,30,3,4.096722960866828e-12
L-SHADE,Ackley,30,4,1.830091633792108e-12
L-SHADE,Ackley,30,5,1.2119194536808209e-12
L-SHADE,Ackley,30,6,3.709477169877573e-12
L-SHADE,Ackley,30,7,1.496136547984861e-12
L-SHADE,Ackley,30,8,2.856825886965453e-12
L-SHADE,Ackley,30,9,7.251976796851523e-13
L-SHADE,Ackley,30,10,1.0378364834195963e-12
L-SHADE,Ackley,30,11,2.934985587899064e-12
L-SHADE,Ackley,30,12,2.4908963780490012e-12
L-SHADE,Ackley,30,13,3.716582597235174e-12
L-SHADE,Ackley,30,14,1.2758682998992299e-12
L-SHADE,BentCigar,30,0,1.2473361006950348e-15
L-SHADE,BentCigar,30,1,8.094024181219211e-15
L-SHADE,BentCigar,30,2,1.2990728834267135e-16
L-SHADE,BentCigar,30,3,2.5690076555878455e-14
L-SHADE,BentCigar,30,4,7.435108189192803e-14
L-SHADE,BentCigar,30,5,7.906660631321247e-16
L-SHADE,BentCigar,30,6,1.1978065178325423e-14
L-SHADE,BentCigar,30,7,7.963605846745719e-15
L-SHADE,BentCigar,30,8,6.0810850467363346e-15
L-SHADE,BentCigar,30,9,5.037253827396887e-14
L-SHADE,BentCigar,30,10,1.4102691700015193e-14
L-SHADE,BentCigar,30,11,6.54183629280618e-15
L-SHADE,BentCigar,30,12,2.0347482119707486e-15
L-SHADE,BentCigar,30,13,1.0730320903753152e-13
L-SHADE,BentCigar,30,14,7.242833233255767e-16
L-SHADE,Composition,30,0,8.066880496950749e-13
L-SHADE,Composition,30,1,1.4005019367172018e-11
L-SHADE,Composition,30,2,1.852962228112261e-12
L-SHADE,Composition,30,3,3.4037217489392513e-12
L-SHADE,Composition,30,4,5.181854945236142e-12
L-SHADE,Composition,30,5,7.320810624398392e-13
L-SHADE,Composition,30,6,2.6203483827460267e-12
L-SHADE,Composition,30,7,4.18354240145815e-12
L-SHADE,Composition,30,8,2.7020607973600906e-12
L-SHADE,Composition,30,9,3.632871781227935e-12
L-SHADE,Composition,30,10,4.1373571236323e-12
L-SHADE,Composition,30,11,1.0521583604787738e-11
L-SHADE,Composition,30,12,1.153077633380666e-12
L-SHADE,Composition,30,13,5.082378962225923e-12
L-SHADE,Composition,30,14,1.6806556146881412e-12
L-SHADE,DynamicSphere,30,0,1.3103562276341325
L-SHADE,DynamicSphere,30,1,1.3834599314945792
L-SHADE,DynamicSphere,30,2,1.3215362312654753
L-SHADE,DynamicSphere,30,3,1.1247802728817038
L-SHADE,DynamicSphere,30,4,1.0387525336201842
L-SHADE,DynamicSphere,30,5,1.9976285373965093
L-SHADE,DynamicSphere,30,6,0.9909390651097054
L-SHADE,DynamicSphere,30,7,0.9488127003756575
L-SHADE,DynamicSphere,30,8,0.9086082502184607
L-SHADE,DynamicSphere,30,9,1.0588897042776877
L-SHADE,DynamicSphere,30,10,1.3328986375398122
L-SHADE,DynamicSphere,30,11,1.807475658358339
L-SHADE,DynamicSphere,30,12,0.7978097702767997
L-SHADE,DynamicSphere,30,13,0.9366127015371762
L-SHADE,DynamicSphere,30,14,1.530416354671121
L-SHADE,Griewank,30,0,0.0
L-SHADE,Griewank,30,1,0.0
L-SHADE,Griewank,30,2,0.0
L-SHADE,Griewank,30,3,0.0
L-SHADE,Griewank,30,4,1.1102230246251565e-16
L-SHADE,Griewank,30,5,0.0
L-SHADE,Griewank,30,6,0.0
L-SHADE,Griewank,30,7,0.0
L-SHADE,Griewank,30,8,0.0
L-SHADE,Griewank,30,9,0.0
L-SHADE,Griewank,30,10,1.1102230246251565e-16
L-SHADE,Griewank,30,11,0.0
L-SHADE,Griewank,30,12,0.0
L-SHADE,Griewank,30,13,0.0
L-SHADE,Griewank,30,14,0.0
L-SHADE,Levy,30,0,3.215833777169537e-23
L-SHADE,Levy,30,1,1.8282083263820355e-24
L-SHADE,Levy,30,2,3.520623325949833e-24
L-SHADE,Levy,30,3,4.814993837933921e-24
L-SHADE,Levy,30,4,1.2591075860335315e-24
L-SHADE,Levy,30,5,7.477307304524614e-24
L-SHADE,Levy,30,6,1.2639027274598432e-23
L-SHADE,Levy,30,7,1.0502290086661212e-23
L-SHADE,Levy,30,8,3.8462747294688796e-23
L-SHADE,Levy,30,9,2.733183815405579e-24
L-SHADE,Levy,30,10,9.35039689416554e-24
L-SHADE,Levy,30,11,9.213080571422006e-24
L-SHADE,Levy,30,12,4.6375595851882566e-24
L-SHADE,Levy,30,13,2.5471159839572187e-24
L-SHADE,Levy,30,14,4.736607501700112e-23
L-SHADE,NoisyRastrigin,30,0,1.4458021391464655
L-SHADE,NoisyRastrigin,30,1,1.6683884317543463
L-SHADE,NoisyRastrigin,30,2,1.4850248355680549
L-SHADE,NoisyRastrigin,30,3,1.7722947707410643
L-SHADE,NoisyRastrigin,30,4,2.281458495774384
L-SHADE,NoisyRastrigin,30,5,1.4363536410123476
L-SHADE,NoisyRastrigin,30,6,0.9876171548996808
L-SHADE,NoisyRastrigin,30,7,1.5047809605346085
L-SHADE,NoisyRastrigin,30,8,1.4235177698805153
L-SHADE,NoisyRastrigin,30,9,2.172639007264525
L-SHADE,NoisyRastrigin,30,10,1.6521202165875977
L-SHADE,NoisyRastrigin,30,11,2.338623885870607
L-SHADE,NoisyRastrigin,30,12,1.8456146530415811
L-SHADE,NoisyRastrigin,30,13,0.6290454109779784
L-SHADE,NoisyRastrigin,30,14,2.061405811054943
L-SHADE,NoisySphere,30,0,0.017333856057253016
L-SHADE,NoisySphere,30,1,0.01609511080789075
L-SHADE,NoisySphere,30,2,0.010170765160462884
L-SHADE,NoisySphere,30,3,0.01758541315349972
L-SHADE,NoisySphere,30,4,0.011644951507610947
L-SHADE,NoisySphere,30,5,0.0133722296695964
L-SHADE,NoisySphere,30,6,0.009962135997192713
L-SHADE,NoisySphere,30,7,0.009371713811404501
L-SHADE,NoisySphere,30,8,0.009293872797427888
L-SHADE,NoisySphere,30,9,0.014855985341306636
L-SHADE,NoisySphere,30,10,0.02000561180609564
L-SHADE,NoisySphere,30,11,0.012619800108435365
L-SHADE,NoisySphere,30,12,0.01299610220222283
L-SHADE,NoisySphere,30,13,0.011520456592373893
L-SHADE,NoisySphere,30,14,0.014195318388917843
L-SHADE,Rosenbrock,30,0,13.78315286998967
L-SHADE,Rosenbrock,30,1,14.890698945625852
L-SHADE,Rosenbrock,30,2,13.436475538459524
L-SHADE,Rosenbrock,30,3,14.096463137411583
L-SHADE,Rosenbrock,30,4,13.527591218930647
L-SHADE,Rosenbrock,30,5,13.950263547792302
L-SHADE,Rosenbrock,30,6,13.07531978071523
L-SHADE,Rosenbrock,30,7,13.315940923284378
L-SHADE,Rosenbrock,30,8,13.844501093578735
L-SHADE,Rosenbrock,30,9,14.733301621559406
L-SHADE,Rosenbrock,30,10,13.357864050190349
L-SHADE,Rosenbrock,30,11,13.552302233235768
L-SHADE,Rosenbrock,30,12,12.955680042155524
L-SHADE,Rosenbrock,30,13,13.537083905977799
L-SHADE,Rosenbrock,30,14,11.584078567745237
L-SHADE,RotatedElliptic,30,0,1351.0779536930627
L-SHADE,RotatedElliptic,30,1,330.9596477469057
L-SHADE,RotatedElliptic,30,2,248.81169376187887
L-SHADE,RotatedElliptic,30,3,3003.9863587066297
L-SHADE,RotatedElliptic,30,4,2997.15622977601
L-SHADE,RotatedElliptic,30,5,1279.4882446768704
L-SHADE,RotatedElliptic,30,6,1610.0345675306187
L-SHADE,RotatedElliptic,30,7,402.08260390931866
L-SHADE,RotatedElliptic,30,8,13608.152576131555
L-SHADE,RotatedElliptic,30,9,1131.3607140997574
L-SHADE,RotatedElliptic,30,10,403.57980542054446
L-SHADE,RotatedElliptic,30,11,2373.9168922819827
L-SHADE,RotatedElliptic,30,12,2843.009466353316
L-SHADE,RotatedElliptic,30,13,2454.672725244422
L-SHADE,RotatedElliptic,30,14,641.2119095746799
L-SHADE,Schwefel,30,0,0.02938878954410029
L-SHADE,Schwefel,30,1,0.11414065694043529
L-SHADE,Schwefel,30,2,0.0706525589193916
L-SHADE,Schwefel,30,3,0.019127913679767516
L-SHADE,Schwefel,30,4,0.11958579384554469
L-SHADE,Schwefel,30,5,0.007458872139977757
L-SHADE,Schwefel,30,6,0.0241045856182609
L-SHADE,Schwefel,30,7,0.05310624417870713
L-SHADE,Schwefel,30,8,0.10505209885559452
L-SHADE,Schwefel,30,9,0.15446099424116255
L-SHADE,Schwefel,30,10,0.03892071751579351
L-SHADE,Schwefel,30,11,0.34349345355622063
L-SHADE,Schwefel,30,12,0.08276104455762834
L-SHADE,Schwefel,30,13,0.09063575212348951
L-SHADE,Schwefel,30,14,0.03578579495660961
L-SHADE,Zakharov,30,0,2.6400886183443965e-09
L-SHADE,Zakharov,30,1,3.1870981369765356e-09
L-SHADE,Zakharov,30,2,1.7612188775354925e-09
L-SHADE,Zakharov,30,3,1.4851958967024992e-09
L-SHADE,Zakharov,30,4,3.7918978731713145e-10
L-SHADE,Zakharov,30,5,1.1409751451143675e-09
L-SHADE,Zakharov,30,6,7.576817643907081e-10
L-SHADE,Zakharov,30,7,2.5034074891701266e-10
L-SHADE,Zakharov,30,8,8.578900642658734e-10
L-SHADE,Zakharov,30,9,8.162414059719166e-11
L-SHADE,Zakharov,30,10,7.671685055492796e-09
L-SHADE,Zakharov,30,11,3.61410823406744e-10
L-SHADE,Zakharov,30,12,2.147676261840661e-10
L-SHADE,Zakharov,30,13,5.2328342656975774e-09
L-SHADE,Zakharov,30,14,1.3937359918659459e-09
jSO,Ackley,30,0,8.815170815523743e-13
jSO,Ackley,30,1,4.303224443447107e-13
jSO,Ackley,30,2,7.505107646466058e-14
jSO,Ackley,30,3,1.1550760348200129e-12
jSO,Ackley,30,4,2.8821389719269064e-13
jSO,Ackley,30,5,2.313704783318826e-13
jSO,Ackley,30,6,1.1057821325266559e-13
jSO,Ackley,30,7,1.745270594710746e-13
jSO,Ackley,30,8,1.745270594710746e-13
jSO,Ackley,30,9,2.349231920106831e-13
jSO,Ackley,30,10,1.1057821325266559e-13
jSO,Ackley,30,11,8.317790900491673e-13
jSO,Ackley,30,12,1.7128520823916915e-12
jSO,Ackley,30,13,5.155875726359227e-13
jSO,Ackley,30,14,5.262457136723242e-13
jSO,BentCigar,30,0,1.361681213106249e-16
jSO,BentCigar,30,1,5.624005502264454e-17
jSO,BentCigar,30,2,9.18949205403215e-17
jSO,BentCigar,30,3,1.7338443292089206e-18
jSO,BentCigar,30,4,5.547584120571929e-17
jSO,BentCigar,30,5,9.360619416827974e-19
jSO,BentCigar,30,6,1.1528328679542215e-18
jSO,BentCigar,30,7,9.064543741348921e-18
jSO,BentCigar,30,8,7.124859062102994e-17
jSO,BentCigar,30,9,4.0676148197523045e-16
jSO,BentCigar,30,10,5.194241599714875e-18
jSO,BentCigar,30,11,7.123769770135514e-19
jSO,BentCigar,30,12,1.3612707177587562e-19
jSO,BentCigar,30,13,9.966321177906903e-18
jSO,BentCigar,30,14,2.5542867099128393e-18
jSO,Composition,30,0,3.359534872519952e-13
jSO,Composition,30,1,4.922728891197018e-13
jSO,Composition,30,2,3.53717055646042e-13
jSO,Composition,30,3,3.714806240400925e-13
jSO,Composition,30,4,1.584732345359358e-12
jSO,Composition,30,5,1.4055423491761754e-13
jSO,Composition,30,6,4.0700776082819964e-13
jSO,Composition,30,7,2.648992136758254e-13
jSO,Composition,30,8,2.151612221725294e-13
jSO,Composition,30,9,5.722089468930324e-13
jSO,Composition,30,10,3.803624082371203e-13
jSO,Composition,30,11,1.796340853844708e-13
jSO,Composition,30,12,2.453592884423824e-13
jSO,Composition,30,13,5.633271626959904e-13
jSO,Composition,30,14,2.435829316029807e-13
jSO,DynamicSphere,30,0,1.0251258675223887
jSO,DynamicSphere,30,1,1.2887387391536433
jSO,DynamicSphere,30,2,1.2118978523293558
jSO,DynamicSphere,30,3,1.2508364170419701
jSO,DynamicSphere,30,4,0.6926232512132624
jSO,DynamicSphere,30,5,1.040966378926618
jSO,DynamicSphere,30,6,1.0933492125299444
jSO,DynamicSphere,30,7,0.8684532976753766
jSO,DynamicSphere,30,8,1.0431898367268186
jSO,DynamicSphere,30,9,1.5063640337369806
jSO,DynamicSphere,30,10,1.294535011921086
jSO,DynamicSphere,30,11,1.2048353390065059
jSO,DynamicSphere,30,12,1.6438395702963975
jSO,DynamicSphere,30,13,0.9927739500017223
jSO,DynamicSphere,30,14,0.9812819763750213
jSO,Griewank,30,0,0.0
jSO,Griewank,30,1,0.0
jSO,Griewank,30,2,0.0
jSO,Griewank,30,3,0.0
jSO,Griewank,30,4,0.0
jSO,Griewank,30,5,0.0
jSO,Griewank,30,6,0.0
jSO,Griewank,30,7,0.0
jSO,Griewank,30,8,0.0
jSO,Griewank,30,9,0.0
jSO,Griewank,30,10,0.0
jSO,Griewank,30,11,0.0
jSO,Griewank,30,12,0.0
jSO,Griewank,30,13,0.0
jSO,Griewank,30,14,0.0
jSO,Levy,30,0,1.903896714559949e-24
jSO,Levy,30,1,3.719849176979168e-25
jSO,Levy,30,2,1.0062424975430347e-24
jSO,Levy,30,3,1.5132149496510322e-25
jSO,Levy,30,4,3.8948515812574846e-24
jSO,Levy,30,5,1.05397861272814e-25
jSO,Levy,30,6,1.7078635677329477e-25
jSO,Levy,30,7,6.091627372155408e-25
jSO,Levy,30,8,1.3441496091817386e-25
jSO,Levy,30,9,1.8044626495759986e-25
jSO,Levy,30,10,6.717677236716187e-25
jSO,Levy,30,11,1.2877079003657653e-25
jSO,Levy,30,12,2.5858384219875393e-25
jSO,Levy,30,13,9.539455011672953e-26
jSO,Levy,30,14,2.1060587695898437e-25
jSO,NoisyRastrigin,30,0,4.529922051836847
jSO,NoisyRastrigin,30,1,2.9995211269426285
jSO,NoisyRastrigin,30,2,4.134091315359777
jSO,NoisyRastrigin,30,3,3.8983451952845876
jSO,NoisyRastrigin,30,4,5.17095414880316
jSO,NoisyRastrigin,30,5,1.9529617098632173
jSO,NoisyRastrigin,30,6,3.9310879337477758
jSO,NoisyRastrigin,30,7,4.129021397208977
jSO,NoisyRastrigin,30,8,6.132421466970698
jSO,NoisyRastrigin,30,9,5.015113045144609
jSO,NoisyRastrigin,30,10,6.850989029320981
jSO,NoisyRastrigin,30,11,1.1751741375906697
jSO,NoisyRastrigin,30,12,4.200958228225746
jSO,NoisyRastrigin,30,13,7.09870993277036
jSO,NoisyRastrigin,30,14,8.368559598629961
jSO,NoisySphere,30,0,0.007510746785821546
jSO,NoisySphere,30,1,0.007033905914511928
jSO,NoisySphere,30,2,0.007848972403115434
jSO,NoisySphere,30,3,0.005471558157342238
jSO,NoisySphere,30,4,0.005578527057224432
jSO,NoisySphere,30,5,0.011051707064906465
jSO,NoisySphere,30,6,0.014700747395811398
jSO,NoisySphere,30,7,0.010529541809749654
jSO,NoisySphere,30,8,0.007571018679692926
jSO,NoisySphere,30,9,0.010971818174532072
jSO,NoisySphere,30,10,0.007126824541670549
jSO,NoisySphere,30,11,0.008780732221960566
jSO,NoisySphere,30,12,0.014025221003769604
jSO,NoisySphere,30,13,0.006556030860376928
jSO,NoisySphere,30,14,0.01161274303935061
jSO,Rosenbrock,30,0,12.41688105490943
jSO,Rosenbrock,30,1,12.2376987558167
jSO,Rosenbrock,30,2,12.89408847490963
jSO,Rosenbrock,30,3,12.823891269296467
jSO,Rosenbrock,30,4,12.750171927010069
jSO,Rosenbrock,30,5,12.667246399759861
jSO,Rosenbrock,30,6,11.931610700352165
jSO,Rosenbrock,30,7,13.684856224107163
jSO,Rosenbrock,30,8,12.543923292559706
jSO,Rosenbrock,30,9,12.29949554332358
jSO,Rosenbrock,30,10,13.419220073463567
jSO,Rosenbrock,30,11,12.384111695601216
jSO,Rosenbrock,30,12,11.75914359374556
jSO,Rosenbrock,30,13,11.929317503982903
jSO,Rosenbrock,30,14,13.084604886881376
jSO,RotatedElliptic,30,0,254.89856584063966
jSO,RotatedElliptic,30,1,312.26878740469215
jSO,RotatedElliptic,30,2,2133.3225769130845
jSO,RotatedElliptic,30,3,1623.0779087358433
jSO,RotatedElliptic,30,4,247.75096419821764
jSO,RotatedElliptic,30,5,518.1013936619505
jSO,RotatedElliptic,30,6,66.49308870569557
jSO,RotatedElliptic,30,7,204.79122110050042
jSO,RotatedElliptic,30,8,3165.0187700041442
jSO,RotatedElliptic,30,9,567.6038721944141
jSO,RotatedElliptic,30,10,1205.7498749033684
jSO,RotatedElliptic,30,11,109.22663842486648
jSO,RotatedElliptic,30,12,67.08353556858877
jSO,RotatedElliptic,30,13,779.0624198527782
jSO,RotatedElliptic,30,14,1201.6241557335914
jSO,Schwefel,30,0,3.7702991887745156
jSO,Schwefel,30,1,4.552893592759574
jSO,Schwefel,30,2,0.4155575696113374
jSO,Schwefel,30,3,2.9222769302414235
jSO,Schwefel,30,4,0.4848870561399963
jSO,Schwefel,30,5,21.73722249576349
jSO,Schwefel,30,6,3.007869053782997
jSO,Schwefel,30,7,1.0133403158597503
jSO,Schwefel,30,8,2.053158516262556
jSO,Schwefel,30,9,0.9316833441989729
jSO,Schwefel,30,10,6.011260908222539
jSO,Schwefel,30,11,8.376353003583063
jSO,Schwefel,30,12,0.14051645212930453
jSO,Schwefel,30,13,0.39848790963696956
jSO,Schwefel,30,14,2.994181592244786
jSO,Zakharov,30,0,3.259600358814835e-10
jSO,Zakharov,30,1,4.629813501208449e-11
jSO,Zakharov,30,2,2.802221217352911e-10
jSO,Zakharov,30,3,4.5763912046286064e-10
jSO,Zakharov,30,4,2.494707342506397e-10
jSO,Zakharov,30,5,6.787659416686145e-10
jSO,Zakharov,30,6,2.2525478602049343e-10
jSO,Zakharov,30,7,1.6024528227771712e-10
jSO,Zakharov,30,8,1.0328510838760501e-09
jSO,Zakharov,30,9,6.934791477555058e-10
jSO,Zakharov,30,10,3.095465349358685e-11
jSO,Zakharov,30,11,5.724284742195267e-10
jSO,Zakharov,30,12,1.9257692258498843e-10
jSO,Zakharov,30,13,3.034969860429773e-09
jSO,Zakharov,30,14,1.919857042387524e-09
LSHADE-cnEpSin,Ackley,30,0,4.836131495267182e-13
LSHADE-cnEpSin,Ackley,30,1,1.0946799022804043e-12
LSHADE-cnEpSin,Ackley,30,2,5.475619957451272e-13
LSHADE-cnEpSin,Ackley,30,3,2.5623947408348613e-13
LSHADE-cnEpSin,Ackley,30,4,3.0242475190789264e-13
LSHADE-cnEpSin,Ackley,30,5,2.1715962361668062e-13
LSHADE-cnEpSin,Ackley,30,6,1.1088907569956064e-12
LSHADE-cnEpSin,Ackley,30,7,7.145395386487507e-13
LSHADE-cnEpSin,Ackley,30,8,2.9172220195050613e-12
LSHADE-cnEpSin,Ackley,30,9,1.745270594710746e-13
LSHADE-cnEpSin,Ackley,30,10,1.780797731498751e-13
LSHADE-cnEpSin,Ackley,30,11,1.816324868286756e-13
LSHADE-cnEpSin,Ackley,30,12,1.1124434706744069e-12
LSHADE-cnEpSin,Ackley,30,13,5.901945598907332e-13
LSHADE-cnEpSin,Ackley,30,14,1.63113966777928e-12
LSHADE-cnEpSin,BentCigar,30,0,3.807600463835219e-17
LSHADE-cnEpSin,BentCigar,30,1,1.18715300211136e-16
LSHADE-cnEpSin,BentCigar,30,2,1.3238515182002503e-17
LSHADE-cnEpSin,BentCigar,30,3,2.5483656503601923e-17
LSHADE-cnEpSin,BentCigar,30,4,1.9545112307456984e-15
LSHADE-cnEpSin,BentCigar,30,5,6.432390391096679e-18
LSHADE-cnEpSin,BentCigar,30,6,2.7772796161224813e-16
LSHADE-cnEpSin,BentCigar,30,7,5.274300515193547e-16
LSHADE-cnEpSin,BentCigar,30,8,1.3639560080362879e-17
LSHADE-cnEpSin,BentCigar,30,9,1.3317784464246363e-15
LSHADE-cnEpSin,BentCigar,30,10,1.2042210621563713e-17
LSHADE-cnEpSin,BentCigar,30,11,9.454959190665788e-17
LSHADE-cnEpSin,BentCigar,30,12,8.247304584249574e-18
LSHADE-cnEpSin,BentCigar,30,13,4.954139203965446e-18
LSHADE-cnEpSin,BentCigar,30,14,2.5394936034618e-17
LSHADE-cnEpSin,Composition,30,0,2.986499936245011e-13
LSHADE-cnEpSin,Composition,30,1,4.443112544557254e-13
LSHADE-cnEpSin,Composition,30,2,7.07212066688094e-13
LSHADE-cnEpSin,Composition,30,3,1.909805646973872e-12
LSHADE-cnEpSin,Composition,30,4,2.1105339698291124e-12
LSHADE-cnEpSin,Composition,30,5,1.1939338406872428e-12
LSHADE-cnEpSin,Composition,30,6,2.4713564528179047e-13
LSHADE-cnEpSin,Composition,30,7,3.0575542098211733e-13
LSHADE-cnEpSin,Composition,30,8,4.549693954921628e-13
LSHADE-cnEpSin,Composition,30,9,4.1588954502523265e-13
LSHADE-cnEpSin,Composition,30,10,6.166178678782364e-13
LSHADE-cnEpSin,Composition,30,11,4.869438186014808e-13
LSHADE-cnEpSin,Composition,30,12,4.1944225870404375e-13
LSHADE-cnEpSin,Composition,30,13,2.206457239158311e-12
LSHADE-cnEpSin,Composition,30,14,6.770140004181403e-13
LSHADE-cnEpSin,DynamicSphere,30,0,0.7559960667770101
LSHADE-cnEpSin,DynamicSphere,30,1,0.5528120312169164
LSHADE-cnEpSin,DynamicSphere,30,2,1.610543961620495
LSHADE-cnEpSin,DynamicSphere,30,3,0.8725485674150246
LSHADE-cnEpSin,DynamicSphere,30,4,0.4383129990422852
LSHADE-cnEpSin,DynamicSphere,30,5,1.2935537964117338
LSHADE-cnEpSin,DynamicSphere,30,6,0.7344933173259786
LSHADE-cnEpSin,DynamicSphere,30,7,1.3991644116250743
LSHADE-cnEpSin,DynamicSphere,30,8,0.8028663941796932
LSHADE-cnEpSin,DynamicSphere,30,9,0.8581764032971227
LSHADE-cnEpSin,DynamicSphere,30,10,0.8397656509503946
LSHADE-cnEpSin,DynamicSphere,30,11,0.8396557657000949
LSHADE-cnEpSin,DynamicSphere,30,12,1.022192469846578
LSHADE-cnEpSin,DynamicSphere,30,13,0.962612880281896
LSHADE-cnEpSin,DynamicSphere,30,14,0.7876517857058285
LSHADE-cnEpSin,Griewank,30,0,0.0
LSHADE-cnEpSin,Griewank,30,1,0.0
LSHADE-cnEpSin,Griewank,30,2,0.0
LSHADE-cnEpSin,Griewank,30,3,0.0
LSHADE-cnEpSin,Griewank,30,4,0.0
LSHADE-cnEpSin,Griewank,30,5,0.0
LSHADE-cnEpSin,Griewank,30,6,0.0
LSHADE-cnEpSin,Griewank,30,7,0.0
LSHADE-cnEpSin,Griewank,30,8,0.0
LSHADE-cnEpSin,Griewank,30,9,0.0
LSHADE-cnEpSin,Griewank,30,10,0.0
LSHADE-cnEpSin,Griewank,30,11,0.0
LSHADE-cnEpSin,Griewank,30,12,0.0
LSHADE-cnEpSin,Griewank,30,13,0.0
LSHADE-cnEpSin,Griewank,30,14,0.0
LSHADE-cnEpSin,Levy,30,0,6.50703013422621e-27
LSHADE-cnEpSin,Levy,30,1,1.877347476259892e-26
LSHADE-cnEpSin,Levy,30,2,2.3939368543049322e-26
LSHADE-cnEpSin,Levy,30,3,8.899682894338814e-25
LSHADE-cnEpSin,Levy,30,4,4.364826942159174e-24
LSHADE-cnEpSin,Levy,30,5,1.681090143704176e-26
LSHADE-cnEpSin,Levy,30,6,3.4078159467919386e-24
LSHADE-cnEpSin,Levy,30,7,7.238523713233144e-25
LSHADE-cnEpSin,Levy,30,8,1.5851503702386877e-25
LSHADE-cnEpSin,Levy,30,9,1.20253253900977e-25
LSHADE-cnEpSin,Levy,30,10,1.4979781565314882e-24
LSHADE-cnEpSin,Levy,30,11,9.702181890309487e-26
LSHADE-cnEpSin,Levy,30,12,1.7765163657763797e-25
LSHADE-cnEpSin,Levy,30,13,5.166265986035011e-25
LSHADE-cnEpSin,Levy,30,14,3.5178596342082863e-26
LSHADE-cnEpSin,NoisyRastrigin,30,0,3.9332328038498225
LSHADE-cnEpSin,NoisyRastrigin,30,1,3.2796673911881893
LSHADE-cnEpSin,NoisyRastrigin,30,2,5.2172714320732805
LSHADE-cnEpSin,NoisyRastrigin,30,3,4.718306374490625
LSHADE-cnEpSin,NoisyRastrigin,30,4,4.264889033555292
LSHADE-cnEpSin,NoisyRastrigin,30,5,3.1475712586141995
LSHADE-cnEpSin,NoisyRastrigin,30,6,6.704156005353257
LSHADE-cnEpSin,NoisyRastrigin,30,7,5.441225913931749
LSHADE-cnEpSin,NoisyRastrigin,30,8,5.330386931342396
LSHADE-cnEpSin,NoisyRastrigin,30,9,3.494206013366277
LSHADE-cnEpSin,NoisyRastrigin,30,10,5.472030949476089
LSHADE-cnEpSin,NoisyRastrigin,30,11,2.317904796184905
LSHADE-cnEpSin,NoisyRastrigin,30,12,3.0554642254426696
LSHADE-cnEpSin,NoisyRastrigin,30,13,4.010303185521444
LSHADE-cnEpSin,NoisyRastrigin,30,14,5.00751050557229
LSHADE-cnEpSin,NoisySphere,30,0,0.014531139564273163
LSHADE-cnEpSin,NoisySphere,30,1,0.012258957226688754
LSHADE-cnEpSin,NoisySphere,30,2,0.009568830061274323
LSHADE-cnEpSin,NoisySphere,30,3,0.006209284878512766
LSHADE-cnEpSin,NoisySphere,30,4,0.0080455774979081
LSHADE-cnEpSin,NoisySphere,30,5,0.00731396484530909
LSHADE-cnEpSin,NoisySphere,30,6,0.010692912687614884
LSHADE-cnEpSin,NoisySphere,30,7,0.010496608500494374
LSHADE-cnEpSin,NoisySphere,30,8,0.007758969287240563
LSHADE-cnEpSin,NoisySphere,30,9,0.008956311204861553
LSHADE-cnEpSin,NoisySphere,30,10,0.008324023923798557
LSHADE-cnEpSin,NoisySphere,30,11,0.007816004970721418
LSHADE-cnEpSin,NoisySphere,30,12,0.010107889126777531
LSHADE-cnEpSin,NoisySphere,30,13,0.005897246295959475
LSHADE-cnEpSin,NoisySphere,30,14,0.011646379642882183
LSHADE-cnEpSin,Rosenbrock,30,0,13.437798223729317
LSHADE-cnEpSin,Rosenbrock,30,1,13.06849203475064
LSHADE-cnEpSin,Rosenbrock,30,2,14.04595332136217
LSHADE-cnEpSin,Rosenbrock,30,3,13.604735248499257
LSHADE-cnEpSin,Rosenbrock,30,4,11.64665084586128
LSHADE-cnEpSin,Rosenbrock,30,5,14.279990965398138
LSHADE-cnEpSin,Rosenbrock,30,6,14.080712907253593
LSHADE-cnEpSin,Rosenbrock,30,7,12.434202769821859
LSHADE-cnEpSin,Rosenbrock,30,8,12.753843595701323
LSHADE-cnEpSin,Rosenbrock,30,9,12.226713382787423
LSHADE-cnEpSin,Rosenbrock,30,10,13.299079627751006
LSHADE-cnEpSin,Rosenbrock,30,11,14.55144046770614
LSHADE-cnEpSin,Rosenbrock,30,12,11.990218894261394
LSHADE-cnEpSin,Rosenbrock,30,13,14.845673299632896
LSHADE-cnEpSin,Rosenbrock,30,14,12.187230419810488
LSHADE-cnEpSin,RotatedElliptic,30,0,0.5977487011490155
LSHADE-cnEpSin,RotatedElliptic,30,1,0.03348537426572311
LSHADE-cnEpSin,RotatedElliptic,30,2,1.6191423209662466
LSHADE-cnEpSin,RotatedElliptic,30,3,0.03832314558823801
LSHADE-cnEpSin,RotatedElliptic,30,4,3.4542799460957725
LSHADE-cnEpSin,RotatedElliptic,30,5,4.956423186347721
LSHADE-cnEpSin,RotatedElliptic,30,6,0.35858621703831467
LSHADE-cnEpSin,RotatedElliptic,30,7,0.020605831880545322
LSHADE-cnEpSin,RotatedElliptic,30,8,113.71194515990362
LSHADE-cnEpSin,RotatedElliptic,30,9,0.02672518731341979
LSHADE-cnEpSin,RotatedElliptic,30,10,0.4219303789274817
LSHADE-cnEpSin,RotatedElliptic,30,11,0.01375907571840854
LSHADE-cnEpSin,RotatedElliptic,30,12,0.8479661806350697
LSHADE-cnEpSin,RotatedElliptic,30,13,0.051011827792437674
LSHADE-cnEpSin,RotatedElliptic,30,14,0.17245996269868896
LSHADE-cnEpSin,Schwefel,30,0,161.6413766659207
LSHADE-cnEpSin,Schwefel,30,1,10.939912199321043
LSHADE-cnEpSin,Schwefel,30,2,0.9552352264508954
LSHADE-cnEpSin,Schwefel,30,3,5.482860976144366
LSHADE-cnEpSin,Schwefel,30,4,49.69522399930247
LSHADE-cnEpSin,Schwefel,30,5,8.839887198775614
LSHADE-cnEpSin,Schwefel,30,6,3.6715676267285744
LSHADE-cnEpSin,Schwefel,30,7,9.274340776186364
LSHADE-cnEpSin,Schwefel,30,8,0.3213388458098052
LSHADE-cnEpSin,Schwefel,30,9,1.8266665858918714
LSHADE-cnEpSin,Schwefel,30,10,3.7766357834461814
LSHADE-cnEpSin,Schwefel,30,11,6.1703738740616245
LSHADE-cnEpSin,Schwefel,30,12,2.235126295092414
LSHADE-cnEpSin,Schwefel,30,13,12.04921389141964
LSHADE-cnEpSin,Schwefel,30,14,2.806049873403026
LSHADE-cnEpSin,Zakharov,30,0,3.270667834810404e-13
LSHADE-cnEpSin,Zakharov,30,1,3.575147603850181e-12
LSHADE-cnEpSin,Zakharov,30,2,3.388120585106394e-13
LSHADE-cnEpSin,Zakharov,30,3,1.0679876301177113e-12
LSHADE-cnEpSin,Zakharov,30,4,7.132546633272393e-14
LSHADE-cnEpSin,Zakharov,30,5,1.4761106587619246e-12
LSHADE-cnEpSin,Zakharov,30,6,4.958285974048098e-12
LSHADE-cnEpSin,Zakharov,30,7,7.214772752596347e-14
LSHADE-cnEpSin,Zakharov,30,8,4.475827367157824e-13
LSHADE-cnEpSin,Zakharov,30,9,1.0482410444424235e-12
LSHADE-cnEpSin,Zakharov,30,10,8.781424579676097e-14
LSHADE-cnEpSin,Zakharov,30,11,5.291886034489113e-14
LSHADE-cnEpSin,Zakharov,30,12,2.7303787272656954e-12
LSHADE-cnEpSin,Zakharov,30,13,4.3000182688293416e-12
LSHADE-cnEpSin,Zakharov,30,14,7.471082085000155e-13
CMA-ES,Ackley,30,0,7.549516567451064e-15
CMA-ES,Ackley,30,1,7.711052426840952
CMA-ES,Ackley,30,2,5.497445946270577
CMA-ES,Ackley,30,3,12.889276420520872
CMA-ES,Ackley,30,4,8.052841597647351
CMA-ES,Ackley,30,5,4.533418145905291
CMA-ES,Ackley,30,6,11.321296853897996
CMA-ES,Ackley,30,7,7.549516567451064e-15
CMA-ES,Ackley,30,8,6.604982566975014
CMA-ES,Ackley,30,9,8.79004358972281
CMA-ES,Ackley,30,10,10.540282630738371
CMA-ES,Ackley,30,11,7.98268677511453
CMA-ES,Ackley,30,12,8.95711297136446
CMA-ES,Ackley,30,13,10.67262770641577
CMA-ES,Ackley,30,14,7.549516567451064e-15
CMA-ES,BentCigar,30,0,3823397598.6155925
CMA-ES,BentCigar,30,1,536574554.7376314
CMA-ES,BentCigar,30,2,2300656372.1416335
CMA-ES,BentCigar,30,3,0.0
CMA-ES,BentCigar,30,4,0.0
CMA-ES,BentCigar,30,5,0.0
CMA-ES,BentCigar,30,6,0.0
CMA-ES,BentCigar,30,7,890874282.8634537
CMA-ES,BentCigar,30,8,1.9199493137634385e-23
CMA-ES,BentCigar,30,9,536574554.7376314
CMA-ES,BentCigar,30,10,890874282.8634537
CMA-ES,BentCigar,30,11,829145989.3448821
CMA-ES,BentCigar,30,12,0.0
CMA-ES,BentCigar,30,13,1.3467977687957716e-22
CMA-ES,BentCigar,30,14,0.0
CMA-ES,Composition,30,0,2.220446049250313e-16
CMA-ES,Composition,30,1,2.220446049250313e-16
CMA-ES,Composition,30,2,2.220446049250313e-16
CMA-ES,Composition,30,3,2.220446049250313e-16
CMA-ES,Composition,30,4,2.220446049250313e-16
CMA-ES,Composition,30,5,2.220446049250313e-16
CMA-ES,Composition,30,6,1000.9225095641498
CMA-ES,Composition,30,7,939.828895176962
CMA-ES,Composition,30,8,2.220446049250313e-16
CMA-ES,Composition,30,9,807.5777818682378
CMA-ES,Composition,30,10,884.3562662102881
CMA-ES,Composition,30,11,2.220446049250313e-16
CMA-ES,Composition,30,12,2.220446049250313e-16
CMA-ES,Composition,30,13,2.220446049250313e-16
CMA-ES,Composition,30,14,2.220446049250313e-16
CMA-ES,DynamicSphere,30,0,706.9946958835864
CMA-ES,DynamicSphere,30,1,1247.023385029599
CMA-ES,DynamicSphere,30,2,0.019348480960577244
CMA-ES,DynamicSphere,30,3,0.012212652251922107
CMA-ES,DynamicSphere,30,4,0.011701192311379616
CMA-ES,DynamicSphere,30,5,906.8554722237805
CMA-ES,DynamicSphere,30,6,0.01047119034798958
CMA-ES,DynamicSphere,30,7,2245.58015858166
CMA-ES,DynamicSphere,30,8,3454.1512780999187
CMA-ES,DynamicSphere,30,9,0.009344882142991588
CMA-ES,DynamicSphere,30,10,0.011777713482372398
CMA-ES,DynamicSphere,30,11,706.9672585124564
CMA-ES,DynamicSphere,30,12,540.0525569673969
CMA-ES,DynamicSphere,30,13,2159.1531399672763
CMA-ES,DynamicSphere,30,14,1246.9073887006616
CMA-ES,Griewank,30,0,5.891128913454804
CMA-ES,Griewank,30,1,24.82991196332534
CMA-ES,Griewank,30,2,30.43894532296194
CMA-ES,Griewank,30,3,5.891128913454804
CMA-ES,Griewank,30,4,0.014779776754825669
CMA-ES,Griewank,30,5,17.776994691742896
CMA-ES,Griewank,30,6,5.89329232275681
CMA-ES,Griewank,30,7,0.012316072519261478
CMA-ES,Griewank,30,8,0.0
CMA-ES,Griewank,30,9,0.0
CMA-ES,Griewank,30,10,0.0
CMA-ES,Griewank,30,11,7.175953262463528
CMA-ES,Griewank,30,12,5.891128913454804
CMA-ES,Griewank,30,13,0.0
CMA-ES,Griewank,30,14,0.0
CMA-ES,Levy,30,0,6.82345318189189
CMA-ES,Levy,30,1,6.788387259986936
CMA-ES,Levy,30,2,21.811025040074274
CMA-ES,Levy,30,3,17.856311759648992
CMA-ES,Levy,30,4,1.9421563567317066
CMA-ES,Levy,30,5,15.07707724995325
CMA-ES,Levy,30,6,10.282072607480856
CMA-ES,Levy,30,7,5.226006266188164
CMA-ES,Levy,30,8,21.630185608151216
CMA-ES,Levy,30,9,0.2685847512493228
CMA-ES,Levy,30,10,15.62860400069719
CMA-ES,Levy,30,11,1.0206718754404769
CMA-ES,Levy,30,12,20.329367535448153
CMA-ES,Levy,30,13,12.14556157780515
CMA-ES,Levy,30,14,19.12050731277345
CMA-ES,NoisyRastrigin,30,0,89.3508726923232
CMA-ES,NoisyRastrigin,30,1,128.03998439092572
CMA-ES,NoisyRastrigin,30,2,105.91573632996392
CMA-ES,NoisyRastrigin,30,3,64.49958616708926
CMA-ES,NoisyRastrigin,30,4,62.3648500403776
CMA-ES,NoisyRastrigin,30,5,76.82056553658872
CMA-ES,NoisyRastrigin,30,6,76.05009220516712
CMA-ES,NoisyRastrigin,30,7,56.16029190658828
CMA-ES,NoisyRastrigin,30,8,78.37411043228649
CMA-ES,NoisyRastrigin,30,9,60.19102500334124
CMA-ES,NoisyRastrigin,30,10,75.97259719211078
CMA-ES,NoisyRastrigin,30,11,61.053359553178126
CMA-ES,NoisyRastrigin,30,12,117.34579351893713
CMA-ES,NoisyRastrigin,30,13,88.60878014669132
CMA-ES,NoisyRastrigin,30,14,82.79303255975003
CMA-ES,NoisySphere,30,0,1313.7814058982854
CMA-ES,NoisySphere,30,1,0.16487827889207088
CMA-ES,NoisySphere,30,2,0.15671689550050605
CMA-ES,NoisySphere,30,3,3105.073540466301
CMA-ES,NoisySphere,30,4,0.18357998247445328
CMA-ES,NoisySphere,30,5,705.1281338751062
CMA-ES,NoisySphere,30,6,566.9280737512938
CMA-ES,NoisySphere,30,7,1781.2114176705816
CMA-ES,NoisySphere,30,8,1356.0970165192189
CMA-ES,NoisySphere,30,9,566.881507211032
CMA-ES,NoisySphere,30,10,2332.3402660668735
CMA-ES,NoisySphere,30,11,0.15008236070920483
CMA-ES,NoisySphere,30,12,0.15610119795272448
CMA-ES,NoisySphere,30,13,1044.2822602469817
CMA-ES,NoisySphere,30,14,1175.6224574972925
CMA-ES,Rosenbrock,30,0,505406.72077195265
CMA-ES,Rosenbrock,30,1,107344.75224261635
CMA-ES,Rosenbrock,30,2,9.328773242304228e-28
CMA-ES,Rosenbrock,30,3,1.2315942971343318e-26
CMA-ES,Rosenbrock,30,4,2.4701207094732932e-29
CMA-ES,Rosenbrock,30,5,195212.9035550794
CMA-ES,Rosenbrock,30,6,8.662185777392473e-28
CMA-ES,Rosenbrock,30,7,946929.4148129241
CMA-ES,Rosenbrock,30,8,2.1607146713036395e-26
CMA-ES,Rosenbrock,30,9,145739.64334902808
CMA-ES,Rosenbrock,30,10,1.5260514211500473e-27
CMA-ES,Rosenbrock,30,11,4.93324027841275e-27
CMA-ES,Rosenbrock,30,12,358499.27495982096
CMA-ES,Rosenbrock,30,13,544002.8533877978
CMA-ES,Rosenbrock,30,14,4.917610971728059e-27
CMA-ES,RotatedElliptic,30,0,381805.21898296993
CMA-ES,RotatedElliptic,30,1,3100753.3929856448
CMA-ES,RotatedElliptic,30,2,1385373.6433904679
CMA-ES,RotatedElliptic,30,3,1258868.914683095
CMA-ES,RotatedElliptic,30,4,1149925.1005820872
CMA-ES,RotatedElliptic,30,5,1098706.614986689
CMA-ES,RotatedElliptic,30,6,3365584.351730579
CMA-ES,RotatedElliptic,30,7,413057.72661928437
CMA-ES,RotatedElliptic,30,8,2376128.399530943
CMA-ES,RotatedElliptic,30,9,36655.84911707346
CMA-ES,RotatedElliptic,30,10,14163649.538609678
CMA-ES,RotatedElliptic,30,11,6686206.656444495
CMA-ES,RotatedElliptic,30,12,215482.94810541408
CMA-ES,RotatedElliptic,30,13,141438.50133127786
CMA-ES,RotatedElliptic,30,14,4148992.079920966
CMA-ES,Schwefel,30,0,4530.20922673539
CMA-ES,Schwefel,30,1,5326.8857222343595
CMA-ES,Schwefel,30,2,5610.685761675674
CMA-ES,Schwefel,30,3,5639.856779770834
CMA-ES,Schwefel,30,4,5129.439004171804
CMA-ES,Schwefel,30,5,5217.187138393881
CMA-ES,Schwefel,30,6,5052.021920793591
CMA-ES,Schwefel,30,7,5762.592951443072
CMA-ES,Schwefel,30,8,5821.834143005433
CMA-ES,Schwefel,30,9,5700.384515875538
CMA-ES,Schwefel,30,10,5944.571973386776
CMA-ES,Schwefel,30,11,5582.625184994833
CMA-ES,Schwefel,30,12,5310.141502340217
CMA-ES,Schwefel,30,13,3528.879917182747
CMA-ES,Schwefel,30,14,5266.068494122685
CMA-ES,Zakharov,30,0,10.338165755231081
CMA-ES,Zakharov,30,1,6.860008387511783e-29
CMA-ES,Zakharov,30,2,5.989179903857651e-29
CMA-ES,Zakharov,30,3,9.221660722517187e-29
CMA-ES,Zakharov,30,4,7.727447234463794e-29
CMA-ES,Zakharov,30,5,6.491847619342719e-29
CMA-ES,Zakharov,30,6,6.929650014300826e-29
CMA-ES,Zakharov,30,7,5.180674513203889e-29
CMA-ES,Zakharov,30,8,6.09689045222909
CMA-ES,Zakharov,30,9,7.015007229436068e-29
CMA-ES,Zakharov,30,10,9.881792470255356e-29
CMA-ES,Zakharov,30,11,6.995362744003318e-29
CMA-ES,Zakharov,30,12,6.85322911410754e-29
CMA-ES,Zakharov,30,13,7.639701866197512e-29
CMA-ES,Zakharov,30,14,7.299197452029848e-29
SHADE,Ackley,30,0,3.9968028886505635e-15
SHADE,Ackley,30,1,3.9968028886505635e-15
SHADE,Ackley,30,2,7.549516567451064e-15
SHADE,Ackley,30,3,3.9968028886505635e-15
SHADE,Ackley,30,4,7.549516567451064e-15
SHADE,Ackley,30,5,7.549516567451064e-15
SHADE,Ackley,30,6,7.549516567451064e-15
SHADE,Ackley,30,7,7.549516567451064e-15
SHADE,Ackley,30,8,7.549516567451064e-15
SHADE,Ackley,30,9,7.549516567451064e-15
SHADE,Ackley,30,10,7.549516567451064e-15
SHADE,Ackley,30,11,7.549516567451064e-15
SHADE,Ackley,30,12,7.549516567451064e-15
SHADE,Ackley,30,13,7.549516567451064e-15
SHADE,Ackley,30,14,7.549516567451064e-15
SHADE,BentCigar,30,0,0.0
SHADE,BentCigar,30,1,0.0
SHADE,BentCigar,30,2,0.0
SHADE,BentCigar,30,3,0.0
SHADE,BentCigar,30,4,0.0
SHADE,BentCigar,30,5,0.0
SHADE,BentCigar,30,6,0.0
SHADE,BentCigar,30,7,0.0
SHADE,BentCigar,30,8,0.0
SHADE,BentCigar,30,9,0.0
SHADE,BentCigar,30,10,0.0
SHADE,BentCigar,30,11,0.0
SHADE,BentCigar,30,12,0.0
SHADE,BentCigar,30,13,0.0
SHADE,BentCigar,30,14,0.0
SHADE,Composition,30,0,2.220446049250313e-16
SHADE,Composition,30,1,2.220446049250313e-16
SHADE,Composition,30,2,2.220446049250313e-16
SHADE,Composition,30,3,2.220446049250313e-16
SHADE,Composition,30,4,2.220446049250313e-16
SHADE,Composition,30,5,2.220446049250313e-16
SHADE,Composition,30,6,2.220446049250313e-16
SHADE,Composition,30,7,2.220446049250313e-16
SHADE,Composition,30,8,2.220446049250313e-16
SHADE,Composition,30,9,2.220446049250313e-16
SHADE,Composition,30,10,2.220446049250313e-16
SHADE,Composition,30,11,2.220446049250313e-16
SHADE,Composition,30,12,2.220446049250313e-16
SHADE,Composition,30,13,2.220446049250313e-16
SHADE,Composition,30,14,2.220446049250313e-16
SHADE,DynamicSphere,30,0,1.9314717396260337
SHADE,DynamicSphere,30,1,1.3502695097985522
SHADE,DynamicSphere,30,2,2.4387699058121344
SHADE,DynamicSphere,30,3,2.3234621000960356
SHADE,DynamicSphere,30,4,2.169610586838542
SHADE,DynamicSphere,30,5,1.673609272028075
SHADE,DynamicSphere,30,6,2.345048930898461
SHADE,DynamicSphere,30,7,2.123039489518795
SHADE,DynamicSphere,30,8,1.9391750504863239
SHADE,DynamicSphere,30,9,1.8852388964026037
SHADE,DynamicSphere,30,10,2.260803873814934
SHADE,DynamicSphere,30,11,1.6869974528882594
SHADE,DynamicSphere,30,12,2.3698307380434764
SHADE,DynamicSphere,30,13,1.9733989571501551
SHADE,DynamicSphere,30,14,2.2465661624031483
SHADE,Griewank,30,0,0.0
SHADE,Griewank,30,1,0.0
SHADE,Griewank,30,2,0.0
SHADE,Griewank,30,3,0.0
SHADE,Griewank,30,4,0.0
SHADE,Griewank,30,5,0.0
SHADE,Griewank,30,6,0.0
SHADE,Griewank,30,7,0.0
SHADE,Griewank,30,8,0.0
SHADE,Griewank,30,9,0.0
SHADE,Griewank,30,10,0.0
SHADE,Griewank,30,11,0.0
SHADE,Griewank,30,12,0.0
SHADE,Griewank,30,13,0.0
SHADE,Griewank,30,14,0.0
SHADE,Levy,30,0,1.4997597826618576e-32
SHADE,Levy,30,1,1.4997597826618576e-32
SHADE,Levy,30,2,1.4997597826618576e-32
SHADE,Levy,30,3,1.4997597826618576e-32
SHADE,Levy,30,4,1.4997597826618576e-32
SHADE,Levy,30,5,1.4997597826618576e-32
SHADE,Levy,30,6,1.4997597826618576e-32
SHADE,Levy,30,7,1.4997597826618576e-32
SHADE,Levy,30,8,1.4997597826618576e-32
SHADE,Levy,30,9,1.4997597826618576e-32
SHADE,Levy,30,10,1.4997597826618576e-32
SHADE,Levy,30,11,1.4997597826618576e-32
SHADE,Levy,30,12,1.4997597826618576e-32
SHADE,Levy,30,13,1.4997597826618576e-32
SHADE,Levy,30,14,1.4997597826618576e-32
SHADE,NoisyRastrigin,30,0,12.445699884386833
SHADE,NoisyRastrigin,30,1,15.098296151417278
SHADE,NoisyRastrigin,30,2,13.676719079082126
SHADE,NoisyRastrigin,30,3,11.76117649872647
SHADE,NoisyRastrigin,30,4,12.162971502187593
SHADE,NoisyRastrigin,30,5,10.715104787162588
SHADE,NoisyRastrigin,30,6,15.961047362663924
SHADE,NoisyRastrigin,30,7,12.231433590600908
SHADE,NoisyRastrigin,30,8,12.106922523527503
SHADE,NoisyRastrigin,30,9,15.17577105054302
SHADE,NoisyRastrigin,30,10,13.814954555424316
SHADE,NoisyRastrigin,30,11,13.616346806815487
SHADE,NoisyRastrigin,30,12,12.187342212529769
SHADE,NoisyRastrigin,30,13,11.838811181241343
SHADE,NoisyRastrigin,30,14,11.876618293566018
SHADE,NoisySphere,30,0,0.012162007428114227
SHADE,NoisySphere,30,1,0.006553179280815277
SHADE,NoisySphere,30,2,0.010263213861104781
SHADE,NoisySphere,30,3,0.011509264765748364
SHADE,NoisySphere,30,4,0.012137586493223454
SHADE,NoisySphere,30,5,0.012993855775015908
SHADE,NoisySphere,30,6,0.014347440733933016
SHADE,NoisySphere,30,7,0.010864153963639926
SHADE,NoisySphere,30,8,0.013210523479809036
SHADE,NoisySphere,30,9,0.008305334917080165
SHADE,NoisySphere,30,10,0.014368732513212365
SHADE,NoisySphere,30,11,0.009348543226364107
SHADE,NoisySphere,30,12,0.007644041113548385
SHADE,NoisySphere,30,13,0.013608382708857029
SHADE,NoisySphere,30,14,0.009612175031726036
SHADE,Rosenbrock,30,0,0.5176518921743972
SHADE,Rosenbrock,30,1,0.8733792457915699
SHADE,Rosenbrock,30,2,0.5927366388760421
SHADE,Rosenbrock,30,3,1.0299405653259361
SHADE,Rosenbrock,30,4,0.27219861729830713
SHADE,Rosenbrock,30,5,0.9517601062255381
SHADE,Rosenbrock,30,6,1.7730773017764911
SHADE,Rosenbrock,30,7,0.9738235860327642
SHADE,Rosenbrock,30,8,0.7189128214123252
SHADE,Rosenbrock,30,9,2.295154315658017
SHADE,Rosenbrock,30,10,0.9315612351266866
SHADE,Rosenbrock,30,11,0.004117986594496847
SHADE,Rosenbrock,30,12,0.6901428652603159
SHADE,Rosenbrock,30,13,0.07179496033853565
SHADE,Rosenbrock,30,14,0.47407578052627386
SHADE,RotatedElliptic,30,0,61178.05688433331
SHADE,RotatedElliptic,30,1,80526.64061265199
SHADE,RotatedElliptic,30,2,40836.734810588256
SHADE,RotatedElliptic,30,3,151690.7053369079
SHADE,RotatedElliptic,30,4,118567.61979860422
SHADE,RotatedElliptic,30,5,87599.65956536931
SHADE,RotatedElliptic,30,6,84903.32082866588
SHADE,RotatedElliptic,30,7,47241.04085594845
SHADE,RotatedElliptic,30,8,46510.28537163382
SHADE,RotatedElliptic,30,9,70763.08644467714
SHADE,RotatedElliptic,30,10,238180.55196405106
SHADE,RotatedElliptic,30,11,111790.65953772585
SHADE,RotatedElliptic,30,12,46859.843597525
SHADE,RotatedElliptic,30,13,168384.36558800144
SHADE,RotatedElliptic,30,14,123712.45628185023
SHADE,Schwefel,30,0,0.004409193450555904
SHADE,Schwefel,30,1,1.239885696062629
SHADE,Schwefel,30,2,0.08689338191288698
SHADE,Schwefel,30,3,0.02554881190917513
SHADE,Schwefel,30,4,118.46701619454325
SHADE,Schwefel,30,5,2.9999245647723
SHADE,Schwefel,30,6,29.31228119055777
SHADE,Schwefel,30,7,0.6964430821444694
SHADE,Schwefel,30,8,12.869714467784434
SHADE,Schwefel,30,9,9.425577155081555
SHADE,Schwefel,30,10,0.007597166377308895
SHADE,Schwefel,30,11,0.03179205098786042
SHADE,Schwefel,30,12,0.013297361501827254
SHADE,Schwefel,30,13,0.005026030350563815
SHADE,Schwefel,30,14,0.015606655779265566
SHADE,Zakharov,30,0,3.5534207326857483e-13
SHADE,Zakharov,30,1,6.94236765517269e-12
SHADE,Zakharov,30,2,1.9753710799438167e-12
SHADE,Zakharov,30,3,9.387269930294879e-14
SHADE,Zakharov,30,4,1.214067505141883e-13
SHADE,Zakharov,30,5,7.509370287234598e-13
SHADE,Zakharov,30,6,1.3374906361578582e-13
SHADE,Zakharov,30,7,1.2562369481190749e-11
SHADE,Zakharov,30,8,6.246731367773469e-11
SHADE,Zakharov,30,9,1.3924382311835945e-13
SHADE,Zakharov,30,10,4.692283939913751e-11
SHADE,Zakharov,30,11,1.7825708215811143e-11
SHADE,Zakharov,30,12,4.186792534271735e-14
SHADE,Zakharov,30,13,6.339964262058346e-11
SHADE,Zakharov,30,14,9.596848246773e-14
DE,Ackley,30,0,3.9968028886505635e-15
DE,Ackley,30,1,6.437173016848874e-09
DE,Ackley,30,2,7.549516567451064e-15
DE,Ackley,30,3,3.9968028886505635e-15
DE,Ackley,30,4,3.9968028886505635e-15
DE,Ackley,30,5,3.9968028886505635e-15
DE,Ackley,30,6,3.9968028886505635e-15
DE,Ackley,30,7,7.549516567451064e-15
DE,Ackley,30,8,3.9968028886505635e-15
DE,Ackley,30,9,7.549516567451064e-15
DE,Ackley,30,10,3.9968028886505635e-15
DE,Ackley,30,11,3.9968028886505635e-15
DE,Ackley,30,12,3.9968028886505635e-15
DE,Ackley,30,13,3.9968028886505635e-15
DE,Ackley,30,14,3.9968028886505635e-15
DE,BentCigar,30,0,5.0487097934144756e-23
DE,BentCigar,30,1,2.524354896707238e-22
DE,BentCigar,30,2,5.0487097934144756e-23
DE,BentCigar,30,3,5.0487097934144756e-23
DE,BentCigar,30,4,3.0292258760486853e-22
DE,BentCigar,30,5,4.543838814073028e-22
DE,BentCigar,30,6,4.0389678347315804e-22
DE,BentCigar,30,7,4.67005655890839e-22
DE,BentCigar,30,8,2.0194839173657902e-22
DE,BentCigar,30,9,0.0
DE,BentCigar,30,10,5.048709793414476e-22
DE,BentCigar,30,11,4.0389678347315804e-22
DE,BentCigar,30,12,5.0487097934144756e-23
DE,BentCigar,30,13,2.524354896707238e-22
DE,BentCigar,30,14,2.524354896707238e-22
DE,Composition,30,0,7.327471962526185e-15
DE,Composition,30,1,5.551115123125884e-15
DE,Composition,30,2,7.32747196252626e-15
DE,Composition,30,3,1.998401444325307e-15
DE,Composition,30,4,1.0880185641326963e-14
DE,Composition,30,5,5.551115123125909e-15
DE,Composition,30,6,5.551115123125909e-15
DE,Composition,30,7,9.103828801926536e-15
DE,Composition,30,8,2.220446049250313e-16
DE,Composition,30,9,7.32747196252626e-15
DE,Composition,30,10,2.220446049250313e-16
DE,Composition,30,11,1.998401444325307e-15
DE,Composition,30,12,2.1538326677729678e-14
DE,Composition,30,13,5.551115123125884e-15
DE,Composition,30,14,1.998401444325307e-15
DE,DynamicSphere,30,0,0.8110498615669185
DE,DynamicSphere,30,1,0.45323656301488796
DE,DynamicSphere,30,2,0.0336269529454523
DE,DynamicSphere,30,3,0.4723633238772777
DE,DynamicSphere,30,4,0.32463099944305357
DE,DynamicSphere,30,5,0.32061876891778746
DE,DynamicSphere,30,6,0.1631745362535569
DE,DynamicSphere,30,7,0.5333418516499617
DE,DynamicSphere,30,8,0.19118760815329788
DE,DynamicSphere,30,9,0.9680623511925897
DE,DynamicSphere,30,10,0.16889410520897824
DE,DynamicSphere,30,11,0.6075998075734587
DE,DynamicSphere,30,12,0.2216643375719354
DE,DynamicSphere,30,13,0.38905201655963534
DE,DynamicSphere,30,14,0.8826969937218202
DE,Griewank,30,0,0.014779776754825669
DE,Griewank,30,1,1.1102230246251565e-16
DE,Griewank,30,2,0.0
DE,Griewank,30,3,0.0
DE,Griewank,30,4,0.0
DE,Griewank,30,5,0.007396040334114895
DE,Griewank,30,6,0.0
DE,Griewank,30,7,0.0
DE,Griewank,30,8,0.014779776754825669
DE,Griewank,30,9,0.0
DE,Griewank,30,10,0.0
DE,Griewank,30,11,0.0
DE,Griewank,30,12,0.0
DE,Griewank,30,13,0.0
DE,Griewank,30,14,0.0
DE,Levy,30,0,0.4543240185907736
DE,Levy,30,1,0.5438522690072146
DE,Levy,30,2,0.4543240185907736
DE,Levy,30,3,0.4543240185907736
DE,Levy,30,4,0.4543240185907736
DE,Levy,30,5,0.4543240185907736
DE,Levy,30,6,2.122128241318715e-31
DE,Levy,30,7,0.17905650083288185
DE,Levy,30,8,0.4543240185907736
DE,Levy,30,9,1.375808499882003
DE,Levy,30,10,0.9086480371815472
DE,Levy,30,11,1.7277466680329545
DE,Levy,30,12,1.4997597826618576e-32
DE,Levy,30,13,1.362972055772321
DE,Levy,30,14,0.4543240185907736
DE,NoisyRastrigin,30,0,39.726538060869515
DE,NoisyRastrigin,30,1,39.88901138141814
DE,NoisyRastrigin,30,2,99.01653201415463
DE,NoisyRastrigin,30,3,99.99368497980552
DE,NoisyRastrigin,30,4,130.21954941495216
DE,NoisyRastrigin,30,5,53.23160334711847
DE,NoisyRastrigin,30,6,129.85884320742016
DE,NoisyRastrigin,30,7,43.72402180997736
DE,NoisyRastrigin,30,8,26.03250991618038
DE,NoisyRastrigin,30,9,79.3138578276102
DE,NoisyRastrigin,30,10,19.26794266809374
DE,NoisyRastrigin,30,11,92.82373274170875
DE,NoisyRastrigin,30,12,47.49275155276622
DE,NoisyRastrigin,30,13,50.56985926664857
DE,NoisyRastrigin,30,14,64.70637610068314
DE,NoisySphere,30,0,0.010724723436168735
DE,NoisySphere,30,1,0.01440312869123101
DE,NoisySphere,30,2,0.023704970261319923
DE,NoisySphere,30,3,0.010272547745256147
DE,NoisySphere,30,4,0.01819963368835855
DE,NoisySphere,30,5,0.014035126490349582
DE,NoisySphere,30,6,0.007643237700820602
DE,NoisySphere,30,7,0.01208553080251134
DE,NoisySphere,30,8,0.015317437516480117
DE,NoisySphere,30,9,0.014789381644218386
DE,NoisySphere,30,10,0.015414705240331474
DE,NoisySphere,30,11,0.009534201706887143
DE,NoisySphere,30,12,0.015700141823340202
DE,NoisySphere,30,13,0.012510764691710991
DE,NoisySphere,30,14,0.01374465434687222
DE,Rosenbrock,30,0,25.719054326001643
DE,Rosenbrock,30,1,72.80592233940537
DE,Rosenbrock,30,2,96.78586037992562
DE,Rosenbrock,30,3,23.15937679529949
DE,Rosenbrock,30,4,1.9885811847168702
DE,Rosenbrock,30,5,20.696892177238908
DE,Rosenbrock,30,6,18.730034961146544
DE,Rosenbrock,30,7,26.436222251274746
DE,Rosenbrock,30,8,17.114175664510544
DE,Rosenbrock,30,9,26.80546029805881
DE,Rosenbrock,30,10,20.72063668750946
DE,Rosenbrock,30,11,14.322613809937843
DE,Rosenbrock,30,12,25.94061539615513
DE,Rosenbrock,30,13,79.34897633451911
DE,Rosenbrock,30,14,25.765600685775283
DE,RotatedElliptic,30,0,5832294.708118673
DE,RotatedElliptic,30,1,4963610.51604555
DE,RotatedElliptic,30,2,5149954.132308189
DE,RotatedElliptic,30,3,1741967.4110073037
DE,RotatedElliptic,30,4,5350283.72618934
DE,RotatedElliptic,30,5,3191815.8223662344
DE,RotatedElliptic,30,6,2673024.00605417
DE,RotatedElliptic,30,7,4990348.213892987
DE,RotatedElliptic,30,8,3866744.9399147048
DE,RotatedElliptic,30,9,3529896.793602712
DE,RotatedElliptic,30,10,1848852.937824704
DE,RotatedElliptic,30,11,2550096.1238303613
DE,RotatedElliptic,30,12,5190584.433257384
DE,RotatedElliptic,30,13,4248281.491068297
DE,RotatedElliptic,30,14,3110112.873784457
DE,Schwefel,30,0,2257.914037062139
DE,Schwefel,30,1,2031.1136662842327
DE,Schwefel,30,2,2223.454270952421
DE,Schwefel,30,3,1661.1711854534515
DE,Schwefel,30,4,2740.8329065030266
DE,Schwefel,30,5,1138.9934119102854
DE,Schwefel,30,6,2142.5098214720347
DE,Schwefel,30,7,1664.229468042924
DE,Schwefel,30,8,1245.812740684125
DE,Schwefel,30,9,2653.138097575971
DE,Schwefel,30,10,1545.249830170491
DE,Schwefel,30,11,1182.088931534896
DE,Schwefel,30,12,2095.162347795962
DE,Schwefel,30,13,2867.723759537186
DE,Schwefel,30,14,2049.4417675401583
DE,Zakharov,30,0,0.02069065578835115
DE,Zakharov,30,1,0.11718773594177995
DE,Zakharov,30,2,0.06930341363939008
DE,Zakharov,30,3,0.18506005534463701
DE,Zakharov,30,4,0.007903573717051686
DE,Zakharov,30,5,0.025223121325587888
DE,Zakharov,30,6,0.28641653530152583
DE,Zakharov,30,7,0.04355553687605384
DE,Zakharov,30,8,0.05302152351629791
DE,Zakharov,30,9,0.4920553631638267
DE,Zakharov,30,10,0.311473761758995
DE,Zakharov,30,11,0.22685596901218175
DE,Zakharov,30,12,0.28324767177159793
DE,Zakharov,30,13,0.09209375845006537
DE,Zakharov,30,14,0.13116954237320416
