Algorithm,Function,Dimension,Run,Error,Seconds,FES,Overrun
BIPOP_CMAES,F1,10,0,0.0,8.060539613999936,100000,0
BIPOP_CMAES,F1,10,1,0.0,7.506401286999903,100000,0
BIPOP_CMAES,F1,10,2,0.0,6.70625290800001,100000,0
BIPOP_CMAES,F1,10,3,0.0,6.953363493999973,100000,0
BIPOP_CMAES,F1,10,4,0.0,7.628086839000048,100000,0
BIPOP_CMAES,F1,10,5,0.0,7.956926339000006,100000,0
BIPOP_CMAES,F1,10,6,0.0,7.068721273000051,100000,0
BIPOP_CMAES,F1,10,7,0.0,7.35192280199999,100000,0
BIPOP_CMAES,F1,10,8,0.0,7.736724640000034,100000,0
BIPOP_CMAES,F1,10,9,0.0,7.105277240000078,100000,0
BIPOP_CMAES,F1,10,10,0.0,7.477281408000067,100000,0
BIPOP_CMAES,F1,10,11,0.0,7.095008313000108,100000,0
BIPOP_CMAES,F1,10,12,0.0,7.349963376999995,100000,0
BIPOP_CMAES,F1,10,13,0.0,7.520697698999925,100000,0
BIPOP_CMAES,F1,10,14,0.0,7.748081729999967,100000,0
BIPOP_CMAES,F1,10,15,0.0,7.43254604699996,100000,0
BIPOP_CMAES,F1,10,16,0.0,7.475236483999993,100000,0
BIPOP_CMAES,F1,10,17,0.0,7.4808939329999475,100000,0
BIPOP_CMAES,F1,10,18,0.0,7.500909399999955,100000,0
BIPOP_CMAES,F1,10,19,0.0,7.515027477999979,100000,0
BIPOP_CMAES,F1,10,20,0.0,8.013965227999961,100000,0
BIPOP_CMAES,F1,10,21,0.0,7.535093535999977,100000,0
BIPOP_CMAES,F1,10,22,0.0,7.153678592999995,100000,0
BIPOP_CMAES,F1,10,23,0.0,6.747459741000057,100000,0
BIPOP_CMAES,F1,10,24,0.0,8.285123311000007,100000,0
BIPOP_CMAES,F1,10,25,0.0,7.565041423000025,100000,0
BIPOP_CMAES,F1,10,26,0.0,7.17876374399998,100000,0
BIPOP_CMAES,F1,10,27,0.0,6.559603301000038,100000,0
BIPOP_CMAES,F1,10,28,0.0,7.240293135000002,100000,0
BIPOP_CMAES,F1,10,29,0.0,7.668755877999956,100000,0
BIPOP_CMAES,F1,10,30,0.0,7.0327467790000355,100000,0
BIPOP_CMAES,F1,10,31,0.0,7.589994352000076,100000,0
BIPOP_CMAES,F1,10,32,0.0,7.14389001699999,100000,0
BIPOP_CMAES,F1,10,33,0.0,7.137274401000013,100000,0
BIPOP_CMAES,F1,10,34,0.0,7.29311068100003,100000,0
BIPOP_CMAES,F1,10,35,0.0,6.707545950000053,100000,0
BIPOP_CMAES,F1,10,36,0.0,8.018071792,100000,0
BIPOP_CMAES,F1,10,37,0.0,7.327688667000075,100000,0
BIPOP_CMAES,F1,10,38,0.0,7.008565659999931,100000,0
BIPOP_CMAES,F1,10,39,0.0,7.327967588999968,100000,0
BIPOP_CMAES,F1,10,40,0.0,7.395609006999962,100000,0
BIPOP_CMAES,F1,10,41,0.0,7.686959329000047,100000,0
BIPOP_CMAES,F1,10,42,0.0,7.559602327999983,100000,0
BIPOP_CMAES,F1,10,43,0.0,7.304719146000025,100000,0
BIPOP_CMAES,F1,10,44,0.0,6.813290606999999,100000,0
BIPOP_CMAES,F1,10,45,0.0,7.268132219000108,100000,0
BIPOP_CMAES,F1,10,46,0.0,7.973472636999986,100000,0
BIPOP_CMAES,F1,10,47,0.0,6.87531285,100000,0
BIPOP_CMAES,F1,10,48,0.0,7.342463567000095,100000,0
BIPOP_CMAES,F1,10,49,0.0,7.533298018999858,100000,0
BIPOP_CMAES,F1,10,50,0.0,6.870113652999862,100000,0
CMAES,F1,10,0,0.0,10.23519563700006,100000,0
CMAES,F1,10,1,0.0,10.353983076000077,100000,0
CMAES,F1,10,2,0.0,10.4923233049999,100000,0
CMAES,F1,10,3,0.0,10.069461410999793,100000,0
CMAES,F1,10,4,0.0,10.532617153000047,100000,0
CMAES,F1,10,5,0.0,10.218523704000063,100000,0
CMAES,F1,10,6,0.0,10.341709538000032,100000,0
CMAES,F1,10,7,0.0,10.312940212000058,100000,0
CMAES,F1,10,8,0.0,10.578720403000034,100000,0
CMAES,F1,10,9,0.0,10.793779932000007,100000,0
CMAES,F1,10,10,0.0,9.972071107000147,100000,0
CMAES,F1,10,11,0.0,10.193589862999943,100000,0
CMAES,F1,10,12,0.0,10.687062960000048,100000,0
CMAES,F1,10,13,0.0,10.389928207000139,100000,0
CMAES,F1,10,14,0.0,10.624060955000004,100000,0
CMAES,F1,10,15,0.0,10.485224074999905,100000,0
CMAES,F1,10,16,0.0,10.2196426349999,100000,0
CMAES,F1,10,17,0.0,10.246758342000021,100000,0
CMAES,F1,10,18,0.0,10.555835097,100000,0
CMAES,F1,10,19,0.0,10.539583584999946,100000,0
CMAES,F1,10,20,0.0,10.440854471999955,100000,0
CMAES,F1,10,21,0.0,10.410008025000025,100000,0
CMAES,F1,10,22,0.0,10.383807407000177,100000,0
CMAES,F1,10,23,0.0,10.543211434000114,100000,0
CMAES,F1,10,24,0.0,10.449872049000078,100000,0
CMAES,F1,10,25,0.0,10.053942952999932,100000,0
CMAES,F1,10,26,0.0,10.58722227599992,100000,0
CMAES,F1,10,27,0.0,10.263796680000041,100000,0
CMAES,F1,10,28,0.0,10.151450975999978,100000,0
CMAES,F1,10,29,0.0,10.186591120999992,100000,0
CMAES,F1,10,30,0.0,10.263899939999874,100000,0
CMAES,F1,10,31,0.0,10.338018747999968,100000,0
CMAES,F1,10,32,0.0,10.140309261000084,100000,0
CMAES,F1,10,33,0.0,10.165545897999891,100000,0
CMAES,F1,10,34,0.0,10.583671017000142,100000,0
CMAES,F1,10,35,0.0,10.103443149999976,100000,0
CMAES,F1,10,36,0.0,10.612892002999843,100000,0
CMAES,F1,10,37,0.0,10.259389871999929,100000,0
CMAES,F1,10,38,0.0,10.404141108999966,100000,0
CMAES,F1,10,39,0.0,10.28204649899999,100000,0
CMAES,F1,10,40,0.0,10.629454254999928,100000,0
CMAES,F1,10,41,0.0,10.046942124999987,100000,0
CMAES,F1,10,42,0.0,10.440721816000178,100000,0
CMAES,F1,10,43,0.0,10.416214430000082,100000,0
CMAES,F1,10,44,0.0,10.670056076000037,100000,0
CMAES,F1,10,45,0.0,10.256466674999956,100000,0
CMAES,F1,10,46,0.0,10.100573335000036,100000,0
CMAES,F1,10,47,0.0,10.39735801300003,100000,0
CMAES,F1,10,48,0.0,10.322143727000139,100000,0
CMAES,F1,10,49,0.0,10.14853382399997,100000,0
CMAES,F1,10,50,0.0,10.501064776000021,100000,0
IPOP_CMAES,F1,10,0,0.0,5.927639624999983,100000,0
IPOP_CMAES,F1,10,1,0.0,5.984188700000004,100000,0
IPOP_CMAES,F1,10,2,0.0,6.2884898659999635,100000,0
IPOP_CMAES,F1,10,3,0.0,6.6405700889999935,100000,0
IPOP_CMAES,F1,10,4,0.0,6.627120863000073,100000,0
IPOP_CMAES,F1,10,5,0.0,6.294705891999911,100000,0
IPOP_CMAES,F1,10,6,0.0,5.783414705000041,100000,0
IPOP_CMAES,F1,10,7,0.0,6.82948594100003,100000,0
IPOP_CMAES,F1,10,8,0.0,6.61528007600009,100000,0
IPOP_CMAES,F1,10,9,0.0,6.242583552000042,100000,0
IPOP_CMAES,F1,10,10,0.0,6.172281834999922,100000,0
IPOP_CMAES,F1,10,11,0.0,6.765287738000097,100000,0
IPOP_CMAES,F1,10,12,0.0,6.5256341960000555,100000,0
IPOP_CMAES,F1,10,13,0.0,6.240213052999934,100000,0
IPOP_CMAES,F1,10,14,0.0,6.436698247999857,100000,0
IPOP_CMAES,F1,10,15,0.0,6.836245507000058,100000,0
IPOP_CMAES,F1,10,16,0.0,6.66098343900012,100000,0
IPOP_CMAES,F1,10,17,0.0,6.671200469000041,100000,0
IPOP_CMAES,F1,10,18,0.0,6.372711978000098,100000,0
IPOP_CMAES,F1,10,19,0.0,6.290320364000081,100000,0
IPOP_CMAES,F1,10,20,0.0,6.554018013999894,100000,0
IPOP_CMAES,F1,10,21,0.0,6.263190771999916,100000,0
IPOP_CMAES,F1,10,22,0.0,6.595469818000083,100000,0
IPOP_CMAES,F1,10,23,0.0,6.245202298999857,100000,0
IPOP_CMAES,F1,10,24,0.0,6.812491080999962,100000,0
IPOP_CMAES,F1,10,25,0.0,6.667245374000004,100000,0
IPOP_CMAES,F1,10,26,0.0,6.275267894999843,100000,0
IPOP_CMAES,F1,10,27,0.0,6.468575831999942,100000,0
IPOP_CMAES,F1,10,28,0.0,5.986579764999988,100000,0
IPOP_CMAES,F1,10,29,0.0,6.26075958499996,100000,0
IPOP_CMAES,F1,10,30,0.0,5.531566730999884,100000,0
IPOP_CMAES,F1,10,31,0.0,5.742542304999915,100000,0
IPOP_CMAES,F1,10,32,0.0,6.396564809999973,100000,0
IPOP_CMAES,F1,10,33,0.0,6.672077577999971,100000,0
IPOP_CMAES,F1,10,34,0.0,6.188774564999903,100000,0
IPOP_CMAES,F1,10,35,0.0,6.332042832999832,100000,0
IPOP_CMAES,F1,10,36,0.0,5.843004897000128,100000,0
IPOP_CMAES,F1,10,37,0.0,6.118039718000091,100000,0
IPOP_CMAES,F1,10,38,0.0,6.6109169890000885,100000,0
IPOP_CMAES,F1,10,39,0.0,6.22333401800006,100000,0
IPOP_CMAES,F1,10,40,0.0,5.932628782999927,100000,0
IPOP_CMAES,F1,10,41,0.0,6.098927415000162,100000,0
IPOP_CMAES,F1,10,42,0.0,6.459272284999997,100000,0
IPOP_CMAES,F1,10,43,0.0,5.960055857000043,100000,0
IPOP_CMAES,F1,10,44,0.0,6.160915189999969,100000,0
IPOP_CMAES,F1,10,45,0.0,6.323871179999969,100000,0
IPOP_CMAES,F1,10,46,0.0,6.533858260999978,100000,0
IPOP_CMAES,F1,10,47,0.0,6.701321471000028,100000,0
IPOP_CMAES,F1,10,48,0.0,6.2301125010001215,100000,0
IPOP_CMAES,F1,10,49,0.0,6.15584237600001,100000,0
IPOP_CMAES,F1,10,50,0.0,6.283257020000065,100000,0
L-SHADE-DGR,F1,10,0,0.0,1.6714738269999998,100000,0
L-SHADE-DGR,F1,10,1,0.0,1.669187409999978,100000,0
L-SHADE-DGR,F1,10,2,0.0,1.6666460040000004,100000,0
L-SHADE-DGR,F1,10,3,0.0,1.6577486959999987,100000,0
L-SHADE-DGR,F1,10,4,0.0,1.647738812,100000,0
L-SHADE-DGR,F1,10,5,0.0,1.7026894709999851,100000,0
L-SHADE-DGR,F1,10,6,0.0,1.6612096079999787,100000,0
L-SHADE-DGR,F1,10,7,0.0,1.67715946200002,100000,0
L-SHADE-DGR,F1,10,8,0.0,1.6740776399999788,100000,0
L-SHADE-DGR,F1,10,9,0.0,1.6653605999999854,100000,0
L-SHADE-DGR,F1,10,10,0.0,1.6874622779999982,100000,0
L-SHADE-DGR,F1,10,11,0.0,1.664405233000025,100000,0
L-SHADE-DGR,F1,10,12,0.0,1.6694848799999988,100000,0
L-SHADE-DGR,F1,10,13,0.0,1.6568620150000015,100000,0
L-SHADE-DGR,F1,10,14,0.0,1.666162259999993,100000,0
L-SHADE-DGR,F1,10,15,0.0,1.6647761719999892,100000,0
L-SHADE-DGR,F1,10,16,0.0,1.642205089000015,100000,0
L-SHADE-DGR,F1,10,17,0.0,1.6461323019999838,100000,0
L-SHADE-DGR,F1,10,18,0.0,1.6306770649999862,100000,0
L-SHADE-DGR,F1,10,19,0.0,1.647240442000026,100000,0
L-SHADE-DGR,F1,10,20,0.0,1.632022183999993,100000,0
L-SHADE-DGR,F1,10,21,0.0,1.6503373169999804,100000,0
L-SHADE-DGR,F1,10,22,0.0,1.649975335999983,100000,0
L-SHADE-DGR,F1,10,23,0.0,1.6337513620000266,100000,0
L-SHADE-DGR,F1,10,24,0.0,1.6364488890000075,100000,0
L-SHADE-DGR,F1,10,25,0.0,1.6471380380000085,100000,0
L-SHADE-DGR,F1,10,26,0.0,1.6387618269999962,100000,0
L-SHADE-DGR,F1,10,27,0.0,1.643079226999987,100000,0
L-SHADE-DGR,F1,10,28,0.0,1.6529530180000052,100000,0
L-SHADE-DGR,F1,10,29,0.0,1.6513638739999976,100000,0
L-SHADE-DGR,F1,10,30,0.0,1.6348140359999945,100000,0
L-SHADE-DGR,F1,10,31,0.0,1.6522944909999921,100000,0
L-SHADE-DGR,F1,10,32,0.0,1.6460628549999967,100000,0
L-SHADE-DGR,F1,10,33,0.0,1.6543323319999956,100000,0
L-SHADE-DGR,F1,10,34,0.0,1.656127424999994,100000,0
L-SHADE-DGR,F1,10,35,0.0,1.6404212610000002,100000,0
L-SHADE-DGR,F1,10,36,0.0,1.6479224919999922,100000,0
L-SHADE-DGR,F1,10,37,0.0,1.6407058430000063,100000,0
L-SHADE-DGR,F1,10,38,0.0,1.6395263160000013,100000,0
L-SHADE-DGR,F1,10,39,0.0,1.6396756100000118,100000,0
L-SHADE-DGR,F1,10,40,0.0,1.6390866929999959,100000,0
L-SHADE-DGR,F1,10,41,0.0,1.6560684000000094,100000,0
L-SHADE-DGR,F1,10,42,0.0,1.6320431469999903,100000,0
L-SHADE-DGR,F1,10,43,0.0,1.6326746119999882,100000,0
L-SHADE-DGR,F1,10,44,0.0,1.6264401209999733,100000,0
L-SHADE-DGR,F1,10,45,0.0,1.6287725310000098,100000,0
L-SHADE-DGR,F1,10,46,0.0,1.6331466460000001,100000,0
L-SHADE-DGR,F1,10,47,0.0,1.6290126280000266,100000,0
L-SHADE-DGR,F1,10,48,0.0,1.6421584429999996,100000,0
L-SHADE-DGR,F1,10,49,0.0,1.6359249679999834,100000,0
L-SHADE-DGR,F1,10,50,0.0,1.6357133129999966,100000,0
LSHADE,F1,10,0,0.0,1.1045752260000654,100000,0
LSHADE,F1,10,1,0.0,1.0974297980000074,100000,0
LSHADE,F1,10,2,0.0,1.0991084220000857,100000,0
LSHADE,F1,10,3,0.0,1.1022058500000185,100000,0
LSHADE,F1,10,4,0.0,1.0960592049999605,100000,0
LSHADE,F1,10,5,0.0,1.0964490029999752,100000,0
LSHADE,F1,10,6,0.0,1.0988919290000467,100000,0
LSHADE,F1,10,7,0.0,1.0972966729999598,100000,0
LSHADE,F1,10,8,0.0,1.1031431900000825,100000,0
LSHADE,F1,10,9,0.0,1.0961203820000947,100000,0
LSHADE,F1,10,10,0.0,1.1054529319999347,100000,0
LSHADE,F1,10,11,0.0,1.0952589930000158,100000,0
LSHADE,F1,10,12,0.0,1.1010373689999824,100000,0
LSHADE,F1,10,13,0.0,1.1057041550000122,100000,0
LSHADE,F1,10,14,0.0,1.0962491330000148,100000,0
LSHADE,F1,10,15,0.0,1.094112377999977,100000,0
LSHADE,F1,10,16,0.0,1.1074407810000366,100000,0
LSHADE,F1,10,17,0.0,1.1043998829999282,100000,0
LSHADE,F1,10,18,0.0,1.0992898800000148,100000,0
LSHADE,F1,10,19,0.0,1.097414609999987,100000,0
LSHADE,F1,10,20,0.0,1.0976265100000546,100000,0
LSHADE,F1,10,21,0.0,1.1125909830000182,100000,0
LSHADE,F1,10,22,0.0,1.0977804640000386,100000,0
LSHADE,F1,10,23,0.0,1.102669796999976,100000,0
LSHADE,F1,10,24,0.0,1.0937167939999881,100000,0
LSHADE,F1,10,25,0.0,1.0968612890000031,100000,0
LSHADE,F1,10,26,0.0,1.091856913000015,100000,0
LSHADE,F1,10,27,0.0,1.0936467870000115,100000,0
LSHADE,F1,10,28,0.0,1.1075375589999794,100000,0
LSHADE,F1,10,29,0.0,1.0954065519999858,100000,0
LSHADE,F1,10,30,0.0,1.1013586650000207,100000,0
LSHADE,F1,10,31,0.0,1.1126752809999516,100000,0
LSHADE,F1,10,32,0.0,1.0975906579999446,100000,0
LSHADE,F1,10,33,0.0,1.0991264819999742,100000,0
LSHADE,F1,10,34,0.0,1.0974379970000427,100000,0
LSHADE,F1,10,35,0.0,1.0969150590000254,100000,0
LSHADE,F1,10,36,0.0,1.1052177400000573,100000,0
LSHADE,F1,10,37,0.0,1.109475408000094,100000,0
LSHADE,F1,10,38,0.0,1.0993476940000164,100000,0
LSHADE,F1,10,39,0.0,1.0992773200000556,100000,0
LSHADE,F1,10,40,0.0,1.1058542009999428,100000,0
LSHADE,F1,10,41,0.0,1.104699084999993,100000,0
LSHADE,F1,10,42,0.0,1.102615806000017,100000,0
LSHADE,F1,10,43,0.0,1.1008082900000318,100000,0
LSHADE,F1,10,44,0.0,1.104370843999959,100000,0
LSHADE,F1,10,45,0.0,1.1004820749999453,100000,0
LSHADE,F1,10,46,0.0,1.100274258000013,100000,0
LSHADE,F1,10,47,0.0,1.0976414210000485,100000,0
LSHADE,F1,10,48,0.0,1.1047789379999813,100000,0
LSHADE,F1,10,49,0.0,1.1081520499999442,100000,0
LSHADE,F1,10,50,0.0,1.1019020679999585,100000,0
TEMOA_V10,F1,10,0,0.0,2.8163734469999895,100000,0
TEMOA_V10,F1,10,1,0.0,2.8089686710000024,100000,0
TEMOA_V10,F1,10,2,0.0,2.7982377829999905,100000,0
TEMOA_V10,F1,10,3,0.0,2.7519496520000075,100000,0
TEMOA_V10,F1,10,4,0.0,2.765707106000036,100000,0
TEMOA_V10,F1,10,5,0.0,2.756369717000041,100000,0
TEMOA_V10,F1,10,6,0.0,2.803446430000008,100000,0
TEMOA_V10,F1,10,7,0.0,2.8352623519999725,100000,0
TEMOA_V10,F1,10,8,0.0,2.8389520939999784,100000,0
TEMOA_V10,F1,10,9,0.0,2.7631450599999994,100000,0
TEMOA_V10,F1,10,10,0.0,2.7999887990000047,100000,0
TEMOA_V10,F1,10,11,0.0,2.7713223379999476,100000,0
TEMOA_V10,F1,10,12,0.0,2.8234845459999747,100000,0
TEMOA_V10,F1,10,13,0.0,2.8326777599999673,100000,0
TEMOA_V10,F1,10,14,0.0,2.762582608999992,100000,0
TEMOA_V10,F1,10,15,0.0,2.758454594,100000,0
TEMOA_V10,F1,10,16,0.0,2.8099302680000164,100000,0
TEMOA_V10,F1,10,17,0.0,2.7643492600000172,100000,0
TEMOA_V10,F1,10,18,0.0,2.7313448290000224,100000,0
TEMOA_V10,F1,10,19,0.0,2.7929450479999787,100000,0
TEMOA_V10,F1,10,20,0.0,2.8256057570000053,100000,0
TEMOA_V10,F1,10,21,0.0,2.765291456,100000,0
TEMOA_V10,F1,10,22,0.0,2.7943186070000365,100000,0
TEMOA_V10,F1,10,23,0.0,2.8195898170000078,100000,0
TEMOA_V10,F1,10,24,0.0,2.7608683110000243,100000,0
TEMOA_V10,F1,10,25,0.0,2.770304366000005,100000,0
TEMOA_V10,F1,10,26,0.0,2.72302970100003,100000,0
TEMOA_V10,F1,10,27,0.0,2.824208614999975,100000,0
TEMOA_V10,F1,10,28,0.0,2.7865093990000105,100000,0
TEMOA_V10,F1,10,29,0.0,2.799671117999992,100000,0
TEMOA_V10,F1,10,30,0.0,2.7102887059999716,100000,0
TEMOA_V10,F1,10,31,0.0,2.781077486000015,100000,0
TEMOA_V10,F1,10,32,0.0,2.745974182999987,100000,0
TEMOA_V10,F1,10,33,0.0,2.7304065039999728,100000,0
TEMOA_V10,F1,10,34,0.0,2.799932470999977,100000,0
TEMOA_V10,F1,10,35,0.0,2.804272534000006,100000,0
TEMOA_V10,F1,10,36,0.0,2.7896347450000007,100000,0
TEMOA_V10,F1,10,37,0.0,2.791708729999982,100000,0
TEMOA_V10,F1,10,38,0.0,2.7782786579999765,100000,0
TEMOA_V10,F1,10,39,0.0,2.795838781000043,100000,0
TEMOA_V10,F1,10,40,0.0,2.77967720099997,100000,0
TEMOA_V10,F1,10,41,0.0,2.7702430030000187,100000,0
TEMOA_V10,F1,10,42,0.0,2.7968917309999597,100000,0
TEMOA_V10,F1,10,43,0.0,2.782809652000026,100000,0
TEMOA_V10,F1,10,44,0.0,2.702387267000006,100000,0
TEMOA_V10,F1,10,45,0.0,2.809416786999975,100000,0
TEMOA_V10,F1,10,46,0.0,2.798235809000005,100000,0
TEMOA_V10,F1,10,47,0.0,2.811361492000003,100000,0
TEMOA_V10,F1,10,48,0.0,2.782448022999972,100000,0
TEMOA_V10,F1,10,49,0.0,2.805752972999983,100000,0
TEMOA_V10,F1,10,50,0.0,2.7452388540000356,100000,0
TEMOA_V11,F1,10,0,0.0,2.0535032779999938,100000,0
TEMOA_V11,F1,10,1,0.0,2.038529509,100000,0
TEMOA_V11,F1,10,2,0.0,2.0467390009999917,100000,0
TEMOA_V11,F1,10,3,0.0,2.026526724000007,100000,0
TEMOA_V11,F1,10,4,0.0,2.042446624999968,100000,0
TEMOA_V11,F1,10,5,0.0,2.0449228470000094,100000,0
TEMOA_V11,F1,10,6,0.0,2.0469958279999787,100000,0
TEMOA_V11,F1,10,7,0.0,2.052459586999987,100000,0
TEMOA_V11,F1,10,8,0.0,2.043155598999988,100000,0
TEMOA_V11,F1,10,9,0.0,2.025101816000017,100000,0
TEMOA_V11,F1,10,10,0.0,2.0345028479999883,100000,0
TEMOA_V11,F1,10,11,0.0,2.0219621850000067,100000,0
TEMOA_V11,F1,10,12,0.0,2.036607531999948,100000,0
TEMOA_V11,F1,10,13,0.0,2.0253633570000034,100000,0
TEMOA_V11,F1,10,14,0.0,2.0465906400000335,100000,0
TEMOA_V11,F1,10,15,0.0,2.0310875310000256,100000,0
TEMOA_V11,F1,10,16,0.0,2.0435826049999832,100000,0
TEMOA_V11,F1,10,17,0.0,2.031801363999989,100000,0
TEMOA_V11,F1,10,18,0.0,2.0333161309999923,100000,0
TEMOA_V11,F1,10,19,0.0,2.024648362999983,100000,0
TEMOA_V11,F1,10,20,0.0,2.053445614999987,100000,0
TEMOA_V11,F1,10,21,0.0,2.0261504549999927,100000,0
TEMOA_V11,F1,10,22,0.0,2.050020944000039,100000,0
TEMOA_V11,F1,10,23,0.0,2.028651946000025,100000,0
TEMOA_V11,F1,10,24,0.0,2.0459739280000235,100000,0
TEMOA_V11,F1,10,25,0.0,2.0279435239999657,100000,0
TEMOA_V11,F1,10,26,0.0,2.0437088379999864,100000,0
TEMOA_V11,F1,10,27,0.0,2.0323372520000476,100000,0
TEMOA_V11,F1,10,28,0.0,2.0460256860000072,100000,0
TEMOA_V11,F1,10,29,0.0,2.0402336120000086,100000,0
TEMOA_V11,F1,10,30,0.0,2.0497243020000155,100000,0
TEMOA_V11,F1,10,31,0.0,2.0480840239999907,100000,0
TEMOA_V11,F1,10,32,0.0,2.0426887170000327,100000,0
TEMOA_V11,F1,10,33,0.0,2.0346256749999725,100000,0
TEMOA_V11,F1,10,34,0.0,2.031186307999974,100000,0
TEMOA_V11,F1,10,35,0.0,2.054338274000031,100000,0
TEMOA_V11,F1,10,36,0.0,2.028698491,100000,0
TEMOA_V11,F1,10,37,0.0,2.027841582999997,100000,0
TEMOA_V11,F1,10,38,0.0,2.029012420000015,100000,0
TEMOA_V11,F1,10,39,0.0,2.038168641000027,100000,0
TEMOA_V11,F1,10,40,0.0,2.0722286170000075,100000,0
TEMOA_V11,F1,10,41,0.0,2.05890273,100000,0
TEMOA_V11,F1,10,42,0.0,2.0337380489999646,100000,0
TEMOA_V11,F1,10,43,0.0,2.0316461060000393,100000,0
TEMOA_V11,F1,10,44,0.0,2.052914197000007,100000,0
TEMOA_V11,F1,10,45,0.0,2.0609669809999787,100000,0
TEMOA_V11,F1,10,46,0.0,2.0473659210000505,100000,0
TEMOA_V11,F1,10,47,0.0,2.031171069000038,100000,0
TEMOA_V11,F1,10,48,0.0,2.0484966590000226,100000,0
TEMOA_V11,F1,10,49,0.0,2.038247404999993,100000,0
TEMOA_V11,F1,10,50,0.0,2.0483383020000474,100000,0
TEMOA_V12,F1,10,0,0.0,1.6239433420000182,100000,0
TEMOA_V12,F1,10,1,0.0,1.6384397740000054,100000,0
TEMOA_V12,F1,10,2,0.0,1.6327076179999835,100000,0
TEMOA_V12,F1,10,3,0.0,1.6316507980000097,100000,0
TEMOA_V12,F1,10,4,0.0,1.6245666210000422,100000,0
TEMOA_V12,F1,10,5,0.0,1.6215896799999427,100000,0
TEMOA_V12,F1,10,6,0.0,1.6387044519999563,100000,0
TEMOA_V12,F1,10,7,0.0,1.6381885949999742,100000,0
TEMOA_V12,F1,10,8,0.0,1.6451695169999994,100000,0
TEMOA_V12,F1,10,9,0.0,1.6329486440000665,100000,0
TEMOA_V12,F1,10,10,0.0,1.6515586550000307,100000,0
TEMOA_V12,F1,10,11,0.0,1.6436846430000287,100000,0
TEMOA_V12,F1,10,12,0.0,1.6485053850000213,100000,0
TEMOA_V12,F1,10,13,0.0,1.6422862539999414,100000,0
TEMOA_V12,F1,10,14,0.0,1.6398344850000512,100000,0
TEMOA_V12,F1,10,15,0.0,1.6444308290000436,100000,0
TEMOA_V12,F1,10,16,0.0,1.6600086319999718,100000,0
TEMOA_V12,F1,10,17,0.0,1.6435451430000967,100000,0
TEMOA_V12,F1,10,18,0.0,1.6502704670000412,100000,0
TEMOA_V12,F1,10,19,0.0,1.6411686889999828,100000,0
TEMOA_V12,F1,10,20,0.0,1.6394630800000414,100000,0
TEMOA_V12,F1,10,21,0.0,1.6440969049999694,100000,0
TEMOA_V12,F1,10,22,0.0,1.6308171050000055,100000,0
TEMOA_V12,F1,10,23,0.0,1.6412726249999423,100000,0
TEMOA_V12,F1,10,24,0.0,1.6450379730000577,100000,0
TEMOA_V12,F1,10,25,0.0,1.6494595519999393,100000,0
TEMOA_V12,F1,10,26,0.0,1.6452160490000551,100000,0
TEMOA_V12,F1,10,27,0.0,1.6476269670000647,100000,0
TEMOA_V12,F1,10,28,0.0,1.636183459000108,100000,0
TEMOA_V12,F1,10,29,0.0,1.6360100730000795,100000,0
TEMOA_V12,F1,10,30,0.0,1.6487151889999723,100000,0
TEMOA_V12,F1,10,31,0.0,1.6312511009999753,100000,0
TEMOA_V12,F1,10,32,0.0,1.6440945340000326,100000,0
TEMOA_V12,F1,10,33,0.0,1.6312805810000555,100000,0
TEMOA_V12,F1,10,34,0.0,1.6536794560000772,100000,0
TEMOA_V12,F1,10,35,0.0,1.638624639999989,100000,0
TEMOA_V12,F1,10,36,0.0,1.656433622999998,100000,0
TEMOA_V12,F1,10,37,0.0,1.639622147999944,100000,0
TEMOA_V12,F1,10,38,0.0,1.6598809549999487,100000,0
TEMOA_V12,F1,10,39,0.0,1.6517049540000244,100000,0
TEMOA_V12,F1,10,40,0.0,1.6500215930000195,100000,0
TEMOA_V12,F1,10,41,0.0,1.6339521620000141,100000,0
TEMOA_V12,F1,10,42,0.0,1.6441891270000042,100000,0
TEMOA_V12,F1,10,43,0.0,1.6340868239999509,100000,0
TEMOA_V12,F1,10,44,0.0,1.643485761000079,100000,0
TEMOA_V12,F1,10,45,0.0,1.6395048790000146,100000,0
TEMOA_V12,F1,10,46,0.0,1.6309398239999382,100000,0
TEMOA_V12,F1,10,47,0.0,1.622089140000071,100000,0
TEMOA_V12,F1,10,48,0.0,1.6370276779999813,100000,0
TEMOA_V12,F1,10,49,0.0,1.64181379799993,100000,0
TEMOA_V12,F1,10,50,0.0,1.6381788779999624,100000,0
jSO,F1,10,0,0.0,1.0906299380000064,100000,0
jSO,F1,10,1,0.0,1.0912248060000138,100000,0
jSO,F1,10,2,0.0,1.0960281379999515,100000,0
jSO,F1,10,3,0.0,1.0873546789999864,100000,0
jSO,F1,10,4,0.0,1.0915953740000077,100000,0
jSO,F1,10,5,0.0,1.0880495220000057,100000,0
jSO,F1,10,6,0.0,1.0965235329999814,100000,0
jSO,F1,10,7,0.0,1.0938264079999271,100000,0
jSO,F1,10,8,0.0,1.0874312800000325,100000,0
jSO,F1,10,9,0.0,1.0915181860000303,100000,0
jSO,F1,10,10,0.0,1.0884750750000194,100000,0
jSO,F1,10,11,0.0,1.0855576760000076,100000,0
jSO,F1,10,12,0.0,1.0904118390000122,100000,0
jSO,F1,10,13,0.0,1.0909354550000216,100000,0
jSO,F1,10,14,0.0,1.0918678979999186,100000,0
jSO,F1,10,15,0.0,1.0857586649999575,100000,0
jSO,F1,10,16,0.0,1.0888611200000469,100000,0
jSO,F1,10,17,0.0,1.0801192139999785,100000,0
jSO,F1,10,18,0.0,1.0941090159999476,100000,0
jSO,F1,10,19,0.0,1.082742999000061,100000,0
jSO,F1,10,20,0.0,1.0840856490000306,100000,0
jSO,F1,10,21,0.0,1.0865077089999886,100000,0
jSO,F1,10,22,0.0,1.0857023700000354,100000,0
jSO,F1,10,23,0.0,1.0862994920000801,100000,0
jSO,F1,10,24,0.0,1.082447894999973,100000,0
jSO,F1,10,25,0.0,1.0895768699999735,100000,0
jSO,F1,10,26,0.0,1.0851725289999195,100000,0
jSO,F1,10,27,0.0,1.0828809900000351,100000,0
jSO,F1,10,28,0.0,1.083580340000026,100000,0
jSO,F1,10,29,0.0,1.086021376000076,100000,0
jSO,F1,10,30,0.0,1.088253889999919,100000,0
jSO,F1,10,31,0.0,1.0802565520000371,100000,0
jSO,F1,10,32,0.0,1.085864106000031,100000,0
jSO,F1,10,33,0.0,1.0846044380000421,100000,0
jSO,F1,10,34,0.0,1.0948258779999378,100000,0
jSO,F1,10,35,0.0,1.0831868359999817,100000,0
jSO,F1,10,36,0.0,1.088505515999941,100000,0
jSO,F1,10,37,0.0,1.0848417619999964,100000,0
jSO,F1,10,38,0.0,1.086108592999949,100000,0
jSO,F1,10,39,0.0,1.0869791249999707,100000,0
jSO,F1,10,40,0.0,1.0825917610000033,100000,0
jSO,F1,10,41,0.0,1.0909925380000232,100000,0
jSO,F1,10,42,0.0,1.0839743469999803,100000,0
jSO,F1,10,43,0.0,1.0897302190001028,100000,0
jSO,F1,10,44,0.0,1.0859640800000534,100000,0
jSO,F1,10,45,0.0,1.0824082599999656,100000,0
jSO,F1,10,46,0.0,1.0924333369999886,100000,0
jSO,F1,10,47,0.0,1.0893084240000235,100000,0
jSO,F1,10,48,0.0,1.0855281379999724,100000,0
jSO,F1,10,49,0.0,1.0845705729999509,100000,0
jSO,F1,10,50,0.0,1.0856660729999703,100000,0
sepCMAES,F1,10,0,2.3721378590374655,7.820118933000003,100000,0
sepCMAES,F1,10,1,73.96058716225801,8.056626901000072,100000,0
sepCMAES,F1,10,2,14.407610798493991,8.747352574999923,100000,0
sepCMAES,F1,10,3,76.5001660289258,8.313929635000022,100000,0
sepCMAES,F1,10,4,2068.2037310069413,7.740399315000104,100000,0
sepCMAES,F1,10,5,12.42150056081168,8.34646809800006,100000,0
sepCMAES,F1,10,6,14.424904506339061,8.219845066999824,100000,0
sepCMAES,F1,10,7,66.43480150404037,7.65024014200003,100000,0
sepCMAES,F1,10,8,172.54597430797816,7.669736166000121,100000,0
sepCMAES,F1,10,9,103.15992198793901,8.439943690999826,100000,0
sepCMAES,F1,10,10,24.253487610183456,8.00451377000013,100000,0
sepCMAES,F1,10,11,1278.4667010783912,8.771665718000122,100000,0
sepCMAES,F1,10,12,114.34118619327865,8.512349971000049,100000,0
sepCMAES,F1,10,13,994.8722327555142,7.870126414999959,100000,0
sepCMAES,F1,10,14,1.2630301324176685,8.683842701000003,100000,0
sepCMAES,F1,10,15,103.88731822528527,7.783943883999655,100000,0
sepCMAES,F1,10,16,24.14942582774711,7.400225212999885,100000,0
sepCMAES,F1,10,17,31.31406828278378,7.924317921000238,100000,0
sepCMAES,F1,10,18,0.8520113806419687,7.373900099999901,100000,0
sepCMAES,F1,10,19,27.558697757789133,8.33325896100041,100000,0
sepCMAES,F1,10,20,1299.9756529715746,8.150735639000231,100000,0
sepCMAES,F1,10,21,4294.28359501238,8.63239448999957,100000,0
sepCMAES,F1,10,22,18.79524862937167,8.48085398799958,100000,0
sepCMAES,F1,10,23,1.144721283187863,8.75355275999982,100000,0
sepCMAES,F1,10,24,40.566413893813944,8.372812487000374,100000,0
sepCMAES,F1,10,25,2064.586496542655,9.077134207999734,100000,0
sepCMAES,F1,10,26,15.746832563625304,7.858376472000145,100000,0
sepCMAES,F1,10,27,560.2563475262256,8.447372747999907,100000,0
sepCMAES,F1,10,28,45.9350876506102,8.60194230199977,100000,0
sepCMAES,F1,10,29,216.3681773594525,8.066297623000082,100000,0
sepCMAES,F1,10,30,8.364432642990693,8.29837746999965,100000,0
sepCMAES,F1,10,31,779.1059903138494,7.803017941999769,100000,0
sepCMAES,F1,10,32,182.87405774166683,8.745302756000001,100000,0
sepCMAES,F1,10,33,158.58796586149816,8.174507741999605,100000,0
sepCMAES,F1,10,34,1644.2727721167337,8.624814746000084,100000,0
sepCMAES,F1,10,35,55.098764572422,8.427041616000224,100000,0
sepCMAES,F1,10,36,3.071602958334992,7.813329619999877,100000,0
sepCMAES,F1,10,37,365.8607917638346,8.410078950999832,100000,0
sepCMAES,F1,10,38,3855.5214612530726,8.443631558999641,100000,0
sepCMAES,F1,10,39,414.55677665755366,8.605727772000137,100000,0
sepCMAES,F1,10,40,402.7225327117192,8.175586723999913,100000,0
sepCMAES,F1,10,41,256.9218460168174,7.814848889999666,100000,0
sepCMAES,F1,10,42,53.69085483187496,8.613302688999738,100000,0
sepCMAES,F1,10,43,401.41996239988254,8.8149504779999,100000,0
sepCMAES,F1,10,44,1311.4774272067712,7.905710825999904,100000,0
sepCMAES,F1,10,45,257.7470112802404,8.320813954000187,100000,0
sepCMAES,F1,10,46,53.93692595646971,7.459775635999904,100000,0
sepCMAES,F1,10,47,18.104328146544532,7.913740676000089,100000,0
sepCMAES,F1,10,48,20.974047749766413,8.47872441599975,100000,0
sepCMAES,F1,10,49,72.45285829855806,8.163590397000007,100000,0
sepCMAES,F1,10,50,47.20957334094976,7.525218840999969,100000,0
BIPOP_CMAES,F10,10,0,13.534933868690132,12.436102425999934,100000,0
BIPOP_CMAES,F10,10,1,35.31534856840881,11.214218196000047,100000,0
BIPOP_CMAES,F10,10,2,236.5513981995241,11.380806603999872,100000,0
BIPOP_CMAES,F10,10,3,15.508439984851975,11.813020534000088,100000,0
BIPOP_CMAES,F10,10,4,239.90390444617697,11.522058573000095,100000,0
BIPOP_CMAES,F10,10,5,0.43718108727262006,11.628374732999873,100000,0
BIPOP_CMAES,F10,10,6,30.682051219211644,12.61081808400013,100000,0
BIPOP_CMAES,F10,10,7,3.6647784518481785,10.677417913999989,100000,0
BIPOP_CMAES,F10,10,8,40.238361594997514,10.860674319000054,100000,0
BIPOP_CMAES,F10,10,9,11.95443406133927,11.171008473000029,100000,0
BIPOP_CMAES,F10,10,10,13.597388309729467,10.954829188000076,100000,0
BIPOP_CMAES,F10,10,11,15.44598554381355,11.528047360999835,100000,0
BIPOP_CMAES,F10,10,12,15.182031425914829,12.220077333000063,100000,0
BIPOP_CMAES,F10,10,13,21.88704391922056,10.992839696000146,100000,0
BIPOP_CMAES,F10,10,14,33.466751334325636,11.523576865999985,100000,0
BIPOP_CMAES,F10,10,15,47.496327958640904,11.178739236999945,100000,0
BIPOP_CMAES,F10,10,16,48.75608387597458,12.53358602100002,100000,0
BIPOP_CMAES,F10,10,17,0.24981776415643253,10.967642289000196,100000,0
BIPOP_CMAES,F10,10,18,10.369790945154818,11.199818179999966,100000,0
BIPOP_CMAES,F10,10,19,7.0797391395399245,11.06880578099981,100000,0
BIPOP_CMAES,F10,10,20,7.1421935805783505,11.110772226000108,100000,0
BIPOP_CMAES,F10,10,21,24.653112011856138,11.849317888999849,100000,0
BIPOP_CMAES,F10,10,22,15.244485866953255,11.334113871999989,100000,0
BIPOP_CMAES,F10,10,23,15.306940307991681,11.598296600999902,100000,0
BIPOP_CMAES,F10,10,24,11.954434061338361,11.369961775000093,100000,0
BIPOP_CMAES,F10,10,25,15.244485866953255,11.720727570000236,100000,0
BIPOP_CMAES,F10,10,26,18.472083231528813,12.219843295000373,100000,0
BIPOP_CMAES,F10,10,27,18.596992113606575,12.4782093419999,100000,0
BIPOP_CMAES,F10,10,28,253.59253454612644,13.840856348000216,100000,0
BIPOP_CMAES,F10,10,29,28.796455653927296,11.90239829500024,100000,0
BIPOP_CMAES,F10,10,30,3.852141774964366,12.20562208399997,100000,0
BIPOP_CMAES,F10,10,31,40.11345271291975,11.226624742999775,100000,0
BIPOP_CMAES,F10,10,32,49.38505230869032,11.866527197999858,100000,0
BIPOP_CMAES,F10,10,33,51.227487529758946,11.608179514999847,100000,0
BIPOP_CMAES,F10,10,34,15.306940307991681,11.610501137000028,100000,0
BIPOP_CMAES,F10,10,35,33.52920577536497,11.90957766800011,100000,0
BIPOP_CMAES,F10,10,36,15.306940307991681,11.481598751000092,100000,0
BIPOP_CMAES,F10,10,37,15.244485866953255,11.911298665999766,100000,0
BIPOP_CMAES,F10,10,38,57.203758642544926,12.127024971000083,100000,0
BIPOP_CMAES,F10,10,39,7.0797391395399245,11.445138733000022,100000,0
BIPOP_CMAES,F10,10,40,11.95443406133927,11.641118645999995,100000,0
BIPOP_CMAES,F10,10,41,65.61832313411287,11.860028087000046,100000,0
BIPOP_CMAES,F10,10,42,15.306940307991681,11.91669767600024,100000,0
BIPOP_CMAES,F10,10,43,36.82340090730577,11.55514451299996,100000,0
BIPOP_CMAES,F10,10,44,28.983818977043484,11.399519477000013,100000,0
BIPOP_CMAES,F10,10,45,0.43718108727262006,10.60570484200025,100000,0
BIPOP_CMAES,F10,10,46,139.54413473244267,11.465359224000167,100000,0
BIPOP_CMAES,F10,10,47,28.533745297815585,11.295160594000208,100000,0
BIPOP_CMAES,F10,10,48,3.539869569770417,11.915333775999898,100000,0
BIPOP_CMAES,F10,10,49,10.307336504115483,11.075704674000008,100000,0
BIPOP_CMAES,F10,10,50,26.886647723097667,12.231577410999762,100000,0
CMAES,F10,10,0,232.50906413960365,16.076669754999784,100000,0
CMAES,F10,10,1,41.943770266932916,15.946262581000155,100000,0
CMAES,F10,10,2,442.40744595538763,16.02374094300012,100000,0
CMAES,F10,10,3,356.0965276152606,16.024039895999977,100000,0
CMAES,F10,10,4,270.17184578260276,16.03589095799998,100000,0
CMAES,F10,10,5,241.6759108854776,16.440209172999857,100000,0
CMAES,F10,10,6,30.301608410789413,16.089009797000017,100000,0
CMAES,F10,10,7,548.5553476345558,16.10837655200021,100000,0
CMAES,F10,10,8,30.17669952871165,16.130808376999994,100000,0
CMAES,F10,10,9,154.00457118576742,16.07294547499987,100000,0
CMAES,F10,10,10,248.13110561462872,16.00251731199978,100000,0
CMAES,F10,10,11,10.369790945153909,16.179480754999986,100000,0
CMAES,F10,10,12,221.61918453776525,15.854377563999606,100000,0
CMAES,F10,10,13,272.3299380504686,16.035292414000196,100000,0
CMAES,F10,10,14,151.06052322654432,15.888068244999886,100000,0
CMAES,F10,10,15,122.22802194836277,16.02288674700003,100000,0
CMAES,F10,10,16,244.0307094992254,16.095306601000175,100000,0
CMAES,F10,10,17,140.6528573138662,16.204558367000118,100000,0
CMAES,F10,10,18,130.78709428257935,16.22542955200015,100000,0
CMAES,F10,10,19,137.5406784185434,15.85039235100021,100000,0
CMAES,F10,10,20,137.17544218513558,15.963087179000013,100000,0
CMAES,F10,10,21,21.824589478182133,16.02579838199972,100000,0
CMAES,F10,10,22,229.15655789295033,16.27207158300007,100000,0
CMAES,F10,10,23,145.2625278964956,16.295021323999663,100000,0
CMAES,F10,10,24,365.25303787705843,16.43781505400011,100000,0
CMAES,F10,10,25,136.97287228700543,15.971148444999926,100000,0
CMAES,F10,10,26,30.17669952871165,16.05975022299981,100000,0
CMAES,F10,10,27,28.5920564125272,16.025721862999944,100000,0
CMAES,F10,10,28,46.75601076518706,15.934280734000367,100000,0
CMAES,F10,10,29,18.53453767256724,15.798348914000144,100000,0
CMAES,F10,10,30,30.176699528710742,16.179161336000107,100000,0
CMAES,F10,10,31,240.6113564259781,16.14482446000011,100000,0
CMAES,F10,10,32,309.70410206824727,16.1620165129998,100000,0
CMAES,F10,10,33,122.4930462875327,15.95189051899979,100000,0
CMAES,F10,10,34,133.682820481391,16.13994114399975,100000,0
CMAES,F10,10,35,343.41002539885676,16.244247422999706,100000,0
CMAES,F10,10,36,188.4162146508752,16.164267587999802,100000,0
CMAES,F10,10,37,130.33031423473767,16.06601360800005,100000,0
CMAES,F10,10,38,145.32498233753495,16.03118909700015,100000,0
CMAES,F10,10,39,227.88990314414923,16.057069243000115,100000,0
CMAES,F10,10,40,236.61385264056253,16.158967044999827,100000,0
CMAES,F10,10,41,130.39276867577655,16.07893891699996,100000,0
CMAES,F10,10,42,6.954830257462163,16.29883103200018,100000,0
CMAES,F10,10,43,385.4621504085517,16.310164933000124,100000,0
CMAES,F10,10,44,236.5513981995241,16.2183575869999,100000,0
CMAES,F10,10,45,138.67828097643496,16.42504854000026,100000,0
CMAES,F10,10,46,141.7747484186043,15.91932953300011,100000,0
CMAES,F10,10,47,128.6832166775148,16.064473103999717,100000,0
CMAES,F10,10,48,30.114245087672316,16.371895349999704,100000,0
CMAES,F10,10,49,242.01282713102137,16.136104069999874,100000,0
CMAES,F10,10,50,126.90498919788479,16.108935578,100000,0
IPOP_CMAES,F10,10,0,15.244485866953255,9.639430075000291,100000,0
IPOP_CMAES,F10,10,1,19.039889363067232,10.471790207999675,100000,0
IPOP_CMAES,F10,10,2,21.824589478182133,10.517174220000015,100000,0
IPOP_CMAES,F10,10,3,15.244485866953255,10.289842296000188,100000,0
IPOP_CMAES,F10,10,4,11.767070738223083,9.499666149999939,100000,0
IPOP_CMAES,F10,10,5,25.177095724834544,11.08877419800001,100000,0
IPOP_CMAES,F10,10,6,13.659842750767893,10.3114366599998,100000,0
IPOP_CMAES,F10,10,7,26.949102164136093,10.627395693999915,100000,0
IPOP_CMAES,F10,10,8,18.596992113606575,9.710273217000122,100000,0
IPOP_CMAES,F10,10,9,155.71412318402963,10.956947494999895,100000,0
IPOP_CMAES,F10,10,10,15.244485866953255,10.752623071000016,100000,0
IPOP_CMAES,F10,10,11,0.24981776415552304,11.135929516000033,100000,0
IPOP_CMAES,F10,10,12,0.37472664623328455,10.910967313999663,100000,0
IPOP_CMAES,F10,10,13,25.114641283796118,10.816050829999767,100000,0
IPOP_CMAES,F10,10,14,6.829921375385311,10.865665197999988,100000,0
IPOP_CMAES,F10,10,15,30.74450566025007,10.418119375999595,100000,0
IPOP_CMAES,F10,10,16,0.18736332311709702,10.115909869000006,100000,0
IPOP_CMAES,F10,10,17,240.02881332825473,10.775831321000169,100000,0
IPOP_CMAES,F10,10,18,6.954830257462163,9.920196569000382,100000,0
IPOP_CMAES,F10,10,19,10.75023375357705,10.75109772199994,100000,0
IPOP_CMAES,F10,10,20,3.4774151287310815,10.620846812999844,100000,0
IPOP_CMAES,F10,10,21,15.306940307991681,10.910107501999846,100000,0
IPOP_CMAES,F10,10,22,18.53453767256724,11.326685954999903,100000,0
IPOP_CMAES,F10,10,23,12.016888502377697,10.846556226999837,100000,0
IPOP_CMAES,F10,10,24,11.891980633511594,11.727635101000033,100000,0
IPOP_CMAES,F10,10,25,26.949102164136093,10.029043753999758,100000,0
IPOP_CMAES,F10,10,26,18.778093794780943,10.743138585999986,100000,0
IPOP_CMAES,F10,10,27,11.954434061338361,11.041418663000059,100000,0
IPOP_CMAES,F10,10,28,13.597388309729467,10.476983631999701,100000,0
IPOP_CMAES,F10,10,29,25.243942551429427,10.966473297999983,100000,0
IPOP_CMAES,F10,10,30,11.8295251792606,9.977659460000268,100000,0
IPOP_CMAES,F10,10,31,0.24981776415643253,9.541685674000291,100000,0
IPOP_CMAES,F10,10,32,3.4774151287310815,10.251030432000334,100000,0
IPOP_CMAES,F10,10,33,6.954830257462163,10.48269153299998,100000,0
IPOP_CMAES,F10,10,34,16.824985674305026,10.566050969000116,100000,0
IPOP_CMAES,F10,10,35,18.472083231528813,9.985085132000222,100000,0
IPOP_CMAES,F10,10,36,43.33241640295819,10.531667741000092,100000,0
IPOP_CMAES,F10,10,37,46.69355632414863,11.08679795900025,100000,0
IPOP_CMAES,F10,10,38,7.1421935805783505,9.996737478999876,100000,0
IPOP_CMAES,F10,10,39,15.182031425914829,10.59812550200013,100000,0
IPOP_CMAES,F10,10,40,45.906224879560796,10.698036754999976,100000,0
IPOP_CMAES,F10,10,41,3.664778451847269,10.3963399700001,100000,0
IPOP_CMAES,F10,10,42,21.949498360258985,10.275374490999639,100000,0
IPOP_CMAES,F10,10,43,10.307336504114573,10.386992365999959,100000,0
IPOP_CMAES,F10,10,44,18.472083231527904,10.575506915000005,100000,0
IPOP_CMAES,F10,10,45,15.508439984851066,11.042688394999914,100000,0
IPOP_CMAES,F10,10,46,27.880709376431696,10.081594474000212,100000,0
IPOP_CMAES,F10,10,47,51.6307056869864,10.921700810999937,100000,0
IPOP_CMAES,F10,10,48,13.659842750768803,10.087950929999806,100000,0
IPOP_CMAES,F10,10,49,26.886647723096758,11.029953658000068,100000,0
IPOP_CMAES,F10,10,50,3.7272328928866045,10.110646885999813,100000,0
L-SHADE-DGR,F10,10,0,7.0172846985014985,6.097605256000001,100000,0
L-SHADE-DGR,F10,10,1,18.472083231528813,6.092057140000001,100000,0
L-SHADE-DGR,F10,10,2,6.954830257462163,6.005749130000005,100000,0
L-SHADE-DGR,F10,10,3,6.9548302574612535,5.990750799000011,100000,0
L-SHADE-DGR,F10,10,4,3.727232892885695,5.892958653999997,100000,0
L-SHADE-DGR,F10,10,5,43.590867841650834,6.029722289999995,100000,0
L-SHADE-DGR,F10,10,6,0.24981776415552304,5.880965322999998,100000,0
L-SHADE-DGR,F10,10,7,3.852141774964366,5.96371079699999,100000,0
L-SHADE-DGR,F10,10,8,0.31227220519394905,5.932642018999999,100000,0
L-SHADE-DGR,F10,10,9,122.10311306628591,6.03308160600001,100000,0
L-SHADE-DGR,F10,10,10,3.7272328928866045,5.9715833249999974,100000,0
L-SHADE-DGR,F10,10,11,0.24981776415552304,5.89963486900001,100000,0
L-SHADE-DGR,F10,10,12,7.017284698500589,5.899939770000003,100000,0
L-SHADE-DGR,F10,10,13,221.61918453776525,5.880892224000007,100000,0
L-SHADE-DGR,F10,10,14,3.6647784518481785,5.946492520999982,100000,0
L-SHADE-DGR,F10,10,15,3.664778451847269,5.9289676610000015,100000,0
L-SHADE-DGR,F10,10,16,22.01195280129832,5.96496218599998,100000,0
L-SHADE-DGR,F10,10,17,10.244882063076147,5.883457332000006,100000,0
L-SHADE-DGR,F10,10,18,7.017284698500589,5.881731082999977,100000,0
L-SHADE-DGR,F10,10,19,3.7272328928866045,5.926180035999977,100000,0
L-SHADE-DGR,F10,10,20,7.017284698500589,5.968051645999992,100000,0
L-SHADE-DGR,F10,10,21,13.597388309729467,5.941393559000005,100000,0
L-SHADE-DGR,F10,10,22,15.244485866953255,5.9203454830000055,100000,0
L-SHADE-DGR,F10,10,23,3.7272328928866045,5.93906851700001,100000,0
L-SHADE-DGR,F10,10,24,0.43718108727262006,5.8514000899999985,100000,0
L-SHADE-DGR,F10,10,25,6.954830257462163,5.895586566999981,100000,0
L-SHADE-DGR,F10,10,26,18.53453767256724,5.874608929000004,100000,0
L-SHADE-DGR,F10,10,27,217.4519415957675,5.82444153900002,100000,0
L-SHADE-DGR,F10,10,28,0.43718108727262006,5.841283907000019,100000,0
L-SHADE-DGR,F10,10,29,125.45561931293832,5.872721675000008,100000,0
L-SHADE-DGR,F10,10,30,6.8299213753844015,5.830436536999997,100000,0
L-SHADE-DGR,F10,10,31,13.534933868690132,5.802087864000015,100000,0
L-SHADE-DGR,F10,10,32,0.24981776415552304,5.860905200000019,100000,0
L-SHADE-DGR,F10,10,33,131.91081404208944,5.863748359000027,100000,0
L-SHADE-DGR,F10,10,34,3.7272328928866045,5.8729751219999855,100000,0
L-SHADE-DGR,F10,10,35,3.664778451847269,5.861085747000004,100000,0
L-SHADE-DGR,F10,10,36,7.079739139539015,5.897652453999967,100000,0
L-SHADE-DGR,F10,10,37,6.8299213753844015,5.803671382999994,100000,0
L-SHADE-DGR,F10,10,38,3.7896873339250305,5.8208830350000085,100000,0
L-SHADE-DGR,F10,10,39,6.8299213753844015,5.807142002999967,100000,0
L-SHADE-DGR,F10,10,40,3.7272328928866045,5.811331266000025,100000,0
L-SHADE-DGR,F10,10,41,6.954830257462163,5.868701847000011,100000,0
L-SHADE-DGR,F10,10,42,3.7272328928866045,5.876224937000018,100000,0
L-SHADE-DGR,F10,10,43,18.53453767256724,5.885310654999955,100000,0
L-SHADE-DGR,F10,10,44,3.539869569770417,5.875020071999984,100000,0
L-SHADE-DGR,F10,10,45,6.8923758164228275,5.843442006000032,100000,0
L-SHADE-DGR,F10,10,46,10.432245386192335,5.90082731800004,100000,0
L-SHADE-DGR,F10,10,47,10.369790945153909,5.874285966999992,100000,0
L-SHADE-DGR,F10,10,48,6.954830257462163,5.8447276500000385,100000,0
L-SHADE-DGR,F10,10,49,3.8521417749634566,5.8856339210000215,100000,0
L-SHADE-DGR,F10,10,50,3.7896873339250305,5.796263102000012,100000,0
LSHADE,F10,10,0,3.848660781540275,4.744748247999951,100000,0
LSHADE,F10,10,1,7.027321735728947,4.730634618999829,100000,0
LSHADE,F10,10,2,10.958328366562455,4.754226807000123,100000,0
LSHADE,F10,10,3,18.628269426838415,4.815971747000049,100000,0
LSHADE,F10,10,4,3.6185115478701846,4.786968227999978,100000,0
LSHADE,F10,10,5,10.404908649538811,4.78718730300011,100000,0
LSHADE,F10,10,6,7.011688448866153,4.811977440999954,100000,0
LSHADE,F10,10,7,10.435804939802438,4.7721694780000234,100000,0
LSHADE,F10,10,8,13.764061915661841,4.802676447999829,100000,0
LSHADE,F10,10,9,4.031745648441756,4.743602353000142,100000,0
LSHADE,F10,10,10,4.573196438512241,4.7430377809998845,100000,0
LSHADE,F10,10,11,7.518195859441221,4.7700310210000225,100000,0
LSHADE,F10,10,12,125.80696030245645,4.8140232399998695,100000,0
LSHADE,F10,10,13,10.868656194268624,4.769936501999837,100000,0
LSHADE,F10,10,14,10.668524774953767,4.791392892999966,100000,0
LSHADE,F10,10,15,6.912909029158982,4.749734317000048,100000,0
LSHADE,F10,10,16,13.492133443774037,4.784335921999855,100000,0
LSHADE,F10,10,17,6.939926147632832,4.7301836429999184,100000,0
LSHADE,F10,10,18,10.47937267033285,4.778578615000015,100000,0
LSHADE,F10,10,19,10.426450016467243,4.763532482999835,100000,0
LSHADE,F10,10,20,13.900516766740111,4.7761055289997785,100000,0
LSHADE,F10,10,21,0.4475965123674541,4.781360837000193,100000,0
LSHADE,F10,10,22,18.837586095654842,4.74094808100017,100000,0
LSHADE,F10,10,23,7.531254824032658,4.738737510000192,100000,0
LSHADE,F10,10,24,14.9092225503,4.810071473000107,100000,0
LSHADE,F10,10,25,10.84016587413862,4.764769788999956,100000,0
LSHADE,F10,10,26,10.265901002019746,4.763746678999951,100000,0
LSHADE,F10,10,27,3.666991367479568,4.779017922000094,100000,0
LSHADE,F10,10,28,3.7203671488223335,4.760469591999936,100000,0
LSHADE,F10,10,29,3.732914038331728,4.7630286290000186,100000,0
LSHADE,F10,10,30,7.111541720739297,4.756502155999897,100000,0
LSHADE,F10,10,31,7.074060126346012,4.751766282000062,100000,0
LSHADE,F10,10,32,6.992602333142713,4.803434430999914,100000,0
LSHADE,F10,10,33,7.058362262335322,4.766637383999978,100000,0
LSHADE,F10,10,34,10.661500490706203,4.7580900230000225,100000,0
LSHADE,F10,10,35,15.924749009685002,4.8005435229999875,100000,0
LSHADE,F10,10,36,7.6936864396966484,4.738257240999928,100000,0
LSHADE,F10,10,37,7.134581881963641,4.7879925410002215,100000,0
LSHADE,F10,10,38,3.868683649353443,4.794281562999913,100000,0
LSHADE,F10,10,39,21.602437167624885,4.831880772000204,100000,0
LSHADE,F10,10,40,7.1842523686364075,4.755312711999977,100000,0
LSHADE,F10,10,41,23.916921395125428,4.750946557999896,100000,0
LSHADE,F10,10,42,14.509963103841073,4.78993483100021,100000,0
LSHADE,F10,10,43,12.544962203947762,4.824663116000011,100000,0
LSHADE,F10,10,44,7.1371483460407035,4.767423518999976,100000,0
LSHADE,F10,10,45,7.068126839170873,4.750129425000068,100000,0
LSHADE,F10,10,46,0.5018808850309142,4.736422702000027,100000,0
LSHADE,F10,10,47,0.9990831228333263,4.789238714000021,100000,0
LSHADE,F10,10,48,7.267779673105906,4.7707315400000425,100000,0
LSHADE,F10,10,49,4.361510612418897,4.790825811000104,100000,0
LSHADE,F10,10,50,3.879103724236302,4.816909569000018,100000,0
TEMOA_V10,F10,10,0,235.30781463771518,6.506475874999978,100000,0
TEMOA_V10,F10,10,1,722.6865175747075,6.917937047000009,100000,0
TEMOA_V10,F10,10,2,1005.503469316649,6.460934336000037,100000,0
TEMOA_V10,F10,10,3,323.055815922653,6.491930464000006,100000,0
TEMOA_V10,F10,10,4,930.217646974852,6.937307859999976,100000,0
TEMOA_V10,F10,10,5,3.6647784518481785,6.472267503000012,100000,0
TEMOA_V10,F10,10,6,477.4152068646531,6.872372030999998,100000,0
TEMOA_V10,F10,10,7,18.65944655464409,6.440032299999984,100000,0
TEMOA_V10,F10,10,8,461.111284334002,6.916643422999982,100000,0
TEMOA_V10,F10,10,9,876.9014976670951,6.445967273999997,100000,0
TEMOA_V10,F10,10,10,346.5751683223925,6.46007705300002,100000,0
TEMOA_V10,F10,10,11,414.73241169607263,6.463448295999967,100000,0
TEMOA_V10,F10,10,12,749.7353269075752,6.4726082880000035,100000,0
TEMOA_V10,F10,10,13,830.5554335102897,6.490375162000021,100000,0
TEMOA_V10,F10,10,14,583.8669967628744,6.456526944000018,100000,0
TEMOA_V10,F10,10,15,741.0792788726594,6.481975521999971,100000,0
TEMOA_V10,F10,10,16,413.3095558398545,6.432669369999985,100000,0
TEMOA_V10,F10,10,17,220.80444784242036,6.469947472999991,100000,0
TEMOA_V10,F10,10,18,450.52592466655915,6.535648186000003,100000,0
TEMOA_V10,F10,10,19,3.664778451847269,6.533360936000008,100000,0
TEMOA_V10,F10,10,20,448.32507136079494,6.497981852999999,100000,0
TEMOA_V10,F10,10,21,348.3368104125325,6.986952776999999,100000,0
TEMOA_V10,F10,10,22,952.7869434054087,6.460930417000043,100000,0
TEMOA_V10,F10,10,23,858.1057784328927,6.898906898999996,100000,0
TEMOA_V10,F10,10,24,3.7896873339250305,6.484462921999977,100000,0
TEMOA_V10,F10,10,25,552.8004327621093,6.867521672999942,100000,0
TEMOA_V10,F10,10,26,673.6751675406508,6.66338147099998,100000,0
TEMOA_V10,F10,10,27,243.13150181075162,6.4669901479999226,100000,0
TEMOA_V10,F10,10,28,3.7272328928866045,6.479357252999989,100000,0
TEMOA_V10,F10,10,29,788.9026791696824,6.490834381000013,100000,0
TEMOA_V10,F10,10,30,837.6386605965845,6.459302983000043,100000,0
TEMOA_V10,F10,10,31,792.1302765342575,6.5060519959999965,100000,0
TEMOA_V10,F10,10,32,235.73666150417876,6.5428194749999875,100000,0
TEMOA_V10,F10,10,33,366.01972787289105,6.900123452999992,100000,0
TEMOA_V10,F10,10,34,563.7148377129656,6.517169744999933,100000,0
TEMOA_V10,F10,10,35,637.0917832826949,6.503060368999968,100000,0
TEMOA_V10,F10,10,36,249.0589031055697,6.458785518000013,100000,0
TEMOA_V10,F10,10,37,362.3027355783406,6.538166025999999,100000,0
TEMOA_V10,F10,10,38,797.7166182746996,6.505646243000001,100000,0
TEMOA_V10,F10,10,39,235.37026907875406,6.504762813999946,100000,0
TEMOA_V10,F10,10,40,358.88777489064887,6.486274637999941,100000,0
TEMOA_V10,F10,10,41,560.4872403483901,6.511769436000009,100000,0
TEMOA_V10,F10,10,42,541.1699161221559,6.940868137000052,100000,0
TEMOA_V10,F10,10,43,849.8835058102554,6.922281970999961,100000,0
TEMOA_V10,F10,10,44,224.97169078441766,6.441171354000062,100000,0
TEMOA_V10,F10,10,45,892.7109024652373,6.60596995100002,100000,0
TEMOA_V10,F10,10,46,701.1890684299201,6.501452255000004,100000,0
TEMOA_V10,F10,10,47,220.6795389603426,6.483265808000056,100000,0
TEMOA_V10,F10,10,48,303.1239984570184,6.49423096299995,100000,0
TEMOA_V10,F10,10,49,306.35159582159395,6.500126816000034,100000,0
TEMOA_V10,F10,10,50,296.4189859637122,6.489766020000047,100000,0
TEMOA_V11,F10,10,0,10.182427622037721,5.850392682000006,100000,0
TEMOA_V11,F10,10,1,10.307336504115483,5.850982649000002,100000,0
TEMOA_V11,F10,10,2,3.664778451847269,5.902247897000052,100000,0
TEMOA_V11,F10,10,3,7.017284698500589,5.891691470999945,100000,0
TEMOA_V11,F10,10,4,3.5398695697695075,5.823149129999933,100000,0
TEMOA_V11,F10,10,5,137.237896626174,6.075961423000081,100000,0
TEMOA_V11,F10,10,6,15.119576984875494,5.859208047000038,100000,0
TEMOA_V11,F10,10,7,21.949498360258985,5.886369887000001,100000,0
TEMOA_V11,F10,10,8,7.017284698500589,5.867212894999966,100000,0
TEMOA_V11,F10,10,9,10.369790945153909,5.875885804999939,100000,0
TEMOA_V11,F10,10,10,7.017284698500589,5.839640749999944,100000,0
TEMOA_V11,F10,10,11,0.24981776415552304,5.837148663999983,100000,0
TEMOA_V11,F10,10,12,0.37472664623328455,5.823104805000071,100000,0
TEMOA_V11,F10,10,13,6.954830257462163,5.8370702519999895,100000,0
TEMOA_V11,F10,10,14,7.079739139539015,5.855255915999919,100000,0
TEMOA_V11,F10,10,15,0.37472664623328455,5.8286233500000435,100000,0
TEMOA_V11,F10,10,16,0.43718108727171057,5.820780290000016,100000,0
TEMOA_V11,F10,10,17,3.7896873339250305,5.839624716999992,100000,0
TEMOA_V11,F10,10,18,10.182427622037721,5.844101427999931,100000,0
TEMOA_V11,F10,10,19,18.659446554645,5.86346391699999,100000,0
TEMOA_V11,F10,10,20,125.33071043086102,5.865952662000041,100000,0
TEMOA_V11,F10,10,21,13.659842750767893,5.864635217999989,100000,0
TEMOA_V11,F10,10,22,3.602324010808843,5.84848194999995,100000,0
TEMOA_V11,F10,10,23,10.244882063076147,5.810790501000042,100000,0
TEMOA_V11,F10,10,24,6.8923758164228275,5.829640359999985,100000,0
TEMOA_V11,F10,10,25,10.307336504114573,5.872343168999919,100000,0
TEMOA_V11,F10,10,26,33.466751334325636,5.843682951999995,100000,0
TEMOA_V11,F10,10,27,0.4996355283110461,5.892119610999998,100000,0
TEMOA_V11,F10,10,28,0.43718108727171057,5.879326760000026,100000,0
TEMOA_V11,F10,10,29,3.602324010808843,5.843597871000043,100000,0
TEMOA_V11,F10,10,30,7.017284698500589,5.9300088700000515,100000,0
TEMOA_V11,F10,10,31,3.602324010808843,5.887719997999966,100000,0
TEMOA_V11,F10,10,32,11.954434061338361,5.87342799999999,100000,0
TEMOA_V11,F10,10,33,7.1421935805783505,5.930139265999969,100000,0
TEMOA_V11,F10,10,34,21.84590233239578,5.897000477000006,100000,0
TEMOA_V11,F10,10,35,18.409628790489478,5.871437748999938,100000,0
TEMOA_V11,F10,10,36,10.369790945153909,5.879327840999963,100000,0
TEMOA_V11,F10,10,37,7.017284698500589,5.80376899099997,100000,0
TEMOA_V11,F10,10,38,3.5398695697695075,5.871287156999983,100000,0
TEMOA_V11,F10,10,39,0.31227220519394905,5.80682905499998,100000,0
TEMOA_V11,F10,10,40,3.539869569770417,5.876409972000033,100000,0
TEMOA_V11,F10,10,41,6.767466934345066,5.856961857999977,100000,0
TEMOA_V11,F10,10,42,3.7272328928866045,5.87770931,100000,0
TEMOA_V11,F10,10,43,6.892375816423737,5.909475766000014,100000,0
TEMOA_V11,F10,10,44,18.721900995683427,6.026784943000052,100000,0
TEMOA_V11,F10,10,45,135.31955368945273,6.008180539999898,100000,0
TEMOA_V11,F10,10,46,6.7674669343459755,5.84945476900009,100000,0
TEMOA_V11,F10,10,47,7.079739139539015,5.885595551000051,100000,0
TEMOA_V11,F10,10,48,15.431849190069443,5.969326851999995,100000,0
TEMOA_V11,F10,10,49,0.18736332311709702,6.003218742999934,100000,0
TEMOA_V11,F10,10,50,122.4930462875327,5.997207118000006,100000,0
TEMOA_V12,F10,10,0,3.602324010808843,5.774753306999969,100000,0
TEMOA_V12,F10,10,1,7.079739139539015,5.830044725999983,100000,0
TEMOA_V12,F10,10,2,7.017284699941229,5.78440282400004,100000,0
TEMOA_V12,F10,10,3,7.017284698500589,5.769591914999978,100000,0
TEMOA_V12,F10,10,4,6.892375816423737,5.803400230999955,100000,0
TEMOA_V12,F10,10,5,0.43718108727171057,5.7828611589999355,100000,0
TEMOA_V12,F10,10,6,3.4774151287310815,5.727102962999879,100000,0
TEMOA_V12,F10,10,7,10.244882063076147,5.769418641000129,100000,0
TEMOA_V12,F10,10,8,7.1421935805783505,5.841403577000165,100000,0
TEMOA_V12,F10,10,9,13.659842750767893,5.76213212499988,100000,0
TEMOA_V12,F10,10,10,7.0172846985933575,5.765446000000111,100000,0
TEMOA_V12,F10,10,11,18.472083231527904,5.781345344999863,100000,0
TEMOA_V12,F10,10,12,227.38466389371706,5.815513211000052,100000,0
TEMOA_V12,F10,10,13,129.01069545772225,5.877289818999998,100000,0
TEMOA_V12,F10,10,14,18.596992113647502,5.773003476999975,100000,0
TEMOA_V12,F10,10,15,7.0797391395399245,5.736516252999991,100000,0
TEMOA_V12,F10,10,16,3.5398695697695075,5.749656469000001,100000,0
TEMOA_V12,F10,10,17,3.602324010808843,5.73072640700002,100000,0
TEMOA_V12,F10,10,18,0.5620899694058608,5.720771439999908,100000,0
TEMOA_V12,F10,10,19,217.51439603680592,5.700607097000102,100000,0
TEMOA_V12,F10,10,20,3.5398695697695075,5.760396567000043,100000,0
TEMOA_V12,F10,10,21,7.017284698500589,5.722881703999974,100000,0
TEMOA_V12,F10,10,22,3.7896873339250305,5.719811437000089,100000,0
TEMOA_V12,F10,10,23,6.9548302574612535,5.713055054000051,100000,0
TEMOA_V12,F10,10,24,128.68321667751388,5.72236752699996,100000,0
TEMOA_V12,F10,10,25,10.244882063077057,5.8994629609999265,100000,0
TEMOA_V12,F10,10,26,13.597388309730377,5.77076100599993,100000,0
TEMOA_V12,F10,10,27,10.369790945153909,5.716440979000026,100000,0
TEMOA_V12,F10,10,28,21.88704391922056,5.849932943000113,100000,0
TEMOA_V12,F10,10,29,3.852141774964366,5.764570194000044,100000,0
TEMOA_V12,F10,10,30,131.97326848312787,5.7652320439999585,100000,0
TEMOA_V12,F10,10,31,6.829921375383492,5.721325790000037,100000,0
TEMOA_V12,F10,10,32,0.37472664623419405,5.762939899999992,100000,0
TEMOA_V12,F10,10,33,3.4774151287310815,5.74510634499984,100000,0
TEMOA_V12,F10,10,34,11.954434061338361,5.7972438849999435,100000,0
TEMOA_V12,F10,10,35,3.602324010808843,5.8233547629999975,100000,0
TEMOA_V12,F10,10,36,15.369394749030107,5.739544145000082,100000,0
TEMOA_V12,F10,10,37,15.119576984875494,5.77980643900014,100000,0
TEMOA_V12,F10,10,38,10.244882063076147,5.7809219519999715,100000,0
TEMOA_V12,F10,10,39,3.7272328928866045,5.741417522999882,100000,0
TEMOA_V12,F10,10,40,0.37472664623328455,5.748495515999821,100000,0
TEMOA_V12,F10,10,41,10.369790945153909,5.7954084160001,100000,0
TEMOA_V12,F10,10,42,10.119973180998386,5.730327750000015,100000,0
TEMOA_V12,F10,10,43,33.466751334325636,5.722960080000121,100000,0
TEMOA_V12,F10,10,44,6.8299213753844015,5.720979595000017,100000,0
TEMOA_V12,F10,10,45,7.0797391395399245,5.730762555999945,100000,0
TEMOA_V12,F10,10,46,3.7896877178673094,5.743970194999974,100000,0
TEMOA_V12,F10,10,47,123.58907880766856,5.783034854000107,100000,0
TEMOA_V12,F10,10,48,19.004824756247217,5.726392754999779,100000,0
TEMOA_V12,F10,10,49,10.369790945153909,5.8171240449999,100000,0
TEMOA_V12,F10,10,50,15.306940307991681,5.749154811999915,100000,0
jSO,F10,10,0,11.829525179265147,4.785670467999807,100000,0
jSO,F10,10,1,7.02049869570601,4.772206395000012,100000,0
jSO,F10,10,2,6.954830257462163,4.751053368999919,100000,0
jSO,F10,10,3,13.722297697884642,4.742317686999968,100000,0
jSO,F10,10,4,0.18766866115220182,4.7600336680000055,100000,0
jSO,F10,10,5,7.017284698519688,4.797731957999986,100000,0
jSO,F10,10,6,7.017284698500589,4.75397222100014,100000,0
jSO,F10,10,7,3.8091740273948744,4.714763073000086,100000,0
jSO,F10,10,8,6.8923758168493805,4.7538742540000385,100000,0
jSO,F10,10,9,10.307518931707818,4.741722712999945,100000,0
jSO,F10,10,10,18.5972148240935,4.7774524669998755,100000,0
jSO,F10,10,11,7.017284698500589,4.773698705000015,100000,0
jSO,F10,10,12,4.152379970852962,4.75377995100007,100000,0
jSO,F10,10,13,6.892375816423737,4.734228270999893,100000,0
jSO,F10,10,14,7.479152052152131,4.740422996000007,100000,0
jSO,F10,10,15,10.182429671448517,4.779391977999921,100000,0
jSO,F10,10,16,7.0172846985033175,4.744964318000029,100000,0
jSO,F10,10,17,15.244485866954165,4.721446059000073,100000,0
jSO,F10,10,18,15.244486254564436,4.793790009000077,100000,0
jSO,F10,10,19,3.7272328929320793,4.758021165999935,100000,0
jSO,F10,10,20,6.892375816423737,4.724445153000033,100000,0
jSO,F10,10,21,7.0797391395399245,4.727456104999874,100000,0
jSO,F10,10,22,20.24024984348398,4.729596005000076,100000,0
jSO,F10,10,23,3.664984672418541,4.736225121000189,100000,0
jSO,F10,10,24,233.9646550648772,4.724512158999914,100000,0
jSO,F10,10,25,3.60232564504895,4.7339502439999706,100000,0
jSO,F10,10,26,0.37566915736169904,4.715129007999849,100000,0
jSO,F10,10,27,3.7896873339250305,4.69347674200003,100000,0
jSO,F10,10,28,0.31307684185230755,4.712498097999969,100000,0
jSO,F10,10,29,15.369394749030107,4.661947115999965,100000,0
jSO,F10,10,30,121.97820418421543,4.760931559000028,100000,0
jSO,F10,10,31,20.23994636199768,4.732723751000094,100000,0
jSO,F10,10,32,6.892375816423737,4.710909743000002,100000,0
jSO,F10,10,33,13.659843360787818,4.7343634599999405,100000,0
jSO,F10,10,34,7.0797391395399245,4.741198431999919,100000,0
jSO,F10,10,35,18.53453767256815,4.724790982000059,100000,0
jSO,F10,10,36,6.954855458962811,4.752301374999888,100000,0
jSO,F10,10,37,7.434279560843606,4.702976621000062,100000,0
jSO,F10,10,38,0.37472664623419405,4.726139642999897,100000,0
jSO,F10,10,39,16.887440115352547,4.757681606000006,100000,0
jSO,F10,10,40,0.33399036275932303,4.740905808999969,100000,0
jSO,F10,10,41,3.7282021537566834,4.769512504999966,100000,0
jSO,F10,10,42,15.30694030799259,4.719331580000016,100000,0
jSO,F10,10,43,0.31227220519394905,4.706412149000016,100000,0
jSO,F10,10,44,10.182427622037721,4.713087955999981,100000,0
jSO,F10,10,45,15.431849190196772,4.764195273000041,100000,0
jSO,F10,10,46,6.954950339443712,4.767327722000118,100000,0
jSO,F10,10,47,0.43718108727262006,4.689535210000031,100000,0
jSO,F10,10,48,6.954830257462163,4.74087623399987,100000,0
jSO,F10,10,49,13.722297191807229,4.731375269999944,100000,0
jSO,F10,10,50,3.6647784518481785,4.70671904400001,100000,0
sepCMAES,F10,10,0,0.37472664623419405,14.627827027999956,100000,0
sepCMAES,F10,10,1,10.244882063076147,14.762407679000262,100000,0
sepCMAES,F10,10,2,140.32537853365784,14.84365221400003,100000,0
sepCMAES,F10,10,3,169.0138796106139,14.84782659099983,100000,0
sepCMAES,F10,10,4,133.94784482056002,14.754423111000051,100000,0
sepCMAES,F10,10,5,23.725897185116082,14.76527403199998,100000,0
sepCMAES,F10,10,6,3.539869569770417,14.766855961999681,100000,0
sepCMAES,F10,10,7,25.682447415334536,14.76402452299999,100000,0
sepCMAES,F10,10,8,128.55830779543658,14.637295874999836,100000,0
sepCMAES,F10,10,9,3.539869569770417,14.66841096600001,100000,0
sepCMAES,F10,10,10,18.53453767256724,14.707864043999962,100000,0
sepCMAES,F10,10,11,43.52841340061241,14.679714541000067,100000,0
sepCMAES,F10,10,12,30.17669952871165,14.856314781000037,100000,0
sepCMAES,F10,10,13,18.596992113605666,14.678057701999933,100000,0
sepCMAES,F10,10,14,268.18783196234153,14.703244248999908,100000,0
sepCMAES,F10,10,15,21.949498360258985,14.679940242000157,100000,0
sepCMAES,F10,10,16,137.36280550825177,14.771076626000195,100000,0
sepCMAES,F10,10,17,145.12725466525717,14.610142837999774,100000,0
sepCMAES,F10,10,18,253.6998262484076,14.840761597999972,100000,0
sepCMAES,F10,10,19,245.34332381232252,14.839033018999999,100000,0
sepCMAES,F10,10,20,46.81846520622639,14.666368035999767,100000,0
sepCMAES,F10,10,21,0.24981776415552304,14.698760599999787,100000,0
sepCMAES,F10,10,22,43.34105007749531,14.791266656000062,100000,0
sepCMAES,F10,10,23,260.2755374740809,14.763933429999724,100000,0
sepCMAES,F10,10,24,42.9378342071941,14.69483127400008,100000,0
sepCMAES,F10,10,25,25.114641283796118,14.579508804999477,100000,0
sepCMAES,F10,10,26,122.22802194836777,14.651966584000547,100000,0
sepCMAES,F10,10,27,21.949498360258985,14.79694333200041,100000,0
sepCMAES,F10,10,28,128.68321667751388,14.786775552000108,100000,0
sepCMAES,F10,10,29,136.97287228700498,15.026382784999441,100000,0
sepCMAES,F10,10,30,55.77638027890953,14.696031907999895,100000,0
sepCMAES,F10,10,31,26.82419328205833,14.745750355999917,100000,0
sepCMAES,F10,10,32,18.596992113606575,14.771009983000113,100000,0
sepCMAES,F10,10,33,41.75640694381673,14.764051590000236,100000,0
sepCMAES,F10,10,34,119.26544892308766,14.595980100000816,100000,0
sepCMAES,F10,10,35,15.244485866953255,14.951587206999648,100000,0
sepCMAES,F10,10,36,36.819257580978956,14.906330429000263,100000,0
sepCMAES,F10,10,37,21.88704391922056,14.681479977999516,100000,0
sepCMAES,F10,10,38,25.114641283796118,14.829547383000317,100000,0
sepCMAES,F10,10,39,274.09513175938264,14.860874484000306,100000,0
sepCMAES,F10,10,40,137.9483011330658,14.872284932000184,100000,0
sepCMAES,F10,10,41,15.30694030799259,14.788651001999824,100000,0
sepCMAES,F10,10,42,31.17076118204568,14.786601052000151,100000,0
sepCMAES,F10,10,43,6.954830257462163,14.839741298999797,100000,0
sepCMAES,F10,10,44,18.409628790489478,14.800520939999842,100000,0
sepCMAES,F10,10,45,140.6528573138662,14.703291533000083,100000,0
sepCMAES,F10,10,46,125.3931648718999,14.789361692000057,100000,0
sepCMAES,F10,10,47,127.4727953294232,14.727889979999418,100000,0
sepCMAES,F10,10,48,234.25159832588997,14.61155395700007,100000,0
sepCMAES,F10,10,49,11.891979620300845,14.675426488000085,100000,0
sepCMAES,F10,10,50,41.75640694480899,14.798856207000426,100000,0
BIPOP_CMAES,F11,10,0,1.9899181141865938,11.240953973999922,100000,0
BIPOP_CMAES,F11,10,1,0.9949590570932969,9.705957423999962,100000,0
BIPOP_CMAES,F11,10,2,0.0,10.314628286000016,100000,0
BIPOP_CMAES,F11,10,3,0.9949590570932969,9.39408165000009,100000,0
BIPOP_CMAES,F11,10,4,0.0,10.281534117999854,100000,0
BIPOP_CMAES,F11,10,5,0.0,10.212066555999854,100000,0
BIPOP_CMAES,F11,10,6,0.0,10.34876624200001,100000,0
BIPOP_CMAES,F11,10,7,0.0,10.480185771000151,100000,0
BIPOP_CMAES,F11,10,8,0.0,9.77090916799989,100000,0
BIPOP_CMAES,F11,10,9,0.0,10.357694458999958,100000,0
BIPOP_CMAES,F11,10,10,0.0,10.466394910999952,100000,0
BIPOP_CMAES,F11,10,11,0.9949590570932969,10.82805707500006,100000,0
BIPOP_CMAES,F11,10,12,0.0,10.026085676000093,100000,0
BIPOP_CMAES,F11,10,13,0.9949590570932969,9.887255418999985,100000,0
BIPOP_CMAES,F11,10,14,0.0,10.49236282999982,100000,0
BIPOP_CMAES,F11,10,15,0.9949590570934106,9.542094690999875,100000,0
BIPOP_CMAES,F11,10,16,0.0,9.939051766000148,100000,0
BIPOP_CMAES,F11,10,17,0.0,9.905574270999978,100000,0
BIPOP_CMAES,F11,10,18,0.0,10.107555692999995,100000,0
BIPOP_CMAES,F11,10,19,0.0,10.037739141999964,100000,0
BIPOP_CMAES,F11,10,20,0.0,9.836178855000071,100000,0
BIPOP_CMAES,F11,10,21,0.00035014464981486526,10.160789851000118,100000,0
BIPOP_CMAES,F11,10,22,0.0,10.55964447800011,100000,0
BIPOP_CMAES,F11,10,23,0.0,9.975048778999962,100000,0
BIPOP_CMAES,F11,10,24,0.0,10.904718742000114,100000,0
BIPOP_CMAES,F11,10,25,0.0,10.772146882000015,100000,0
BIPOP_CMAES,F11,10,26,0.9949590570937517,8.885409755999945,100000,0
BIPOP_CMAES,F11,10,27,0.0,9.98392875699983,100000,0
BIPOP_CMAES,F11,10,28,0.0,9.673756362999939,100000,0
BIPOP_CMAES,F11,10,29,0.17692930375505966,11.001192160000073,100000,0
BIPOP_CMAES,F11,10,30,0.0,10.850071993000029,100000,0
BIPOP_CMAES,F11,10,31,0.010086027599186309,10.102810668000075,100000,0
BIPOP_CMAES,F11,10,32,0.9949590570934106,9.751124109999864,100000,0
BIPOP_CMAES,F11,10,33,0.0,10.260579935999885,100000,0
BIPOP_CMAES,F11,10,34,0.0,9.945097584999985,100000,0
BIPOP_CMAES,F11,10,35,0.0,9.722498535000113,100000,0
BIPOP_CMAES,F11,10,36,0.0,9.822239939999918,100000,0
BIPOP_CMAES,F11,10,37,0.0,10.236268562000078,100000,0
BIPOP_CMAES,F11,10,38,0.0,10.504376718000003,100000,0
BIPOP_CMAES,F11,10,39,0.0,10.343762339000023,100000,0
BIPOP_CMAES,F11,10,40,0.9949590570934106,10.540941963000023,100000,0
BIPOP_CMAES,F11,10,41,0.0,10.452928519999887,100000,0
BIPOP_CMAES,F11,10,42,0.0,9.937362425999936,100000,0
BIPOP_CMAES,F11,10,43,0.0,10.318426039000087,100000,0
BIPOP_CMAES,F11,10,44,0.0,9.65781010899991,100000,0
BIPOP_CMAES,F11,10,45,0.0,10.243804839999939,100000,0
BIPOP_CMAES,F11,10,46,0.0,10.016375002999894,100000,0
BIPOP_CMAES,F11,10,47,0.0,9.906901679999919,100000,0
BIPOP_CMAES,F11,10,48,0.0,9.713719407000099,100000,0
BIPOP_CMAES,F11,10,49,0.0,10.23360683199985,100000,0
BIPOP_CMAES,F11,10,50,0.0,9.356567108000036,100000,0
CMAES,F11,10,0,0.9949590570932969,13.648412621000261,100000,0
CMAES,F11,10,1,1.9899181141865938,13.675955571000031,100000,0
CMAES,F11,10,2,1.9899181141867075,13.748525727000015,100000,0
CMAES,F11,10,3,0.9949590570932969,13.419212146000064,100000,0
CMAES,F11,10,4,0.9949590570932969,13.066225245000169,100000,0
CMAES,F11,10,5,2.9848771712798907,13.746241827999711,100000,0
CMAES,F11,10,6,0.9949590570932969,13.704227252999772,100000,0
CMAES,F11,10,7,1.9899181141867075,13.480740119000075,100000,0
CMAES,F11,10,8,1.9899181141865938,13.686831653999889,100000,0
CMAES,F11,10,9,1.9899181141865938,13.59571925199998,100000,0
CMAES,F11,10,10,1.9899181141865938,13.663027066999803,100000,0
CMAES,F11,10,11,2.9848771712798907,13.326439942999968,100000,0
CMAES,F11,10,12,1.9899181141865938,13.25972885100009,100000,0
CMAES,F11,10,13,0.9949590570932969,13.693555596000351,100000,0
CMAES,F11,10,14,1.9899181141865938,13.84871358600003,100000,0
CMAES,F11,10,15,0.9949590570932969,13.804058693000115,100000,0
CMAES,F11,10,16,0.0,13.59802064600035,100000,0
CMAES,F11,10,17,0.9949590570932969,13.73394977099997,100000,0
CMAES,F11,10,18,1.9899181141865938,13.332423267000195,100000,0
CMAES,F11,10,19,0.9949590570932969,13.535493928999585,100000,0
CMAES,F11,10,20,1.9899181141865938,13.576537487999758,100000,0
CMAES,F11,10,21,0.9949590570932969,13.562259190000077,100000,0
CMAES,F11,10,22,0.9949590570934106,13.415691256000173,100000,0
CMAES,F11,10,23,0.9949590570932969,13.78448600999991,100000,0
CMAES,F11,10,24,0.9949590570932969,13.415546116000314,100000,0
CMAES,F11,10,25,0.9949590570932969,13.555947402999664,100000,0
CMAES,F11,10,26,0.9949590570934106,13.420139450999613,100000,0
CMAES,F11,10,27,0.0,13.833200174000012,100000,0
CMAES,F11,10,28,0.9949590570934106,13.679139458000009,100000,0
CMAES,F11,10,29,1.9899181141867075,13.630094126000131,100000,0
CMAES,F11,10,30,0.9949590570932969,13.492101444000127,100000,0
CMAES,F11,10,31,0.9949590570932969,13.319800940000277,100000,0
CMAES,F11,10,32,0.9949590570934106,13.37426681299985,100000,0
CMAES,F11,10,33,0.0,13.502661122999598,100000,0
CMAES,F11,10,34,0.0,13.567246658000386,100000,0
CMAES,F11,10,35,0.9949590570932969,13.491121891000148,100000,0
CMAES,F11,10,36,0.9949590570932969,13.731693145000008,100000,0
CMAES,F11,10,37,0.9949590570932969,13.15719129099989,100000,0
CMAES,F11,10,38,1.9899181141865938,13.669742112000222,100000,0
CMAES,F11,10,39,0.9949590570932969,13.369828849999976,100000,0
CMAES,F11,10,40,1.9899181141865938,13.558510000000297,100000,0
CMAES,F11,10,41,1.9899181141865938,13.667510918000062,100000,0
CMAES,F11,10,42,0.0,13.738051323000036,100000,0
CMAES,F11,10,43,0.9949590570932969,13.341071414999988,100000,0
CMAES,F11,10,44,0.9949590570932969,13.317963453000175,100000,0
CMAES,F11,10,45,0.9949590570932969,13.767947886999991,100000,0
CMAES,F11,10,46,1.9899181141865938,13.397423579000133,100000,0
CMAES,F11,10,47,0.0,13.408252573000027,100000,0
CMAES,F11,10,48,0.0,13.685168565999902,100000,0
CMAES,F11,10,49,0.9949590570934106,13.823014756999783,100000,0
CMAES,F11,10,50,1.9899181141865938,13.76361432199974,100000,0
IPOP_CMAES,F11,10,0,0.0,9.039394995000066,100000,0
IPOP_CMAES,F11,10,1,0.0,9.877072651999924,100000,0
IPOP_CMAES,F11,10,2,0.0,8.992732795999927,100000,0
IPOP_CMAES,F11,10,3,2.9848771712798907,9.542147391000071,100000,0
IPOP_CMAES,F11,10,4,0.0,10.305330939999976,100000,0
IPOP_CMAES,F11,10,5,0.0,9.928202418999945,100000,0
IPOP_CMAES,F11,10,6,0.9949590570934106,9.23198551900009,100000,0
IPOP_CMAES,F11,10,7,0.0,9.405368875000022,100000,0
IPOP_CMAES,F11,10,8,0.0,8.770151512999973,100000,0
IPOP_CMAES,F11,10,9,0.0,9.311042468000096,100000,0
IPOP_CMAES,F11,10,10,0.0,9.008401703000118,100000,0
IPOP_CMAES,F11,10,11,0.0,9.414452948999951,100000,0
IPOP_CMAES,F11,10,12,0.0,9.391831737999837,100000,0
IPOP_CMAES,F11,10,13,0.0,9.68466288799982,100000,0
IPOP_CMAES,F11,10,14,0.0,9.241584013999727,100000,0
IPOP_CMAES,F11,10,15,0.0,9.542179222999948,100000,0
IPOP_CMAES,F11,10,16,0.04826520640096987,9.693130397999994,100000,0
IPOP_CMAES,F11,10,17,0.0,9.077761554000062,100000,0
IPOP_CMAES,F11,10,18,0.0,9.012032832999921,100000,0
IPOP_CMAES,F11,10,19,0.0,9.167428279999967,100000,0
IPOP_CMAES,F11,10,20,0.0,9.55935211499991,100000,0
IPOP_CMAES,F11,10,21,0.0,8.75864569300029,100000,0
IPOP_CMAES,F11,10,22,0.0,10.254448776000118,100000,0
IPOP_CMAES,F11,10,23,0.0,9.656986760000109,100000,0
IPOP_CMAES,F11,10,24,0.0,9.393294500999673,100000,0
IPOP_CMAES,F11,10,25,0.0,8.611974527000257,100000,0
IPOP_CMAES,F11,10,26,0.00037222191349428613,9.751575778000188,100000,0
IPOP_CMAES,F11,10,27,0.0,9.5543451059998,100000,0
IPOP_CMAES,F11,10,28,0.0,8.90202522799973,100000,0
IPOP_CMAES,F11,10,29,2.1033383745816536e-07,9.625359993000075,100000,0
IPOP_CMAES,F11,10,30,0.0,9.051407352999831,100000,0
IPOP_CMAES,F11,10,31,0.0,8.532005618999847,100000,0
IPOP_CMAES,F11,10,32,0.0,8.888541168999836,100000,0
IPOP_CMAES,F11,10,33,0.0,9.474305299000207,100000,0
IPOP_CMAES,F11,10,34,0.9949590570934106,8.5418566809999,100000,0
IPOP_CMAES,F11,10,35,0.0,9.533013953000136,100000,0
IPOP_CMAES,F11,10,36,0.0,9.376862400999926,100000,0
IPOP_CMAES,F11,10,37,0.8068603012191033,9.608796825000354,100000,0
IPOP_CMAES,F11,10,38,0.0,9.806706242000018,100000,0
IPOP_CMAES,F11,10,39,0.9990830008971443,9.439573650000057,100000,0
IPOP_CMAES,F11,10,40,0.0,9.260924542999874,100000,0
IPOP_CMAES,F11,10,41,0.0,8.412598112000069,100000,0
IPOP_CMAES,F11,10,42,0.0,8.887351024000054,100000,0
IPOP_CMAES,F11,10,43,0.0,8.900303572000212,100000,0
IPOP_CMAES,F11,10,44,0.0,9.747788047000085,100000,0
IPOP_CMAES,F11,10,45,0.0,9.67886355399969,100000,0
IPOP_CMAES,F11,10,46,0.0011331260016049782,9.42611342300006,100000,0
IPOP_CMAES,F11,10,47,0.0,8.793980634000036,100000,0
IPOP_CMAES,F11,10,48,0.0,9.612824719999935,100000,0
IPOP_CMAES,F11,10,49,0.9949590570934106,9.224811861000035,100000,0
IPOP_CMAES,F11,10,50,0.0,9.166510149999795,100000,0
L-SHADE-DGR,F11,10,0,0.0,3.9946178950000046,100000,0
L-SHADE-DGR,F11,10,1,0.0,4.049894764000015,100000,0
L-SHADE-DGR,F11,10,2,0.0,4.07035510999998,100000,0
L-SHADE-DGR,F11,10,3,0.0,4.061174237000017,100000,0
L-SHADE-DGR,F11,10,4,0.0,4.0178481959999885,100000,0
L-SHADE-DGR,F11,10,5,0.0,4.003280498999999,100000,0
L-SHADE-DGR,F11,10,6,0.0,3.995856121999992,100000,0
L-SHADE-DGR,F11,10,7,0.0,4.0529022860000055,100000,0
L-SHADE-DGR,F11,10,8,2.7946418867941247e-07,4.006077148000003,100000,0
L-SHADE-DGR,F11,10,9,0.0,4.088891305000004,100000,0
L-SHADE-DGR,F11,10,10,0.0,4.086311210000019,100000,0
L-SHADE-DGR,F11,10,11,0.0,4.053851865999974,100000,0
L-SHADE-DGR,F11,10,12,0.0,4.047878857000001,100000,0
L-SHADE-DGR,F11,10,13,0.0,4.061109297000002,100000,0
L-SHADE-DGR,F11,10,14,0.0,4.079586118999998,100000,0
L-SHADE-DGR,F11,10,15,0.0,4.060180097999989,100000,0
L-SHADE-DGR,F11,10,16,0.0,4.017227837999997,100000,0
L-SHADE-DGR,F11,10,17,0.0,4.019508136000013,100000,0
L-SHADE-DGR,F11,10,18,4.696387667523368,4.595158897999994,100000,0
L-SHADE-DGR,F11,10,19,0.0,4.5665173210000205,100000,0
L-SHADE-DGR,F11,10,20,0.0,4.0898790500000075,100000,0
L-SHADE-DGR,F11,10,21,0.0,4.062902053000016,100000,0
L-SHADE-DGR,F11,10,22,0.0,4.041938902000027,100000,0
L-SHADE-DGR,F11,10,23,0.0,4.052057665000007,100000,0
L-SHADE-DGR,F11,10,24,3.701428610430071,4.082246421999969,100000,0
L-SHADE-DGR,F11,10,25,0.0,4.082498891,100000,0
L-SHADE-DGR,F11,10,26,0.0,4.085961725999994,100000,0
L-SHADE-DGR,F11,10,27,0.0,4.05278092399999,100000,0
L-SHADE-DGR,F11,10,28,0.0,4.050976171000002,100000,0
L-SHADE-DGR,F11,10,29,0.0,4.025884666999957,100000,0
L-SHADE-DGR,F11,10,30,0.0,4.049947368000005,100000,0
L-SHADE-DGR,F11,10,31,0.0,4.024266149000027,100000,0
L-SHADE-DGR,F11,10,32,0.00017367630050557636,3.977596850999987,100000,0
L-SHADE-DGR,F11,10,33,0.0,4.541818735999982,100000,0
L-SHADE-DGR,F11,10,34,0.0,3.9974590170000397,100000,0
L-SHADE-DGR,F11,10,35,0.0,4.053956658000004,100000,0
L-SHADE-DGR,F11,10,36,0.0,4.097712118999993,100000,0
L-SHADE-DGR,F11,10,37,0.0,4.08690388399998,100000,0
L-SHADE-DGR,F11,10,38,0.0,4.02130871899999,100000,0
L-SHADE-DGR,F11,10,39,0.0,4.040692347999993,100000,0
L-SHADE-DGR,F11,10,40,0.0,4.068440544999987,100000,0
L-SHADE-DGR,F11,10,41,0.0,3.9802618370000005,100000,0
L-SHADE-DGR,F11,10,42,0.000190393449088333,3.913733505000039,100000,0
L-SHADE-DGR,F11,10,43,0.0,3.990578508999988,100000,0
L-SHADE-DGR,F11,10,44,0.0,4.021046164999973,100000,0
L-SHADE-DGR,F11,10,45,0.0,3.9607381229999987,100000,0
L-SHADE-DGR,F11,10,46,0.0,3.9870604730000423,100000,0
L-SHADE-DGR,F11,10,47,0.0,3.994089939000048,100000,0
L-SHADE-DGR,F11,10,48,0.0,3.9931583499999874,100000,0
L-SHADE-DGR,F11,10,49,0.0,3.9367567279999776,100000,0
L-SHADE-DGR,F11,10,50,0.6338841695120436,4.000676214000009,100000,0
LSHADE,F11,10,0,0.0,3.4030610999998316,100000,0
LSHADE,F11,10,1,0.9014477904266869,3.485270675000038,100000,0
LSHADE,F11,10,2,0.7141991466459103,3.491915609999978,100000,0
LSHADE,F11,10,3,0.0,3.4143325630000163,100000,0
LSHADE,F11,10,4,0.0,3.4159371830000964,100000,0
LSHADE,F11,10,5,0.0,3.427952970999968,100000,0
LSHADE,F11,10,6,1.017581333476869,3.4672908649999954,100000,0
LSHADE,F11,10,7,0.8648540002927803,3.4650137830001313,100000,0
LSHADE,F11,10,8,0.0,3.418380384000102,100000,0
LSHADE,F11,10,9,0.7316915314976313,3.495154341999978,100000,0
LSHADE,F11,10,10,0.0,3.410848041999998,100000,0
LSHADE,F11,10,11,0.0,3.4206332820001535,100000,0
LSHADE,F11,10,12,0.8476062336141013,3.477929787999983,100000,0
LSHADE,F11,10,13,0.9237261574982085,3.4846613679999336,100000,0
LSHADE,F11,10,14,0.0,3.441323632999911,100000,0
LSHADE,F11,10,15,0.8489508853203915,3.476807285000177,100000,0
LSHADE,F11,10,16,0.0,3.4098754460001146,100000,0
LSHADE,F11,10,17,0.0,3.4636183909999545,100000,0
LSHADE,F11,10,18,0.8508968039404863,3.4768535230000452,100000,0
LSHADE,F11,10,19,0.0,3.4364246999998613,100000,0
LSHADE,F11,10,20,0.6858657988975665,3.4895689879999736,100000,0
LSHADE,F11,10,21,0.9686467495012039,3.4905669230001877,100000,0
LSHADE,F11,10,22,0.984747157814013,3.476738055999931,100000,0
LSHADE,F11,10,23,0.0,3.4120405870000923,100000,0
LSHADE,F11,10,24,0.94821030724313,3.476744936000159,100000,0
LSHADE,F11,10,25,0.0,3.437462328000038,100000,0
LSHADE,F11,10,26,0.9738941008686197,3.4873187700000017,100000,0
LSHADE,F11,10,27,0.969582977602272,3.4820853199998965,100000,0
LSHADE,F11,10,28,0.0,3.453597479000109,100000,0
LSHADE,F11,10,29,0.8879592811873636,3.5088509749998593,100000,0
LSHADE,F11,10,30,0.8345085450066563,3.484444700999802,100000,0
LSHADE,F11,10,31,0.9960171310065107,3.490100570000095,100000,0
LSHADE,F11,10,32,0.0,3.4393681670001115,100000,0
LSHADE,F11,10,33,0.9370124793720152,3.4794997699998476,100000,0
LSHADE,F11,10,34,0.8051842716014335,3.4872610510001323,100000,0
LSHADE,F11,10,35,0.0,3.4319019170000047,100000,0
LSHADE,F11,10,36,0.0,3.4756573049999133,100000,0
LSHADE,F11,10,37,0.0,3.4380669590000252,100000,0
LSHADE,F11,10,38,1.037730630715032,3.4875525610000295,100000,0
LSHADE,F11,10,39,0.0,3.46121082500008,100000,0
LSHADE,F11,10,40,0.9695332803344172,3.4678155869999046,100000,0
LSHADE,F11,10,41,0.0,3.467099006999888,100000,0
LSHADE,F11,10,42,0.0,3.4787160889998177,100000,0
LSHADE,F11,10,43,0.7660875310114079,3.4779501919999802,100000,0
LSHADE,F11,10,44,0.0,3.407367131000001,100000,0
LSHADE,F11,10,45,0.9277430668057605,3.471328056999937,100000,0
LSHADE,F11,10,46,0.0,3.412289537999868,100000,0
LSHADE,F11,10,47,0.7575191686128164,3.48581970500004,100000,0
LSHADE,F11,10,48,0.9630416430671858,3.4894466109999485,100000,0
LSHADE,F11,10,49,0.737641519223871,3.51103576100013,100000,0
LSHADE,F11,10,50,0.9173697643145715,3.477551551000033,100000,0
TEMOA_V10,F11,10,0,1.9899181141865938,5.252824513999997,100000,0
TEMOA_V10,F11,10,1,3.9798362283731876,5.307806985000013,100000,0
TEMOA_V10,F11,10,2,9.671177915170688,5.2620628750000265,100000,0
TEMOA_V10,F11,10,3,0.0,5.358964614999991,100000,0
TEMOA_V10,F11,10,4,2.9848771712798907,5.286310469999989,100000,0
TEMOA_V10,F11,10,5,0.0,5.268579650999982,100000,0
TEMOA_V10,F11,10,6,5.969749304740731,5.252774944000009,100000,0
TEMOA_V10,F11,10,7,1.9899181141865938,5.374876751999977,100000,0
TEMOA_V10,F11,10,8,5.691346724616665,5.344578642999977,100000,0
TEMOA_V10,F11,10,9,1.9899181141865938,5.2745051520000175,100000,0
TEMOA_V10,F11,10,10,3.701428610430071,5.3594614049999905,100000,0
TEMOA_V10,F11,10,11,5.691346724616665,5.30277055800002,100000,0
TEMOA_V10,F11,10,12,0.9949590570932969,5.276750108000044,100000,0
TEMOA_V10,F11,10,13,0.9949590570932969,5.326066837999974,100000,0
TEMOA_V10,F11,10,14,4.696387667523368,5.308619623000027,100000,0
TEMOA_V10,F11,10,15,0.9949590570932969,5.292937663000032,100000,0
TEMOA_V10,F11,10,16,0.9949590570932969,5.276109144999964,100000,0
TEMOA_V10,F11,10,17,2.9848771712798907,5.304381089000003,100000,0
TEMOA_V10,F11,10,18,2.9848771712798907,5.294811994000042,100000,0
TEMOA_V10,F11,10,19,1.9899181141865938,5.245505213000001,100000,0
TEMOA_V10,F11,10,20,0.9949590570932969,5.276872107000031,100000,0
TEMOA_V10,F11,10,21,1.9899181141865938,5.276966281999989,100000,0
TEMOA_V10,F11,10,22,1.9899181141865938,5.3363345619999905,100000,0
TEMOA_V10,F11,10,23,2.9848771712798907,5.3022181530000125,100000,0
TEMOA_V10,F11,10,24,4.696387667523368,5.334991164999963,100000,0
TEMOA_V10,F11,10,25,0.9949590570932969,5.310607377999929,100000,0
TEMOA_V10,F11,10,26,5.691346724616665,5.2772416999999905,100000,0
TEMOA_V10,F11,10,27,4.696387667523368,5.3208906309999975,100000,0
TEMOA_V10,F11,10,28,1.9899181141865938,5.305415238999899,100000,0
TEMOA_V10,F11,10,29,3.701428610430071,5.297233341000037,100000,0
TEMOA_V10,F11,10,30,3.701428610430071,5.368537048999997,100000,0
TEMOA_V10,F11,10,31,1.9899181141865938,5.329548462999924,100000,0
TEMOA_V10,F11,10,32,4.974790247647434,5.275946760000011,100000,0
TEMOA_V10,F11,10,33,3.701428610430071,5.329935640000031,100000,0
TEMOA_V10,F11,10,34,0.9949590570932969,5.3423011520000045,100000,0
TEMOA_V10,F11,10,35,1.9899181141865938,5.299110209999981,100000,0
TEMOA_V10,F11,10,36,0.0,5.320890361000011,100000,0
TEMOA_V10,F11,10,37,2.9848771712798907,5.300217693999912,100000,0
TEMOA_V10,F11,10,38,1.9899181141865938,5.3526268550000395,100000,0
TEMOA_V10,F11,10,39,1.9899181141865938,5.265829768000003,100000,0
TEMOA_V10,F11,10,40,6.9647083618340275,5.292525904999934,100000,0
TEMOA_V10,F11,10,41,0.9949590570932969,5.267772170999933,100000,0
TEMOA_V10,F11,10,42,0.0,5.306749149999973,100000,0
TEMOA_V10,F11,10,43,0.9949590570932969,5.309022770999945,100000,0
TEMOA_V10,F11,10,44,4.696387667523368,5.319715505999966,100000,0
TEMOA_V10,F11,10,45,0.9949590570932969,5.277133585999991,100000,0
TEMOA_V10,F11,10,46,5.969749304740731,5.282557873000087,100000,0
TEMOA_V10,F11,10,47,2.9848771712798907,5.295131056999935,100000,0
TEMOA_V10,F11,10,48,5.691346724616665,5.361558708000075,100000,0
TEMOA_V10,F11,10,49,4.696387667523368,5.348011497000016,100000,0
TEMOA_V10,F11,10,50,4.974790247647434,5.306735726999932,100000,0
TEMOA_V11,F11,10,0,0.0,4.467131819999963,100000,0
TEMOA_V11,F11,10,1,0.0,4.4549065400000245,100000,0
TEMOA_V11,F11,10,2,0.0,4.4895995819999825,100000,0
TEMOA_V11,F11,10,3,0.0,4.47508033500003,100000,0
TEMOA_V11,F11,10,4,0.0,4.503393007,100000,0
TEMOA_V11,F11,10,5,0.0,4.477360388000079,100000,0
TEMOA_V11,F11,10,6,0.0,4.478360002000045,100000,0
TEMOA_V11,F11,10,7,0.0,4.501579012999969,100000,0
TEMOA_V11,F11,10,8,0.0,4.459484626000062,100000,0
TEMOA_V11,F11,10,9,0.0,4.4661043959999915,100000,0
TEMOA_V11,F11,10,10,0.0,4.47768940200001,100000,0
TEMOA_V11,F11,10,11,0.0,4.4501306070000055,100000,0
TEMOA_V11,F11,10,12,0.0,4.499445264999963,100000,0
TEMOA_V11,F11,10,13,0.0,4.4901916389999315,100000,0
TEMOA_V11,F11,10,14,0.0,4.474932996000007,100000,0
TEMOA_V11,F11,10,15,0.0,4.46084246099997,100000,0
TEMOA_V11,F11,10,16,0.0,4.44372191399998,100000,0
TEMOA_V11,F11,10,17,0.0,4.506309080000051,100000,0
TEMOA_V11,F11,10,18,0.0,4.483244060000061,100000,0
TEMOA_V11,F11,10,19,0.0,4.48067920699998,100000,0
TEMOA_V11,F11,10,20,0.0,4.431091182000046,100000,0
TEMOA_V11,F11,10,21,0.0,4.444257364999999,100000,0
TEMOA_V11,F11,10,22,0.0,4.474524059000032,100000,0
TEMOA_V11,F11,10,23,3.701428610430071,4.482678458999999,100000,0
TEMOA_V11,F11,10,24,0.0,4.508351447999985,100000,0
TEMOA_V11,F11,10,25,0.0,4.467496086999972,100000,0
TEMOA_V11,F11,10,26,0.0,4.458309184999962,100000,0
TEMOA_V11,F11,10,27,0.0,4.483134490999987,100000,0
TEMOA_V11,F11,10,28,0.0,4.456919391000042,100000,0
TEMOA_V11,F11,10,29,0.0,4.481987937999975,100000,0
TEMOA_V11,F11,10,30,0.0,4.47682889400005,100000,0
TEMOA_V11,F11,10,31,0.0,4.462008751999974,100000,0
TEMOA_V11,F11,10,32,0.0,4.470809034000013,100000,0
TEMOA_V11,F11,10,33,0.0,4.4575322880000385,100000,0
TEMOA_V11,F11,10,34,3.701428610430071,4.4790925070000185,100000,0
TEMOA_V11,F11,10,35,0.0,4.460652787999948,100000,0
TEMOA_V11,F11,10,36,0.0,4.503900495999915,100000,0
TEMOA_V11,F11,10,37,3.701428610430071,4.477609979000022,100000,0
TEMOA_V11,F11,10,38,0.0,4.479277263999961,100000,0
TEMOA_V11,F11,10,39,0.0,4.4829782369999975,100000,0
TEMOA_V11,F11,10,40,0.0,4.460490310000068,100000,0
TEMOA_V11,F11,10,41,0.0,4.50912667700004,100000,0
TEMOA_V11,F11,10,42,0.0,4.468746009000029,100000,0
TEMOA_V11,F11,10,43,0.0,4.461153188000026,100000,0
TEMOA_V11,F11,10,44,0.0,4.502304525999989,100000,0
TEMOA_V11,F11,10,45,0.0,4.46588840000004,100000,0
TEMOA_V11,F11,10,46,0.0,4.4906876689999535,100000,0
TEMOA_V11,F11,10,47,0.0,4.486021869000069,100000,0
TEMOA_V11,F11,10,48,0.0,4.4661430459999565,100000,0
TEMOA_V11,F11,10,49,0.0,4.5078257179999355,100000,0
TEMOA_V11,F11,10,50,0.0,4.44927360500003,100000,0
TEMOA_V12,F11,10,0,0.0,4.034345549000022,100000,0
TEMOA_V12,F11,10,1,0.0,4.037007434999964,100000,0
TEMOA_V12,F11,10,2,0.0,4.0372499470000776,100000,0
TEMOA_V12,F11,10,3,0.0,4.033095484,100000,0
TEMOA_V12,F11,10,4,0.0,4.071386874000041,100000,0
TEMOA_V12,F11,10,5,0.0005382387093959551,3.989922682000042,100000,0
TEMOA_V12,F11,10,6,0.0,4.053844828000024,100000,0
TEMOA_V12,F11,10,7,0.0,4.034786316000009,100000,0
TEMOA_V12,F11,10,8,0.0,4.0138552809999055,100000,0
TEMOA_V12,F11,10,9,0.0,4.0432892500000435,100000,0
TEMOA_V12,F11,10,10,0.0,4.04448597999999,100000,0
TEMOA_V12,F11,10,11,0.0,4.38275764399998,100000,0
TEMOA_V12,F11,10,12,6.701696804611856e-05,3.9894682170000806,100000,0
TEMOA_V12,F11,10,13,0.0,4.024265994999951,100000,0
TEMOA_V12,F11,10,14,3.701428610430071,4.37638506299993,100000,0
TEMOA_V12,F11,10,15,0.0,4.020808149000004,100000,0
TEMOA_V12,F11,10,16,0.0,4.018709478000005,100000,0
TEMOA_V12,F11,10,17,0.0,4.006224371999906,100000,0
TEMOA_V12,F11,10,18,0.0,4.4190462560000014,100000,0
TEMOA_V12,F11,10,19,0.0,4.029186536999987,100000,0
TEMOA_V12,F11,10,20,0.0,4.041138101000001,100000,0
TEMOA_V12,F11,10,21,0.0,4.376023385000053,100000,0
TEMOA_V12,F11,10,22,8.136612450471148e-08,4.050935566000021,100000,0
TEMOA_V12,F11,10,23,2.5421295521105094,3.986810531999936,100000,0
TEMOA_V12,F11,10,24,0.0,4.422887419999938,100000,0
TEMOA_V12,F11,10,25,0.0,4.060509964000062,100000,0
TEMOA_V12,F11,10,26,0.0,4.41214640599992,100000,0
TEMOA_V12,F11,10,27,0.0,4.400347367999984,100000,0
TEMOA_V12,F11,10,28,0.0,3.996929327000089,100000,0
TEMOA_V12,F11,10,29,0.0,4.0324579839999615,100000,0
TEMOA_V12,F11,10,30,3.701428610430071,4.0090576430000056,100000,0
TEMOA_V12,F11,10,31,0.0,4.078750845000059,100000,0
TEMOA_V12,F11,10,32,0.0,4.061308325000027,100000,0
TEMOA_V12,F11,10,33,0.0,4.032332203999999,100000,0
TEMOA_V12,F11,10,34,0.00024530361577035364,3.9666455770000084,100000,0
TEMOA_V12,F11,10,35,4.87633542434196e-08,4.052180141999997,100000,0
TEMOA_V12,F11,10,36,0.0,4.082541464999963,100000,0
TEMOA_V12,F11,10,37,0.0,4.054995374999862,100000,0
TEMOA_V12,F11,10,38,0.0,4.038272147999805,100000,0
TEMOA_V12,F11,10,39,0.0,3.9999921819999145,100000,0
TEMOA_V12,F11,10,40,0.0,4.046681956999919,100000,0
TEMOA_V12,F11,10,41,3.7014286104301846,4.018899830999999,100000,0
TEMOA_V12,F11,10,42,0.0,4.0563915309999174,100000,0
TEMOA_V12,F11,10,43,3.7014286104305256,4.452443359999961,100000,0
TEMOA_V12,F11,10,44,1.438426537763121,3.992265740999983,100000,0
TEMOA_V12,F11,10,45,0.0,4.079124552999929,100000,0
TEMOA_V12,F11,10,46,0.0002671818181170238,4.01022282200006,100000,0
TEMOA_V12,F11,10,47,2.1163987903742054,4.067936201000066,100000,0
TEMOA_V12,F11,10,48,0.0,4.0673089490001075,100000,0
TEMOA_V12,F11,10,49,0.0,4.023325311999997,100000,0
TEMOA_V12,F11,10,50,0.0,4.057424406000109,100000,0
jSO,F11,10,0,0.0,3.3870792920001804,100000,0
jSO,F11,10,1,0.0,3.4091010550000647,100000,0
jSO,F11,10,2,0.0,3.392659943000126,100000,0
jSO,F11,10,3,0.0,3.3866585060000034,100000,0
jSO,F11,10,4,0.0,3.3941922149999755,100000,0
jSO,F11,10,5,0.0,3.4059953920000225,100000,0
jSO,F11,10,6,0.0,3.4024890050000067,100000,0
jSO,F11,10,7,0.0,3.4037470880000456,100000,0
jSO,F11,10,8,0.0,3.419849718000023,100000,0
jSO,F11,10,9,0.0,3.4010277100001076,100000,0
jSO,F11,10,10,0.0,3.4167268200001217,100000,0
jSO,F11,10,11,0.0,3.4378257990001657,100000,0
jSO,F11,10,12,0.0,3.4067850410001483,100000,0
jSO,F11,10,13,0.0,3.410533647999955,100000,0
jSO,F11,10,14,0.0,3.3957781710000745,100000,0
jSO,F11,10,15,0.0,3.3878512320000027,100000,0
jSO,F11,10,16,0.0,3.405391862999977,100000,0
jSO,F11,10,17,0.0,3.396713218000059,100000,0
jSO,F11,10,18,0.0,3.389808462999781,100000,0
jSO,F11,10,19,0.0,3.390290918000119,100000,0
jSO,F11,10,20,0.0,3.420908248999922,100000,0
jSO,F11,10,21,0.0,3.4068640140001207,100000,0
jSO,F11,10,22,0.0,3.3912856629999624,100000,0
jSO,F11,10,23,0.0,3.3810557150000022,100000,0
jSO,F11,10,24,0.0,3.3839135480000095,100000,0
jSO,F11,10,25,0.0,3.396508018000077,100000,0
jSO,F11,10,26,0.0,3.4265277220001735,100000,0
jSO,F11,10,27,0.0,3.3892704100001083,100000,0
jSO,F11,10,28,0.0,3.395446192999998,100000,0
jSO,F11,10,29,0.0,3.427018447999899,100000,0
jSO,F11,10,30,0.0,3.4029733079999005,100000,0
jSO,F11,10,31,0.0,3.3806534390000706,100000,0
jSO,F11,10,32,0.0,3.3887369110000236,100000,0
jSO,F11,10,33,0.0,3.382409788000132,100000,0
jSO,F11,10,34,0.0,3.3769381050001357,100000,0
jSO,F11,10,35,0.0,3.4054368249999243,100000,0
jSO,F11,10,36,0.0,3.3941488789998857,100000,0
jSO,F11,10,37,0.0,3.4001830530000916,100000,0
jSO,F11,10,38,0.0,3.407082934000073,100000,0
jSO,F11,10,39,0.0,3.394371959999944,100000,0
jSO,F11,10,40,0.0,3.447722456000065,100000,0
jSO,F11,10,41,0.0,3.4062783780000245,100000,0
jSO,F11,10,42,0.0,3.39309487599985,100000,0
jSO,F11,10,43,0.0,3.4165568260000327,100000,0
jSO,F11,10,44,0.0,3.3979479469999205,100000,0
jSO,F11,10,45,0.0,3.3976243320000776,100000,0
jSO,F11,10,46,0.0,3.409874123999998,100000,0
jSO,F11,10,47,0.0,3.3901810550000846,100000,0
jSO,F11,10,48,0.0,3.3923118010000053,100000,0
jSO,F11,10,49,0.0,3.3956054059999587,100000,0
jSO,F11,10,50,0.0,3.3970076250000147,100000,0
sepCMAES,F11,10,0,37.15426772142018,11.981836216000374,100000,0
sepCMAES,F11,10,1,2.084967864018381,12.28345447799984,100000,0
sepCMAES,F11,10,2,38.504980823987125,12.710968966999644,100000,0
sepCMAES,F11,10,3,11.184761777992321,11.776382938999632,100000,0
sepCMAES,F11,10,4,1.1794098460995883,12.31204076799986,100000,0
sepCMAES,F11,10,5,13.605087106890664,12.445636322000155,100000,0
sepCMAES,F11,10,6,19602.973930250995,9.844895265000105,74131,0
sepCMAES,F11,10,7,12475.512124917594,8.43719668499989,74741,0
sepCMAES,F11,10,8,6.811169838720161,12.668760618000306,100000,0
sepCMAES,F11,10,9,12337.417512777349,10.211152272000163,77921,0
sepCMAES,F11,10,10,3810.826950288065,9.82955483700016,74831,0
sepCMAES,F11,10,11,10.67166150123694,12.571627475000241,100000,0
sepCMAES,F11,10,12,6080.400358987324,9.911689735999971,75361,0
sepCMAES,F11,10,13,2.1372338805844038,11.882167867000135,100000,0
sepCMAES,F11,10,14,101.53719180213648,12.450339538000208,100000,0
sepCMAES,F11,10,15,9.035176881544885,12.352530683000168,100000,0
sepCMAES,F11,10,16,1695.6360852919138,9.62143245399966,74191,0
sepCMAES,F11,10,17,49.789742952338656,12.586233446999813,100000,0
sepCMAES,F11,10,18,8847.645526314687,9.642061465000097,74261,0
sepCMAES,F11,10,19,16013.197346236611,8.364589987999807,74421,0
sepCMAES,F11,10,20,2.02448228352398,12.574515121999866,100000,0
sepCMAES,F11,10,21,111.41270725427557,12.391198529999656,100000,0
sepCMAES,F11,10,22,5.969774858277333,11.519573267999931,100000,0
sepCMAES,F11,10,23,1.9899573375089403,11.457549292999829,100000,0
sepCMAES,F11,10,24,4.974958960678691,12.376944628000274,100000,0
sepCMAES,F11,10,25,5.041835541200157,12.597071380000216,100000,0
sepCMAES,F11,10,26,17573.202721644404,9.559324195000045,75921,0
sepCMAES,F11,10,27,2.0723935605067254,12.298181103999923,100000,0
sepCMAES,F11,10,28,8.963642196120645,12.28254021399971,100000,0
sepCMAES,F11,10,29,0.9950073761406202,12.600258366000162,100000,0
sepCMAES,F11,10,30,37.47720401059428,11.56735152300007,100000,0
sepCMAES,F11,10,31,14963.010155335935,10.088584148999871,76831,0
sepCMAES,F11,10,32,5.04834183964158,11.28927024099994,100000,0
sepCMAES,F11,10,33,185.2354397786653,12.177888347000135,100000,0
sepCMAES,F11,10,34,11537.037244880838,9.994153022999853,76821,0
sepCMAES,F11,10,35,19.984351697973807,12.633902090999982,100000,0
sepCMAES,F11,10,36,12.914302638581034,12.350898547999805,100000,0
sepCMAES,F11,10,37,5.672740913035682,8.358318068000244,70651,0
sepCMAES,F11,10,38,6636.939238617802,9.122892572999717,73321,0
sepCMAES,F11,10,39,495.09442627592443,7.47468690200003,70231,0
sepCMAES,F11,10,40,40.530183959068836,12.350392907000241,100000,0
sepCMAES,F11,10,41,6.0678705870868725,11.756919165,100000,0
sepCMAES,F11,10,42,0.995018796342265,12.162151912999889,100000,0
sepCMAES,F11,10,43,2.0871281821374623,12.344883817999744,100000,0
sepCMAES,F11,10,44,7.439389663526413,12.243686613000136,100000,0
sepCMAES,F11,10,45,2.1693741908674156,12.391976214999886,100000,0
sepCMAES,F11,10,46,19094.52837881117,9.542586391999976,73081,0
sepCMAES,F11,10,47,4.975978505539956,10.901626204999957,100000,0
sepCMAES,F11,10,48,15093.272602891546,9.969156602000112,76181,0
sepCMAES,F11,10,49,18931.814171346687,9.352412596999784,74571,0
sepCMAES,F11,10,50,3.0791333865562365,11.688556895000147,100000,0
BIPOP_CMAES,F12,10,0,0.20814298464574676,15.302727775000221,100000,0
BIPOP_CMAES,F12,10,1,0.0,13.851271545000145,100000,0
BIPOP_CMAES,F12,10,2,0.0,14.325714317000347,100000,0
BIPOP_CMAES,F12,10,3,0.0,14.159164978999797,100000,0
BIPOP_CMAES,F12,10,4,174.7754566939111,14.545780522000314,100000,0
BIPOP_CMAES,F12,10,5,0.0,13.815121354999974,100000,0
BIPOP_CMAES,F12,10,6,0.0,14.097005513000113,100000,0
BIPOP_CMAES,F12,10,7,0.0,12.762057511000421,100000,0
BIPOP_CMAES,F12,10,8,0.20814298464574676,14.710279977000027,100000,0
BIPOP_CMAES,F12,10,9,0.0,14.583354096000221,100000,0
BIPOP_CMAES,F12,10,10,109.88050492509797,13.415029376999883,100000,0
BIPOP_CMAES,F12,10,11,29.76992169827895,13.841702110999904,100000,0
BIPOP_CMAES,F12,10,12,0.0,13.385528584999975,100000,0
BIPOP_CMAES,F12,10,13,0.20814298464574676,13.780303835999803,100000,0
BIPOP_CMAES,F12,10,14,0.0,13.392677589999948,100000,0
BIPOP_CMAES,F12,10,15,0.20814298464574676,13.232965759000308,100000,0
BIPOP_CMAES,F12,10,16,0.20814298464574676,14.233939756000382,100000,0
BIPOP_CMAES,F12,10,17,0.0,14.041431250000187,100000,0
BIPOP_CMAES,F12,10,18,25.34061378979777,13.84600503799993,100000,0
BIPOP_CMAES,F12,10,19,0.0,12.980412018000152,100000,0
BIPOP_CMAES,F12,10,20,0.20814298464574676,13.627841851000085,100000,0
BIPOP_CMAES,F12,10,21,0.20814298464574676,15.14377411300029,100000,0
BIPOP_CMAES,F12,10,22,217.13966939057332,13.628724022999904,100000,0
BIPOP_CMAES,F12,10,23,218.3977083297027,15.680203121999966,100000,0
BIPOP_CMAES,F12,10,24,0.0,12.980277495999871,100000,0
BIPOP_CMAES,F12,10,25,219.59090467079136,14.490115248000166,100000,0
BIPOP_CMAES,F12,10,26,0.0,13.607844784999998,100000,0
BIPOP_CMAES,F12,10,27,217.34781237521884,15.203378224000062,100000,0
BIPOP_CMAES,F12,10,28,0.20814298464574676,13.510275961999923,100000,0
BIPOP_CMAES,F12,10,29,0.2081429846455194,14.864091423000446,100000,0
BIPOP_CMAES,F12,10,30,0.0,14.232599635000042,100000,0
BIPOP_CMAES,F12,10,31,0.0,12.650860002999707,100000,0
BIPOP_CMAES,F12,10,32,0.20814298464574676,14.632068905999859,100000,0
BIPOP_CMAES,F12,10,33,0.20814298464597414,13.823502086999724,100000,0
BIPOP_CMAES,F12,10,34,174.77545669391066,13.802073271000154,100000,0
BIPOP_CMAES,F12,10,35,0.0,13.899310889999924,100000,0
BIPOP_CMAES,F12,10,36,0.20814298464574676,12.99107328800028,100000,0
BIPOP_CMAES,F12,10,37,0.0,13.199576666000212,100000,0
BIPOP_CMAES,F12,10,38,0.0,13.602557528000034,100000,0
BIPOP_CMAES,F12,10,39,0.0,13.82986739099988,100000,0
BIPOP_CMAES,F12,10,40,0.0,13.275696404999962,100000,0
BIPOP_CMAES,F12,10,41,0.20814298464597414,15.187114891999954,100000,0
BIPOP_CMAES,F12,10,42,0.20814298464574676,13.743105044999993,100000,0
BIPOP_CMAES,F12,10,43,0.20814298464574676,13.200125868999748,100000,0
BIPOP_CMAES,F12,10,44,0.0,13.599016531000416,100000,0
BIPOP_CMAES,F12,10,45,109.8805049250982,14.073382299000059,100000,0
BIPOP_CMAES,F12,10,46,0.0,13.471786866999992,100000,0
BIPOP_CMAES,F12,10,47,0.0,13.939943043999847,100000,0
BIPOP_CMAES,F12,10,48,0.0,13.79790432999971,100000,0
BIPOP_CMAES,F12,10,49,217.34781237521884,14.846291489000123,100000,0
BIPOP_CMAES,F12,10,50,0.20814298464597414,15.013669813999968,100000,0
CMAES,F12,10,0,0.0,17.330202951000047,100000,0
CMAES,F12,10,1,0.0,17.302723331999914,100000,0
CMAES,F12,10,2,0.0,17.55955980500039,100000,0
CMAES,F12,10,3,0.20814298464574676,17.48261705699997,100000,0
CMAES,F12,10,4,0.0,17.231053326000165,100000,0
CMAES,F12,10,5,218.39770832970248,17.687979138000173,100000,0
CMAES,F12,10,6,0.0,17.474820306999845,100000,0
CMAES,F12,10,7,0.0,16.59723790499993,100000,0
CMAES,F12,10,8,109.88050492509842,17.180598287000066,100000,0
CMAES,F12,10,9,217.1396693905731,17.100861351000276,100000,0
CMAES,F12,10,10,0.0,17.077889580000374,100000,0
CMAES,F12,10,11,0.2081429846455194,17.276001921999978,100000,0
CMAES,F12,10,12,109.8805049250982,16.55864027000007,100000,0
CMAES,F12,10,13,0.0,16.65948663900008,100000,0
CMAES,F12,10,14,0.0,17.09084885099992,100000,0
CMAES,F12,10,15,0.0,17.162221700999908,100000,0
CMAES,F12,10,16,0.20814298464574676,17.32036489200027,100000,0
CMAES,F12,10,17,0.0,17.810159375999774,100000,0
CMAES,F12,10,18,0.0,17.367185843000243,100000,0
CMAES,F12,10,19,0.20814298464574676,17.49874935600019,100000,0
CMAES,F12,10,20,0.20814298464574676,17.018693967000218,100000,0
CMAES,F12,10,21,0.0,17.03283430900001,100000,0
CMAES,F12,10,22,0.0,17.409506989999954,100000,0
CMAES,F12,10,23,217.3478123752186,17.883094538000023,100000,0
CMAES,F12,10,24,0.0,17.683644351000112,100000,0
CMAES,F12,10,25,0.0,16.679487448000145,100000,0
CMAES,F12,10,26,0.0,17.40916950699966,100000,0
CMAES,F12,10,27,0.20814298464574676,17.35778565999999,100000,0
CMAES,F12,10,28,0.0,17.461442695000187,100000,0
CMAES,F12,10,29,0.0,17.123448026999995,100000,0
CMAES,F12,10,30,0.0,17.27847540699986,100000,0
CMAES,F12,10,31,0.20814298464574676,16.804369568999846,100000,0
CMAES,F12,10,32,0.0,17.18065604900039,100000,0
CMAES,F12,10,33,0.0,16.615296488999775,100000,0
CMAES,F12,10,34,0.2081429846455194,17.17909498400013,100000,0
CMAES,F12,10,35,0.20814298464574676,17.50061198000003,100000,0
CMAES,F12,10,36,0.0,17.188721526000336,100000,0
CMAES,F12,10,37,0.0,17.378322213000047,100000,0
CMAES,F12,10,38,0.20814298464574676,17.507532309999988,100000,0
CMAES,F12,10,39,217.1396693905731,17.178441459999704,100000,0
CMAES,F12,10,40,0.20814298464574676,17.487276042999838,100000,0
CMAES,F12,10,41,217.3478123752186,17.651439760000358,100000,0
CMAES,F12,10,42,0.0,17.092527017000066,100000,0
CMAES,F12,10,43,0.0,17.272966487000303,100000,0
CMAES,F12,10,44,0.0,17.25453717900018,100000,0
CMAES,F12,10,45,217.1396693905731,17.44841403999999,100000,0
CMAES,F12,10,46,0.0,17.04809548600042,100000,0
CMAES,F12,10,47,109.8805049250982,17.506301508999968,100000,0
CMAES,F12,10,48,217.3478123752186,17.00851249599964,100000,0
CMAES,F12,10,49,0.0,17.753120374999526,100000,0
CMAES,F12,10,50,217.3478123752186,17.457520978000503,100000,0
IPOP_CMAES,F12,10,0,0.20925468562882088,14.014596308999899,100000,0
IPOP_CMAES,F12,10,1,0.0,12.938445473000229,100000,0
IPOP_CMAES,F12,10,2,0.0,12.509061602000202,100000,0
IPOP_CMAES,F12,10,3,0.20814298475465876,13.251713020000352,100000,0
IPOP_CMAES,F12,10,4,0.0,12.616568350000307,100000,0
IPOP_CMAES,F12,10,5,0.0,12.973518356000113,100000,0
IPOP_CMAES,F12,10,6,0.0,12.650877189999846,100000,0
IPOP_CMAES,F12,10,7,0.20814298464574676,13.647814044999905,100000,0
IPOP_CMAES,F12,10,8,0.0,13.270066931000201,100000,0
IPOP_CMAES,F12,10,9,109.88050492509865,12.505056143000274,100000,0
IPOP_CMAES,F12,10,10,0.20814298464574676,12.888065819000076,100000,0
IPOP_CMAES,F12,10,11,0.20814298464597414,13.349543962000098,100000,0
IPOP_CMAES,F12,10,12,0.20814298464574676,12.766865309999957,100000,0
IPOP_CMAES,F12,10,13,0.20814298464574676,12.35087409300013,100000,0
IPOP_CMAES,F12,10,14,0.20814298464574676,12.365669761999925,100000,0
IPOP_CMAES,F12,10,15,0.0,11.840890743999807,100000,0
IPOP_CMAES,F12,10,16,0.20814298464597414,13.224552758999835,100000,0
IPOP_CMAES,F12,10,17,0.0,12.698581133000062,100000,0
IPOP_CMAES,F12,10,18,0.0,12.216332432999934,100000,0
IPOP_CMAES,F12,10,19,217.3478123752186,13.511248989999785,100000,0
IPOP_CMAES,F12,10,20,174.77545669391066,14.092968129999917,100000,0
IPOP_CMAES,F12,10,21,217.13966939057332,12.935229682999761,100000,0
IPOP_CMAES,F12,10,22,0.20814298464574676,12.385975056999996,100000,0
IPOP_CMAES,F12,10,23,217.34781237521884,13.97953881400008,100000,0
IPOP_CMAES,F12,10,24,217.34784021135238,15.220239241999934,100000,0
IPOP_CMAES,F12,10,25,0.20814298464574676,12.771033492999777,100000,0
IPOP_CMAES,F12,10,26,9.728660256769217e-05,14.067509728999994,100000,0
IPOP_CMAES,F12,10,27,0.0,12.777466920999814,100000,0
IPOP_CMAES,F12,10,28,174.77545669391134,13.809220656999969,100000,0
IPOP_CMAES,F12,10,29,0.0,12.319967962000192,100000,0
IPOP_CMAES,F12,10,30,0.20814298464574676,13.767515584000193,100000,0
IPOP_CMAES,F12,10,31,0.0,13.44844764499976,100000,0
IPOP_CMAES,F12,10,32,0.20921925723905588,13.741960228000153,100000,0
IPOP_CMAES,F12,10,33,0.20814298464597414,13.43742301400016,100000,0
IPOP_CMAES,F12,10,34,174.77545669391134,13.682405821999964,100000,0
IPOP_CMAES,F12,10,35,0.0,11.784340618999977,100000,0
IPOP_CMAES,F12,10,36,0.0,13.514745611000308,100000,0
IPOP_CMAES,F12,10,37,0.20814298609457182,14.550665132000177,100000,0
IPOP_CMAES,F12,10,38,0.0,11.645610352999938,100000,0
IPOP_CMAES,F12,10,39,0.0,12.128207296000255,100000,0
IPOP_CMAES,F12,10,40,109.88050492509865,13.504711782999948,100000,0
IPOP_CMAES,F12,10,41,0.20814298464574676,13.083451500000137,100000,0
IPOP_CMAES,F12,10,42,0.20814298464574676,12.553301203000046,100000,0
IPOP_CMAES,F12,10,43,0.0,12.670247257999563,100000,0
IPOP_CMAES,F12,10,44,0.0,12.4508500500001,100000,0
IPOP_CMAES,F12,10,45,0.0,12.928886462999799,100000,0
IPOP_CMAES,F12,10,46,0.20814298468826564,13.200376088000212,100000,0
IPOP_CMAES,F12,10,47,0.0,13.788316032999774,100000,0
IPOP_CMAES,F12,10,48,0.20814298464574676,13.426539983000112,100000,0
IPOP_CMAES,F12,10,49,0.0,11.667424050000136,100000,0
IPOP_CMAES,F12,10,50,0.0,12.251991207000174,100000,0
L-SHADE-DGR,F12,10,0,0.0,6.515316853000002,100000,0
L-SHADE-DGR,F12,10,1,0.20814298464574676,6.644982463000005,100000,0
L-SHADE-DGR,F12,10,2,0.0,6.414419242000008,100000,0
L-SHADE-DGR,F12,10,3,0.20814298464574676,6.661111387000005,100000,0
L-SHADE-DGR,F12,10,4,0.20814298464574676,6.422906569000006,100000,0
L-SHADE-DGR,F12,10,5,0.20814298464574676,6.381802507000003,100000,0
L-SHADE-DGR,F12,10,6,0.2081429846455194,6.3843362219999875,100000,0
L-SHADE-DGR,F12,10,7,0.2081429846455194,6.6222574140000035,100000,0
L-SHADE-DGR,F12,10,8,0.0,6.411642942,100000,0
L-SHADE-DGR,F12,10,9,0.20814298464574676,6.650014743999989,100000,0
L-SHADE-DGR,F12,10,10,217.1396693905731,6.438646035999994,100000,0
L-SHADE-DGR,F12,10,11,0.20814298464574676,6.767798252999995,100000,0
L-SHADE-DGR,F12,10,12,0.0,6.167730183000003,100000,0
L-SHADE-DGR,F12,10,13,0.20814298464574676,6.389949100000024,100000,0
L-SHADE-DGR,F12,10,14,0.0,6.332546492000006,100000,0
L-SHADE-DGR,F12,10,15,0.2081429846455194,6.563389082000015,100000,0
L-SHADE-DGR,F12,10,16,0.0,6.396260139999981,100000,0
L-SHADE-DGR,F12,10,17,0.0,6.454596925000004,100000,0
L-SHADE-DGR,F12,10,18,0.0,6.232105523999991,100000,0
L-SHADE-DGR,F12,10,19,0.0,6.224287479999987,100000,0
L-SHADE-DGR,F12,10,20,0.20814298464574676,6.646857291000003,100000,0
L-SHADE-DGR,F12,10,21,0.2081429846455194,6.614850737000012,100000,0
L-SHADE-DGR,F12,10,22,0.2081429846455194,6.339394196000001,100000,0
L-SHADE-DGR,F12,10,23,0.0,6.357206530000013,100000,0
L-SHADE-DGR,F12,10,24,0.0,6.382961142999989,100000,0
L-SHADE-DGR,F12,10,25,0.0,6.106360507000005,100000,0
L-SHADE-DGR,F12,10,26,0.0,6.335516853999991,100000,0
L-SHADE-DGR,F12,10,27,0.0,6.2956828359999975,100000,0
L-SHADE-DGR,F12,10,28,0.20814298464574676,6.541557071,100000,0
L-SHADE-DGR,F12,10,29,0.0,6.138089253000004,100000,0
L-SHADE-DGR,F12,10,30,0.0,6.2838572,100000,0
L-SHADE-DGR,F12,10,31,0.0,6.308909264999983,100000,0
L-SHADE-DGR,F12,10,32,0.0,6.084857591000002,100000,0
L-SHADE-DGR,F12,10,33,0.20814298464597414,6.5536637910000195,100000,0
L-SHADE-DGR,F12,10,34,0.20814298464574676,6.558490930000005,100000,0
L-SHADE-DGR,F12,10,35,217.3478123752186,6.559909125000047,100000,0
L-SHADE-DGR,F12,10,36,0.20814298464574676,6.380441589000043,100000,0
L-SHADE-DGR,F12,10,37,0.0,6.346940391000032,100000,0
L-SHADE-DGR,F12,10,38,0.0,6.306968806999976,100000,0
L-SHADE-DGR,F12,10,39,0.0,6.310475186000019,100000,0
L-SHADE-DGR,F12,10,40,0.2081429846455194,6.33843482900005,100000,0
L-SHADE-DGR,F12,10,41,0.0,6.349567103000027,100000,0
L-SHADE-DGR,F12,10,42,217.3478123752186,6.590418784999997,100000,0
L-SHADE-DGR,F12,10,43,0.0,6.197250514000018,100000,0
L-SHADE-DGR,F12,10,44,0.2081429846455194,6.602093633999971,100000,0
L-SHADE-DGR,F12,10,45,0.20814298464574676,6.543554136000012,100000,0
L-SHADE-DGR,F12,10,46,0.0,6.103730644999985,100000,0
L-SHADE-DGR,F12,10,47,0.2081429846455194,6.483638301999974,100000,0
L-SHADE-DGR,F12,10,48,0.0,6.318495640000037,100000,0
L-SHADE-DGR,F12,10,49,0.0,6.297314300000039,100000,0
L-SHADE-DGR,F12,10,50,0.20814298464574676,6.477191216999984,100000,0
LSHADE,F12,10,0,0.0,5.537284623000005,100000,0
LSHADE,F12,10,1,0.2081429846455194,5.989269633000049,100000,0
LSHADE,F12,10,2,0.2081429846455194,5.968670690000181,100000,0
LSHADE,F12,10,3,0.0,5.59665430799987,100000,0
LSHADE,F12,10,4,0.0,5.5902545599999485,100000,0
LSHADE,F12,10,5,0.0,5.61418581099997,100000,0
LSHADE,F12,10,6,0.2081429846455194,6.010480520999863,100000,0
LSHADE,F12,10,7,0.2081429846455194,6.018749311999954,100000,0
LSHADE,F12,10,8,0.0,5.549810766000064,100000,0
LSHADE,F12,10,9,0.0,5.5741381299999375,100000,0
LSHADE,F12,10,10,0.20814298464574676,5.968147771000076,100000,0
LSHADE,F12,10,11,0.2081429846455194,5.990276390999952,100000,0
LSHADE,F12,10,12,0.0,5.558160573999885,100000,0
LSHADE,F12,10,13,0.2081429846455194,6.067996439000126,100000,0
LSHADE,F12,10,14,0.0,5.584510207999983,100000,0
LSHADE,F12,10,15,0.20814298464574676,5.998436451000089,100000,0
LSHADE,F12,10,16,0.2081429846455194,6.0119487079998635,100000,0
LSHADE,F12,10,17,0.2081429846455194,6.016214636000086,100000,0
LSHADE,F12,10,18,0.0,5.626250290000144,100000,0
LSHADE,F12,10,19,217.1396693905731,5.614193177999823,100000,0
LSHADE,F12,10,20,0.2081429846455194,5.996572471000036,100000,0
LSHADE,F12,10,21,0.2081429846455194,6.042030361999878,100000,0
LSHADE,F12,10,22,0.2081429846455194,5.979825135999818,100000,0
LSHADE,F12,10,23,0.2081429846455194,6.069278340999972,100000,0
LSHADE,F12,10,24,0.2081429846455194,6.000403706999805,100000,0
LSHADE,F12,10,25,0.0,5.645940332999999,100000,0
LSHADE,F12,10,26,217.1396693905731,5.619973439000205,100000,0
LSHADE,F12,10,27,0.2081429846455194,6.014126088000012,100000,0
LSHADE,F12,10,28,217.1396693905731,5.598215415999903,100000,0
LSHADE,F12,10,29,0.0,5.569460980999793,100000,0
LSHADE,F12,10,30,0.0,5.600656716999993,100000,0
LSHADE,F12,10,31,0.0,5.599159173999851,100000,0
LSHADE,F12,10,32,0.2081429846455194,6.072607656999935,100000,0
LSHADE,F12,10,33,217.3478123752186,6.0608772600000975,100000,0
LSHADE,F12,10,34,0.2081429846455194,6.026828398000134,100000,0
LSHADE,F12,10,35,0.2081429846455194,6.017780883000114,100000,0
LSHADE,F12,10,36,0.0,5.573593353999968,100000,0
LSHADE,F12,10,37,217.1396693905731,5.590807053000162,100000,0
LSHADE,F12,10,38,0.2081429846455194,5.992275913000185,100000,0
LSHADE,F12,10,39,0.2081429846455194,6.00299089400005,100000,0
LSHADE,F12,10,40,0.2081429846455194,6.0195653929999935,100000,0
LSHADE,F12,10,41,0.2081429846455194,5.973928624000109,100000,0
LSHADE,F12,10,42,0.2081429846455194,5.983320541000012,100000,0
LSHADE,F12,10,43,0.0,5.664353736000066,100000,0
LSHADE,F12,10,44,0.0,5.64184189599996,100000,0
LSHADE,F12,10,45,218.39770832970225,5.615269877000173,100000,0
LSHADE,F12,10,46,0.2081429846455194,6.027188703000093,100000,0
LSHADE,F12,10,47,0.0,5.5973711290000665,100000,0
LSHADE,F12,10,48,0.2081429846455194,6.015943411999842,100000,0
LSHADE,F12,10,49,0.0,5.623177293000026,100000,0
LSHADE,F12,10,50,217.34781237521838,6.066695765999839,100000,0
TEMOA_V10,F12,10,0,217.1396693905731,7.493846911999981,100000,0
TEMOA_V10,F12,10,1,0.2081429846455194,7.987454518999982,100000,0
TEMOA_V10,F12,10,2,174.77545669390997,8.007827327999962,100000,0
TEMOA_V10,F12,10,3,0.2081429846455194,8.018265568999993,100000,0
TEMOA_V10,F12,10,4,217.1396693905731,7.50655109600001,100000,0
TEMOA_V10,F12,10,5,0.2081429846455194,8.048604733000047,100000,0
TEMOA_V10,F12,10,6,218.39770832970225,7.4644521400000485,100000,0
TEMOA_V10,F12,10,7,174.77545669390975,8.026072002999967,100000,0
TEMOA_V10,F12,10,8,0.0,7.537749838999957,100000,0
TEMOA_V10,F12,10,9,249.69550885932608,8.025375126000029,100000,0
TEMOA_V10,F12,10,10,217.1396693905731,7.572180222999975,100000,0
TEMOA_V10,F12,10,11,0.2081429846455194,8.000532400999987,100000,0
TEMOA_V10,F12,10,12,0.0,7.514359694000007,100000,0
TEMOA_V10,F12,10,13,0.2081429846455194,8.044411506000017,100000,0
TEMOA_V10,F12,10,14,217.3478123752186,8.013372852999964,100000,0
TEMOA_V10,F12,10,15,0.2081429846455194,8.022175478000008,100000,0
TEMOA_V10,F12,10,16,0.0,7.494618659000025,100000,0
TEMOA_V10,F12,10,17,217.3478123752186,8.044371829000056,100000,0
TEMOA_V10,F12,10,18,109.88050492509751,7.998756281999931,100000,0
TEMOA_V10,F12,10,19,0.0,7.4811450610000065,100000,0
TEMOA_V10,F12,10,20,0.0,7.493010470999934,100000,0
TEMOA_V10,F12,10,21,0.2081429846455194,8.028544384000043,100000,0
TEMOA_V10,F12,10,22,249.69550885932608,8.031946315999903,100000,0
TEMOA_V10,F12,10,23,0.2081429846455194,8.04417729699992,100000,0
TEMOA_V10,F12,10,24,217.1396693905731,7.4972382830000015,100000,0
TEMOA_V10,F12,10,25,218.39770832970225,7.488275320999946,100000,0
TEMOA_V10,F12,10,26,217.3478123752186,8.006970701,100000,0
TEMOA_V10,F12,10,27,217.1396693905731,7.607463984999981,100000,0
TEMOA_V10,F12,10,28,249.69550885932608,8.046824764999997,100000,0
TEMOA_V10,F12,10,29,0.0,7.502118851000091,100000,0
TEMOA_V10,F12,10,30,217.34781237521838,8.007189995999966,100000,0
TEMOA_V10,F12,10,31,217.3478123752186,8.022025926999959,100000,0
TEMOA_V10,F12,10,32,218.39770832970225,7.519106391000037,100000,0
TEMOA_V10,F12,10,33,174.7754566939102,8.048820636000073,100000,0
TEMOA_V10,F12,10,34,109.88050492509751,8.022879860000103,100000,0
TEMOA_V10,F12,10,35,0.20814298464574676,8.104970757000046,100000,0
TEMOA_V10,F12,10,36,217.3478123752186,8.055097805999935,100000,0
TEMOA_V10,F12,10,37,217.34781237521838,8.027220641000099,100000,0
TEMOA_V10,F12,10,38,0.0,7.538205431000051,100000,0
TEMOA_V10,F12,10,39,0.0,7.489656916000058,100000,0
TEMOA_V10,F12,10,40,0.0,7.490760983999962,100000,0
TEMOA_V10,F12,10,41,0.2081429846455194,7.9992261259999395,100000,0
TEMOA_V10,F12,10,42,0.2081429846455194,7.976790821000009,100000,0
TEMOA_V10,F12,10,43,0.0,7.519382772999961,100000,0
TEMOA_V10,F12,10,44,217.34781237521838,7.931030260000057,100000,0
TEMOA_V10,F12,10,45,0.2081429846455194,7.994451398000024,100000,0
TEMOA_V10,F12,10,46,0.2081429846455194,7.972366915999942,100000,0
TEMOA_V10,F12,10,47,0.0,7.499119463999932,100000,0
TEMOA_V10,F12,10,48,217.1396693905731,7.523429664999981,100000,0
TEMOA_V10,F12,10,49,109.88050492509751,7.969478374000005,100000,0
TEMOA_V10,F12,10,50,249.6955088593263,8.016569886999946,100000,0
TEMOA_V11,F12,10,0,217.3478123752186,7.081543654999905,100000,0
TEMOA_V11,F12,10,1,0.2081429846455194,7.036213615999941,100000,0
TEMOA_V11,F12,10,2,0.0,6.57225942499997,100000,0
TEMOA_V11,F12,10,3,217.34781237521838,7.022208872999954,100000,0
TEMOA_V11,F12,10,4,0.0,6.5886814049999884,100000,0
TEMOA_V11,F12,10,5,218.39770832970225,6.55672151400006,100000,0
TEMOA_V11,F12,10,6,217.34781237521838,7.0542689919999475,100000,0
TEMOA_V11,F12,10,7,217.34781237521838,7.04810915500002,100000,0
TEMOA_V11,F12,10,8,217.3478123752186,7.031136879999963,100000,0
TEMOA_V11,F12,10,9,217.1396693905731,6.530369408999945,100000,0
TEMOA_V11,F12,10,10,0.2081429846455194,7.020550151999942,100000,0
TEMOA_V11,F12,10,11,249.6955088593263,7.0753553280000006,100000,0
TEMOA_V11,F12,10,12,217.3478123752186,7.075848651000001,100000,0
TEMOA_V11,F12,10,13,217.1396693905731,6.565236393999953,100000,0
TEMOA_V11,F12,10,14,0.2081429846455194,7.055192133999981,100000,0
TEMOA_V11,F12,10,15,0.0,6.581827899000018,100000,0
TEMOA_V11,F12,10,16,0.2081429846455194,7.098706098999969,100000,0
TEMOA_V11,F12,10,17,0.2081429846455194,7.112764978999962,100000,0
TEMOA_V11,F12,10,18,217.3478123752186,7.118624121000039,100000,0
TEMOA_V11,F12,10,19,0.0,6.642618912999978,100000,0
TEMOA_V11,F12,10,20,0.2081429846455194,7.100875506999955,100000,0
TEMOA_V11,F12,10,21,0.0,6.5841512750000675,100000,0
TEMOA_V11,F12,10,22,0.0,6.650108641999964,100000,0
TEMOA_V11,F12,10,23,217.34781237521838,7.105614808000041,100000,0
TEMOA_V11,F12,10,24,217.1396693905731,6.594020839999985,100000,0
TEMOA_V11,F12,10,25,0.2081429846455194,7.076434404999986,100000,0
TEMOA_V11,F12,10,26,0.2081429846455194,7.116111599000078,100000,0
TEMOA_V11,F12,10,27,217.1396693905731,6.6060818450000625,100000,0
TEMOA_V11,F12,10,28,217.1396693905731,6.663658294000015,100000,0
TEMOA_V11,F12,10,29,0.0,6.654763817999992,100000,0
TEMOA_V11,F12,10,30,0.2081429846455194,7.086990378999985,100000,0
TEMOA_V11,F12,10,31,0.2081429846455194,7.123353574000021,100000,0
TEMOA_V11,F12,10,32,0.0,6.606888282,100000,0
TEMOA_V11,F12,10,33,0.0,6.60024739000005,100000,0
TEMOA_V11,F12,10,34,0.0,6.647888414000022,100000,0
TEMOA_V11,F12,10,35,0.2081429846455194,7.134470725000028,100000,0
TEMOA_V11,F12,10,36,0.2081429846455194,7.110326443000076,100000,0
TEMOA_V11,F12,10,37,217.3478123752186,7.077997498000059,100000,0
TEMOA_V11,F12,10,38,0.2081429846455194,7.117027567999912,100000,0
TEMOA_V11,F12,10,39,0.0,6.629659366000169,100000,0
TEMOA_V11,F12,10,40,0.2081429846455194,7.091974316000005,100000,0
TEMOA_V11,F12,10,41,217.34781237521838,7.1259369899999,100000,0
TEMOA_V11,F12,10,42,0.2081429846455194,7.10569819300008,100000,0
TEMOA_V11,F12,10,43,0.0,6.615937747999851,100000,0
TEMOA_V11,F12,10,44,0.0,6.673749753000038,100000,0
TEMOA_V11,F12,10,45,0.20814298464574676,7.12880627100003,100000,0
TEMOA_V11,F12,10,46,0.2081429846455194,7.165458611000076,100000,0
TEMOA_V11,F12,10,47,0.2081429846455194,7.077512242000012,100000,0
TEMOA_V11,F12,10,48,217.1396693905731,6.563703597999847,100000,0
TEMOA_V11,F12,10,49,0.0,6.623360877000096,100000,0
TEMOA_V11,F12,10,50,0.0,6.55057922900005,100000,0
TEMOA_V12,F12,10,0,0.20814298464574676,6.54698621700004,100000,0
TEMOA_V12,F12,10,1,0.20814298464574676,6.57898825999996,100000,0
TEMOA_V12,F12,10,2,0.0,6.2683800209999845,100000,0
TEMOA_V12,F12,10,3,0.0,6.277496842999881,100000,0
TEMOA_V12,F12,10,4,0.0,6.267158261999839,100000,0
TEMOA_V12,F12,10,5,0.20814298464574676,6.530535832999931,100000,0
TEMOA_V12,F12,10,6,0.0,6.250402087000111,100000,0
TEMOA_V12,F12,10,7,0.20814298464574676,6.246532153000089,100000,0
TEMOA_V12,F12,10,8,0.20814298464574676,6.482589349000136,100000,0
TEMOA_V12,F12,10,9,0.0,6.030325047000133,100000,0
TEMOA_V12,F12,10,10,0.20814298464574676,6.5448150299998815,100000,0
TEMOA_V12,F12,10,11,0.0,6.032574865000015,100000,0
TEMOA_V12,F12,10,12,0.20814298464574676,6.509241262999922,100000,0
TEMOA_V12,F12,10,13,0.0,6.282717671,100000,0
TEMOA_V12,F12,10,14,0.0,6.256813822999902,100000,0
TEMOA_V12,F12,10,15,0.20814298464574676,6.281011499999977,100000,0
TEMOA_V12,F12,10,16,0.0,6.26196823500004,100000,0
TEMOA_V12,F12,10,17,0.0,6.285991600999978,100000,0
TEMOA_V12,F12,10,18,0.0,6.329148249999889,100000,0
TEMOA_V12,F12,10,19,0.0,6.323673723999946,100000,0
TEMOA_V12,F12,10,20,0.0,6.339131597000005,100000,0
TEMOA_V12,F12,10,21,0.20814298464574676,6.500750549000031,100000,0
TEMOA_V12,F12,10,22,217.1396693905731,6.1790403809998224,100000,0
TEMOA_V12,F12,10,23,0.0,6.368913614999883,100000,0
TEMOA_V12,F12,10,24,0.20814298464574676,6.527773290000141,100000,0
TEMOA_V12,F12,10,25,0.0,6.324710224,100000,0
TEMOA_V12,F12,10,26,217.3478123752193,6.263448306999862,100000,0
TEMOA_V12,F12,10,27,0.0,6.258577910999975,100000,0
TEMOA_V12,F12,10,28,0.0,6.283610549000059,100000,0
TEMOA_V12,F12,10,29,0.0,6.251471009999932,100000,0
TEMOA_V12,F12,10,30,0.0,6.056241850999868,100000,0
TEMOA_V12,F12,10,31,0.0,6.099868188000073,100000,0
TEMOA_V12,F12,10,32,217.3478123752186,6.521007227999917,100000,0
TEMOA_V12,F12,10,33,0.0,6.30053709699996,100000,0
TEMOA_V12,F12,10,34,0.20814298464574676,6.2515111870000055,100000,0
TEMOA_V12,F12,10,35,0.0,6.288342968000052,100000,0
TEMOA_V12,F12,10,36,0.20814298464574676,6.469393504000209,100000,0
TEMOA_V12,F12,10,37,0.0,6.0118423290000464,100000,0
TEMOA_V12,F12,10,38,0.0,5.992615789999945,100000,0
TEMOA_V12,F12,10,39,0.20814298464574676,6.293057023000074,100000,0
TEMOA_V12,F12,10,40,0.0,6.272633464999899,100000,0
TEMOA_V12,F12,10,41,0.20814298464597414,6.295421253000086,100000,0
TEMOA_V12,F12,10,42,0.0,6.2928071960000125,100000,0
TEMOA_V12,F12,10,43,0.0,6.2669960969999465,100000,0
TEMOA_V12,F12,10,44,0.2081429846455194,6.257848144000036,100000,0
TEMOA_V12,F12,10,45,217.3478123752186,6.4441350889999285,100000,0
TEMOA_V12,F12,10,46,0.20814298464574676,6.470160157000009,100000,0
TEMOA_V12,F12,10,47,0.0,6.109841118999839,100000,0
TEMOA_V12,F12,10,48,0.20814298464597414,6.455358585999875,100000,0
TEMOA_V12,F12,10,49,0.0,6.0839895550000165,100000,0
TEMOA_V12,F12,10,50,0.20814298464574676,6.486800929000083,100000,0
jSO,F12,10,0,0.2081429846455194,5.977724234999869,100000,0
jSO,F12,10,1,0.2081429846455194,5.977568718999919,100000,0
jSO,F12,10,2,0.2081429846455194,5.941026948999934,100000,0
jSO,F12,10,3,0.2081429846455194,5.986796892000029,100000,0
jSO,F12,10,4,0.2081429846455194,5.961537460000045,100000,0
jSO,F12,10,5,0.2081429846455194,5.983867315999987,100000,0
jSO,F12,10,6,0.2081429846455194,6.0063847240001,100000,0
jSO,F12,10,7,0.2081429846455194,5.956975640999872,100000,0
jSO,F12,10,8,0.2081429846455194,5.983509215999902,100000,0
jSO,F12,10,9,0.2081429846455194,5.954036666000093,100000,0
jSO,F12,10,10,0.2081429846455194,5.965949552999973,100000,0
jSO,F12,10,11,0.2081429846455194,5.96290933399996,100000,0
jSO,F12,10,12,0.0,5.561270684000192,100000,0
jSO,F12,10,13,0.2081429846455194,5.9504316089999065,100000,0
jSO,F12,10,14,0.2081429846455194,5.986069123000107,100000,0
jSO,F12,10,15,0.0,5.573017834999973,100000,0
jSO,F12,10,16,0.2081429846455194,5.956530298000189,100000,0
jSO,F12,10,17,0.2081429846455194,6.024554744999932,100000,0
jSO,F12,10,18,0.2081429846455194,5.9632041509999,100000,0
jSO,F12,10,19,0.2081429846455194,5.8945684740001525,100000,0
jSO,F12,10,20,0.2081429846455194,5.976153564000015,100000,0
jSO,F12,10,21,0.2081429846455194,5.9539130350001415,100000,0
jSO,F12,10,22,0.2081429846455194,5.924964520999993,100000,0
jSO,F12,10,23,0.2081429846455194,5.923887165999986,100000,0
jSO,F12,10,24,0.2081429846455194,5.974326390999977,100000,0
jSO,F12,10,25,0.0,5.647785169000144,100000,0
jSO,F12,10,26,0.2081429846455194,5.997216234999996,100000,0
jSO,F12,10,27,0.0,5.652296664999994,100000,0
jSO,F12,10,28,0.2081429846455194,5.977493171999868,100000,0
jSO,F12,10,29,0.2081429846455194,5.977939750999894,100000,0
jSO,F12,10,30,0.2081429846455194,5.96907942100006,100000,0
jSO,F12,10,31,0.0,5.571228684999824,100000,0
jSO,F12,10,32,0.2081429846455194,5.981260208999856,100000,0
jSO,F12,10,33,0.2081429846455194,5.971051537999983,100000,0
jSO,F12,10,34,0.2081429846455194,5.951791580999952,100000,0
jSO,F12,10,35,0.2081429846455194,6.000690082000119,100000,0
jSO,F12,10,36,0.2081429846455194,5.970072114999994,100000,0
jSO,F12,10,37,0.0,5.604314999000053,100000,0
jSO,F12,10,38,0.0,5.594024722000086,100000,0
jSO,F12,10,39,0.2081429846455194,5.943192383999985,100000,0
jSO,F12,10,40,0.2081429846455194,5.95312242,100000,0
jSO,F12,10,41,0.0,5.613949573000127,100000,0
jSO,F12,10,42,0.2081429846455194,5.994845764999809,100000,0
jSO,F12,10,43,0.2081429846455194,5.992413254999974,100000,0
jSO,F12,10,44,0.2081429846455194,5.998730432000002,100000,0
jSO,F12,10,45,0.2081429846455194,6.016178159999981,100000,0
jSO,F12,10,46,0.2081429846455194,6.016038936000086,100000,0
jSO,F12,10,47,0.2081429846455194,6.003854836000073,100000,0
jSO,F12,10,48,0.2081429846455194,6.025680192999971,100000,0
jSO,F12,10,49,0.2081429846455194,5.936687069000072,100000,0
jSO,F12,10,50,0.2081429846455194,5.985587287000044,100000,0
sepCMAES,F12,10,0,5841.007081268251,15.967927758999394,100000,0
sepCMAES,F12,10,1,6605.438392814139,15.900573080999493,100000,0
sepCMAES,F12,10,2,8670.877596910588,16.073611632000393,100000,0
sepCMAES,F12,10,3,634.4279636305166,15.872385262000535,100000,0
sepCMAES,F12,10,4,6354.625113960245,15.78122641400023,100000,0
sepCMAES,F12,10,5,3868.7483707003985,16.383972083000117,100000,0
sepCMAES,F12,10,6,1120.3644435571127,15.896203199999945,100000,0
sepCMAES,F12,10,7,23038.891065577867,15.649485930000083,100000,0
sepCMAES,F12,10,8,2201.97534090643,15.269185378000657,100000,0
sepCMAES,F12,10,9,1255.4761303663217,14.952679520999482,100000,0
sepCMAES,F12,10,10,1891.69175889108,16.30459873700056,100000,0
sepCMAES,F12,10,11,1354.2094362191292,14.740790482999728,100000,0
sepCMAES,F12,10,12,2287.6248573591706,15.52826152200032,100000,0
sepCMAES,F12,10,13,1178.8985905651994,15.073536393999348,100000,0
sepCMAES,F12,10,14,1458.1987205461737,15.298401273000309,100000,0
sepCMAES,F12,10,15,4973.048965975572,16.1550914999998,100000,0
sepCMAES,F12,10,16,11067.818814276172,16.37302409499989,100000,0
sepCMAES,F12,10,17,894.3951329921083,16.110335895999924,100000,0
sepCMAES,F12,10,18,3529.2985759066933,15.605111568000211,100000,0
sepCMAES,F12,10,19,5028.004317838878,16.032206709999627,100000,0
sepCMAES,F12,10,20,2556.2089207900244,16.02105634899999,100000,0
sepCMAES,F12,10,21,1528.4616050231202,15.48114789400006,100000,0
sepCMAES,F12,10,22,569.4614634272277,14.137371231000543,100000,0
sepCMAES,F12,10,23,12144.288813709272,15.482573279000462,100000,0
sepCMAES,F12,10,24,12422.152432804896,14.748449181000069,100000,0
sepCMAES,F12,10,25,3946.6272523205807,16.085884501999317,100000,0
sepCMAES,F12,10,26,1460.853959103962,15.064414854999995,100000,0
sepCMAES,F12,10,27,5446.494325961228,15.741965361000439,100000,0
sepCMAES,F12,10,28,18295.36711380385,16.496797175999745,100000,0
sepCMAES,F12,10,29,9488.03058455495,16.02997109700027,100000,0
sepCMAES,F12,10,30,2847.5794874318663,15.53838692699992,100000,0
sepCMAES,F12,10,31,1909.9004699218222,16.241137642000467,100000,0
sepCMAES,F12,10,32,4256.278494195581,15.90341744000034,100000,0
sepCMAES,F12,10,33,7907.896560294059,15.4888446749992,100000,0
sepCMAES,F12,10,34,1336.2585794533593,16.05270794900025,100000,0
sepCMAES,F12,10,35,3575.3770518129395,16.049765359000048,100000,0
sepCMAES,F12,10,36,7354.179813193579,15.870196920000126,100000,0
sepCMAES,F12,10,37,2024.4176211084887,15.658054569999877,100000,0
sepCMAES,F12,10,38,834.6343548124412,15.511105929999758,100000,0
sepCMAES,F12,10,39,3548.808649775513,13.833391590999781,100000,0
sepCMAES,F12,10,40,821.5152289055,14.816923706000125,100000,0
sepCMAES,F12,10,41,2132.449058284065,16.37217777600017,100000,0
sepCMAES,F12,10,42,1573.093898687186,15.71929838899996,100000,0
sepCMAES,F12,10,43,3127.8812918264493,15.510953541000163,100000,0
sepCMAES,F12,10,44,17979.112602899648,15.865614935999474,100000,0
sepCMAES,F12,10,45,1453.4350443493158,15.929223112999352,100000,0
sepCMAES,F12,10,46,1101.0802852894212,15.488390255000013,100000,0
sepCMAES,F12,10,47,1144.6978791896554,15.632648797999536,100000,0
sepCMAES,F12,10,48,12900.676989762816,15.684917955999481,100000,0
sepCMAES,F12,10,49,3367.5915358473358,15.292225461000271,100000,0
sepCMAES,F12,10,50,3661.3012616168053,16.128236778999963,100000,0
BIPOP_CMAES,F13,10,0,4.280148561149645,12.383751083999869,100000,0
BIPOP_CMAES,F13,10,1,4.660146456395523,12.185956153000006,100000,0
BIPOP_CMAES,F13,10,2,4.28014857537255,11.02692882800011,100000,0
BIPOP_CMAES,F13,10,3,4.280148561331998,12.987570724999841,100000,0
BIPOP_CMAES,F13,10,4,4.470183198556924,11.952209296000092,100000,0
BIPOP_CMAES,F13,10,5,4.280171673039376,11.537642883999979,100000,0
BIPOP_CMAES,F13,10,6,0.0,12.10770413299997,100000,0
BIPOP_CMAES,F13,10,7,4.47014750877247,11.43464902300002,100000,0
BIPOP_CMAES,F13,10,8,4.09014961353796,11.412346236000076,100000,0
BIPOP_CMAES,F13,10,9,4.090149613526592,10.774418106999974,100000,0
BIPOP_CMAES,F13,10,10,4.280148561149645,11.376154845999963,100000,0
BIPOP_CMAES,F13,10,11,4.47014750877247,11.644004140999868,100000,0
BIPOP_CMAES,F13,10,12,4.47014750877247,11.825433448000013,100000,0
BIPOP_CMAES,F13,10,13,4.3783507746902615,11.66435076200014,100000,0
BIPOP_CMAES,F13,10,14,4.470147508772698,11.892450906000022,100000,0
BIPOP_CMAES,F13,10,15,4.090149613526592,11.375406515999885,100000,0
BIPOP_CMAES,F13,10,16,1.9899181141865938,12.004066289999855,100000,0
BIPOP_CMAES,F13,10,17,4.090163062239071,11.486082717999807,100000,0
BIPOP_CMAES,F13,10,18,4.470147742813197,12.072252939000009,100000,0
BIPOP_CMAES,F13,10,19,4.280148561149645,11.518963060000033,100000,0
BIPOP_CMAES,F13,10,20,4.280148561149645,12.037145430999999,100000,0
BIPOP_CMAES,F13,10,21,5.0271358632173815,11.421232138999812,100000,0
BIPOP_CMAES,F13,10,22,4.47014750877247,11.929479763000018,100000,0
BIPOP_CMAES,F13,10,23,4.280148561149645,11.341616455999883,100000,0
BIPOP_CMAES,F13,10,24,4.47014750877247,11.765726223000001,100000,0
BIPOP_CMAES,F13,10,25,2.9848771712800044,12.43216928999982,100000,0
BIPOP_CMAES,F13,10,26,4.090149613526819,11.60801917799995,100000,0
BIPOP_CMAES,F13,10,27,1.9899181141865938,11.994447334000142,100000,0
BIPOP_CMAES,F13,10,28,4.280148561149645,12.106207007000194,100000,0
BIPOP_CMAES,F13,10,29,2.9849144650133894,11.73166143100002,100000,0
BIPOP_CMAES,F13,10,30,4.090149613526592,11.73622410300004,100000,0
BIPOP_CMAES,F13,10,31,4.280148594267985,11.24892946,100000,0
BIPOP_CMAES,F13,10,32,4.280148561149645,12.106412836000118,100000,0
BIPOP_CMAES,F13,10,33,4.280148561149645,11.847360835000018,100000,0
BIPOP_CMAES,F13,10,34,4.090149613868334,11.211660230000007,100000,0
BIPOP_CMAES,F13,10,35,4.090149613526819,11.305667827999969,100000,0
BIPOP_CMAES,F13,10,36,4.280148561149645,11.306396645000177,100000,0
BIPOP_CMAES,F13,10,37,4.090149613526592,11.85485223899991,100000,0
BIPOP_CMAES,F13,10,38,1.9899181141865938,11.732959766000022,100000,0
BIPOP_CMAES,F13,10,39,5.2338295075428505,11.500708329999725,100000,0
BIPOP_CMAES,F13,10,40,4.47014750877247,11.822877016999882,100000,0
BIPOP_CMAES,F13,10,41,4.280148561149645,11.34566674100006,100000,0
BIPOP_CMAES,F13,10,42,4.47014750877247,11.742124556999897,100000,0
BIPOP_CMAES,F13,10,43,4.647137967971275,11.250423392000357,100000,0
BIPOP_CMAES,F13,10,44,4.280148561149645,11.793365358000301,100000,0
BIPOP_CMAES,F13,10,45,4.647137967973549,11.277424891999999,100000,0
BIPOP_CMAES,F13,10,46,4.280148561149645,11.331144234000021,100000,0
BIPOP_CMAES,F13,10,47,4.47014750877247,11.782834269999967,100000,0
BIPOP_CMAES,F13,10,48,4.280148561149645,11.963537000000088,100000,0
BIPOP_CMAES,F13,10,49,4.280148561149645,11.904428994999762,100000,0
BIPOP_CMAES,F13,10,50,4.280148561149645,11.576588941999944,100000,0
CMAES,F13,10,0,1.9899181141865938,15.245218452000245,100000,0
CMAES,F13,10,1,0.9949590570934106,14.765772159000335,100000,0
CMAES,F13,10,2,8.395082716090656,15.17905414200004,100000,0
CMAES,F13,10,3,6.331111370729332,15.09794719599995,100000,0
CMAES,F13,10,4,2.9848771712800044,15.04668003300003,100000,0
CMAES,F13,10,5,3.9798362283731876,14.719031712999822,100000,0
CMAES,F13,10,6,5.96412206208629,14.907977501999994,100000,0
CMAES,F13,10,7,4.47014750877247,15.35084348800001,100000,0
CMAES,F13,10,8,6.72411780175662,14.708959640000103,100000,0
CMAES,F13,10,9,6.154121009709343,15.059091032999731,100000,0
CMAES,F13,10,10,7.635086976420325,14.966025368999908,100000,0
CMAES,F13,10,11,5.407133707641606,15.164908597999784,100000,0
CMAES,F13,10,12,5.969749304740844,15.232063431999904,100000,0
CMAES,F13,10,13,4.47014750877247,14.853005766000024,100000,0
CMAES,F13,10,14,5.027135863217154,15.102921967999919,100000,0
CMAES,F13,10,15,1.9899181141865938,14.975989585999741,100000,0
CMAES,F13,10,16,7.268097569598467,14.836452111000199,100000,0
CMAES,F13,10,17,5.204126322415959,15.206325159999778,100000,0
CMAES,F13,10,18,5.584124217661838,14.818490629999815,100000,0
CMAES,F13,10,19,5.96412206208629,15.106521796999914,100000,0
CMAES,F13,10,20,6.9647083618340275,15.125925522000216,100000,0
CMAES,F13,10,21,5.394125270039012,14.831218181000168,100000,0
CMAES,F13,10,22,8.77508040798648,14.990568642000198,100000,0
CMAES,F13,10,23,0.9949590570934106,15.316285882999637,100000,0
CMAES,F13,10,24,5.204126322415959,14.723451243999989,100000,0
CMAES,F13,10,25,7.255089131995874,14.870140833999812,100000,0
CMAES,F13,10,26,7.091106907049834,14.716895238999768,100000,0
CMAES,F13,10,27,5.774123114463464,14.99692385599974,100000,0
CMAES,F13,10,28,4.8371369155943285,14.87979275700036,100000,0
CMAES,F13,10,29,5.96412206208629,14.936758548999933,100000,0
CMAES,F13,10,30,8.939062483932503,15.332601419000184,100000,0
CMAES,F13,10,31,5.969749304740617,14.930385429000125,100000,0
CMAES,F13,10,32,5.217134810840207,14.95026789800022,100000,0
CMAES,F13,10,33,10.079055915498657,14.890090697000232,100000,0
CMAES,F13,10,34,5.774123150649075,15.015450351999789,100000,0
CMAES,F13,10,35,6.453858457065962,15.138445148999836,100000,0
CMAES,F13,10,36,4.8371369155943285,14.80566789500017,100000,0
CMAES,F13,10,37,2.9848771712800044,15.262184201999844,100000,0
CMAES,F13,10,38,10.81303413295268,15.111109172999932,100000,0
CMAES,F13,10,39,1.9899181141865938,14.918934621000062,100000,0
CMAES,F13,10,40,2.9848771712800044,15.075932316000035,100000,0
CMAES,F13,10,41,10.079055915498657,15.383418539000104,100000,0
CMAES,F13,10,42,5.21713481083998,15.065162985999905,100000,0
CMAES,F13,10,43,7.268097569598467,14.86043844599999,100000,0
CMAES,F13,10,44,1.9899181141865938,14.735056416000134,100000,0
CMAES,F13,10,45,2.9848771712800044,15.16146327200022,100000,0
CMAES,F13,10,46,4.8371369155943285,14.930262721999952,100000,0
CMAES,F13,10,47,8.77508040798648,15.080556780999814,100000,0
CMAES,F13,10,48,1.9899181141865938,15.151873883000007,100000,0
CMAES,F13,10,49,4.280148561149645,14.948214627000198,100000,0
CMAES,F13,10,50,5.394125270039012,14.90875123700016,100000,0
IPOP_CMAES,F13,10,0,4.090149613526592,10.832803125000282,100000,0
IPOP_CMAES,F13,10,1,4.280148561149645,10.670176085999628,100000,0
IPOP_CMAES,F13,10,2,4.280148561149645,10.38730921000024,100000,0
IPOP_CMAES,F13,10,3,4.7734565638281765,10.28690021600005,100000,0
IPOP_CMAES,F13,10,4,4.090149613526592,10.677482053999938,100000,0
IPOP_CMAES,F13,10,5,4.47014750877247,10.957963054000174,100000,0
IPOP_CMAES,F13,10,6,4.280148561149645,10.336825729999873,100000,0
IPOP_CMAES,F13,10,7,4.280148561149645,10.364308706999964,100000,0
IPOP_CMAES,F13,10,8,4.280148561149645,11.13583584800017,100000,0
IPOP_CMAES,F13,10,9,4.47014750877247,11.075545131000126,100000,0
IPOP_CMAES,F13,10,10,4.090149613526819,10.635886118000144,100000,0
IPOP_CMAES,F13,10,11,4.470147508772698,11.046818131999771,100000,0
IPOP_CMAES,F13,10,12,4.647137967971275,10.73976664599968,100000,0
IPOP_CMAES,F13,10,13,3.9798311905542505,11.206251830999918,100000,0
IPOP_CMAES,F13,10,14,4.280148561149645,10.934533644000112,100000,0
IPOP_CMAES,F13,10,15,4.090149613526592,9.75674006700001,100000,0
IPOP_CMAES,F13,10,16,4.280148561149645,10.426953934999801,100000,0
IPOP_CMAES,F13,10,17,4.090149613526592,10.497525146000044,100000,0
IPOP_CMAES,F13,10,18,4.280148561149645,10.575514420999752,100000,0
IPOP_CMAES,F13,10,19,4.660146456395523,11.351970126000197,100000,0
IPOP_CMAES,F13,10,20,4.280148561149645,11.04062984400025,100000,0
IPOP_CMAES,F13,10,21,4.280148561149872,10.515267701000084,100000,0
IPOP_CMAES,F13,10,22,4.280148561149645,11.028661914000168,100000,0
IPOP_CMAES,F13,10,23,3.9798311905542505,10.92747065200001,100000,0
IPOP_CMAES,F13,10,24,4.280148561149645,10.293539148000036,100000,0
IPOP_CMAES,F13,10,25,4.47014750877247,9.842288541000016,100000,0
IPOP_CMAES,F13,10,26,4.280148561149645,10.769216344000142,100000,0
IPOP_CMAES,F13,10,27,4.280159013004322,10.46801163300006,100000,0
IPOP_CMAES,F13,10,28,4.280148561149645,10.549344757000199,100000,0
IPOP_CMAES,F13,10,29,4.47014750877247,11.708901611999863,100000,0
IPOP_CMAES,F13,10,30,4.47014750877247,11.545645299999705,100000,0
IPOP_CMAES,F13,10,31,4.090149613526819,10.502878612000131,100000,0
IPOP_CMAES,F13,10,32,4.280148561149645,9.92117276099998,100000,0
IPOP_CMAES,F13,10,33,4.280148561149645,10.450936852999803,100000,0
IPOP_CMAES,F13,10,34,4.280148561149645,11.073135862000072,100000,0
IPOP_CMAES,F13,10,35,4.8371369155943285,11.278296236000187,100000,0
IPOP_CMAES,F13,10,36,4.647137967971275,10.889832144000138,100000,0
IPOP_CMAES,F13,10,37,4.280148561149645,10.794517902999814,100000,0
IPOP_CMAES,F13,10,38,4.280148561149645,10.992714604999946,100000,0
IPOP_CMAES,F13,10,39,4.280148561149645,11.440435473999969,100000,0
IPOP_CMAES,F13,10,40,4.280148561149645,11.482459229000142,100000,0
IPOP_CMAES,F13,10,41,4.280148561149645,10.207115757999873,100000,0
IPOP_CMAES,F13,10,42,4.280148561149645,11.685837665000236,100000,0
IPOP_CMAES,F13,10,43,4.47014750877247,11.290633256000092,100000,0
IPOP_CMAES,F13,10,44,4.280148561149645,10.249295145999895,100000,0
IPOP_CMAES,F13,10,45,0.9949590570934106,9.862082905999614,100000,0
IPOP_CMAES,F13,10,46,4.47014750877247,10.943419687000187,100000,0
IPOP_CMAES,F13,10,47,4.660146456395523,10.08700811899962,100000,0
IPOP_CMAES,F13,10,48,4.470147508778382,11.324027238000326,100000,0
IPOP_CMAES,F13,10,49,4.280148561149645,11.028496491999704,100000,0
IPOP_CMAES,F13,10,50,4.280148561149645,11.389421211999888,100000,0
L-SHADE-DGR,F13,10,0,4.486271227394354,5.401594192000005,100000,0
L-SHADE-DGR,F13,10,1,4.090578412984769,5.412421421000005,100000,0
L-SHADE-DGR,F13,10,2,4.280148561151009,5.383565556000008,100000,0
L-SHADE-DGR,F13,10,3,4.491958399803934,4.803223897999999,100000,0
L-SHADE-DGR,F13,10,4,4.090149613526592,5.415559956999999,100000,0
L-SHADE-DGR,F13,10,5,4.090149875154111,5.420885312999999,100000,0
L-SHADE-DGR,F13,10,6,4.263836922291375e-05,5.388262931000014,100000,0
L-SHADE-DGR,F13,10,7,4.090173271013327,5.382028094000006,100000,0
L-SHADE-DGR,F13,10,8,4.091709399888714,4.861404845999999,100000,0
L-SHADE-DGR,F13,10,9,4.090149614637767,5.408337751000005,100000,0
L-SHADE-DGR,F13,10,10,4.280148561149872,5.382638041999996,100000,0
L-SHADE-DGR,F13,10,11,4.090149613526592,5.354233973000007,100000,0
L-SHADE-DGR,F13,10,12,4.090149613526819,5.382786999999993,100000,0
L-SHADE-DGR,F13,10,13,4.133414725391958,4.807097003999999,100000,0
L-SHADE-DGR,F13,10,14,4.090149613559561,5.4102064839999855,100000,0
L-SHADE-DGR,F13,10,15,10.222091468853023,5.374362269000017,100000,0
L-SHADE-DGR,F13,10,16,4.090149621348928,4.80792077800001,100000,0
L-SHADE-DGR,F13,10,17,4.090149613559561,5.417398842000011,100000,0
L-SHADE-DGR,F13,10,18,4.090149619169551,5.415574307000014,100000,0
L-SHADE-DGR,F13,10,19,4.090149613557514,5.40987168800001,100000,0
L-SHADE-DGR,F13,10,20,4.090271114073403,5.427926310000004,100000,0
L-SHADE-DGR,F13,10,21,4.090149615808514,5.412635963000014,100000,0
L-SHADE-DGR,F13,10,22,4.109639942110334,4.802127395999975,100000,0
L-SHADE-DGR,F13,10,23,4.090149613538415,5.376672482000004,100000,0
L-SHADE-DGR,F13,10,24,4.090149618040186,4.783716440999996,100000,0
L-SHADE-DGR,F13,10,25,4.090149613527728,5.301557790999993,100000,0
L-SHADE-DGR,F13,10,26,4.090183407932045,5.3628575559999945,100000,0
L-SHADE-DGR,F13,10,27,4.090149613531821,5.308737027999996,100000,0
L-SHADE-DGR,F13,10,28,4.090149613527501,5.323994384999992,100000,0
L-SHADE-DGR,F13,10,29,4.090150741371872,5.3782250449999935,100000,0
L-SHADE-DGR,F13,10,30,4.090149613526592,5.307073220999996,100000,0
L-SHADE-DGR,F13,10,31,4.581351836707427,5.323949249999998,100000,0
L-SHADE-DGR,F13,10,32,4.470164586989085,5.321753545000007,100000,0
L-SHADE-DGR,F13,10,33,4.090507221677171,5.324869134000011,100000,0
L-SHADE-DGR,F13,10,34,4.123656967009538,4.770195501000018,100000,0
L-SHADE-DGR,F13,10,35,4.486481502157403,5.318497390999994,100000,0
L-SHADE-DGR,F13,10,36,4.090153966117214,5.34261065299998,100000,0
L-SHADE-DGR,F13,10,37,4.090171885620748,5.3343056989999695,100000,0
L-SHADE-DGR,F13,10,38,4.141968099676205,4.781672966999963,100000,0
L-SHADE-DGR,F13,10,39,4.090149618314172,5.346190183000033,100000,0
L-SHADE-DGR,F13,10,40,4.090190640626361,5.322856268999999,100000,0
L-SHADE-DGR,F13,10,41,4.090149613573885,5.319764118000023,100000,0
L-SHADE-DGR,F13,10,42,4.165641408023475,4.786097966999989,100000,0
L-SHADE-DGR,F13,10,43,4.296613312010777,5.326418526999987,100000,0
L-SHADE-DGR,F13,10,44,4.094996554912996,4.741048803000012,100000,0
L-SHADE-DGR,F13,10,45,4.090153016271643,4.725369078999961,100000,0
L-SHADE-DGR,F13,10,46,2.4669338927196804e-07,5.304181215000028,100000,0
L-SHADE-DGR,F13,10,47,4.090152262763695,5.310719082999981,100000,0
L-SHADE-DGR,F13,10,48,4.090149646594682,5.358479854999985,100000,0
L-SHADE-DGR,F13,10,49,4.090571584693862,5.331832259000009,100000,0
L-SHADE-DGR,F13,10,50,4.280168154336934,5.312648405999994,100000,0
LSHADE,F13,10,0,4.858064024808073,4.226181523999912,100000,0
LSHADE,F13,10,1,4.090149613526592,4.182943876999843,100000,0
LSHADE,F13,10,2,4.280148561149645,4.201347557999952,100000,0
LSHADE,F13,10,3,4.090149613526819,4.1876370820000375,100000,0
LSHADE,F13,10,4,4.090149613526592,4.210049276000063,100000,0
LSHADE,F13,10,5,4.8371369155943285,4.168341819000034,100000,0
LSHADE,F13,10,6,4.280148561149645,4.187995420999869,100000,0
LSHADE,F13,10,7,4.090149613526592,4.182478396999841,100000,0
LSHADE,F13,10,8,4.8371369155943285,4.194824768999979,100000,0
LSHADE,F13,10,9,4.280148561149645,4.213129265000134,100000,0
LSHADE,F13,10,10,5.394125270039012,4.181640584999968,100000,0
LSHADE,F13,10,11,4.470147508772698,4.214357032999942,100000,0
LSHADE,F13,10,12,4.47014750877247,4.212669357000095,100000,0
LSHADE,F13,10,13,4.47014750877247,4.215212635999933,100000,0
LSHADE,F13,10,14,4.47014750877247,4.199951857000087,100000,0
LSHADE,F13,10,15,5.756231686668798,4.262778401999867,100000,0
LSHADE,F13,10,16,4.090149613526592,4.2206789660001505,100000,0
LSHADE,F13,10,17,4.280148561149645,4.223303120000082,100000,0
LSHADE,F13,10,18,4.280148561149645,4.228397511000139,100000,0
LSHADE,F13,10,19,4.090149613526592,4.189814518000048,100000,0
LSHADE,F13,10,20,4.280148561149645,4.192302008999832,100000,0
LSHADE,F13,10,21,4.47014750877247,4.216927077999799,100000,0
LSHADE,F13,10,22,4.090149613526592,4.1900840969999535,100000,0
LSHADE,F13,10,23,4.47014750877247,4.2122317350001595,100000,0
LSHADE,F13,10,24,4.280148561149645,4.196209555999985,100000,0
LSHADE,F13,10,25,4.090149613526592,4.223081855999908,100000,0
LSHADE,F13,10,26,4.090149613526592,4.187472095000203,100000,0
LSHADE,F13,10,27,4.280148561149645,4.189000778000036,100000,0
LSHADE,F13,10,28,4.090149613526819,4.251108982999995,100000,0
LSHADE,F13,10,29,4.090149613526592,4.197189868000123,100000,0
LSHADE,F13,10,30,4.660146456395523,4.214546073000065,100000,0
LSHADE,F13,10,31,4.280148561149872,4.207084508999969,100000,0
LSHADE,F13,10,32,4.47014750877247,4.2017788619998555,100000,0
LSHADE,F13,10,33,4.280148561149645,4.1904818640000485,100000,0
LSHADE,F13,10,34,4.090149613526819,4.208751942999925,100000,0
LSHADE,F13,10,35,7.499816636033756,4.250029150000046,100000,0
LSHADE,F13,10,36,4.280148561149645,4.230919524000001,100000,0
LSHADE,F13,10,37,4.090149613526592,4.194751358000076,100000,0
LSHADE,F13,10,38,4.280148561149645,4.188947991000077,100000,0
LSHADE,F13,10,39,4.533578935807327,4.248621977000084,100000,0
LSHADE,F13,10,40,4.6185801100575645,4.230371148999893,100000,0
LSHADE,F13,10,41,4.280148561149645,4.190111838000121,100000,0
LSHADE,F13,10,42,4.415051439137187,4.2755698539999685,100000,0
LSHADE,F13,10,43,4.684820223435281,4.230415719999883,100000,0
LSHADE,F13,10,44,4.647137967971275,4.1782343060001494,100000,0
LSHADE,F13,10,45,4.280148561149872,4.214456837999933,100000,0
LSHADE,F13,10,46,4.47014750877247,4.206120402000124,100000,0
LSHADE,F13,10,47,4.090149613526592,4.201903813000172,100000,0
LSHADE,F13,10,48,4.470147508772698,4.1954298030000245,100000,0
LSHADE,F13,10,49,4.362995922128221,4.2690866600000845,100000,0
LSHADE,F13,10,50,4.090149613526592,4.192464637000057,100000,0
TEMOA_V10,F13,10,0,4.47014750877247,6.153184285000009,100000,0
TEMOA_V10,F13,10,1,4.090149613526592,6.106030911999994,100000,0
TEMOA_V10,F13,10,2,4.8371369155943285,6.112447162000024,100000,0
TEMOA_V10,F13,10,3,4.280148561149645,6.200616102999959,100000,0
TEMOA_V10,F13,10,4,4.47014750877247,6.131228772999975,100000,0
TEMOA_V10,F13,10,5,4.090149613526592,6.142540380000014,100000,0
TEMOA_V10,F13,10,6,4.660146456395523,6.135440082999992,100000,0
TEMOA_V10,F13,10,7,4.47014750877247,6.151977905999956,100000,0
TEMOA_V10,F13,10,8,4.090149613526592,6.164514177000001,100000,0
TEMOA_V10,F13,10,9,4.090149613526592,6.151669384999991,100000,0
TEMOA_V10,F13,10,10,4.280148561149645,6.182256234000022,100000,0
TEMOA_V10,F13,10,11,4.660146456395523,6.071200671999975,100000,0
TEMOA_V10,F13,10,12,4.280148561149645,6.149005422000016,100000,0
TEMOA_V10,F13,10,13,4.647137967971275,6.166470571000048,100000,0
TEMOA_V10,F13,10,14,4.47014750877247,6.126050343000031,100000,0
TEMOA_V10,F13,10,15,4.660146456395523,6.1362176389999945,100000,0
TEMOA_V10,F13,10,16,4.280148561149645,6.124260857000024,100000,0
TEMOA_V10,F13,10,17,4.280148561149645,6.174518080999974,100000,0
TEMOA_V10,F13,10,18,4.090149613526819,6.158616241000004,100000,0
TEMOA_V10,F13,10,19,4.647137967971275,6.068926488999978,100000,0
TEMOA_V10,F13,10,20,4.280148561149645,6.133141588000001,100000,0
TEMOA_V10,F13,10,21,4.280148561149645,6.179384309,100000,0
TEMOA_V10,F13,10,22,4.090149613526592,6.161821008999993,100000,0
TEMOA_V10,F13,10,23,4.090149613526592,6.175058127,100000,0
TEMOA_V10,F13,10,24,4.647137967971275,6.14600191400001,100000,0
TEMOA_V10,F13,10,25,4.280148561149645,6.159947009999996,100000,0
TEMOA_V10,F13,10,26,4.090149613526819,6.089537774000007,100000,0
TEMOA_V10,F13,10,27,0.9949590570934106,6.093453006999994,100000,0
TEMOA_V10,F13,10,28,4.090149613526592,6.124015063000002,100000,0
TEMOA_V10,F13,10,29,4.47014750877247,6.109822546000032,100000,0
TEMOA_V10,F13,10,30,4.090149613526592,6.128018644000065,100000,0
TEMOA_V10,F13,10,31,4.280148561149645,6.098848301999965,100000,0
TEMOA_V10,F13,10,32,4.837136915594101,6.136179172000084,100000,0
TEMOA_V10,F13,10,33,4.090149613526592,6.159817288999989,100000,0
TEMOA_V10,F13,10,34,4.47014750877247,6.141383115999929,100000,0
TEMOA_V10,F13,10,35,5.394125270038785,6.11721171399995,100000,0
TEMOA_V10,F13,10,36,4.280148561149645,6.123694193000006,100000,0
TEMOA_V10,F13,10,37,5.027135863217154,6.118111522000049,100000,0
TEMOA_V10,F13,10,38,4.47014750877247,6.151923655000019,100000,0
TEMOA_V10,F13,10,39,1.9899181141865938,6.052134582999997,100000,0
TEMOA_V10,F13,10,40,4.660146456395523,6.0702423259999705,100000,0
TEMOA_V10,F13,10,41,4.280148561149645,6.121619985999928,100000,0
TEMOA_V10,F13,10,42,4.090149613526592,6.115368497000077,100000,0
TEMOA_V10,F13,10,43,4.47014750877247,6.1326549540000315,100000,0
TEMOA_V10,F13,10,44,4.090149613526592,6.117783206000013,100000,0
TEMOA_V10,F13,10,45,4.280148561149645,6.0767880700000205,100000,0
TEMOA_V10,F13,10,46,4.280148561149645,6.085230007000064,100000,0
TEMOA_V10,F13,10,47,4.090149613526592,6.146741801999951,100000,0
TEMOA_V10,F13,10,48,4.280148561149645,6.158886055999915,100000,0
TEMOA_V10,F13,10,49,5.407133707641833,6.162841109999931,100000,0
TEMOA_V10,F13,10,50,4.47014750877247,6.209258357999943,100000,0
TEMOA_V11,F13,10,0,4.2801642828856075,5.330573201999982,100000,0
TEMOA_V11,F13,10,1,4.280149498478295,5.3277227109999785,100000,0
TEMOA_V11,F13,10,2,4.090149613527274,5.353770719000067,100000,0
TEMOA_V11,F13,10,3,4.280148561149645,5.286372221000079,100000,0
TEMOA_V11,F13,10,4,4.090149613527046,5.292966690999947,100000,0
TEMOA_V11,F13,10,5,4.090150625777369,5.3479311429999825,100000,0
TEMOA_V11,F13,10,6,4.280148561149645,5.276476521000063,100000,0
TEMOA_V11,F13,10,7,4.090149613527046,5.32480172999999,100000,0
TEMOA_V11,F13,10,8,4.090149613526819,5.290119860999994,100000,0
TEMOA_V11,F13,10,9,4.124080564074575,5.3248011869999345,100000,0
TEMOA_V11,F13,10,10,4.090149613526592,5.228005725000003,100000,0
TEMOA_V11,F13,10,11,4.280148561149872,5.327586549999978,100000,0
TEMOA_V11,F13,10,12,4.280148561159194,5.334992290000059,100000,0
TEMOA_V11,F13,10,13,4.090149613527046,5.2662091539999665,100000,0
TEMOA_V11,F13,10,14,4.280148561154874,5.385338099000023,100000,0
TEMOA_V11,F13,10,15,0.0,5.26254643499999,100000,0
TEMOA_V11,F13,10,16,4.280172220662735,5.321281678999981,100000,0
TEMOA_V11,F13,10,17,4.090155033077508,5.355958653000016,100000,0
TEMOA_V11,F13,10,18,4.280148561150327,5.350458546999903,100000,0
TEMOA_V11,F13,10,19,4.090149613526592,5.27070879300004,100000,0
TEMOA_V11,F13,10,20,4.280148561161013,5.317183010999997,100000,0
TEMOA_V11,F13,10,21,4.28223001121637,5.34097188699991,100000,0
TEMOA_V11,F13,10,22,4.090149613526819,5.280609267000045,100000,0
TEMOA_V11,F13,10,23,4.667497897187559,5.3316016689999515,100000,0
TEMOA_V11,F13,10,24,4.280148567798051,5.341783371999895,100000,0
TEMOA_V11,F13,10,25,4.09014961429034,5.333967223000059,100000,0
TEMOA_V11,F13,10,26,4.105990915326402,5.325803368999914,100000,0
TEMOA_V11,F13,10,27,4.09014961353455,5.30578229799994,100000,0
TEMOA_V11,F13,10,28,4.090149614184611,5.291917799999965,100000,0
TEMOA_V11,F13,10,29,4.090149613527501,5.304800921999913,100000,0
TEMOA_V11,F13,10,30,4.2802630609380685,5.302600503000008,100000,0
TEMOA_V11,F13,10,31,4.090149613526819,5.331437968000046,100000,0
TEMOA_V11,F13,10,32,4.090149613527274,5.309156432999998,100000,0
TEMOA_V11,F13,10,33,4.2802082041082485,5.372957890999942,100000,0
TEMOA_V11,F13,10,34,4.090189799413565,5.342332517000045,100000,0
TEMOA_V11,F13,10,35,4.280148561150099,5.267385048000051,100000,0
TEMOA_V11,F13,10,36,4.090150906999725,5.346594707999998,100000,0
TEMOA_V11,F13,10,37,4.2801485974757725,5.347471760999952,100000,0
TEMOA_V11,F13,10,38,4.09015036564665,5.316955085000018,100000,0
TEMOA_V11,F13,10,39,4.090149613526592,5.273187047999954,100000,0
TEMOA_V11,F13,10,40,4.0903179755962356,5.331706720999932,100000,0
TEMOA_V11,F13,10,41,4.090149613526592,5.270067272000006,100000,0
TEMOA_V11,F13,10,42,4.090149613546828,5.31868595800006,100000,0
TEMOA_V11,F13,10,43,4.090149613527956,5.279712181000036,100000,0
TEMOA_V11,F13,10,44,4.090150691084318,5.371677310999985,100000,0
TEMOA_V11,F13,10,45,4.3267746591864125,5.362663144999942,100000,0
TEMOA_V11,F13,10,46,4.280149198701793,5.356971773000055,100000,0
TEMOA_V11,F13,10,47,4.090149613526819,5.295161538000002,100000,0
TEMOA_V11,F13,10,48,4.090149637834202,5.320423757999947,100000,0
TEMOA_V11,F13,10,49,4.0901496135284106,5.345565122000039,100000,0
TEMOA_V11,F13,10,50,4.090149613954054,5.340515878000019,100000,0
TEMOA_V12,F13,10,0,4.0930171504405735,5.233752852999942,100000,0
TEMOA_V12,F13,10,1,0.0,4.78148765100002,100000,0
TEMOA_V12,F13,10,2,4.283304118094975,5.172216004000006,100000,0
TEMOA_V12,F13,10,3,4.280148587098438,5.240781890999983,100000,0
TEMOA_V12,F13,10,4,4.093135364574891,5.226094065999973,100000,0
TEMOA_V12,F13,10,5,4.280165078823984,5.228890923999984,100000,0
TEMOA_V12,F13,10,6,4.158188259991675,5.213870521999979,100000,0
TEMOA_V12,F13,10,7,4.0942715204487286,5.227636620999988,100000,0
TEMOA_V12,F13,10,8,4.14094631335729,4.82797721999998,100000,0
TEMOA_V12,F13,10,9,4.09014961356911,5.224645330000044,100000,0
TEMOA_V12,F13,10,10,4.090150352599494,5.227195080000001,100000,0
TEMOA_V12,F13,10,11,4.09014975740979,5.21185730000002,100000,0
TEMOA_V12,F13,10,12,4.280148561579836,5.22910678400001,100000,0
TEMOA_V12,F13,10,13,4.280189674211442,5.2176419380000425,100000,0
TEMOA_V12,F13,10,14,4.090151694503675,5.214712577,100000,0
TEMOA_V12,F13,10,15,4.090149613527956,5.1693212769999946,100000,0
TEMOA_V12,F13,10,16,4.090149699697577,5.2215967369999134,100000,0
TEMOA_V12,F13,10,17,4.090149613531139,5.210969709999972,100000,0
TEMOA_V12,F13,10,18,4.280149221484862,5.262536537000074,100000,0
TEMOA_V12,F13,10,19,4.09014961355183,5.175706644000002,100000,0
TEMOA_V12,F13,10,20,0.0,5.24644139399993,100000,0
TEMOA_V12,F13,10,21,4.674426702118581,5.213570218999962,100000,0
TEMOA_V12,F13,10,22,4.090154397160177,5.213642649999883,100000,0
TEMOA_V12,F13,10,23,4.2901098270149305,5.246086807999973,100000,0
TEMOA_V12,F13,10,24,4.090149613626636,5.214671416000101,100000,0
TEMOA_V12,F13,10,25,4.0901545283115865,5.221740137000097,100000,0
TEMOA_V12,F13,10,26,4.132378259379948,5.230749018000097,100000,0
TEMOA_V12,F13,10,27,4.255553538612503,5.250470032000067,100000,0
TEMOA_V12,F13,10,28,4.090149737834508,5.279212386999916,100000,0
TEMOA_V12,F13,10,29,4.09273488640406,5.226326128999972,100000,0
TEMOA_V12,F13,10,30,0.9949590570979581,5.221408371000052,100000,0
TEMOA_V12,F13,10,31,4.0901529420559655,5.235101840000198,100000,0
TEMOA_V12,F13,10,32,4.090307711379637,5.231648113999881,100000,0
TEMOA_V12,F13,10,33,4.091327609706923,5.2077422209999895,100000,0
TEMOA_V12,F13,10,34,4.150885389202358,5.184987866000029,100000,0
TEMOA_V12,F13,10,35,4.093604995267924,5.243983233000108,100000,0
TEMOA_V12,F13,10,36,4.090149613526819,5.204948656999932,100000,0
TEMOA_V12,F13,10,37,4.091753848166263,5.240621229999988,100000,0
TEMOA_V12,F13,10,38,4.090149613536596,5.222139488000039,100000,0
TEMOA_V12,F13,10,39,6.36963602398032,5.242638150000175,100000,0
TEMOA_V12,F13,10,40,4.090149613570702,5.216874810000036,100000,0
TEMOA_V12,F13,10,41,4.090149613527046,5.181662923000204,100000,0
TEMOA_V12,F13,10,42,4.0901496135302295,5.218497593000166,100000,0
TEMOA_V12,F13,10,43,4.637115465660145,5.202856927000084,100000,0
TEMOA_V12,F13,10,44,4.090992944164782,5.212800039000058,100000,0
TEMOA_V12,F13,10,45,4.090149615199152,5.249185205999993,100000,0
TEMOA_V12,F13,10,46,4.090149613526592,5.152879735999932,100000,0
TEMOA_V12,F13,10,47,4.099602426826323,5.246810357999948,100000,0
TEMOA_V12,F13,10,48,4.280159217977371,5.250519605999898,100000,0
TEMOA_V12,F13,10,49,4.090170574098465,5.231833664000078,100000,0
TEMOA_V12,F13,10,50,4.481445947222483,5.229229378000127,100000,0
jSO,F13,10,0,4.2801792703839965,4.200860126999942,100000,0
jSO,F13,10,1,4.090149613526592,4.174640529000044,100000,0
jSO,F13,10,2,4.470147508772698,4.203502313999934,100000,0
jSO,F13,10,3,4.090149613527046,4.192366687999993,100000,0
jSO,F13,10,4,4.280148561149645,4.160420255999952,100000,0
jSO,F13,10,5,4.289799655419301,4.215550960999963,100000,0
jSO,F13,10,6,4.090151082144985,4.216761017000181,100000,0
jSO,F13,10,7,4.280148561149645,4.199553274999971,100000,0
jSO,F13,10,8,4.09014961498724,4.260363570999971,100000,0
jSO,F13,10,9,4.280148561150554,4.183079145999955,100000,0
jSO,F13,10,10,4.280148561348597,4.23525382999992,100000,0
jSO,F13,10,11,4.090150459199094,4.216577228000006,100000,0
jSO,F13,10,12,4.280148561149645,4.177685979999978,100000,0
jSO,F13,10,13,4.090149613556605,4.194678978999946,100000,0
jSO,F13,10,14,4.090149613526819,4.220740101000047,100000,0
jSO,F13,10,15,4.09014961353455,4.197953351000024,100000,0
jSO,F13,10,16,4.090149613526819,4.189526938999961,100000,0
jSO,F13,10,17,4.384392377146241,4.216338589000088,100000,0
jSO,F13,10,18,4.090150198773017,4.22265738499982,100000,0
jSO,F13,10,19,4.280148561149645,4.173017581000067,100000,0
jSO,F13,10,20,4.097658908040785,4.244941732999905,100000,0
jSO,F13,10,21,4.470147508777927,4.2063821239999015,100000,0
jSO,F13,10,22,4.280148561154647,4.208165301000008,100000,0
jSO,F13,10,23,4.470147508791115,4.203581822999922,100000,0
jSO,F13,10,24,4.280148564402225,4.214305549000073,100000,0
jSO,F13,10,25,4.090149613526819,4.188193089999913,100000,0
jSO,F13,10,26,4.090149613526819,4.199827186999983,100000,0
jSO,F13,10,27,4.090149613526819,4.18066761099999,100000,0
jSO,F13,10,28,4.090149613526819,4.190527234000001,100000,0
jSO,F13,10,29,4.280148561149872,4.217869320000091,100000,0
jSO,F13,10,30,4.090149613526819,4.191328476000081,100000,0
jSO,F13,10,31,4.280148569311905,4.204848385999867,100000,0
jSO,F13,10,32,4.280148561149645,4.16116051400013,100000,0
jSO,F13,10,33,4.47014750877247,4.177777785999979,100000,0
jSO,F13,10,34,4.09014961362368,4.2096251599998595,100000,0
jSO,F13,10,35,4.090149613527274,4.220099060999928,100000,0
jSO,F13,10,36,4.280148681446462,4.222592987000098,100000,0
jSO,F13,10,37,4.470147508772698,4.172284555000033,100000,0
jSO,F13,10,38,4.090149613526819,4.185706240999934,100000,0
jSO,F13,10,39,4.280148561149645,4.206173877000083,100000,0
jSO,F13,10,40,4.090149629466168,4.22612118699999,100000,0
jSO,F13,10,41,4.0901496137175855,4.201120524000089,100000,0
jSO,F13,10,42,4.09014982808867,4.232111871999905,100000,0
jSO,F13,10,43,4.090149613550693,4.205894632000081,100000,0
jSO,F13,10,44,4.090149615055452,4.227318083,100000,0
jSO,F13,10,45,4.090152497444933,4.215582227999903,100000,0
jSO,F13,10,46,4.280149024240018,4.226305709000144,100000,0
jSO,F13,10,47,4.090149613526819,4.172246924000092,100000,0
jSO,F13,10,48,4.090149613528638,4.247018665000041,100000,0
jSO,F13,10,49,4.090149613527046,4.198563897999975,100000,0
jSO,F13,10,50,4.470154611301723,4.224354721000054,100000,0
sepCMAES,F13,10,0,37.919241543595945,13.775425194000036,100000,0
sepCMAES,F13,10,1,60.85685968825146,13.867295489000298,100000,0
sepCMAES,F13,10,2,69.63661113509329,13.725263965000067,100000,0
sepCMAES,F13,10,3,471.09707679074313,12.9230436859998,100000,0
sepCMAES,F13,10,4,9981.92299705351,10.163687278999987,67131,0
sepCMAES,F13,10,5,395.6776086196069,12.81680940699971,100000,0
sepCMAES,F13,10,6,856.5639923585563,13.890642474000288,100000,0
sepCMAES,F13,10,7,518.7849893902505,12.428390001000025,100000,0
sepCMAES,F13,10,8,1240.1933885743133,14.218516363999697,100000,0
sepCMAES,F13,10,9,632.3135595855624,13.057978321000064,100000,0
sepCMAES,F13,10,10,46.45007457528527,14.036696082999697,100000,0
sepCMAES,F13,10,11,81.40834909458408,13.596108859000196,100000,0
sepCMAES,F13,10,12,96.77073807334841,14.07352818399977,100000,0
sepCMAES,F13,10,13,138.02839552288992,13.563314635000097,100000,0
sepCMAES,F13,10,14,86.72328922602424,13.942421916999592,100000,0
sepCMAES,F13,10,15,5.439904300183571,12.821290839000085,100000,0
sepCMAES,F13,10,16,7.5494774260528175,13.806083342999955,100000,0
sepCMAES,F13,10,17,2517.493212943243,13.294083910000154,100000,0
sepCMAES,F13,10,18,6078.842342786933,13.975703411999802,100000,0
sepCMAES,F13,10,19,62.51264093724876,14.022738998000023,100000,0
sepCMAES,F13,10,20,368.6355754493968,12.698704418000034,100000,0
sepCMAES,F13,10,21,2032.4241875802177,14.246215022999877,100000,0
sepCMAES,F13,10,22,2242.7920397244616,13.432041281000238,100000,0
sepCMAES,F13,10,23,476.21314338177353,14.398572906000027,100000,0
sepCMAES,F13,10,24,96.52857339854063,13.907216154999787,100000,0
sepCMAES,F13,10,25,212.1462015914501,14.192726833000052,100000,0
sepCMAES,F13,10,26,2225.351386346241,14.454773270999794,100000,0
sepCMAES,F13,10,27,309.671566012486,13.684714258999975,100000,0
sepCMAES,F13,10,28,1043.9281586393454,13.818558576000214,100000,0
sepCMAES,F13,10,29,418.2712719715523,13.8498465079997,100000,0
sepCMAES,F13,10,30,12.639397835503587,13.861284730999614,100000,0
sepCMAES,F13,10,31,320.35823771387254,13.083008832999894,100000,0
sepCMAES,F13,10,32,1987.639305895253,13.06211292800026,100000,0
sepCMAES,F13,10,33,1142.081377315571,12.882843533000141,100000,0
sepCMAES,F13,10,34,1672.1980663211443,13.828431388999888,100000,0
sepCMAES,F13,10,35,10.229749088540757,12.534991505999642,100000,0
sepCMAES,F13,10,36,30.30989849483808,13.934624624000207,100000,0
sepCMAES,F13,10,37,1023.7675897999447,14.117536848999862,100000,0
sepCMAES,F13,10,38,15.925257109383665,13.863981723000052,100000,0
sepCMAES,F13,10,39,532.8857782509415,14.200972785999966,100000,0
sepCMAES,F13,10,40,2404.0469798310246,13.93511571199997,100000,0
sepCMAES,F13,10,41,762.777914230739,14.479447039000206,100000,0
sepCMAES,F13,10,42,51.655438513927265,13.874709371000336,100000,0
sepCMAES,F13,10,43,320.27588867821487,14.26855967099982,100000,0
sepCMAES,F13,10,44,1353.997619330602,13.676369700000578,100000,0
sepCMAES,F13,10,45,121.53108261677994,13.656110042000364,100000,0
sepCMAES,F13,10,46,22.34604897724762,13.61266413500016,100000,0
sepCMAES,F13,10,47,32.55123582281294,13.530335526999806,100000,0
sepCMAES,F13,10,48,84.14290329514392,13.683219664999342,100000,0
sepCMAES,F13,10,49,258.8299546638227,13.440043760999288,100000,0
sepCMAES,F13,10,50,1162.9426574575405,13.925426087000233,100000,0
BIPOP_CMAES,F14,10,0,0.0,12.496872821999887,100000,0
BIPOP_CMAES,F14,10,1,19.99998778695999,11.898472227999946,100000,0
BIPOP_CMAES,F14,10,2,19.999983381315133,10.749481766999907,100000,0
BIPOP_CMAES,F14,10,3,19.999999994405925,11.236619939999855,100000,0
BIPOP_CMAES,F14,10,4,19.999991329183104,10.90494350400013,100000,0
BIPOP_CMAES,F14,10,5,20.023591137197855,10.41483518899986,100000,0
BIPOP_CMAES,F14,10,6,19.996561088474664,10.871008998000207,100000,0
BIPOP_CMAES,F14,10,7,20.994938949417474,10.524437747000093,100000,0
BIPOP_CMAES,F14,10,8,19.99999433236985,10.365241848999858,100000,0
BIPOP_CMAES,F14,10,9,20.028540606171646,12.219566193999981,100000,0
BIPOP_CMAES,F14,10,10,19.99999999788156,10.74016527799995,100000,0
BIPOP_CMAES,F14,10,11,14.727258958095035,10.979630181000175,100000,0
BIPOP_CMAES,F14,10,12,19.999975784334993,11.649682371999916,100000,0
BIPOP_CMAES,F14,10,13,0.0,12.097140537000087,100000,0
BIPOP_CMAES,F14,10,14,19.972081186230753,11.420709974999909,100000,0
BIPOP_CMAES,F14,10,15,19.999799587361167,11.902486232000001,100000,0
BIPOP_CMAES,F14,10,16,20.022458641701178,11.628147928999852,100000,0
BIPOP_CMAES,F14,10,17,0.0,10.869811078000112,100000,0
BIPOP_CMAES,F14,10,18,15.530308212322325,11.114409491999822,100000,0
BIPOP_CMAES,F14,10,19,19.999886721181156,10.209794337999938,100000,0
BIPOP_CMAES,F14,10,20,0.004209375420032302,11.69978816899993,100000,0
BIPOP_CMAES,F14,10,21,20.994796476375768,11.896369367000034,100000,0
BIPOP_CMAES,F14,10,22,19.999999997745135,11.312049916999968,100000,0
BIPOP_CMAES,F14,10,23,1.217040335177444e-08,10.87937948900003,100000,0
BIPOP_CMAES,F14,10,24,19.99840081873822,10.65204744100015,100000,0
BIPOP_CMAES,F14,10,25,20.038921561174675,11.446212641000102,100000,0
BIPOP_CMAES,F14,10,26,0.0,11.087411662000022,100000,0
BIPOP_CMAES,F14,10,27,17.25082280343031,11.202664400999993,100000,0
BIPOP_CMAES,F14,10,28,19.968087536946314,10.56862129000001,100000,0
BIPOP_CMAES,F14,10,29,0.0,11.175475698000128,100000,0
BIPOP_CMAES,F14,10,30,19.999666616839022,10.979788812999914,100000,0
BIPOP_CMAES,F14,10,31,0.0,10.396220052999979,100000,0
BIPOP_CMAES,F14,10,32,19.9999945532104,11.410892619999913,100000,0
BIPOP_CMAES,F14,10,33,19.999998138984438,11.061733984999819,100000,0
BIPOP_CMAES,F14,10,34,19.99999849314736,11.331976267000073,100000,0
BIPOP_CMAES,F14,10,35,20.06104899839761,11.443060468999875,100000,0
BIPOP_CMAES,F14,10,36,17.01792070149827,12.77279048100013,100000,0
BIPOP_CMAES,F14,10,37,19.999987554161862,10.598790317999828,100000,0
BIPOP_CMAES,F14,10,38,4.806319109471588,11.782761701000254,100000,0
BIPOP_CMAES,F14,10,39,0.9949590571318367,11.23317051999993,100000,0
BIPOP_CMAES,F14,10,40,19.999964118613207,10.772683814000175,100000,0
BIPOP_CMAES,F14,10,41,19.999534303266728,12.046725536000395,100000,0
BIPOP_CMAES,F14,10,42,19.85685206763401,10.913801250999768,100000,0
BIPOP_CMAES,F14,10,43,20.0267220582316,11.025246582999898,100000,0
BIPOP_CMAES,F14,10,44,19.662392442509372,11.752430539000216,100000,0
BIPOP_CMAES,F14,10,45,19.999255134293207,12.107143311000073,100000,0
BIPOP_CMAES,F14,10,46,19.999885114999188,11.385839984000086,100000,0
BIPOP_CMAES,F14,10,47,19.999999978891083,11.607814764000068,100000,0
BIPOP_CMAES,F14,10,48,19.9997680817919,12.010092885000176,100000,0
BIPOP_CMAES,F14,10,49,19.999999796817292,11.423293220000232,100000,0
BIPOP_CMAES,F14,10,50,19.996431483487413,11.56470305899984,100000,0
CMAES,F14,10,0,21.989917977902905,15.354556730999775,100000,0
CMAES,F14,10,1,21.98984050325066,14.976323244000014,100000,0
CMAES,F14,10,2,20.99493955108369,15.424664700999983,100000,0
CMAES,F14,10,3,20.99422145622907,14.952175534000162,100000,0
CMAES,F14,10,4,21.989916255468415,15.300060437999946,100000,0
CMAES,F14,10,5,22.984876913954167,15.219578276999982,100000,0
CMAES,F14,10,6,21.9895481017129,15.051019394999912,100000,0
CMAES,F14,10,7,20.962191248925365,15.093386888999703,100000,0
CMAES,F14,10,8,21.977808055685728,15.431082881999828,100000,0
CMAES,F14,10,9,21.989881987832405,14.860486229999879,100000,0
CMAES,F14,10,10,20.902773450411132,15.045209006999812,100000,0
CMAES,F14,10,11,21.98949548904443,14.915269934999742,100000,0
CMAES,F14,10,12,21.989917310176907,15.3981157610001,100000,0
CMAES,F14,10,13,24.089539229625416,15.373934451999958,100000,0
CMAES,F14,10,14,21.98990303951473,15.134319137000148,100000,0
CMAES,F14,10,15,21.741942607241526,14.864057886999944,100000,0
CMAES,F14,10,16,21.98558849705637,15.140985008999905,100000,0
CMAES,F14,10,17,16.614776788455174,14.99659495700007,100000,0
CMAES,F14,10,18,21.97385085517317,15.056851038000332,100000,0
CMAES,F14,10,19,19.074972181834482,14.892866824000066,100000,0
CMAES,F14,10,20,19.999999995432745,14.956732199000271,100000,0
CMAES,F14,10,21,21.98910017456592,15.117909770999631,100000,0
CMAES,F14,10,22,21.98627007092091,14.96950539699992,100000,0
CMAES,F14,10,23,20.994959026562356,14.742778705999626,100000,0
CMAES,F14,10,24,19.67942777900066,14.985376254999665,100000,0
CMAES,F14,10,25,19.99995131845867,15.083009737999873,100000,0
CMAES,F14,10,26,21.945968746181507,15.12340214599999,100000,0
CMAES,F14,10,27,20.994946567625675,15.009557571999721,100000,0
CMAES,F14,10,28,19.988346713333613,15.071254394999869,100000,0
CMAES,F14,10,29,20.994940078832542,14.889870869999868,100000,0
CMAES,F14,10,30,22.94747326990955,15.353161284999715,100000,0
CMAES,F14,10,31,23.97983547939839,15.373952083999939,100000,0
CMAES,F14,10,32,20.988576019964512,15.123721424999985,100000,0
CMAES,F14,10,33,1.9899181152145502,15.143044359999749,100000,0
CMAES,F14,10,34,20.234065427142923,15.346613666999929,100000,0
CMAES,F14,10,35,20.994942627154387,15.273813806999897,100000,0
CMAES,F14,10,36,19.99999999997749,15.045570992000194,100000,0
CMAES,F14,10,37,21.989916316375,15.215951430000132,100000,0
CMAES,F14,10,38,20.663642634534426,15.3070248920003,100000,0
CMAES,F14,10,39,19.999803718978683,15.12694572800001,100000,0
CMAES,F14,10,40,19.99598998445981,15.065401929000018,100000,0
CMAES,F14,10,41,21.962628024050673,15.314228904999709,100000,0
CMAES,F14,10,42,20.99480832848758,15.091581043000133,100000,0
CMAES,F14,10,43,21.98991809676818,15.258352608000223,100000,0
CMAES,F14,10,44,20.99488526535106,15.190441401000044,100000,0
CMAES,F14,10,45,19.999974748101295,15.07699033200015,100000,0
CMAES,F14,10,46,20.986679808142753,15.282562981999945,100000,0
CMAES,F14,10,47,21.989917632343804,14.647871355000007,100000,0
CMAES,F14,10,48,20.993655595894097,14.98815424600025,100000,0
CMAES,F14,10,49,20.98092819827434,14.940324559000146,100000,0
CMAES,F14,10,50,19.642679981931224,15.09225100399999,100000,0
IPOP_CMAES,F14,10,0,19.98777491692408,10.044645291000052,100000,0
IPOP_CMAES,F14,10,1,19.99996799693622,10.138425849999749,100000,0
IPOP_CMAES,F14,10,2,0.0,11.574532814000122,100000,0
IPOP_CMAES,F14,10,3,19.999999993154688,10.217585530000179,100000,0
IPOP_CMAES,F14,10,4,0.0,11.138474018000124,100000,0
IPOP_CMAES,F14,10,5,0.994959057181859,10.398214628999995,100000,0
IPOP_CMAES,F14,10,6,0.08027341522051756,10.921148042999903,100000,0
IPOP_CMAES,F14,10,7,1.2668576584012499,10.055199071000061,100000,0
IPOP_CMAES,F14,10,8,1.9899181142363886,11.63566406200016,100000,0
IPOP_CMAES,F14,10,9,0.5083145132575737,10.803023651999865,100000,0
IPOP_CMAES,F14,10,10,19.997787435844202,9.520697303000361,100000,0
IPOP_CMAES,F14,10,11,19.999997710973275,10.698969257999579,100000,0
IPOP_CMAES,F14,10,12,19.989120923154587,10.389523825000197,100000,0
IPOP_CMAES,F14,10,13,19.99040252472787,10.876491197999712,100000,0
IPOP_CMAES,F14,10,14,19.99436420355869,10.543571119999797,100000,0
IPOP_CMAES,F14,10,15,0.9949590571725366,10.600491245000285,100000,0
IPOP_CMAES,F14,10,16,19.999999993722213,9.708630855000138,100000,0
IPOP_CMAES,F14,10,17,19.999999380732106,11.050867392999862,100000,0
IPOP_CMAES,F14,10,18,0.0,11.32557117899978,100000,0
IPOP_CMAES,F14,10,19,0.0,10.482108557999709,100000,0
IPOP_CMAES,F14,10,20,20.99194439389771,10.166827886000192,100000,0
IPOP_CMAES,F14,10,21,19.999700328274912,10.097292904999904,100000,0
IPOP_CMAES,F14,10,22,19.999999994914106,11.264456995000273,100000,0
IPOP_CMAES,F14,10,23,19.6271800901784,11.091099383000255,100000,0
IPOP_CMAES,F14,10,24,20.012293423517804,11.681362186000115,100000,0
IPOP_CMAES,F14,10,25,0.0,10.996221017000153,100000,0
IPOP_CMAES,F14,10,26,19.999999972610112,9.90305551199981,100000,0
IPOP_CMAES,F14,10,27,0.0,10.958295249000003,100000,0
IPOP_CMAES,F14,10,28,0.9949590571322915,12.100296315999913,100000,0
IPOP_CMAES,F14,10,29,0.9949590572275611,10.268176787999892,100000,0
IPOP_CMAES,F14,10,30,1.98991811424753,11.46360446000017,100000,0
IPOP_CMAES,F14,10,31,19.36108491054938,10.341939370000091,100000,0
IPOP_CMAES,F14,10,32,0.0,11.171672731999934,100000,0
IPOP_CMAES,F14,10,33,19.86577544687475,10.36015430999987,100000,0
IPOP_CMAES,F14,10,34,18.428606304777304,11.526350232999903,100000,0
IPOP_CMAES,F14,10,35,0.0,11.455035222999868,100000,0
IPOP_CMAES,F14,10,36,0.0,11.33072145999995,100000,0
IPOP_CMAES,F14,10,37,0.9949590571388853,11.55010072999994,100000,0
IPOP_CMAES,F14,10,38,1.9899181142641282,9.922488497999893,100000,0
IPOP_CMAES,F14,10,39,1.0089177679599288,10.671660576999784,100000,0
IPOP_CMAES,F14,10,40,0.9949590572744,11.436898742999801,100000,0
IPOP_CMAES,F14,10,41,0.0,10.847035068999958,100000,0
IPOP_CMAES,F14,10,42,19.975582790997805,10.792144292000103,100000,0
IPOP_CMAES,F14,10,43,20.01121086831722,9.527866718000041,100000,0
IPOP_CMAES,F14,10,44,19.366620160648836,10.012932404999901,100000,0
IPOP_CMAES,F14,10,45,19.99766478760239,10.10524765800028,100000,0
IPOP_CMAES,F14,10,46,1.9899181142607176,10.806951994999963,100000,0
IPOP_CMAES,F14,10,47,19.999999992924586,11.099555141999645,100000,0
IPOP_CMAES,F14,10,48,19.99996914912026,11.212145539000176,100000,0
IPOP_CMAES,F14,10,49,19.997310234070937,9.909988946999874,100000,0
IPOP_CMAES,F14,10,50,0.0,11.395196205000047,100000,0
L-SHADE-DGR,F14,10,0,9.706573496259807e-05,4.6019335830000045,100000,0
L-SHADE-DGR,F14,10,1,19.999991154969848,5.163715094999986,100000,0
L-SHADE-DGR,F14,10,2,20.008261670501042,5.149124649999976,100000,0
L-SHADE-DGR,F14,10,3,20.994939595439973,5.172171087999999,100000,0
L-SHADE-DGR,F14,10,4,20.00913958713295,5.169390066000005,100000,0
L-SHADE-DGR,F14,10,5,20.000427320533845,5.150091693999997,100000,0
L-SHADE-DGR,F14,10,6,6.432917213016026,5.163620298000012,100000,0
L-SHADE-DGR,F14,10,7,20.04658211406604,5.141683885999981,100000,0
L-SHADE-DGR,F14,10,8,19.998520100377164,5.125195998999999,100000,0
L-SHADE-DGR,F14,10,9,0.9954431529258727,5.146337735000003,100000,0
L-SHADE-DGR,F14,10,10,20.00108489536933,5.127038932000005,100000,0
L-SHADE-DGR,F14,10,11,4.974848478710101,5.134780884999998,100000,0
L-SHADE-DGR,F14,10,12,20.000000493146445,5.1231087799999955,100000,0
L-SHADE-DGR,F14,10,13,1.1218410236324416e-06,5.142064312000002,100000,0
L-SHADE-DGR,F14,10,14,1.3771114026894793e-08,5.152502407000014,100000,0
L-SHADE-DGR,F14,10,15,9.608401569494163e-06,5.160935481000024,100000,0
L-SHADE-DGR,F14,10,16,1.989918114961938,5.119112637000001,100000,0
L-SHADE-DGR,F14,10,17,0.0004009423610114027,5.180077295000018,100000,0
L-SHADE-DGR,F14,10,18,1.4190492720445036e-05,5.187330052000021,100000,0
L-SHADE-DGR,F14,10,19,20.002354065586587,5.108374333,100000,0
L-SHADE-DGR,F14,10,20,0.9949940101662378,5.151858489999995,100000,0
L-SHADE-DGR,F14,10,21,20.000262326818074,5.123423771999995,100000,0
L-SHADE-DGR,F14,10,22,0.0,5.119837659999973,100000,0
L-SHADE-DGR,F14,10,23,9.923837751557585e-07,5.133864174999985,100000,0
L-SHADE-DGR,F14,10,24,1.9899288900653573,5.146298446000003,100000,0
L-SHADE-DGR,F14,10,25,20.000063129075215,5.135205800999984,100000,0
L-SHADE-DGR,F14,10,26,0.006290638065820531,4.544081172999995,100000,0
L-SHADE-DGR,F14,10,27,20.001128340054947,5.1323620430000005,100000,0
L-SHADE-DGR,F14,10,28,20.009977378606663,5.144286964999992,100000,0
L-SHADE-DGR,F14,10,29,5.006814831176598e-05,5.149210254000025,100000,0
L-SHADE-DGR,F14,10,30,20.01998865460041,5.100768244999983,100000,0
L-SHADE-DGR,F14,10,31,20.000088428552772,5.126247919999969,100000,0
L-SHADE-DGR,F14,10,32,0.0002882563376260805,5.1034848119999765,100000,0
L-SHADE-DGR,F14,10,33,7.876974450482521e-08,5.145444247,100000,0
L-SHADE-DGR,F14,10,34,20.03519607343651,5.144608220999999,100000,0
L-SHADE-DGR,F14,10,35,0.0009706689477297914,5.134861027999989,100000,0
L-SHADE-DGR,F14,10,36,0.9949590572002762,5.085372267000025,100000,0
L-SHADE-DGR,F14,10,37,1.0329947386546792,5.125458594999998,100000,0
L-SHADE-DGR,F14,10,38,0.9949650113887856,5.141261177000047,100000,0
L-SHADE-DGR,F14,10,39,19.94745745045566,5.137743100000023,100000,0
L-SHADE-DGR,F14,10,40,1.9899199559015415,5.121516552999992,100000,0
L-SHADE-DGR,F14,10,41,0.9949598013840841,4.564196608999964,100000,0
L-SHADE-DGR,F14,10,42,0.0,5.094823908999956,100000,0
L-SHADE-DGR,F14,10,43,19.994416599340866,5.112985806999973,100000,0
L-SHADE-DGR,F14,10,44,1.2522268434622674e-05,5.174463884999966,100000,0
L-SHADE-DGR,F14,10,45,1.9908051157101454,5.118848565999997,100000,0
L-SHADE-DGR,F14,10,46,6.177218143157461,5.094743115999961,100000,0
L-SHADE-DGR,F14,10,47,0.26995853831158456,5.130159737999975,100000,0
L-SHADE-DGR,F14,10,48,20.000034657760807,5.124125649999996,100000,0
L-SHADE-DGR,F14,10,49,20.00165462318523,5.137138082000035,100000,0
L-SHADE-DGR,F14,10,50,20.0087391937584,5.131087212000011,100000,0
LSHADE,F14,10,0,0.9949590570934106,4.030482020999898,100000,0
LSHADE,F14,10,1,0.9949590570940927,4.01317700200002,100000,0
LSHADE,F14,10,2,20.42645881839212,4.032136704000095,100000,0
LSHADE,F14,10,3,19.999784930086662,4.026750951999929,100000,0
LSHADE,F14,10,4,5.969749304745392,4.027920426000037,100000,0
LSHADE,F14,10,5,0.9949590570938653,4.003963913000007,100000,0
LSHADE,F14,10,6,20.993337646067403,4.007332674000054,100000,0
LSHADE,F14,10,7,3.9798362283743245,4.0377624200000355,100000,0
LSHADE,F14,10,8,1.9899181141868212,4.0287224370001695,100000,0
LSHADE,F14,10,9,20.9940699079375,4.031577339000023,100000,0
LSHADE,F14,10,10,0.9949590577020899,4.036465082999939,100000,0
LSHADE,F14,10,11,1.989918114187276,4.035640848999947,100000,0
LSHADE,F14,10,12,0.5072817142640815,4.047712686000068,100000,0
LSHADE,F14,10,13,20.003597853002475,4.029342231999863,100000,0
LSHADE,F14,10,14,20.994346884794595,4.009650281000177,100000,0
LSHADE,F14,10,15,19.999997316262352,4.013937539999915,100000,0
LSHADE,F14,10,16,0.9949590570965938,4.0432794550001745,100000,0
LSHADE,F14,10,17,1.9899181141868212,3.9994560640000145,100000,0
LSHADE,F14,10,18,20.121385247891112,4.038237084000002,100000,0
LSHADE,F14,10,19,6.734446581184784,4.036173893000068,100000,0
LSHADE,F14,10,20,20.12623027688619,4.019683544000145,100000,0
LSHADE,F14,10,21,1.9899181141870486,4.041305056999818,100000,0
LSHADE,F14,10,22,20.99495012776265,4.02902734700001,100000,0
LSHADE,F14,10,23,19.99830267318339,4.003074769000023,100000,0
LSHADE,F14,10,24,20.99279211242606,3.990602448000118,100000,0
LSHADE,F14,10,25,0.9949590575695311,4.0673052839999855,100000,0
LSHADE,F14,10,26,19.99993579183797,4.033080184000028,100000,0
LSHADE,F14,10,27,3.7164034212664774,4.053011948000176,100000,0
LSHADE,F14,10,28,0.41469992967404323,4.044683174000056,100000,0
LSHADE,F14,10,29,20.23985269354216,4.041980111000157,100000,0
LSHADE,F14,10,30,19.998387169812986,4.027178350999975,100000,0
LSHADE,F14,10,31,19.999967323203236,4.07509416500011,100000,0
LSHADE,F14,10,32,1.9899181141865938,4.01928635399986,100000,0
LSHADE,F14,10,33,1.98991812403915,4.05704162699999,100000,0
LSHADE,F14,10,34,20.994954054646996,4.032770422000112,100000,0
LSHADE,F14,10,35,0.9949590570934106,4.019345087000147,100000,0
LSHADE,F14,10,36,19.99927951938116,4.032231553999964,100000,0
LSHADE,F14,10,37,13.164296490083416,4.038458721000097,100000,0
LSHADE,F14,10,38,19.999986687207866,4.02467440700002,100000,0
LSHADE,F14,10,39,11.814881159069728,4.049924009000051,100000,0
LSHADE,F14,10,40,20.959532622046936,4.044715905999965,100000,0
LSHADE,F14,10,41,0.0,4.019380097999829,100000,0
LSHADE,F14,10,42,19.99999995536018,4.059730988999945,100000,0
LSHADE,F14,10,43,12.641418078798324,4.0384729129998505,100000,0
LSHADE,F14,10,44,2.9848771712802318,4.038528449999831,100000,0
LSHADE,F14,10,45,0.9949590570938653,4.022580894999919,100000,0
LSHADE,F14,10,46,20.994835453748465,4.016713865999918,100000,0
LSHADE,F14,10,47,19.999999720324922,4.04597872699992,100000,0
LSHADE,F14,10,48,0.9949590570981854,4.052039585000102,100000,0
LSHADE,F14,10,49,19.99162446865057,4.020502453000063,100000,0
LSHADE,F14,10,50,1.989918114326656,4.059911297999861,100000,0
TEMOA_V10,F14,10,0,19.999803718978455,5.968730842000014,100000,0
TEMOA_V10,F14,10,1,19.999509139823203,5.974381569999991,100000,0
TEMOA_V10,F14,10,2,19.999998841751676,6.029893147999985,100000,0
TEMOA_V10,F14,10,3,20.630447371431273,6.031253481000022,100000,0
TEMOA_V10,F14,10,4,20.994646973500267,5.9862497660000145,100000,0
TEMOA_V10,F14,10,5,19.999995124157067,5.989900970000008,100000,0
TEMOA_V10,F14,10,6,19.9940587921285,5.9841462500000375,100000,0
TEMOA_V10,F14,10,7,19.999940189577273,6.004164187999947,100000,0
TEMOA_V10,F14,10,8,19.999968777877257,6.000779289999969,100000,0
TEMOA_V10,F14,10,9,19.999979673174266,6.076054105000026,100000,0
TEMOA_V10,F14,10,10,19.97994615934408,5.986143202999983,100000,0
TEMOA_V10,F14,10,11,20.994958311613573,5.969147386999964,100000,0
TEMOA_V10,F14,10,12,0.9949590570934106,5.983031933999996,100000,0
TEMOA_V10,F14,10,13,19.999760395888643,5.995894129000021,100000,0
TEMOA_V10,F14,10,14,20.994921508172865,5.987219532999973,100000,0
TEMOA_V10,F14,10,15,0.9949590570934106,5.993071909000037,100000,0
TEMOA_V10,F14,10,16,19.999965401350664,6.08054111499996,100000,0
TEMOA_V10,F14,10,17,20.754361616253163,6.09550377000005,100000,0
TEMOA_V10,F14,10,18,20.994954505434407,6.0289693710000165,100000,0
TEMOA_V10,F14,10,19,0.9949590570934106,5.94885740899997,100000,0
TEMOA_V10,F14,10,20,19.99999999428769,5.990566455000021,100000,0
TEMOA_V10,F14,10,21,19.999999368061253,5.990251047000015,100000,0
TEMOA_V10,F14,10,22,19.999025923596946,6.01780454499999,100000,0
TEMOA_V10,F14,10,23,19.999986836075095,6.003952264000077,100000,0
TEMOA_V10,F14,10,24,1.9899181141865938,5.968411758999991,100000,0
TEMOA_V10,F14,10,25,19.999864704436277,6.054240749999963,100000,0
TEMOA_V10,F14,10,26,0.0,6.000643652000008,100000,0
TEMOA_V10,F14,10,27,19.125934510689376,5.976919169999974,100000,0
TEMOA_V10,F14,10,28,20.994953475111515,6.061185046999981,100000,0
TEMOA_V10,F14,10,29,19.99999826204953,5.973905048999995,100000,0
TEMOA_V10,F14,10,30,21.989584686882836,5.993337919000055,100000,0
TEMOA_V10,F14,10,31,19.99995985275268,5.984065663000024,100000,0
TEMOA_V10,F14,10,32,20.993735280663486,5.983080030999986,100000,0
TEMOA_V10,F14,10,33,19.99999997339023,6.025504252000019,100000,0
TEMOA_V10,F14,10,34,20.968402215806464,6.083803176999936,100000,0
TEMOA_V10,F14,10,35,19.99999061919243,5.983255611999994,100000,0
TEMOA_V10,F14,10,36,1.9899181141870486,6.039043467999932,100000,0
TEMOA_V10,F14,10,37,16.42686776910773,5.9743272499999875,100000,0
TEMOA_V10,F14,10,38,20.994582877566472,5.963831707000054,100000,0
TEMOA_V10,F14,10,39,0.9949590570945475,6.029023565999978,100000,0
TEMOA_V10,F14,10,40,19.999999997485475,5.988580648000038,100000,0
TEMOA_V10,F14,10,41,19.99996884784946,5.968086224999979,100000,0
TEMOA_V10,F14,10,42,0.0,5.948800222000045,100000,0
TEMOA_V10,F14,10,43,19.99994702059007,5.980148439999994,100000,0
TEMOA_V10,F14,10,44,19.99999719114635,5.978876632000038,100000,0
TEMOA_V10,F14,10,45,1.9899181141868212,5.939671082000018,100000,0
TEMOA_V10,F14,10,46,20.99495833745482,6.045992378000051,100000,0
TEMOA_V10,F14,10,47,19.999327664459997,5.988730944999929,100000,0
TEMOA_V10,F14,10,48,20.994947547018,6.037927088999936,100000,0
TEMOA_V10,F14,10,49,19.940889376813402,6.001030208999964,100000,0
TEMOA_V10,F14,10,50,19.789516394495422,5.996423515999936,100000,0
TEMOA_V11,F14,10,0,0.0,5.024308344000019,100000,0
TEMOA_V11,F14,10,1,1.9899181160692478,5.128285494000011,100000,0
TEMOA_V11,F14,10,2,0.0036871368627089396,5.161389971000062,100000,0
TEMOA_V11,F14,10,3,20.004688840006793,5.1308889839999665,100000,0
TEMOA_V11,F14,10,4,19.99995530794763,5.156046647000039,100000,0
TEMOA_V11,F14,10,5,19.993297647437203,5.1487841110000545,100000,0
TEMOA_V11,F14,10,6,20.998145255228565,5.1507170980000865,100000,0
TEMOA_V11,F14,10,7,0.9949930827303888,5.143793221999999,100000,0
TEMOA_V11,F14,10,8,1.9957727653916209,5.120589091999932,100000,0
TEMOA_V11,F14,10,9,20.006494613065797,5.098030215999984,100000,0
TEMOA_V11,F14,10,10,1.2196320540169836e-05,5.1128319859999465,100000,0
TEMOA_V11,F14,10,11,19.999999412496663,5.12321569300002,100000,0
TEMOA_V11,F14,10,12,20.01921701993342,5.099109204000001,100000,0
TEMOA_V11,F14,10,13,0.9949590571093267,5.12809765399993,100000,0
TEMOA_V11,F14,10,14,19.999941915402587,5.162659926999936,100000,0
TEMOA_V11,F14,10,15,20.001477070434248,5.136802235999994,100000,0
TEMOA_V11,F14,10,16,19.999989367774788,5.147847672000012,100000,0
TEMOA_V11,F14,10,17,0.9956984333562104,5.131703836000042,100000,0
TEMOA_V11,F14,10,18,0.0,5.076453099999981,100000,0
TEMOA_V11,F14,10,19,0.0080179292892808,5.137519602999987,100000,0
TEMOA_V11,F14,10,20,19.99999297502336,5.155503036000027,100000,0
TEMOA_V11,F14,10,21,0.0,5.115565801999992,100000,0
TEMOA_V11,F14,10,22,19.999582379397452,5.12662697899998,100000,0
TEMOA_V11,F14,10,23,4.019269090349553e-05,5.157821990999992,100000,0
TEMOA_V11,F14,10,24,1.4352103374856142,5.062222782000049,100000,0
TEMOA_V11,F14,10,25,3.0446708516767558,5.113183519000017,100000,0
TEMOA_V11,F14,10,26,20.015599298504867,5.065616053999975,100000,0
TEMOA_V11,F14,10,27,20.011084261946735,5.109704271000055,100000,0
TEMOA_V11,F14,10,28,20.003291463332744,5.0961780839999165,100000,0
TEMOA_V11,F14,10,29,0.03883584023037656,5.147891571000059,100000,0
TEMOA_V11,F14,10,30,20.12433281650351,5.0368059559999665,100000,0
TEMOA_V11,F14,10,31,0.9949640420011292,5.162153889000024,100000,0
TEMOA_V11,F14,10,32,6.8739834964778765,5.158542708999903,100000,0
TEMOA_V11,F14,10,33,20.102295630916842,5.035345128000017,100000,0
TEMOA_V11,F14,10,34,0.0,5.070750133999923,100000,0
TEMOA_V11,F14,10,35,20.007372152020707,5.148342043999946,100000,0
TEMOA_V11,F14,10,36,19.9999624225934,5.140160628999979,100000,0
TEMOA_V11,F14,10,37,2.3324284939008066e-06,5.159412666000094,100000,0
TEMOA_V11,F14,10,38,0.2560119529223357,5.1221371550000185,100000,0
TEMOA_V11,F14,10,39,0.0,5.092761696000025,100000,0
TEMOA_V11,F14,10,40,2.989180857522797,5.1392789839999296,100000,0
TEMOA_V11,F14,10,41,2.007004828048821,5.126449523000019,100000,0
TEMOA_V11,F14,10,42,2.9856420903370235,5.118734384999925,100000,0
TEMOA_V11,F14,10,43,21.03763359256459,5.100135216000012,100000,0
TEMOA_V11,F14,10,44,20.000805679459745,5.094487380000032,100000,0
TEMOA_V11,F14,10,45,5.970219640690857,5.144186243999911,100000,0
TEMOA_V11,F14,10,46,1.575056444380607e-05,5.175183799000024,100000,0
TEMOA_V11,F14,10,47,21.002723284041167,5.1162362270000585,100000,0
TEMOA_V11,F14,10,48,0.0,5.125641396999981,100000,0
TEMOA_V11,F14,10,49,20.00102249577617,5.154326768000033,100000,0
TEMOA_V11,F14,10,50,20.03330802245,5.105401137999934,100000,0
TEMOA_V12,F14,10,0,20.007324547038024,5.002793320000023,100000,0
TEMOA_V12,F14,10,1,20.001906039901996,4.959691665000037,100000,0
TEMOA_V12,F14,10,2,19.999959550453468,5.058860051000011,100000,0
TEMOA_V12,F14,10,3,2.1362845562996426,5.063025829000026,100000,0
TEMOA_V12,F14,10,4,21.263214191026236,5.010597380000036,100000,0
TEMOA_V12,F14,10,5,19.991725576775252,5.085585607999974,100000,0
TEMOA_V12,F14,10,6,0.9949590571111457,5.0068167530000665,100000,0
TEMOA_V12,F14,10,7,20.066366688692142,5.0077779849999615,100000,0
TEMOA_V12,F14,10,8,1.0584578212697124,5.082836239000017,100000,0
TEMOA_V12,F14,10,9,20.00762848448244,5.041438503999984,100000,0
TEMOA_V12,F14,10,10,20.21449296182368,5.065075089999937,100000,0
TEMOA_V12,F14,10,11,19.901031205268737,5.065917435000074,100000,0
TEMOA_V12,F14,10,12,0.0,5.0525631190000695,100000,0
TEMOA_V12,F14,10,13,4.20474157181161e-06,5.059118472999899,100000,0
TEMOA_V12,F14,10,14,20.00202824351277,5.003532925000172,100000,0
TEMOA_V12,F14,10,15,20.002695536755027,5.019845299000053,100000,0
TEMOA_V12,F14,10,16,2.0693427327150857,5.00134993000006,100000,0
TEMOA_V12,F14,10,17,20.0237465855746,4.985207023999919,100000,0
TEMOA_V12,F14,10,18,2.0669143845473172,5.044265448000033,100000,0
TEMOA_V12,F14,10,19,20.03260989036312,4.994419405000144,100000,0
TEMOA_V12,F14,10,20,2.0194942182677096,5.0475087700001495,100000,0
TEMOA_V12,F14,10,21,7.026812909316504e-07,5.028777899000033,100000,0
TEMOA_V12,F14,10,22,0.0,5.01468062899994,100000,0
TEMOA_V12,F14,10,23,20.030793577776876,5.017801701000053,100000,0
TEMOA_V12,F14,10,24,19.999978369065957,5.0282457790001445,100000,0
TEMOA_V12,F14,10,25,1.0337629047708106,5.024580576000062,100000,0
TEMOA_V12,F14,10,26,0.9949590572564375,5.001185845000009,100000,0
TEMOA_V12,F14,10,27,19.986553628640877,5.02723743599995,100000,0
TEMOA_V12,F14,10,28,20.05193983555978,5.014494297000056,100000,0
TEMOA_V12,F14,10,29,20.00269384559965,5.045119677000002,100000,0
TEMOA_V12,F14,10,30,20.002720522467143,5.014783546999979,100000,0
TEMOA_V12,F14,10,31,20.99890538006707,5.0018886410000505,100000,0
TEMOA_V12,F14,10,32,20.00636347965451,5.040256432999968,100000,0
TEMOA_V12,F14,10,33,20.041911673260074,5.006220768000048,100000,0
TEMOA_V12,F14,10,34,2.9848877504987286,5.025051682000139,100000,0
TEMOA_V12,F14,10,35,20.042575929892337,4.987073211000052,100000,0
TEMOA_V12,F14,10,36,20.632317873693864,5.021258860999978,100000,0
TEMOA_V12,F14,10,37,20.036907482050083,5.012581365999949,100000,0
TEMOA_V12,F14,10,38,20.00003847661219,5.05253737299995,100000,0
TEMOA_V12,F14,10,39,0.0012267728852748405,4.611264066000103,100000,0
TEMOA_V12,F14,10,40,0.0,5.0218975899999805,100000,0
TEMOA_V12,F14,10,41,6.69853056933789e-05,4.598096159999841,100000,0
TEMOA_V12,F14,10,42,20.000377848976314,5.034631242999922,100000,0
TEMOA_V12,F14,10,43,0.0,4.616054560000066,100000,0
TEMOA_V12,F14,10,44,0.0004293811923616886,4.608369210999854,100000,0
TEMOA_V12,F14,10,45,21.008936483447087,5.010717099999965,100000,0
TEMOA_V12,F14,10,46,20.984010894363564,5.044055855999886,100000,0
TEMOA_V12,F14,10,47,20.02950935676631,4.979508907000081,100000,0
TEMOA_V12,F14,10,48,20.01089141169632,5.00425211899983,100000,0
TEMOA_V12,F14,10,49,20.004305679290155,5.002515253999945,100000,0
TEMOA_V12,F14,10,50,9.543345133164166,4.995745945999943,100000,0
jSO,F14,10,0,2.6847192202694714e-07,4.024338433000139,100000,0
jSO,F14,10,1,2.5973066105816542,4.018088826999929,100000,0
jSO,F14,10,2,2.984966844658402,4.0165496869999515,100000,0
jSO,F14,10,3,0.9987197944833497,3.9932655170000544,100000,0
jSO,F14,10,4,20.073292674014283,3.958164666999892,100000,0
jSO,F14,10,5,0.9949590665385131,3.9990264760001537,100000,0
jSO,F14,10,6,20.05231484410956,3.9787748599999304,100000,0
jSO,F14,10,7,0.9949635517527895,4.006201723000004,100000,0
jSO,F14,10,8,0.996257691425626,4.00376337900002,100000,0
jSO,F14,10,9,0.0,3.9742478540001684,100000,0
jSO,F14,10,10,0.9949641854418587,4.024240652000117,100000,0
jSO,F14,10,11,1.9899432426122985,4.008165724000037,100000,0
jSO,F14,10,12,1.3507975933096077,3.994643462999875,100000,0
jSO,F14,10,13,1.1816339984170554,4.020642010000074,100000,0
jSO,F14,10,14,1.9899181392795526,3.981366133999927,100000,0
jSO,F14,10,15,0.005340409855989492,3.9669631449999088,100000,0
jSO,F14,10,16,0.9951012693481971,3.997129296000139,100000,0
jSO,F14,10,17,0.9949765023156942,3.97360711500005,100000,0
jSO,F14,10,18,20.978436875558145,3.970802464999906,100000,0
jSO,F14,10,19,0.9949590668315977,3.9855921199998647,100000,0
jSO,F14,10,20,21.359223421884508,3.9669159330001094,100000,0
jSO,F14,10,21,5.113936294377709,3.9346969150001314,100000,0
jSO,F14,10,22,3.0931420526194415,3.974833692000175,100000,0
jSO,F14,10,23,20.124979597949505,3.9415023889998793,100000,0
jSO,F14,10,24,21.028410334769887,3.970951904000003,100000,0
jSO,F14,10,25,20.1477203829229,3.9577616130000024,100000,0
jSO,F14,10,26,20.231467581133984,3.9430347810000512,100000,0
jSO,F14,10,27,21.089466953835426,3.9409237989998473,100000,0
jSO,F14,10,28,1.092043906950039,3.98149672999989,100000,0
jSO,F14,10,29,20.108709020541937,3.967241879999847,100000,0
jSO,F14,10,30,21.779193104999877,3.9742505560000154,100000,0
jSO,F14,10,31,0.994959057117967,3.977312768000047,100000,0
jSO,F14,10,32,0.9949590873918623,3.9781470360001094,100000,0
jSO,F14,10,33,1.9912871236444971,3.9932468960000733,100000,0
jSO,F14,10,34,0.00020929082188558823,3.989033518999804,100000,0
jSO,F14,10,35,3.049033446905696,3.997335129000021,100000,0
jSO,F14,10,36,3.2457110137329437e-06,3.9864603490000263,100000,0
jSO,F14,10,37,20.000023503963348,3.9678420069999447,100000,0
jSO,F14,10,38,1.0124008877635333,3.989341220000142,100000,0
jSO,F14,10,39,0.024841192291660263,3.972226937999949,100000,0
jSO,F14,10,40,1.0412443436810008,3.979753551000158,100000,0
jSO,F14,10,41,3.8277686524040746,3.9975071450000996,100000,0
jSO,F14,10,42,5.092853939459019e-05,3.9793099389999043,100000,0
jSO,F14,10,43,20.38095237254879,3.9763776279999092,100000,0
jSO,F14,10,44,2.9850814548831295,3.9985210659999666,100000,0
jSO,F14,10,45,6.65933101607925,3.979807641000207,100000,0
jSO,F14,10,46,0.9951493114258483,3.989100333999886,100000,0
jSO,F14,10,47,20.201564015668737,3.954840577999903,100000,0
jSO,F14,10,48,1.0959123719496802,3.9905045470000005,100000,0
jSO,F14,10,49,0.99497017364979,3.995342760999847,100000,0
jSO,F14,10,50,0.9950158634101172,3.991918640999984,100000,0
sepCMAES,F14,10,0,875.5449012007703,13.63215491999972,100000,0
sepCMAES,F14,10,1,350.61124593470754,13.270996469000238,100000,0
sepCMAES,F14,10,2,10294.830019327566,13.67597577000015,100000,0
sepCMAES,F14,10,3,131.68300651912273,13.243031296000026,100000,0
sepCMAES,F14,10,4,4819.051113549529,13.41319334400032,100000,0
sepCMAES,F14,10,5,236.7823828717294,14.1193531240001,100000,0
sepCMAES,F14,10,6,8786.859092514598,14.052974540999912,100000,0
sepCMAES,F14,10,7,1510.2756303984506,13.446894707999945,100000,0
sepCMAES,F14,10,8,530.2268698578891,13.610203374999855,100000,0
sepCMAES,F14,10,9,1355.5691650743265,13.212887228999989,100000,0
sepCMAES,F14,10,10,1224.7927217512106,13.802896174000125,100000,0
sepCMAES,F14,10,11,10367.211431452104,11.754553143000066,79951,0
sepCMAES,F14,10,12,114.88927157257422,14.095545884999865,100000,0
sepCMAES,F14,10,13,30.66501776602763,14.081967891000204,100000,0
sepCMAES,F14,10,14,2134.0981763711075,13.665799227999742,100000,0
sepCMAES,F14,10,15,92.21526926433353,13.225915435999923,100000,0
sepCMAES,F14,10,16,75.2604148708308,13.791369349999968,100000,0
sepCMAES,F14,10,17,866.2593857494539,13.393220507000024,100000,0
sepCMAES,F14,10,18,118.39830858561095,13.737123777999841,100000,0
sepCMAES,F14,10,19,23.3249896137811,13.468274352000208,100000,0
sepCMAES,F14,10,20,35.28394022541329,13.938990829999966,100000,0
sepCMAES,F14,10,21,6652.852455712269,13.778736268000102,100000,0
sepCMAES,F14,10,22,1386.8505854980276,12.773047370999848,100000,0
sepCMAES,F14,10,23,12113.408168092075,13.57852207399992,100000,0
sepCMAES,F14,10,24,1084.3624681334773,13.950908717999937,100000,0
sepCMAES,F14,10,25,554.6599337133921,14.13926254099988,100000,0
sepCMAES,F14,10,26,660.13182706522,13.990681617000064,100000,0
sepCMAES,F14,10,27,84.67749590754033,13.753832304000298,100000,0
sepCMAES,F14,10,28,398.9773513066109,13.656714112999907,100000,0
sepCMAES,F14,10,29,521.0844103069194,13.236384684000313,100000,0
sepCMAES,F14,10,30,6196.586498652454,13.961832688999948,100000,0
sepCMAES,F14,10,31,61.24058859328625,14.186164950999682,100000,0
sepCMAES,F14,10,32,486.2149988035012,13.716487573999984,100000,0
sepCMAES,F14,10,33,1626.0669786171939,14.274191782999878,100000,0
sepCMAES,F14,10,34,3460.7962990975693,13.55522715699999,100000,0
sepCMAES,F14,10,35,316.61359218491293,13.282295375000103,100000,0
sepCMAES,F14,10,36,249.02241565558552,12.61540411399983,100000,0
sepCMAES,F14,10,37,8580.187033388012,13.744926894999935,100000,0
sepCMAES,F14,10,38,856.8528999244645,11.6863957139999,79951,0
sepCMAES,F14,10,39,27.67762521276768,12.187364531000185,100000,0
sepCMAES,F14,10,40,10551.273536747642,13.633399090000239,100000,0
sepCMAES,F14,10,41,254.542354518087,13.621967766000125,100000,0
sepCMAES,F14,10,42,15377.53845962949,14.667182722000689,100000,0
sepCMAES,F14,10,43,1016.7920713465974,13.809196045000135,100000,0
sepCMAES,F14,10,44,3715.5842820958223,14.061150974000157,100000,0
sepCMAES,F14,10,45,84.82504926341358,14.186941296000441,100000,0
sepCMAES,F14,10,46,352.3464696278793,13.701681462000124,100000,0
sepCMAES,F14,10,47,1230.363555015047,14.335393019000549,100000,0
sepCMAES,F14,10,48,6653.506237286336,13.762559342000714,100000,0
sepCMAES,F14,10,49,3786.6390656419026,14.200067423999826,100000,0
sepCMAES,F14,10,50,57.6348482531148,12.90886319799938,100000,0
BIPOP_CMAES,F15,10,0,0.06217636674750793,14.144447369999853,100000,0
BIPOP_CMAES,F15,10,1,1.0483311463206064,12.741544758000146,100000,0
BIPOP_CMAES,F15,10,2,0.4999999291262611,11.962858113000038,100000,0
BIPOP_CMAES,F15,10,3,4.045986165231625,13.522442119000061,100000,0
BIPOP_CMAES,F15,10,4,1.0222997196510732,12.693634359000043,100000,0
BIPOP_CMAES,F15,10,5,0.1317190461136306,12.093995999000072,100000,0
BIPOP_CMAES,F15,10,6,0.01290588134384052,14.38382457800003,100000,0
BIPOP_CMAES,F15,10,7,0.9950478832231511,12.181010796999999,100000,0
BIPOP_CMAES,F15,10,8,0.5000000000006821,12.73352417000001,100000,0
BIPOP_CMAES,F15,10,9,1.0548490578157725,13.560610826999891,100000,0
BIPOP_CMAES,F15,10,10,0.07427421818670155,12.298693565999884,100000,0
BIPOP_CMAES,F15,10,11,0.10075484098524612,12.965353664000077,100000,0
BIPOP_CMAES,F15,10,12,0.4999886598645844,13.299198699000044,100000,0
BIPOP_CMAES,F15,10,13,1.0342037327850448,12.736405582000089,100000,0
BIPOP_CMAES,F15,10,14,0.34138650266345394,12.03438137000012,100000,0
BIPOP_CMAES,F15,10,15,0.05587709614155756,12.451275109000107,100000,0
BIPOP_CMAES,F15,10,16,0.001509238016069503,12.01379898600021,100000,0
BIPOP_CMAES,F15,10,17,0.07364293358318719,11.549471719999929,100000,0
BIPOP_CMAES,F15,10,18,0.5000000000004547,12.072394897000095,100000,0
BIPOP_CMAES,F15,10,19,1.9903549784951338,12.675135093000108,100000,0
BIPOP_CMAES,F15,10,20,0.16643713561438744,12.307635812000171,100000,0
BIPOP_CMAES,F15,10,21,0.20930181610560794,12.528347854000003,100000,0
BIPOP_CMAES,F15,10,22,0.05920724481484285,12.675678357999914,100000,0
BIPOP_CMAES,F15,10,23,1.4949578022069545,12.246806908000053,100000,0
BIPOP_CMAES,F15,10,24,0.9975065570602055,13.19120361299997,100000,0
BIPOP_CMAES,F15,10,25,0.5000000000009095,12.36520356799997,100000,0
BIPOP_CMAES,F15,10,26,0.06114187504454094,12.557709476000127,100000,0
BIPOP_CMAES,F15,10,27,0.5000000000002274,12.91778655500002,100000,0
BIPOP_CMAES,F15,10,28,0.995125770142522,12.84037998100007,100000,0
BIPOP_CMAES,F15,10,29,0.024213133449393354,11.797938700000032,100000,0
BIPOP_CMAES,F15,10,30,0.024980856275078622,11.255441259999998,100000,0
BIPOP_CMAES,F15,10,31,0.02826586454398239,13.15197219699985,100000,0
BIPOP_CMAES,F15,10,32,0.008479884825646877,11.917456181000034,100000,0
BIPOP_CMAES,F15,10,33,0.1794040781376225,12.870991302999983,100000,0
BIPOP_CMAES,F15,10,34,0.4999999999258762,13.218434872999978,100000,0
BIPOP_CMAES,F15,10,35,0.030854488511067757,12.331098739000026,100000,0
BIPOP_CMAES,F15,10,36,0.5000000000004547,12.58482647400001,100000,0
BIPOP_CMAES,F15,10,37,2.399089466671512,14.292573077000043,100000,0
BIPOP_CMAES,F15,10,38,0.31370107395082414,12.03393353399997,100000,0
BIPOP_CMAES,F15,10,39,0.025497703874407307,12.550588983999887,100000,0
BIPOP_CMAES,F15,10,40,1.0097341852754198,12.75031486800026,100000,0
BIPOP_CMAES,F15,10,41,0.00020374919381538348,12.539466621999964,100000,0
BIPOP_CMAES,F15,10,42,0.49997278353612273,12.710722165999869,100000,0
BIPOP_CMAES,F15,10,43,0.10654350088452702,12.87778660899994,100000,0
BIPOP_CMAES,F15,10,44,0.00991527265455261,12.808593090000159,100000,0
BIPOP_CMAES,F15,10,45,0.5000000000006821,12.388828153999839,100000,0
BIPOP_CMAES,F15,10,46,0.5000000000006821,11.469937948999814,100000,0
BIPOP_CMAES,F15,10,47,1.1474585396999828,13.182249652999872,100000,0
BIPOP_CMAES,F15,10,48,0.0013973259638078162,12.674937896999836,100000,0
BIPOP_CMAES,F15,10,49,1.004123106006091,13.134910861000208,100000,0
BIPOP_CMAES,F15,10,50,0.34081220413486335,12.807744603000174,100000,0
CMAES,F15,10,0,1.3272005882158737,15.186878235999757,100000,0
CMAES,F15,10,1,0.12699147692273982,15.289714286000162,100000,0
CMAES,F15,10,2,0.3397154057984153,15.689929468999708,100000,0
CMAES,F15,10,3,1.0047148795702014,15.118107863000205,100000,0
CMAES,F15,10,4,1.3546365310771762,15.151223238000057,100000,0
CMAES,F15,10,5,2.0500624038409114,15.371773375999965,100000,0
CMAES,F15,10,6,5.074498369922367,15.783440126000187,100000,0
CMAES,F15,10,7,1.1177083929176206,15.111177389000204,100000,0
CMAES,F15,10,8,1.1087625576305982,15.340508886999942,100000,0
CMAES,F15,10,9,4.975589536899406,15.509103960000175,100000,0
CMAES,F15,10,10,1.0614360982435755,15.097410947000299,100000,0
CMAES,F15,10,11,1.0088689780995992,15.270413750999978,100000,0
CMAES,F15,10,12,1.2002446564206366,14.783210744999906,100000,0
CMAES,F15,10,13,1.9959634616282074,15.70610832400007,100000,0
CMAES,F15,10,14,1.4445185862791732,15.598634308999863,100000,0
CMAES,F15,10,15,3.4332278364613558,15.845453599000393,100000,0
CMAES,F15,10,16,0.03483464903570166,15.089231047999874,100000,0
CMAES,F15,10,17,2.3325945268341,15.423597770000015,100000,0
CMAES,F15,10,18,0.09410482435691847,15.57980876900001,100000,0
CMAES,F15,10,19,2.116332273220678,15.564983093000137,100000,0
CMAES,F15,10,20,1.479415894381873,15.832897407000019,100000,0
CMAES,F15,10,21,2.0270016516060423,15.56951187499999,100000,0
CMAES,F15,10,22,1.4463248128297437,15.033331791999899,100000,0
CMAES,F15,10,23,0.12763131102428815,15.58032916800039,100000,0
CMAES,F15,10,24,1.009637089197895,15.135678871999971,100000,0
CMAES,F15,10,25,1.031514070155481,14.844845263000025,100000,0
CMAES,F15,10,26,0.047496592792185766,15.55424099000038,100000,0
CMAES,F15,10,27,0.1690544432065053,15.573468988000059,100000,0
CMAES,F15,10,28,1.328661420812523,15.321210606000022,100000,0
CMAES,F15,10,29,1.3246668338988457,14.857506132000253,100000,0
CMAES,F15,10,30,1.212590759919749,14.765268623999873,100000,0
CMAES,F15,10,31,2.03116064279925,14.736661656999786,100000,0
CMAES,F15,10,32,0.022094762874303342,15.369119671000135,100000,0
CMAES,F15,10,33,2.045864700507991,15.400398016000054,100000,0
CMAES,F15,10,34,0.9987308750939974,14.909193193000192,100000,0
CMAES,F15,10,35,5.978035477131925,15.579518739999912,100000,0
CMAES,F15,10,36,1.9918921491591846,15.554659213000377,100000,0
CMAES,F15,10,37,1.0417611835232492,15.65389876800009,100000,0
CMAES,F15,10,38,2.2986115128974234,15.087305772000036,100000,0
CMAES,F15,10,39,0.022673537204582317,14.937918069000261,100000,0
CMAES,F15,10,40,1.0806366113627064,14.896613605000312,100000,0
CMAES,F15,10,41,1.0585379269014084,15.377443188999678,100000,0
CMAES,F15,10,42,1.0296516031412466,15.639417068000057,100000,0
CMAES,F15,10,43,1.306888732229936,15.678965973999766,100000,0
CMAES,F15,10,44,0.1973750708332318,15.033797100000356,100000,0
CMAES,F15,10,45,1.2645968947051642,15.372304683000038,100000,0
CMAES,F15,10,46,1.0405338585655954,14.521638987999722,100000,0
CMAES,F15,10,47,0.996579048395688,15.751687661999767,100000,0
CMAES,F15,10,48,2.010867580676404,15.765354078999735,100000,0
CMAES,F15,10,49,0.008355381816727458,15.50857669800007,100000,0
CMAES,F15,10,50,2.049530722311829,15.226818591999745,100000,0
IPOP_CMAES,F15,10,0,0.1387391511327678,12.568393987000036,100000,0
IPOP_CMAES,F15,10,1,0.5000000000004547,11.3234544740003,100000,0
IPOP_CMAES,F15,10,2,0.12946371115367583,13.50452956800018,100000,0
IPOP_CMAES,F15,10,3,0.006849488667967307,11.904142609000246,100000,0
IPOP_CMAES,F15,10,4,1.027986559304054,12.075747553000383,100000,0
IPOP_CMAES,F15,10,5,1.1534085345299445,12.379203226999834,100000,0
IPOP_CMAES,F15,10,6,2.1209777613337337,13.069397277000007,100000,0
IPOP_CMAES,F15,10,7,0.9951353700300842,12.622278424000342,100000,0
IPOP_CMAES,F15,10,8,0.004204538927069734,12.237401902999864,100000,0
IPOP_CMAES,F15,10,9,0.49999991359527485,11.655270771000232,100000,0
IPOP_CMAES,F15,10,10,0.49999593654297314,11.060509022999668,100000,0
IPOP_CMAES,F15,10,11,0.04538035023369957,14.141337729000043,100000,0
IPOP_CMAES,F15,10,12,1.1614365875686872,13.417173612999704,100000,0
IPOP_CMAES,F15,10,13,0.21135961153026983,11.730610061000334,100000,0
IPOP_CMAES,F15,10,14,0.0036014221100231225,13.949429317000067,100000,0
IPOP_CMAES,F15,10,15,0.12098175615915352,11.978962421000233,100000,0
IPOP_CMAES,F15,10,16,0.015307134752674756,13.312807456999963,100000,0
IPOP_CMAES,F15,10,17,0.49999999994179234,11.868075447000138,100000,0
IPOP_CMAES,F15,10,18,0.00042418187308612687,11.431704043000082,100000,0
IPOP_CMAES,F15,10,19,1.2978625091861886,12.132876068999849,100000,0
IPOP_CMAES,F15,10,20,0.49999871107866056,12.958341921000283,100000,0
IPOP_CMAES,F15,10,21,0.41639690113174765,13.954533973999787,100000,0
IPOP_CMAES,F15,10,22,0.49999999964302333,11.538514424000368,100000,0
IPOP_CMAES,F15,10,23,0.4999999998706244,10.979632138999932,100000,0
IPOP_CMAES,F15,10,24,0.25545186278122856,12.9947734819998,100000,0
IPOP_CMAES,F15,10,25,0.49999804195067554,11.024628391000078,100000,0
IPOP_CMAES,F15,10,26,0.029610505890332206,11.898382650000258,100000,0
IPOP_CMAES,F15,10,27,1.4159480283503854,12.487469752999914,100000,0
IPOP_CMAES,F15,10,28,0.0453927274356829,11.426850199,100000,0
IPOP_CMAES,F15,10,29,0.011686491113778175,11.467059879999852,100000,0
IPOP_CMAES,F15,10,30,0.0042994361310775275,12.745045491000383,100000,0
IPOP_CMAES,F15,10,31,0.9953308740580269,13.331645488999584,100000,0
IPOP_CMAES,F15,10,32,0.4999996308108621,13.441414930000064,100000,0
IPOP_CMAES,F15,10,33,0.3945178070548536,12.159286113000235,100000,0
IPOP_CMAES,F15,10,34,0.13190103816145893,12.227403309999772,100000,0
IPOP_CMAES,F15,10,35,0.1773580366443639,11.836667788999875,100000,0
IPOP_CMAES,F15,10,36,0.09137084830922504,11.889917147999768,100000,0
IPOP_CMAES,F15,10,37,1.0201183375886558,11.34480708800038,100000,0
IPOP_CMAES,F15,10,38,0.21431006918805906,11.546313676999944,100000,0
IPOP_CMAES,F15,10,39,0.05238408778336634,12.962893579000138,100000,0
IPOP_CMAES,F15,10,40,1.0727166012254656,12.887056333000146,100000,0
IPOP_CMAES,F15,10,41,0.09099527058333479,12.46703786900025,100000,0
IPOP_CMAES,F15,10,42,0.00903851630846475,12.519959427999765,100000,0
IPOP_CMAES,F15,10,43,1.5415603707429,13.930892163999943,100000,0
IPOP_CMAES,F15,10,44,0.5000000000006821,12.61724454599971,100000,0
IPOP_CMAES,F15,10,45,0.5,11.713318131000051,100000,0
IPOP_CMAES,F15,10,46,0.9987334570510029,13.035027785999773,100000,0
IPOP_CMAES,F15,10,47,0.9968810969605784,12.461491113000193,100000,0
IPOP_CMAES,F15,10,48,0.1709967213253094,11.971736107999732,100000,0
IPOP_CMAES,F15,10,49,0.5000000000006821,11.919345706000058,100000,0
IPOP_CMAES,F15,10,50,0.4999664159529402,11.313856060000035,100000,0
L-SHADE-DGR,F15,10,0,0.4727120335408017,4.691419615000001,100000,0
L-SHADE-DGR,F15,10,1,0.16322252177042174,4.677940731999996,100000,0
L-SHADE-DGR,F15,10,2,0.09135734960182162,4.657710757999993,100000,0
L-SHADE-DGR,F15,10,3,0.10266910619429837,4.657524429000006,100000,0
L-SHADE-DGR,F15,10,4,0.46424128610510706,4.664950047999994,100000,0
L-SHADE-DGR,F15,10,5,0.028882860406611144,4.666940268000005,100000,0
L-SHADE-DGR,F15,10,6,0.42687072711942164,4.623838988999992,100000,0
L-SHADE-DGR,F15,10,7,0.0005810619352359936,4.587989090999997,100000,0
L-SHADE-DGR,F15,10,8,0.02602945139778967,4.604294088000003,100000,0
L-SHADE-DGR,F15,10,9,0.4176135820289346,4.669814286000005,100000,0
L-SHADE-DGR,F15,10,10,0.04319708442699266,4.623389078000002,100000,0
L-SHADE-DGR,F15,10,11,0.10300714145591883,4.60778061900001,100000,0
L-SHADE-DGR,F15,10,12,0.1489029601477796,4.626448565999993,100000,0
L-SHADE-DGR,F15,10,13,0.12757495957680476,4.708697190999999,100000,0
L-SHADE-DGR,F15,10,14,0.007505261445430733,4.618666982000008,100000,0
L-SHADE-DGR,F15,10,15,0.44664244207501724,4.673684911000009,100000,0
L-SHADE-DGR,F15,10,16,0.07783669679110972,4.646240065000001,100000,0
L-SHADE-DGR,F15,10,17,0.12470690232453308,4.646033818999996,100000,0
L-SHADE-DGR,F15,10,18,0.46180402494564987,4.680430766000001,100000,0
L-SHADE-DGR,F15,10,19,0.22995758996353288,4.668130936000011,100000,0
L-SHADE-DGR,F15,10,20,0.007978720622077162,4.660192518999992,100000,0
L-SHADE-DGR,F15,10,21,0.42383779767055785,4.673263397999989,100000,0
L-SHADE-DGR,F15,10,22,0.3963064174674855,4.650467845999998,100000,0
L-SHADE-DGR,F15,10,23,0.1028346309067274,4.655508753999982,100000,0
L-SHADE-DGR,F15,10,24,0.14501566449257552,4.698974774999982,100000,0
L-SHADE-DGR,F15,10,25,0.0727198394079096,4.659003339999998,100000,0
L-SHADE-DGR,F15,10,26,0.062264997730380856,4.624833921000004,100000,0
L-SHADE-DGR,F15,10,27,0.23247272590515422,4.611919078,100000,0
L-SHADE-DGR,F15,10,28,0.09268343269241086,4.6516246149999745,100000,0
L-SHADE-DGR,F15,10,29,0.00013986017756906222,4.654596983999994,100000,0
L-SHADE-DGR,F15,10,30,5.9830118971149204e-05,4.573881814999993,100000,0
L-SHADE-DGR,F15,10,31,0.41893737010605037,4.628810646000005,100000,0
L-SHADE-DGR,F15,10,32,0.056708813598106644,4.626505320999996,100000,0
L-SHADE-DGR,F15,10,33,0.22995063160146856,4.646559711999998,100000,0
L-SHADE-DGR,F15,10,34,0.008125642035338387,4.598488062000001,100000,0
L-SHADE-DGR,F15,10,35,0.001290097455466821,4.602230509000009,100000,0
L-SHADE-DGR,F15,10,36,0.00700933564985462,4.600822778000008,100000,0
L-SHADE-DGR,F15,10,37,0.05181944212972667,4.685537543999999,100000,0
L-SHADE-DGR,F15,10,38,0.06037378275914307,4.677027584000001,100000,0
L-SHADE-DGR,F15,10,39,0.07136064398332564,4.687624248999981,100000,0
L-SHADE-DGR,F15,10,40,0.03317896209000537,4.659340560999993,100000,0
L-SHADE-DGR,F15,10,41,0.00010687286794563988,4.596015797999996,100000,0
L-SHADE-DGR,F15,10,42,0.1839343594881484,4.587403758999983,100000,0
L-SHADE-DGR,F15,10,43,0.03162117349529581,4.596777094000004,100000,0
L-SHADE-DGR,F15,10,44,0.023528304374394793,4.59153747900001,100000,0
L-SHADE-DGR,F15,10,45,0.3869248224993953,4.657412451000027,100000,0
L-SHADE-DGR,F15,10,46,0.35846648804090364,4.669968874000006,100000,0
L-SHADE-DGR,F15,10,47,0.1763034557757237,4.59525826700002,100000,0
L-SHADE-DGR,F15,10,48,0.1510663504539025,4.581755009999995,100000,0
L-SHADE-DGR,F15,10,49,0.03559865905526749,4.623586676999992,100000,0
L-SHADE-DGR,F15,10,50,0.04625989394230601,4.619091680999986,100000,0
LSHADE,F15,10,0,0.08433781327312317,4.199153817000024,100000,0
LSHADE,F15,10,1,0.49999248068820634,4.212529865000079,100000,0
LSHADE,F15,10,2,0.4999164052967444,4.180248428000141,100000,0
LSHADE,F15,10,3,0.4999998802625214,4.19497516499996,100000,0
LSHADE,F15,10,4,0.49695650148964887,4.208241152000028,100000,0
LSHADE,F15,10,5,0.0028405051596109843,4.195404316000122,100000,0
LSHADE,F15,10,6,0.03912107732844561,4.22364632200015,100000,0
LSHADE,F15,10,7,0.013375293060789772,4.210714204999931,100000,0
LSHADE,F15,10,8,0.002379372292352855,4.210001806999799,100000,0
LSHADE,F15,10,9,0.4993665240192513,4.193566590000046,100000,0
LSHADE,F15,10,10,0.4671706521417036,4.19492774299988,100000,0
LSHADE,F15,10,11,0.4984026551971965,4.209234034000019,100000,0
LSHADE,F15,10,12,0.028271908702663495,4.213465359000111,100000,0
LSHADE,F15,10,13,0.2534457194794868,4.182475709000073,100000,0
LSHADE,F15,10,14,0.15914968521019546,4.181689898999821,100000,0
LSHADE,F15,10,15,0.006629833821762077,4.214769838000166,100000,0
LSHADE,F15,10,16,0.00545484581675737,4.23150084100007,100000,0
LSHADE,F15,10,17,0.4999971444053699,4.200819471000159,100000,0
LSHADE,F15,10,18,0.02573848723250194,4.189013650000106,100000,0
LSHADE,F15,10,19,0.00011474736811578623,4.226291377000052,100000,0
LSHADE,F15,10,20,0.499434859976418,4.215431510999906,100000,0
LSHADE,F15,10,21,0.4171753510220242,4.209495809999908,100000,0
LSHADE,F15,10,22,0.006911747109597854,4.239834990999952,100000,0
LSHADE,F15,10,23,0.22281050045216944,4.22665522300008,100000,0
LSHADE,F15,10,24,0.006232045819842824,4.239318441000023,100000,0
LSHADE,F15,10,25,0.004382977600926097,4.225104980999959,100000,0
LSHADE,F15,10,26,0.04506448135930441,4.248936269000069,100000,0
LSHADE,F15,10,27,0.17210619966090235,4.21014007299982,100000,0
LSHADE,F15,10,28,0.447601964955993,4.231838433000121,100000,0
LSHADE,F15,10,29,0.26749816152846506,4.240840298000194,100000,0
LSHADE,F15,10,30,0.018784939429224323,4.227756684999804,100000,0
LSHADE,F15,10,31,0.3236674878169197,4.191213168999866,100000,0
LSHADE,F15,10,32,0.001216322264781411,4.228306930999906,100000,0
LSHADE,F15,10,33,0.11590909938718141,4.220393426999863,100000,0
LSHADE,F15,10,34,0.16512787090528036,4.20079428300005,100000,0
LSHADE,F15,10,35,0.25127851913634913,4.213953726,100000,0
LSHADE,F15,10,36,2.8252975425857585e-05,4.22276531600005,100000,0
LSHADE,F15,10,37,0.05571058213922697,4.238865809999879,100000,0
LSHADE,F15,10,38,0.021362311961866,4.233367278999822,100000,0
LSHADE,F15,10,39,0.00046899801691324683,4.243357463999928,100000,0
LSHADE,F15,10,40,0.4999801805051902,4.194322737999983,100000,0
LSHADE,F15,10,41,0.003488595508315484,4.209340202000021,100000,0
LSHADE,F15,10,42,0.23331800639857647,4.216685338999923,100000,0
LSHADE,F15,10,43,0.49923289733214915,4.195158700000093,100000,0
LSHADE,F15,10,44,0.48775884632550515,4.219619717999876,100000,0
LSHADE,F15,10,45,0.024395710067437903,4.20308881599999,100000,0
LSHADE,F15,10,46,0.4999674936941574,4.186115340000015,100000,0
LSHADE,F15,10,47,0.0014485005979167909,4.203709410000101,100000,0
LSHADE,F15,10,48,0.49149099340706925,4.182469886999797,100000,0
LSHADE,F15,10,49,0.41870304369376754,4.1917714989999695,100000,0
LSHADE,F15,10,50,0.48731938811033615,4.207328840999935,100000,0
TEMOA_V10,F15,10,0,1.0108397110259375,6.0262363499999765,100000,0
TEMOA_V10,F15,10,1,3.2961532350691414,6.036454532999983,100000,0
TEMOA_V10,F15,10,2,0.2355485713806047,6.058027683999967,100000,0
TEMOA_V10,F15,10,3,0.35331106950479807,6.136692201000017,100000,0
TEMOA_V10,F15,10,4,1.1993613016827567,6.044393478000018,100000,0
TEMOA_V10,F15,10,5,3.4009710887744404,6.134691648,100000,0
TEMOA_V10,F15,10,6,0.9981906788366359,6.13295986899999,100000,0
TEMOA_V10,F15,10,7,1.2607206056786708,6.057779565000033,100000,0
TEMOA_V10,F15,10,8,4.389483883717958,6.142326034999996,100000,0
TEMOA_V10,F15,10,9,0.2871912902448912,6.150928841999985,100000,0
TEMOA_V10,F15,10,10,0.2933977848781524,6.052346637000028,100000,0
TEMOA_V10,F15,10,11,1.9907588745302291,5.991229206999947,100000,0
TEMOA_V10,F15,10,12,3.191462195344684,6.123427237000044,100000,0
TEMOA_V10,F15,10,13,1.383152564349075,6.202401345999988,100000,0
TEMOA_V10,F15,10,14,1.1900504002830985,6.082938078999973,100000,0
TEMOA_V10,F15,10,15,1.34149551489827,6.1316769459999705,100000,0
TEMOA_V10,F15,10,16,1.0071757766593237,6.025570825999978,100000,0
TEMOA_V10,F15,10,17,1.2498119100021086,6.056138059999967,100000,0
TEMOA_V10,F15,10,18,0.03488931272863738,6.057974553999998,100000,0
TEMOA_V10,F15,10,19,1.4314335826966271,6.134528642000021,100000,0
TEMOA_V10,F15,10,20,1.989985434862092,6.065595110000004,100000,0
TEMOA_V10,F15,10,21,1.297663674638443,6.051301740000042,100000,0
TEMOA_V10,F15,10,22,2.1462411488103044,6.091168842000002,100000,0
TEMOA_V10,F15,10,23,2.473994572223546,6.218691428999989,100000,0
TEMOA_V10,F15,10,24,1.3903669918834112,6.163373874000001,100000,0
TEMOA_V10,F15,10,25,0.2367230904706048,6.079687604000014,100000,0
TEMOA_V10,F15,10,26,0.005636149739075336,6.067226974999983,100000,0
TEMOA_V10,F15,10,27,1.024897701998043,6.119880619000014,100000,0
TEMOA_V10,F15,10,28,0.383333594502119,6.179151247999982,100000,0
TEMOA_V10,F15,10,29,1.0455125447381306,6.073579241999994,100000,0
TEMOA_V10,F15,10,30,0.3877356657533255,6.109917137000025,100000,0
TEMOA_V10,F15,10,31,1.0823296711894272,6.032534479999981,100000,0
TEMOA_V10,F15,10,32,1.0527372056126296,6.09757300900003,100000,0
TEMOA_V10,F15,10,33,0.381035124229129,6.179456989999949,100000,0
TEMOA_V10,F15,10,34,2.4758817049744266,6.146794349999993,100000,0
TEMOA_V10,F15,10,35,1.3684158249154734,6.150264586999981,100000,0
TEMOA_V10,F15,10,36,1.0302682788856146,6.094033853000042,100000,0
TEMOA_V10,F15,10,37,1.2489755087378853,6.122302555000033,100000,0
TEMOA_V10,F15,10,38,0.4961795394026467,6.1568388139999115,100000,0
TEMOA_V10,F15,10,39,1.990479245315555,6.068052851999937,100000,0
TEMOA_V10,F15,10,40,2.417459392964929,6.096940000000018,100000,0
TEMOA_V10,F15,10,41,0.26954854701079967,6.0679925399999775,100000,0
TEMOA_V10,F15,10,42,2.1357816939464556,6.112669852999943,100000,0
TEMOA_V10,F15,10,43,1.3420684552986586,6.129174246000048,100000,0
TEMOA_V10,F15,10,44,0.2655024707323719,6.084123310999985,100000,0
TEMOA_V10,F15,10,45,0.22380854349171386,6.127141503000075,100000,0
TEMOA_V10,F15,10,46,1.3602336996139002,6.156023841999968,100000,0
TEMOA_V10,F15,10,47,2.1155336614660882,6.0949982019999425,100000,0
TEMOA_V10,F15,10,48,0.288684904863203,6.158006919999934,100000,0
TEMOA_V10,F15,10,49,0.49443797249341515,6.121824820000029,100000,0
TEMOA_V10,F15,10,50,0.2075014240931523,6.055026701999964,100000,0
TEMOA_V11,F15,10,0,0.03638923885614531,5.126846611999895,100000,0
TEMOA_V11,F15,10,1,0.49945011603995226,5.211106299999983,100000,0
TEMOA_V11,F15,10,2,0.4962731612783955,5.224260432000051,100000,0
TEMOA_V11,F15,10,3,0.377742432468267,5.202462938999929,100000,0
TEMOA_V11,F15,10,4,0.05401316700249481,5.135397564000073,100000,0
TEMOA_V11,F15,10,5,0.12973408237644435,5.151572824000027,100000,0
TEMOA_V11,F15,10,6,0.3977959111518885,5.186785213999997,100000,0
TEMOA_V11,F15,10,7,0.4218906358444201,5.1847258930000635,100000,0
TEMOA_V11,F15,10,8,0.28432495508855027,5.174985905000085,100000,0
TEMOA_V11,F15,10,9,0.05192571778843558,5.151781067000002,100000,0
TEMOA_V11,F15,10,10,0.07209047695596382,5.100935262999997,100000,0
TEMOA_V11,F15,10,11,0.13996736645435703,5.121525146999943,100000,0
TEMOA_V11,F15,10,12,0.23956537653157284,5.108044922999966,100000,0
TEMOA_V11,F15,10,13,0.142852529362699,5.180259570000089,100000,0
TEMOA_V11,F15,10,14,0.3461049197289867,5.175730982000005,100000,0
TEMOA_V11,F15,10,15,0.4949450479505231,5.220527633000074,100000,0
TEMOA_V11,F15,10,16,0.1274389747816258,5.144269474999987,100000,0
TEMOA_V11,F15,10,17,0.09720376086988836,5.15872162200003,100000,0
TEMOA_V11,F15,10,18,0.07979051519441782,5.118305784999961,100000,0
TEMOA_V11,F15,10,19,0.07666809798206486,5.132915822999962,100000,0
TEMOA_V11,F15,10,20,0.00659068130767082,5.12772496599996,100000,0
TEMOA_V11,F15,10,21,0.26768934365441055,5.117114091000076,100000,0
TEMOA_V11,F15,10,22,0.013127785309961837,5.132616465000069,100000,0
TEMOA_V11,F15,10,23,0.23717062255582277,5.132102933000056,100000,0
TEMOA_V11,F15,10,24,0.3923232532590646,5.1481760309999345,100000,0
TEMOA_V11,F15,10,25,0.49602372395838756,5.131741238000018,100000,0
TEMOA_V11,F15,10,26,0.49504710345286185,5.166400515000078,100000,0
TEMOA_V11,F15,10,27,0.0006689064200600114,5.1619099370000185,100000,0
TEMOA_V11,F15,10,28,0.4442982883122113,5.207447940999941,100000,0
TEMOA_V11,F15,10,29,0.28120154042676404,5.1293184490000385,100000,0
TEMOA_V11,F15,10,30,0.2870130159697055,5.139808982999966,100000,0
TEMOA_V11,F15,10,31,0.03823926456470872,5.10927712199998,100000,0
TEMOA_V11,F15,10,32,0.4469038611698579,5.188282774999948,100000,0
TEMOA_V11,F15,10,33,0.4291648680900835,5.1661500950000345,100000,0
TEMOA_V11,F15,10,34,0.03457840135911283,5.115856595000082,100000,0
TEMOA_V11,F15,10,35,0.1651743436052584,5.154385598999966,100000,0
TEMOA_V11,F15,10,36,0.4976999690459252,5.219625393999991,100000,0
TEMOA_V11,F15,10,37,0.04906672100810283,5.101092772000015,100000,0
TEMOA_V11,F15,10,38,0.32298229813341095,5.113487170999974,100000,0
TEMOA_V11,F15,10,39,0.076197031330139,5.122636558999943,100000,0
TEMOA_V11,F15,10,40,0.011847120760421603,5.157688303999976,100000,0
TEMOA_V11,F15,10,41,0.36019519024330293,5.143886894999923,100000,0
TEMOA_V11,F15,10,42,0.08137324877202445,5.127991864000023,100000,0
TEMOA_V11,F15,10,43,0.44497720988465517,5.203373854000006,100000,0
TEMOA_V11,F15,10,44,0.24477961837487783,5.203112596999972,100000,0
TEMOA_V11,F15,10,45,0.4368263732592368,5.120591518999959,100000,0
TEMOA_V11,F15,10,46,0.3162069966135732,5.180301161999978,100000,0
TEMOA_V11,F15,10,47,0.003326923792656089,5.211997594999957,100000,0
TEMOA_V11,F15,10,48,0.11906493716355726,5.145142559999954,100000,0
TEMOA_V11,F15,10,49,0.11296179178680177,5.110849842999983,100000,0
TEMOA_V11,F15,10,50,0.29720364612717276,5.152048766000007,100000,0
TEMOA_V12,F15,10,0,0.054841110892084544,4.627132092000011,100000,0
TEMOA_V12,F15,10,1,0.046783635139263424,4.613851705000002,100000,0
TEMOA_V12,F15,10,2,0.31183390894148033,4.649914014000046,100000,0
TEMOA_V12,F15,10,3,0.008624009067943916,4.644226742000001,100000,0
TEMOA_V12,F15,10,4,0.05167154661444329,4.630407565000041,100000,0
TEMOA_V12,F15,10,5,0.02631990343979851,4.612837184,100000,0
TEMOA_V12,F15,10,6,0.0016824319145598565,4.656059504000041,100000,0
TEMOA_V12,F15,10,7,0.0015912866670078074,4.591884285999981,100000,0
TEMOA_V12,F15,10,8,0.00021081916270304646,4.640829096000061,100000,0
TEMOA_V12,F15,10,9,0.15578531841629228,4.654977583999994,100000,0
TEMOA_V12,F15,10,10,0.06466318418711126,4.62575613599995,100000,0
TEMOA_V12,F15,10,11,0.23608015625632106,4.635994785999969,100000,0
TEMOA_V12,F15,10,12,0.069557188438921,4.6519760779999615,100000,0
TEMOA_V12,F15,10,13,0.497291200161726,4.67474318699999,100000,0
TEMOA_V12,F15,10,14,0.19909838098237742,4.644342359999996,100000,0
TEMOA_V12,F15,10,15,0.4999511341959533,4.6409926290000385,100000,0
TEMOA_V12,F15,10,16,0.059018368674060184,4.6375063090000594,100000,0
TEMOA_V12,F15,10,17,0.49998862853226456,4.610280416000023,100000,0
TEMOA_V12,F15,10,18,0.46772206149603335,4.637353695000002,100000,0
TEMOA_V12,F15,10,19,0.1628522261053149,4.623767432000022,100000,0
TEMOA_V12,F15,10,20,0.09469295169014913,4.632267395999975,100000,0
TEMOA_V12,F15,10,21,0.2528500847297437,4.613426526000012,100000,0
TEMOA_V12,F15,10,22,0.0011989430211087893,4.583914790999984,100000,0
TEMOA_V12,F15,10,23,0.19783139817218398,4.62253001199997,100000,0
TEMOA_V12,F15,10,24,0.3462820981783352,4.619175458999962,100000,0
TEMOA_V12,F15,10,25,0.00408712632724928,4.636940901999992,100000,0
TEMOA_V12,F15,10,26,0.01729838680012108,4.608278083999949,100000,0
TEMOA_V12,F15,10,27,0.1443661016526221,4.6390055240000265,100000,0
TEMOA_V12,F15,10,28,0.07145041834974108,4.637754142999938,100000,0
TEMOA_V12,F15,10,29,0.2482553263093905,4.617424286999949,100000,0
TEMOA_V12,F15,10,30,0.02090892384444487,4.631351053000003,100000,0
TEMOA_V12,F15,10,31,0.020300649986211283,4.634662151999919,100000,0
TEMOA_V12,F15,10,32,0.3189092263164639,4.6151319890000195,100000,0
TEMOA_V12,F15,10,33,0.11156315931657446,4.649172635000127,100000,0
TEMOA_V12,F15,10,34,0.08983101910303048,4.641649632000053,100000,0
TEMOA_V12,F15,10,35,0.05098530772511367,4.662883366999949,100000,0
TEMOA_V12,F15,10,36,0.48120203619600943,4.657612812000025,100000,0
TEMOA_V12,F15,10,37,0.0514465173375811,4.608680154000012,100000,0
TEMOA_V12,F15,10,38,0.28994898546898185,4.615906331999895,100000,0
TEMOA_V12,F15,10,39,0.19369845921255546,4.638553939000076,100000,0
TEMOA_V12,F15,10,40,0.09946113538035206,4.678690824000114,100000,0
TEMOA_V12,F15,10,41,0.003715579700383387,4.619690635000097,100000,0
TEMOA_V12,F15,10,42,0.09885402794066067,4.633049879000055,100000,0
TEMOA_V12,F15,10,43,0.21332178333227603,4.644405454999969,100000,0
TEMOA_V12,F15,10,44,0.3716478301207644,4.624796670000023,100000,0
TEMOA_V12,F15,10,45,0.376408301301808,4.66631654899993,100000,0
TEMOA_V12,F15,10,46,0.2564276954833531,4.664834796999912,100000,0
TEMOA_V12,F15,10,47,0.15674998615827462,4.643197945000111,100000,0
TEMOA_V12,F15,10,48,0.41643215988278826,4.6502600270000585,100000,0
TEMOA_V12,F15,10,49,0.024529564930844572,4.646609258000126,100000,0
TEMOA_V12,F15,10,50,0.0011368607604254066,4.580211678000069,100000,0
jSO,F15,10,0,0.4999990499611613,4.15475385600007,100000,0
jSO,F15,10,1,0.04145813975378587,4.1591872399999374,100000,0
jSO,F15,10,2,0.48798354047517023,4.175457119000157,100000,0
jSO,F15,10,3,0.015783148931859614,4.162089599999945,100000,0
jSO,F15,10,4,0.4079150775335165,4.133348604000048,100000,0
jSO,F15,10,5,0.49426394033980614,4.169893787999854,100000,0
jSO,F15,10,6,0.49999899515592006,4.1652459229999295,100000,0
jSO,F15,10,7,0.3523687598701599,4.141099396000072,100000,0
jSO,F15,10,8,0.3528344234703127,4.158819524999899,100000,0
jSO,F15,10,9,0.49999999812962415,4.174364288999868,100000,0
jSO,F15,10,10,0.4983185911048622,4.1720646680000755,100000,0
jSO,F15,10,11,0.23449841746628408,4.171134349000113,100000,0
jSO,F15,10,12,0.10084573787958107,4.131783843999983,100000,0
jSO,F15,10,13,0.01226906564102137,4.156986735999908,100000,0
jSO,F15,10,14,0.003150665942712294,4.167166775999931,100000,0
jSO,F15,10,15,0.4999880029383803,4.177456729000141,100000,0
jSO,F15,10,16,0.0004996300001494092,4.157163515999855,100000,0
jSO,F15,10,17,0.46873425266630875,4.148178133000101,100000,0
jSO,F15,10,18,0.33037321863071156,4.13794150800004,100000,0
jSO,F15,10,19,0.003533635481062447,4.156098304999887,100000,0
jSO,F15,10,20,0.49975569284970334,4.173036323999895,100000,0
jSO,F15,10,21,0.0010899926271576987,4.156299534000027,100000,0
jSO,F15,10,22,0.06377515504868825,4.155625564999809,100000,0
jSO,F15,10,23,0.2589242565247787,4.182145667999976,100000,0
jSO,F15,10,24,0.022611700615243535,4.164628725000057,100000,0
jSO,F15,10,25,0.43348565931296434,4.167217124999979,100000,0
jSO,F15,10,26,0.483419055135073,4.172135539999999,100000,0
jSO,F15,10,27,0.09115670365417827,4.1708324250000715,100000,0
jSO,F15,10,28,0.49982116135311117,4.18809287199997,100000,0
jSO,F15,10,29,0.4616690856050809,4.127784711999993,100000,0
jSO,F15,10,30,0.4998912273663336,4.13719576099993,100000,0
jSO,F15,10,31,0.43295335081552366,4.14863807200004,100000,0
jSO,F15,10,32,0.49993246583630935,4.180546635999917,100000,0
jSO,F15,10,33,0.4582341361569888,4.158055391999824,100000,0
jSO,F15,10,34,0.01387985332326025,4.12698925199993,100000,0
jSO,F15,10,35,0.4956247078673641,4.1231042160000015,100000,0
jSO,F15,10,36,0.30920826744863916,4.142325969000012,100000,0
jSO,F15,10,37,0.49999934066340757,4.160911009999836,100000,0
jSO,F15,10,38,0.2743971176969353,4.158615024000028,100000,0
jSO,F15,10,39,0.4996976072961843,4.151805215999957,100000,0
jSO,F15,10,40,0.24769907254312784,4.132383376000007,100000,0
jSO,F15,10,41,0.06209132381241034,4.130215106999913,100000,0
jSO,F15,10,42,0.4982702453148704,4.104026935000093,100000,0
jSO,F15,10,43,0.01644951655339355,4.114928253000016,100000,0
jSO,F15,10,44,0.22586482764563698,4.126310590000003,100000,0
jSO,F15,10,45,0.4999996923506842,4.127380131000109,100000,0
jSO,F15,10,46,0.4997797852045096,4.1624719290000485,100000,0
jSO,F15,10,47,0.0029031429610313353,4.153912394999907,100000,0
jSO,F15,10,48,0.4830892687407413,4.143514344000096,100000,0
jSO,F15,10,49,0.0020255438757885713,4.147111044999974,100000,0
jSO,F15,10,50,0.4999995232776655,4.154794203000165,100000,0
sepCMAES,F15,10,0,1000.6398682853733,12.537384326999927,100000,0
sepCMAES,F15,10,1,23578.69392766416,9.965559641000254,79951,0
sepCMAES,F15,10,2,16830.38718180721,10.317853127000035,75661,0
sepCMAES,F15,10,3,344.90772210543037,12.504273643000033,100000,0
sepCMAES,F15,10,4,1211.6979885724777,13.39564517000008,100000,0
sepCMAES,F15,10,5,24475.724958418843,10.787634634999904,75311,0
sepCMAES,F15,10,6,1584.0052340961374,13.551918650999596,100000,0
sepCMAES,F15,10,7,610.2485154318351,13.627721311000187,100000,0
sepCMAES,F15,10,8,20339.572345933582,11.03329587899998,77641,0
sepCMAES,F15,10,9,1177.840005202716,13.125029825999718,100000,0
sepCMAES,F15,10,10,411.5433863903072,13.53224576699995,100000,0
sepCMAES,F15,10,11,799.8750496567063,13.611722032000216,100000,0
sepCMAES,F15,10,12,2139.0455973040744,13.11408267600018,100000,0
sepCMAES,F15,10,13,988.6851324916643,13.423410928000067,100000,0
sepCMAES,F15,10,14,708.0984740694598,13.992315567999867,100000,0
sepCMAES,F15,10,15,131.72760256273932,12.275691296999867,87181,0
sepCMAES,F15,10,16,23084.71848417314,9.918390522999744,79061,0
sepCMAES,F15,10,17,1019.3255264813888,13.676578701999915,100000,0
sepCMAES,F15,10,18,16124.8026436051,11.574714905999826,79291,0
sepCMAES,F15,10,19,5278.107131369575,13.809810678999838,100000,0
sepCMAES,F15,10,20,2061.719587533216,13.32479768300027,100000,0
sepCMAES,F15,10,21,187.42718174571723,13.635582678999981,100000,0
sepCMAES,F15,10,22,3136.828381518543,10.09630719300003,78421,0
sepCMAES,F15,10,23,574.9156929709031,13.544205816999693,100000,0
sepCMAES,F15,10,24,9640.988007182976,10.667363925000245,79341,0
sepCMAES,F15,10,25,596.8931728146677,13.13164008900003,100000,0
sepCMAES,F15,10,26,19127.33176306896,9.441036058999998,77681,0
sepCMAES,F15,10,27,21172.509844326538,10.018366437999703,79951,0
sepCMAES,F15,10,28,639.9681159549455,13.421292971000184,100000,0
sepCMAES,F15,10,29,23945.34302871619,11.262456955000289,78791,0
sepCMAES,F15,10,30,1931.905754077282,13.26851835699972,100000,0
sepCMAES,F15,10,31,2135.3014529242764,12.711528375999933,100000,0
sepCMAES,F15,10,32,14407.378814208441,10.98839894799994,78081,0
sepCMAES,F15,10,33,298.438445795241,12.421594816999914,100000,0
sepCMAES,F15,10,34,862.5821928018695,13.51878712100006,100000,0
sepCMAES,F15,10,35,629.0614901818622,14.042090643000392,100000,0
sepCMAES,F15,10,36,127.72927825469878,13.032400995999978,100000,0
sepCMAES,F15,10,37,21310.12184549461,10.162933069000246,79951,0
sepCMAES,F15,10,38,23613.34849014761,11.393708210000113,79691,0
sepCMAES,F15,10,39,83.82637813999736,13.688126020000254,100000,0
sepCMAES,F15,10,40,315.4020265942431,12.117257799000072,100000,0
sepCMAES,F15,10,41,1259.3492374861803,13.554722549000417,100000,0
sepCMAES,F15,10,42,197.0110885285219,13.7445485369999,100000,0
sepCMAES,F15,10,43,22022.550091677815,9.595091692000096,79301,0
sepCMAES,F15,10,44,2021.5444636713682,13.580445843999769,100000,0
sepCMAES,F15,10,45,976.8443279779995,12.561827993999941,100000,0
sepCMAES,F15,10,46,311.63365586470854,13.958500536000429,100000,0
sepCMAES,F15,10,47,1073.5461482116539,13.113716916000158,100000,0
sepCMAES,F15,10,48,1074.6096644463705,13.554002228999707,100000,0
sepCMAES,F15,10,49,500.01704492545764,12.59416107099969,100000,0
sepCMAES,F15,10,50,1523.1092314093194,13.407955722000224,100000,0
BIPOP_CMAES,F16,10,0,161.70779414513026,17.843802575000154,100000,0
BIPOP_CMAES,F16,10,1,0.7053116942920497,15.569598688999577,100000,0
BIPOP_CMAES,F16,10,2,0.5124769095475585,15.701046674999816,100000,0
BIPOP_CMAES,F16,10,3,0.519431817740724,15.49471021799991,100000,0
BIPOP_CMAES,F16,10,4,0.7275748044014563,15.297623834000206,100000,0
BIPOP_CMAES,F16,10,5,0.99898045587247,15.640118842999982,100000,0
BIPOP_CMAES,F16,10,6,1.5537599106221478,16.32707810599959,100000,0
BIPOP_CMAES,F16,10,7,0.09180588173808246,14.059701610000047,100000,0
BIPOP_CMAES,F16,10,8,1.2089347919400097,14.585759706999852,100000,0
BIPOP_CMAES,F16,10,9,1.498638324819467,16.385694072000206,100000,0
BIPOP_CMAES,F16,10,10,0.7275748058723366,14.26063107400023,100000,0
BIPOP_CMAES,F16,10,11,0.7201752129108172,15.740245321000202,100000,0
BIPOP_CMAES,F16,10,12,0.998805461555321,16.35284312800013,100000,0
BIPOP_CMAES,F16,10,13,435.0064141318185,16.560067779000292,100000,0
BIPOP_CMAES,F16,10,14,0.26723781024179516,16.014848790000087,100000,0
BIPOP_CMAES,F16,10,15,1.69504251609942,15.614025265999771,100000,0
BIPOP_CMAES,F16,10,16,0.07210326984409221,16.932053477999943,100000,0
BIPOP_CMAES,F16,10,17,1.4990774603929822,15.28373622900017,100000,0
BIPOP_CMAES,F16,10,18,0.5139532151304138,14.73381360600024,100000,0
BIPOP_CMAES,F16,10,19,1.5390611040761542,16.076139899999816,100000,0
BIPOP_CMAES,F16,10,20,0.05748253026013117,15.088447582000299,100000,0
BIPOP_CMAES,F16,10,21,1.7051548721929066,15.3805847550002,100000,0
BIPOP_CMAES,F16,10,22,1.4986954354758382,16.313957608000237,100000,0
BIPOP_CMAES,F16,10,23,0.72578832490899,15.313730386000316,100000,0
BIPOP_CMAES,F16,10,24,0.09164829545329667,15.58278168400011,100000,0
BIPOP_CMAES,F16,10,25,0.7085815273969729,13.66880887599973,100000,0
BIPOP_CMAES,F16,10,26,233.54855757804626,15.901518113000293,100000,0
BIPOP_CMAES,F16,10,27,0.11375751105583731,14.7036985740001,100000,0
BIPOP_CMAES,F16,10,28,0.5192694951269914,14.425749362999795,100000,0
BIPOP_CMAES,F16,10,29,0.714986523151083,15.12441249800031,100000,0
BIPOP_CMAES,F16,10,30,0.7007913106840533,16.015822129999833,100000,0
BIPOP_CMAES,F16,10,31,0.5055807488020037,15.274786047999896,100000,0
BIPOP_CMAES,F16,10,32,1.2102319376779178,15.35905242600029,100000,0
BIPOP_CMAES,F16,10,33,0.523073209147924,15.331675492000159,100000,0
BIPOP_CMAES,F16,10,34,0.4482604146749054,15.04387521100034,100000,0
BIPOP_CMAES,F16,10,35,0.6563783642877752,15.286624728999868,100000,0
BIPOP_CMAES,F16,10,36,0.6868823745942336,15.701359776000118,100000,0
BIPOP_CMAES,F16,10,37,0.5194318197557095,14.078442459000144,100000,0
BIPOP_CMAES,F16,10,38,0.29280179496026904,14.807912219999707,100000,0
BIPOP_CMAES,F16,10,39,0.7667903149588255,15.027889175999917,100000,0
BIPOP_CMAES,F16,10,40,0.2279152771484405,17.448811080999803,100000,0
BIPOP_CMAES,F16,10,41,0.5137442720345007,14.908330432000184,100000,0
BIPOP_CMAES,F16,10,42,0.5170389117713512,14.453922691000116,100000,0
BIPOP_CMAES,F16,10,43,1.6116854323402094,15.842373333000069,100000,0
BIPOP_CMAES,F16,10,44,0.7275748044014563,15.897737288999906,100000,0
BIPOP_CMAES,F16,10,45,0.3980971841833707,15.039529700000003,100000,0
BIPOP_CMAES,F16,10,46,0.5083255257763994,15.466263854000317,100000,0
BIPOP_CMAES,F16,10,47,0.6401865253642427,15.06700049500023,100000,0
BIPOP_CMAES,F16,10,48,0.3633453542470306,15.220615794999958,100000,0
BIPOP_CMAES,F16,10,49,0.40004354660982244,13.832176204000007,100000,0
BIPOP_CMAES,F16,10,50,0.02840104339907157,13.824586599000213,100000,0
CMAES,F16,10,0,1.4112031342729097,18.45894391799993,100000,0
CMAES,F16,10,1,1.7033521519383612,17.91323469300005,100000,0
CMAES,F16,10,2,1.3308322274174316,18.1439811930004,100000,0
CMAES,F16,10,3,1.2141389699202136,17.99657661100082,100000,0
CMAES,F16,10,4,1.0091988048852727,17.697824357999707,100000,0
CMAES,F16,10,5,233.66000392218598,17.978215411999372,100000,0
CMAES,F16,10,6,1.2079783919346028,18.08270549000008,100000,0
CMAES,F16,10,7,0.8877306238216534,18.032129897999766,100000,0
CMAES,F16,10,8,1.4788527800217253,17.517225346000487,100000,0
CMAES,F16,10,9,0.6298465799281985,17.894257786000708,100000,0
CMAES,F16,10,10,1.1076166170753368,17.756290210999396,100000,0
CMAES,F16,10,11,233.27633616120897,18.12399027399988,100000,0
CMAES,F16,10,12,1.1674089337748228,17.617672901000333,100000,0
CMAES,F16,10,13,1.1315982097119104,17.80978568699993,100000,0
CMAES,F16,10,14,1.7054436567873381,18.5353775450003,100000,0
CMAES,F16,10,15,1.2054397527253968,17.99162811899987,100000,0
CMAES,F16,10,16,1.3889446602768203,18.112835838000137,100000,0
CMAES,F16,10,17,1.2495387218698397,17.806996302000698,100000,0
CMAES,F16,10,18,0.5409797953595898,18.120403230999727,100000,0
CMAES,F16,10,19,1.2016852948397627,17.56528514599995,100000,0
CMAES,F16,10,20,1.0209533509844277,17.903875564000373,100000,0
CMAES,F16,10,21,1.499512635688916,18.364714723999896,100000,0
CMAES,F16,10,22,0.4620468266066382,17.698675131999153,100000,0
CMAES,F16,10,23,1.2157099173573442,17.990158521999547,100000,0
CMAES,F16,10,24,1.4958353210276982,18.474453296999855,100000,0
CMAES,F16,10,25,1.2583004912899014,18.101716988999215,100000,0
CMAES,F16,10,26,1.4992970525763667,18.193060471000535,100000,0
CMAES,F16,10,27,1.0161716039312978,17.92553926399978,100000,0
CMAES,F16,10,28,0.9553802770528819,17.787186614999882,100000,0
CMAES,F16,10,29,1.3293277118630158,17.782774029999928,100000,0
CMAES,F16,10,30,1.2650437706470257,17.715414258000237,100000,0
CMAES,F16,10,31,1.0137442623183688,17.867948867999985,100000,0
CMAES,F16,10,32,0.991452426970227,17.793104504999974,100000,0
CMAES,F16,10,33,0.17592789299351352,17.468662532000053,100000,0
CMAES,F16,10,34,0.9676502740946944,18.29951429399989,100000,0
CMAES,F16,10,35,0.30177842136845356,18.075666775999707,100000,0
CMAES,F16,10,36,0.9123000803608647,17.70648433400038,100000,0
CMAES,F16,10,37,1.1976941354564588,17.842197975999625,100000,0
CMAES,F16,10,38,1.2141436535407593,17.971029588999954,100000,0
CMAES,F16,10,39,0.8243571804532621,18.04397806599991,100000,0
CMAES,F16,10,40,0.9435705105370289,17.689426050000293,100000,0
CMAES,F16,10,41,0.704957525576674,17.944661353999436,100000,0
CMAES,F16,10,42,0.864818418735922,17.635375836000094,100000,0
CMAES,F16,10,43,1.7055645385164553,18.138649742999405,100000,0
CMAES,F16,10,44,1.1817310437870674,18.23864572399998,100000,0
CMAES,F16,10,45,1.0600800527183765,18.10071857999992,100000,0
CMAES,F16,10,46,0.7041419179574859,18.22549490199981,100000,0
CMAES,F16,10,47,0.7217806220185139,17.64384114600034,100000,0
CMAES,F16,10,48,0.998760975962341,17.571518442000524,100000,0
CMAES,F16,10,49,1.2461901794865753,18.322814318000383,100000,0
CMAES,F16,10,50,1.1024322904399924,18.22602512499998,100000,0
IPOP_CMAES,F16,10,0,0.4931729135362275,15.87601008799993,100000,0
IPOP_CMAES,F16,10,1,0.794577727925116,15.175664677999976,100000,0
IPOP_CMAES,F16,10,2,0.7275748044014563,14.409590566000134,100000,0
IPOP_CMAES,F16,10,3,0.7275748043964541,14.524123385000166,100000,0
IPOP_CMAES,F16,10,4,1.574129261726739,15.548830191999969,100000,0
IPOP_CMAES,F16,10,5,0.09078594266429718,15.199423099999876,100000,0
IPOP_CMAES,F16,10,6,0.5194210105569255,13.883018659999834,100000,0
IPOP_CMAES,F16,10,7,233.5812478998787,14.690766024999903,100000,0
IPOP_CMAES,F16,10,8,0.4972103283364504,14.713100578000194,100000,0
IPOP_CMAES,F16,10,9,0.45935911682840924,14.395943941000041,100000,0
IPOP_CMAES,F16,10,10,0.519373332626401,14.681034260999695,100000,0
IPOP_CMAES,F16,10,11,0.5272259024443429,14.535602839000148,100000,0
IPOP_CMAES,F16,10,12,56.05575718230534,14.766041954999764,100000,0
IPOP_CMAES,F16,10,13,0.5194318197557095,14.623902889999954,100000,0
IPOP_CMAES,F16,10,14,0.5166420898126489,14.252872004999972,100000,0
IPOP_CMAES,F16,10,15,0.5194318197561643,14.713311258999966,100000,0
IPOP_CMAES,F16,10,16,1.7072250746950886,15.890128573999846,100000,0
IPOP_CMAES,F16,10,17,0.40936765883134285,14.679360526999972,100000,0
IPOP_CMAES,F16,10,18,0.49554745310797443,14.822068469999977,100000,0
IPOP_CMAES,F16,10,19,1.233753554904979,13.562489242000083,100000,0
IPOP_CMAES,F16,10,20,0.5197556429029646,15.346323142000074,100000,0
IPOP_CMAES,F16,10,21,0.6631493810477878,15.009755854000105,100000,0
IPOP_CMAES,F16,10,22,0.5337423167716224,14.361802569000247,100000,0
IPOP_CMAES,F16,10,23,0.5194318124310939,14.891579842999818,100000,0
IPOP_CMAES,F16,10,24,0.47650959638372115,14.676134983999873,100000,0
IPOP_CMAES,F16,10,25,0.20892678609061477,15.661018513000272,100000,0
IPOP_CMAES,F16,10,26,0.20525655397227638,16.911854664000202,100000,0
IPOP_CMAES,F16,10,27,0.7275748042452506,14.894163960000242,100000,0
IPOP_CMAES,F16,10,28,0.311279051144993,15.567431787999794,100000,0
IPOP_CMAES,F16,10,29,0.5132435039836309,14.566805483999815,100000,0
IPOP_CMAES,F16,10,30,0.6361047772595612,14.700341506999848,100000,0
IPOP_CMAES,F16,10,31,0.7275748044010015,13.51793298299981,100000,0
IPOP_CMAES,F16,10,32,0.513563233044124,15.075132893000045,100000,0
IPOP_CMAES,F16,10,33,234.0368168344212,16.29356817400003,100000,0
IPOP_CMAES,F16,10,34,1.100160884462639,14.708520874999977,100000,0
IPOP_CMAES,F16,10,35,233.00676250680635,14.759287888000017,100000,0
IPOP_CMAES,F16,10,36,0.7158734413353613,14.992059717000302,100000,0
IPOP_CMAES,F16,10,37,0.5194318197559369,15.242798697000126,100000,0
IPOP_CMAES,F16,10,38,0.5194318197532084,13.801288198999828,100000,0
IPOP_CMAES,F16,10,39,0.7199985721281337,13.92559152099966,100000,0
IPOP_CMAES,F16,10,40,0.5199813180117872,14.59570536299998,100000,0
IPOP_CMAES,F16,10,41,0.5085294275374963,14.765735436999876,100000,0
IPOP_CMAES,F16,10,42,0.5174979888026883,14.440206435999698,100000,0
IPOP_CMAES,F16,10,43,0.6724201658803395,16.216130950000206,100000,0
IPOP_CMAES,F16,10,44,0.5184909331419476,14.706918049000251,100000,0
IPOP_CMAES,F16,10,45,1.411292874093533,14.335720937000133,100000,0
IPOP_CMAES,F16,10,46,0.48583367702121905,15.076298106000195,100000,0
IPOP_CMAES,F16,10,47,0.6449554307464496,14.677754230999653,100000,0
IPOP_CMAES,F16,10,48,0.4675132274073803,15.70505174400023,100000,0
IPOP_CMAES,F16,10,49,1.0276285411637218,14.361378827000408,100000,0
IPOP_CMAES,F16,10,50,1.0970660970046993,15.141678975999639,100000,0
L-SHADE-DGR,F16,10,0,0.552789288497479,8.214325431000006,100000,0
L-SHADE-DGR,F16,10,1,0.03824746364580278,7.912238897999998,100000,0
L-SHADE-DGR,F16,10,2,0.23698932242405135,8.082928133000024,100000,0
L-SHADE-DGR,F16,10,3,0.0022089634380790812,7.930301791000005,100000,0
L-SHADE-DGR,F16,10,4,0.04287052383347145,7.95728163199999,100000,0
L-SHADE-DGR,F16,10,5,0.40363190406560534,8.231683163000014,100000,0
L-SHADE-DGR,F16,10,6,0.5049271017064711,8.112547253000002,100000,0
L-SHADE-DGR,F16,10,7,0.6890034890636798,8.10236361699998,100000,0
L-SHADE-DGR,F16,10,8,0.02215890972820489,7.783181657,100000,0
L-SHADE-DGR,F16,10,9,0.22976182961133418,7.980007569999998,100000,0
L-SHADE-DGR,F16,10,10,0.04846557949463204,8.092623441,100000,0
L-SHADE-DGR,F16,10,11,0.05491814084530233,7.89138859900001,100000,0
L-SHADE-DGR,F16,10,12,0.3400510849151033,8.144054792999981,100000,0
L-SHADE-DGR,F16,10,13,0.22765299417346796,8.076769066999987,100000,0
L-SHADE-DGR,F16,10,14,0.3260576281070371,7.840992684000014,100000,0
L-SHADE-DGR,F16,10,15,0.3197910932060495,7.88519734099998,100000,0
L-SHADE-DGR,F16,10,16,0.27920544464836894,8.092981627000029,100000,0
L-SHADE-DGR,F16,10,17,0.22641231478405643,8.135524274000034,100000,0
L-SHADE-DGR,F16,10,18,0.0008427014950029843,8.221877070000005,100000,0
L-SHADE-DGR,F16,10,19,0.11552572368145775,7.793964861000006,100000,0
L-SHADE-DGR,F16,10,20,0.26988499652725295,7.699873855999954,100000,0
L-SHADE-DGR,F16,10,21,0.06856359277730917,7.747260118000042,100000,0
L-SHADE-DGR,F16,10,22,3.5490006439431454e-05,7.867579536999983,100000,0
L-SHADE-DGR,F16,10,23,0.00020201046390866395,8.288247774000013,100000,0
L-SHADE-DGR,F16,10,24,0.0003965993314523075,8.221652479,100000,0
L-SHADE-DGR,F16,10,25,0.33004436197279574,8.109171591999996,100000,0
L-SHADE-DGR,F16,10,26,0.001105771254060528,8.259680404999983,100000,0
L-SHADE-DGR,F16,10,27,0.21010171668990552,8.198977379999974,100000,0
L-SHADE-DGR,F16,10,28,0.2668619080689041,8.041825416999984,100000,0
L-SHADE-DGR,F16,10,29,0.01965387376549188,7.709654465999961,100000,0
L-SHADE-DGR,F16,10,30,0.10637335579963292,8.007738270000004,100000,0
L-SHADE-DGR,F16,10,31,0.11998466888167059,7.709622586000023,100000,0
L-SHADE-DGR,F16,10,32,0.03039851579205788,7.901147483000045,100000,0
L-SHADE-DGR,F16,10,33,0.6272896195816884,8.132507556999997,100000,0
L-SHADE-DGR,F16,10,34,0.20979790537558074,8.666138607999983,100000,0
L-SHADE-DGR,F16,10,35,0.021020543987788187,7.709942810999962,100000,0
L-SHADE-DGR,F16,10,36,0.4712233249745168,8.094031918999974,100000,0
L-SHADE-DGR,F16,10,37,0.21211077532234413,8.132371851000016,100000,0
L-SHADE-DGR,F16,10,38,0.3172377963510371,8.085137344000032,100000,0
L-SHADE-DGR,F16,10,39,0.0007932019173040317,8.203797078999969,100000,0
L-SHADE-DGR,F16,10,40,0.5455119376383664,8.037072138999974,100000,0
L-SHADE-DGR,F16,10,41,0.09116755958166323,8.11799726199996,100000,0
L-SHADE-DGR,F16,10,42,0.4407611434030514,7.756886771999973,100000,0
L-SHADE-DGR,F16,10,43,0.32123069788417524,8.09089029300003,100000,0
L-SHADE-DGR,F16,10,44,0.17422593522474017,7.719944843999997,100000,0
L-SHADE-DGR,F16,10,45,0.3452974228614494,7.862754675000019,100000,0
L-SHADE-DGR,F16,10,46,0.023359375703648766,8.040718566999999,100000,0
L-SHADE-DGR,F16,10,47,0.2282343979329653,8.058264830000041,100000,0
L-SHADE-DGR,F16,10,48,1.002317829634876,8.040183866000064,100000,0
L-SHADE-DGR,F16,10,49,0.48647415697541874,7.721523930999979,100000,0
L-SHADE-DGR,F16,10,50,232.5419375765225,8.560498164000023,100000,0
LSHADE,F16,10,0,0.03526734153115285,7.342480155999965,100000,0
LSHADE,F16,10,1,0.7003361460278938,7.672372647999964,100000,0
LSHADE,F16,10,2,0.22780528044472703,7.662102602999994,100000,0
LSHADE,F16,10,3,0.04035874068154044,7.34771132700007,100000,0
LSHADE,F16,10,4,0.07503652581181086,7.401560250000102,100000,0
LSHADE,F16,10,5,0.22865231461082658,7.6593003400000725,100000,0
LSHADE,F16,10,6,0.18087668298471726,7.316275485999995,100000,0
LSHADE,F16,10,7,0.0031427756573521037,7.331230724999841,100000,0
LSHADE,F16,10,8,0.7069521345970315,7.669605479999973,100000,0
LSHADE,F16,10,9,0.006231632520666608,7.327185092000036,100000,0
LSHADE,F16,10,10,0.2532352664377413,7.679931323000119,100000,0
LSHADE,F16,10,11,0.28062505268508176,7.673962479000011,100000,0
LSHADE,F16,10,12,0.23677179670835358,7.349295034000079,100000,0
LSHADE,F16,10,13,0.004819018096668515,7.314016777000006,100000,0
LSHADE,F16,10,14,0.5005300611035182,7.326394629000106,100000,0
LSHADE,F16,10,15,0.27962032614868804,7.705780354000126,100000,0
LSHADE,F16,10,16,0.46445497765216714,7.333157825999933,100000,0
LSHADE,F16,10,17,0.7015051266598675,7.681370144000084,100000,0
LSHADE,F16,10,18,0.25673250482577714,7.658273946000008,100000,0
LSHADE,F16,10,19,0.22330119812522753,7.678701292999904,100000,0
LSHADE,F16,10,20,0.08368181851665213,7.358447118999948,100000,0
LSHADE,F16,10,21,0.4861273306801195,7.325575973000014,100000,0
LSHADE,F16,10,22,0.21408498158211842,7.675575477000166,100000,0
LSHADE,F16,10,23,0.001590385596273336,7.3797043850001955,100000,0
LSHADE,F16,10,24,0.4843999050065122,7.328166915000111,100000,0
LSHADE,F16,10,25,0.6915537067086461,7.7116991339999,100000,0
LSHADE,F16,10,26,0.027948988009939058,7.341350823999846,100000,0
LSHADE,F16,10,27,0.10782181293393478,7.363335173999985,100000,0
LSHADE,F16,10,28,0.048743395963356306,7.338958007000201,100000,0
LSHADE,F16,10,29,0.022712387347837648,7.328023377000136,100000,0
LSHADE,F16,10,30,0.49112763336984244,7.3581940920003035,100000,0
LSHADE,F16,10,31,0.026411966491650674,7.364758719999827,100000,0
LSHADE,F16,10,32,0.08600448862421217,7.359118817999843,100000,0
LSHADE,F16,10,33,0.48656402762230755,7.31942325,100000,0
LSHADE,F16,10,34,0.052868402645799506,7.331734226000208,100000,0
LSHADE,F16,10,35,0.023039430760945834,7.330538698000055,100000,0
LSHADE,F16,10,36,0.01977134017897697,7.346385062000081,100000,0
LSHADE,F16,10,37,0.005620902969212693,7.278130264000083,100000,0
LSHADE,F16,10,38,0.492184696162667,7.299969459999829,100000,0
LSHADE,F16,10,39,0.33037319754794225,7.3126491709999755,100000,0
LSHADE,F16,10,40,0.25565986618084935,7.683065985000212,100000,0
LSHADE,F16,10,41,0.5193198856463823,7.31531996800004,100000,0
LSHADE,F16,10,42,0.44222837501206413,7.317616881000049,100000,0
LSHADE,F16,10,43,0.32561315228713283,7.673230633000003,100000,0
LSHADE,F16,10,44,0.5008602785258063,7.327946320000137,100000,0
LSHADE,F16,10,45,0.3099997147285194,7.646996605999902,100000,0
LSHADE,F16,10,46,0.023607424804140464,7.294201091999639,100000,0
LSHADE,F16,10,47,0.20926742293477218,7.662518397999975,100000,0
LSHADE,F16,10,48,0.25958688037235333,7.694101267000406,100000,0
LSHADE,F16,10,49,0.09685217407240998,7.349604020999777,100000,0
LSHADE,F16,10,50,0.02096732714812788,7.314739951999854,100000,0
TEMOA_V10,F16,10,0,0.2736046082673056,9.362566334000007,100000,0
TEMOA_V10,F16,10,1,434.52973142259225,9.335595094999917,100000,0
TEMOA_V10,F16,10,2,0.07646049796426269,8.939125449000016,100000,0
TEMOA_V10,F16,10,3,1.7017613841057937,9.349427677999984,100000,0
TEMOA_V10,F16,10,4,0.03888646818813868,8.978738188999955,100000,0
TEMOA_V10,F16,10,5,0.0821642491066541,8.920260422999945,100000,0
TEMOA_V10,F16,10,6,434.97921462824524,9.335177891999933,100000,0
TEMOA_V10,F16,10,7,1.0461079447886732,8.961862071000041,100000,0
TEMOA_V10,F16,10,8,232.6063840790257,9.400471964999952,100000,0
TEMOA_V10,F16,10,9,0.12096172762699098,8.957810967,100000,0
TEMOA_V10,F16,10,10,232.55944368145992,9.426139386999921,100000,0
TEMOA_V10,F16,10,11,1.2064818122014458,9.378527961000032,100000,0
TEMOA_V10,F16,10,12,0.23080482708473937,8.954167467999923,100000,0
TEMOA_V10,F16,10,13,0.492572641535844,8.952002660000062,100000,0
TEMOA_V10,F16,10,14,0.3774343984262032,9.341136758999937,100000,0
TEMOA_V10,F16,10,15,232.7076304078298,9.368413247000035,100000,0
TEMOA_V10,F16,10,16,0.005808981788504752,9.01302530299995,100000,0
TEMOA_V10,F16,10,17,1.0057212069891648,8.992738881000037,100000,0
TEMOA_V10,F16,10,18,1.046549411214528,8.986466458999985,100000,0
TEMOA_V10,F16,10,19,1.0055972585614654,8.91366283299999,100000,0
TEMOA_V10,F16,10,20,435.50302696036147,9.382964516000015,100000,0
TEMOA_V10,F16,10,21,1.0092951907727183,9.01370551299999,100000,0
TEMOA_V10,F16,10,22,0.676997554860236,9.321636243999933,100000,0
TEMOA_V10,F16,10,23,0.027971942000249328,8.997107004999975,100000,0
TEMOA_V10,F16,10,24,434.7082915778992,9.331645408999975,100000,0
TEMOA_V10,F16,10,25,0.485147243089159,8.904544501000032,100000,0
TEMOA_V10,F16,10,26,434.7454128382792,9.320858395999949,100000,0
TEMOA_V10,F16,10,27,0.09624126270955458,8.92111110899998,100000,0
TEMOA_V10,F16,10,28,1.0065830488742904,9.070259595000039,100000,0
TEMOA_V10,F16,10,29,0.03454467103006209,8.976759915000002,100000,0
TEMOA_V10,F16,10,30,435.0068782619619,9.371214132999967,100000,0
TEMOA_V10,F16,10,31,0.019709130113142237,8.962616467999965,100000,0
TEMOA_V10,F16,10,32,1.076506165575438,8.99001466599998,100000,0
TEMOA_V10,F16,10,33,0.11460575589239852,8.981299084000057,100000,0
TEMOA_V10,F16,10,34,0.7181390570967778,9.393161152000062,100000,0
TEMOA_V10,F16,10,35,0.4447129463487727,8.960985795999932,100000,0
TEMOA_V10,F16,10,36,435.00055627903293,9.366144974999997,100000,0
TEMOA_V10,F16,10,37,0.9858135902795766,9.00110819200006,100000,0
TEMOA_V10,F16,10,38,233.05079213583213,9.447948022000105,100000,0
TEMOA_V10,F16,10,39,232.64757600698044,9.334965462000014,100000,0
TEMOA_V10,F16,10,40,0.2096727147322781,8.970594148000032,100000,0
TEMOA_V10,F16,10,41,0.27776765200451337,9.333909115999973,100000,0
TEMOA_V10,F16,10,42,435.6235156412715,9.376180238000074,100000,0
TEMOA_V10,F16,10,43,434.4909765119155,9.44023972399998,100000,0
TEMOA_V10,F16,10,44,435.53811497608604,9.380328260999931,100000,0
TEMOA_V10,F16,10,45,1.2636429162662353,9.360760954999932,100000,0
TEMOA_V10,F16,10,46,0.7213314695575264,9.349021625999967,100000,0
TEMOA_V10,F16,10,47,1.4675791682961972,8.992101073000072,100000,0
TEMOA_V10,F16,10,48,0.23935534544602888,8.971227582999973,100000,0
TEMOA_V10,F16,10,49,0.042404782794392304,9.034168021999903,100000,0
TEMOA_V10,F16,10,50,1.4969759846323996,9.004845071999966,100000,0
TEMOA_V11,F16,10,0,0.7023603803377227,8.519061289999968,100000,0
TEMOA_V11,F16,10,1,434.4886223584672,8.683216476999974,100000,0
TEMOA_V11,F16,10,2,0.331865940049056,8.155359403000034,100000,0
TEMOA_V11,F16,10,3,0.49929516757697456,8.235262078000005,100000,0
TEMOA_V11,F16,10,4,0.49936635591507184,8.18572359299992,100000,0
TEMOA_V11,F16,10,5,0.20821406560730793,8.632583080999893,100000,0
TEMOA_V11,F16,10,6,0.20987004797075315,8.636763209999799,100000,0
TEMOA_V11,F16,10,7,0.348757709431311,8.55199296600017,100000,0
TEMOA_V11,F16,10,8,0.08797062325493243,8.139736834999894,100000,0
TEMOA_V11,F16,10,9,0.36048967827377965,8.549333918999992,100000,0
TEMOA_V11,F16,10,10,0.20956126202986525,8.635877361999974,100000,0
TEMOA_V11,F16,10,11,0.4855453696332006,8.191171015000009,100000,0
TEMOA_V11,F16,10,12,0.708137279923676,8.608354606000148,100000,0
TEMOA_V11,F16,10,13,0.019489598761310845,8.19608339499996,100000,0
TEMOA_V11,F16,10,14,434.99836524975217,8.51556685699984,100000,0
TEMOA_V11,F16,10,15,0.21066663762326243,8.612868741000057,100000,0
TEMOA_V11,F16,10,16,0.02732849923700087,8.212681082000017,100000,0
TEMOA_V11,F16,10,17,0.2300954124459622,8.590875662999906,100000,0
TEMOA_V11,F16,10,18,0.08897485181796583,8.221902205999868,100000,0
TEMOA_V11,F16,10,19,0.24343944112001736,8.522672046000025,100000,0
TEMOA_V11,F16,10,20,0.49853851817852046,8.197971471000074,100000,0
TEMOA_V11,F16,10,21,0.23350780632017631,8.588792009999906,100000,0
TEMOA_V11,F16,10,22,0.2165807329784002,8.575409297000078,100000,0
TEMOA_V11,F16,10,23,0.05463435719707377,8.18550598999991,100000,0
TEMOA_V11,F16,10,24,0.03312588879339273,8.132724609000206,100000,0
TEMOA_V11,F16,10,25,0.21233936244334473,8.583463397999822,100000,0
TEMOA_V11,F16,10,26,0.020342864412214112,8.173324109000077,100000,0
TEMOA_V11,F16,10,27,0.05970561251683648,8.119339173000071,100000,0
TEMOA_V11,F16,10,28,0.22882710164958553,8.569164985999805,100000,0
TEMOA_V11,F16,10,29,7.150139617806417e-05,8.247180141000172,100000,0
TEMOA_V11,F16,10,30,0.022729409048679372,8.174839367999994,100000,0
TEMOA_V11,F16,10,31,0.29295154426131376,8.54089808599997,100000,0
TEMOA_V11,F16,10,32,0.23594269117484146,8.573720559000094,100000,0
TEMOA_V11,F16,10,33,0.23931112385594133,8.672308810999994,100000,0
TEMOA_V11,F16,10,34,0.019884643149680414,8.201142087000107,100000,0
TEMOA_V11,F16,10,35,0.2883718537027562,8.583333316000108,100000,0
TEMOA_V11,F16,10,36,232.5412253407776,8.645643874000143,100000,0
TEMOA_V11,F16,10,37,0.029789032214466715,8.172581525000169,100000,0
TEMOA_V11,F16,10,38,0.06750145786691064,8.149861762,100000,0
TEMOA_V11,F16,10,39,233.02371699313517,8.580331321999893,100000,0
TEMOA_V11,F16,10,40,233.05901003773533,8.566122322999945,100000,0
TEMOA_V11,F16,10,41,0.69768555728092,8.62802162800017,100000,0
TEMOA_V11,F16,10,42,0.2837654457514418,8.598478333999992,100000,0
TEMOA_V11,F16,10,43,0.026774319219612153,8.213124979999975,100000,0
TEMOA_V11,F16,10,44,0.44665507323361453,8.595362911999928,100000,0
TEMOA_V11,F16,10,45,0.22794684887367112,8.646086829999831,100000,0
TEMOA_V11,F16,10,46,0.31946384945831596,8.575510356999985,100000,0
TEMOA_V11,F16,10,47,0.05076548837155315,8.203973837000149,100000,0
TEMOA_V11,F16,10,48,0.259947983853408,8.601075824999953,100000,0
TEMOA_V11,F16,10,49,0.23143404484858365,8.573568050999938,100000,0
TEMOA_V11,F16,10,50,232.9368806087864,8.605246542999794,100000,0
TEMOA_V12,F16,10,0,434.4996929492322,8.22503523399996,100000,0
TEMOA_V12,F16,10,1,0.2434674786507003,8.140002705000143,100000,0
TEMOA_V12,F16,10,2,0.309795894686431,8.023554161999982,100000,0
TEMOA_V12,F16,10,3,0.06724298765698222,7.868770346000019,100000,0
TEMOA_V12,F16,10,4,0.6863202250565337,8.209230133999881,100000,0
TEMOA_V12,F16,10,5,0.10761514381033521,8.170386173999987,100000,0
TEMOA_V12,F16,10,6,0.0637374855748476,7.958938117999878,100000,0
TEMOA_V12,F16,10,7,434.48914253742305,8.541046778999998,100000,0
TEMOA_V12,F16,10,8,0.17806248750639497,8.118217047999906,100000,0
TEMOA_V12,F16,10,9,0.20850784883327833,8.587079081999946,100000,0
TEMOA_V12,F16,10,10,0.21015837322261177,8.509673436999947,100000,0
TEMOA_V12,F16,10,11,0.20949035384546733,8.235575640999969,100000,0
TEMOA_V12,F16,10,12,0.08919374548781889,8.180624852999927,100000,0
TEMOA_V12,F16,10,13,0.27009432767158614,7.986566721999907,100000,0
TEMOA_V12,F16,10,14,0.49922998599299717,7.872749110000086,100000,0
TEMOA_V12,F16,10,15,0.5768227489284072,8.281244346999983,100000,0
TEMOA_V12,F16,10,16,0.3955532673280686,7.93296224300002,100000,0
TEMOA_V12,F16,10,17,0.42670341959342295,8.130154492999964,100000,0
TEMOA_V12,F16,10,18,0.5873808665455726,8.20005302200002,100000,0
TEMOA_V12,F16,10,19,0.020990689992686384,7.8707623669999975,100000,0
TEMOA_V12,F16,10,20,0.4893253335139889,8.018369979999989,100000,0
TEMOA_V12,F16,10,21,0.0006480133579316316,7.883042771000191,100000,0
TEMOA_V12,F16,10,22,0.07199641618808528,8.18478601300012,100000,0
TEMOA_V12,F16,10,23,0.01994493579536538,7.741487552999843,100000,0
TEMOA_V12,F16,10,24,232.65877462425578,8.090354541999886,100000,0
TEMOA_V12,F16,10,25,232.541622290453,8.544292735999989,100000,0
TEMOA_V12,F16,10,26,0.022526746242419904,7.754577616000006,100000,0
TEMOA_V12,F16,10,27,434.704265833162,8.120606006000116,100000,0
TEMOA_V12,F16,10,28,0.7261489796665046,8.11876102400015,100000,0
TEMOA_V12,F16,10,29,0.006279774901031487,8.127595455000119,100000,0
TEMOA_V12,F16,10,30,0.004667204204224618,8.138628660999984,100000,0
TEMOA_V12,F16,10,31,0.05837854244373375,7.779606699000169,100000,0
TEMOA_V12,F16,10,32,0.23184378969904174,8.108329198000092,100000,0
TEMOA_V12,F16,10,33,0.03659241182981532,8.167993288000162,100000,0
TEMOA_V12,F16,10,34,0.23050760989985974,8.068365381000149,100000,0
TEMOA_V12,F16,10,35,0.4995214073751413,7.8619526980000956,100000,0
TEMOA_V12,F16,10,36,0.2583391485845823,7.795090532999893,100000,0
TEMOA_V12,F16,10,37,0.11651693270619035,7.737708440999995,100000,0
TEMOA_V12,F16,10,38,0.21128162398031236,8.06685347000007,100000,0
TEMOA_V12,F16,10,39,0.13056665735211936,7.91642607100016,100000,0
TEMOA_V12,F16,10,40,0.43620530418911585,8.526215663999892,100000,0
TEMOA_V12,F16,10,41,0.03422954299048797,8.064108345000022,100000,0
TEMOA_V12,F16,10,42,0.20932609372016486,8.547841373999972,100000,0
TEMOA_V12,F16,10,43,0.45741228810015855,8.13858525899991,100000,0
TEMOA_V12,F16,10,44,0.06032618316476146,8.005336806999821,100000,0
TEMOA_V12,F16,10,45,1.206477034098043,8.492721140999947,100000,0
TEMOA_V12,F16,10,46,0.10003354955824761,7.974407962999976,100000,0
TEMOA_V12,F16,10,47,0.47594849803522266,7.890219941999931,100000,0
TEMOA_V12,F16,10,48,434.48801226248133,8.513166216999934,100000,0
TEMOA_V12,F16,10,49,0.4721107742893764,8.175500529999908,100000,0
TEMOA_V12,F16,10,50,0.10309537842499594,7.817055451999977,100000,0
jSO,F16,10,0,0.020777854047764777,7.323608511999737,100000,0
jSO,F16,10,1,0.7076967508330654,7.637805303999812,100000,0
jSO,F16,10,2,0.2114605147612565,7.581318557000031,100000,0
jSO,F16,10,3,0.49709388985706937,7.266977507999854,100000,0
jSO,F16,10,4,0.021902895036191694,7.2942930250001154,100000,0
jSO,F16,10,5,0.006345210585550376,7.284180889999789,100000,0
jSO,F16,10,6,0.22823550439147766,7.624767739000163,100000,0
jSO,F16,10,7,0.019542635477819204,7.3005698799997845,100000,0
jSO,F16,10,8,0.03426267847839881,7.302162542000133,100000,0
jSO,F16,10,9,0.02027226410905314,7.292504886000188,100000,0
jSO,F16,10,10,0.01961831213543519,7.29864485600001,100000,0
jSO,F16,10,11,0.22811460306661502,7.675930106999658,100000,0
jSO,F16,10,12,0.7275546765799845,7.626103067999793,100000,0
jSO,F16,10,13,0.02238488812054129,7.305967152999983,100000,0
jSO,F16,10,14,0.024316108572065787,7.291752071999781,100000,0
jSO,F16,10,15,0.2149580921877714,7.613193799999863,100000,0
jSO,F16,10,16,0.0023236044153236435,7.287854803999835,100000,0
jSO,F16,10,17,0.020014635224015365,7.253543409000031,100000,0
jSO,F16,10,18,0.23009365549955874,7.558405693000168,100000,0
jSO,F16,10,19,0.30246397738710584,7.590373582999746,100000,0
jSO,F16,10,20,0.11009596975372915,7.29258057800007,100000,0
jSO,F16,10,21,0.4791063064831178,7.331607068999801,100000,0
jSO,F16,10,22,0.20859672388201034,7.633564619000026,100000,0
jSO,F16,10,23,0.019458871849110437,7.2810493029996906,100000,0
jSO,F16,10,24,0.2111816978610932,7.59193937200007,100000,0
jSO,F16,10,25,0.5182443462904303,7.258305993000249,100000,0
jSO,F16,10,26,0.2302467562367383,7.586509133000163,100000,0
jSO,F16,10,27,0.02463527108989183,7.308625188000406,100000,0
jSO,F16,10,28,0.060405140496186505,7.2890911429999505,100000,0
jSO,F16,10,29,0.3784509005738528,7.3191607489998205,100000,0
jSO,F16,10,30,0.002226279909564255,7.313376673000221,100000,0
jSO,F16,10,31,0.00016996402609947836,7.293311096999787,100000,0
jSO,F16,10,32,0.5193650445971798,7.269249805999607,100000,0
jSO,F16,10,33,0.0009492735819094378,7.302917858000001,100000,0
jSO,F16,10,34,0.0006680294948182564,7.292712862999906,100000,0
jSO,F16,10,35,0.019611809618254483,7.276747442999749,100000,0
jSO,F16,10,36,0.01991318775117179,7.317920473999948,100000,0
jSO,F16,10,37,0.23047003945816869,7.639895755999987,100000,0
jSO,F16,10,38,0.02001947361736711,7.300576224999986,100000,0
jSO,F16,10,39,0.3199218127995209,7.3375941950002925,100000,0
jSO,F16,10,40,0.06665792248145408,7.318962745000135,100000,0
jSO,F16,10,41,0.4426528391343254,7.234580532000109,100000,0
jSO,F16,10,42,0.02014288121745267,7.357388090999848,100000,0
jSO,F16,10,43,0.4172819139268995,7.598906321999948,100000,0
jSO,F16,10,44,0.0058366839562040695,7.321101206000094,100000,0
jSO,F16,10,45,0.22857754161168486,7.617795801000284,100000,0
jSO,F16,10,46,0.22869825214661432,7.601113206000264,100000,0
jSO,F16,10,47,0.0007104977348717512,7.292311513999721,100000,0
jSO,F16,10,48,0.023838028906993713,7.3030163570001605,100000,0
jSO,F16,10,49,0.002502090984989991,7.30225852600006,100000,0
jSO,F16,10,50,0.01963995009532482,7.380829512999753,100000,0
sepCMAES,F16,10,0,80.79287487555689,14.182820916999844,86871,0
sepCMAES,F16,10,1,1.3063604821338686,14.526359124999544,88331,0
sepCMAES,F16,10,2,0.6972882366803788,12.897558100999959,78231,0
sepCMAES,F16,10,3,435.0374836234296,15.104638927999986,89571,0
sepCMAES,F16,10,4,153.73974333294427,16.206677567000042,100000,0
sepCMAES,F16,10,5,145.33518589026994,16.67246479499954,100000,0
sepCMAES,F16,10,6,97.13916747687767,16.0946983799995,100000,0
sepCMAES,F16,10,7,0.07236948418881184,14.76608192600088,87951,0
sepCMAES,F16,10,8,6.0591849189361255,15.364471154000057,100000,0
sepCMAES,F16,10,9,125.35973445133186,16.3942881819994,100000,0
sepCMAES,F16,10,10,120.1781662411463,14.205090688999917,88731,0
sepCMAES,F16,10,11,0.7189094361285697,15.825450991999787,100000,0
sepCMAES,F16,10,12,0.30949919197860254,14.348826125999949,89611,0
sepCMAES,F16,10,13,122.3931601407719,15.746537808999165,100000,0
sepCMAES,F16,10,14,0.5769518792046711,13.114317671999743,78991,0
sepCMAES,F16,10,15,335.59072610174485,15.004990010000256,100000,0
sepCMAES,F16,10,16,70.90781822777785,16.423887282999203,100000,0
sepCMAES,F16,10,17,435.9847370368973,14.657105107000461,88961,0
sepCMAES,F16,10,18,233.76639821027607,11.905627118999291,70231,0
sepCMAES,F16,10,19,435.0133077580351,14.023307026000111,86951,0
sepCMAES,F16,10,20,440.4671619315627,12.757936971999698,76101,0
sepCMAES,F16,10,21,116.24181550782441,16.01871171000039,100000,0
sepCMAES,F16,10,22,396.6010922668361,12.805575690000296,74521,0
sepCMAES,F16,10,23,379.02834735274973,16.683155602000625,100000,0
sepCMAES,F16,10,24,11019.605985318603,10.461644070999682,59331,0
sepCMAES,F16,10,25,0.7978745241111938,16.264867706999212,100000,0
sepCMAES,F16,10,26,0.8840610361050949,15.096725980999508,100000,0
sepCMAES,F16,10,27,1.6787359246986853,15.905171464999512,100000,0
sepCMAES,F16,10,28,91.2368347539832,16.451806512000076,100000,0
sepCMAES,F16,10,29,435.00673933742996,14.919419335999919,90281,0
sepCMAES,F16,10,30,244.6611001756478,12.76157079800032,76091,0
sepCMAES,F16,10,31,13.700020221241857,16.27315784500024,100000,0
sepCMAES,F16,10,32,1.1613142640505885,16.201735364999877,100000,0
sepCMAES,F16,10,33,435.47980522389093,15.074896829999489,90851,0
sepCMAES,F16,10,34,4414.897619931187,9.999534196999775,59321,0
sepCMAES,F16,10,35,165.783069070902,16.62458688299921,100000,0
sepCMAES,F16,10,36,0.03753869920547004,16.06254809499933,100000,0
sepCMAES,F16,10,37,112.49707093918096,16.136103587000434,100000,0
sepCMAES,F16,10,38,0.7282175172108509,16.23143883100056,100000,0
sepCMAES,F16,10,39,74.84487059820981,15.966315544999816,100000,0
sepCMAES,F16,10,40,1.1153309975486536,15.443950748999669,100000,0
sepCMAES,F16,10,41,72.46090001915422,15.963703131999864,100000,0
sepCMAES,F16,10,42,365.831481935807,13.311625528999684,77581,0
sepCMAES,F16,10,43,0.5352562326836505,15.929206537000027,100000,0
sepCMAES,F16,10,44,0.6596471428215409,16.240068615999917,100000,0
sepCMAES,F16,10,45,233.07459910696866,16.7297497010004,100000,0
sepCMAES,F16,10,46,0.2843364172206293,16.447119967000617,98961,0
sepCMAES,F16,10,47,540.6312623073454,14.538871018999998,87901,0
sepCMAES,F16,10,48,436.187036482298,9.359114953000244,55231,0
sepCMAES,F16,10,49,165.1777713288816,16.410162060999937,100000,0
sepCMAES,F16,10,50,60.42351383844198,15.768002896000326,100000,0
BIPOP_CMAES,F17,10,0,21.326861657533982,28.803092616999493,100000,0
BIPOP_CMAES,F17,10,1,26.07353414783165,27.955534888999864,100000,0
BIPOP_CMAES,F17,10,2,25.454662929950928,26.78777190999972,100000,0
BIPOP_CMAES,F17,10,3,21.483059079244867,27.743538273000013,100000,0
BIPOP_CMAES,F17,10,4,23.272317589297018,27.026270159999513,100000,0
BIPOP_CMAES,F17,10,5,0.12437460455566907,27.521645372999956,100000,0
BIPOP_CMAES,F17,10,6,22.483151723466563,27.056200966000688,100000,0
BIPOP_CMAES,F17,10,7,2.925342306685934,26.95288227400033,100000,0
BIPOP_CMAES,F17,10,8,33.02500341592258,27.71110166699964,100000,0
BIPOP_CMAES,F17,10,9,24.136062942569197,27.387813502000427,100000,0
BIPOP_CMAES,F17,10,10,25.68032046707799,27.160760574999586,100000,0
BIPOP_CMAES,F17,10,11,25.4995658274579,28.080989486000362,100000,0
BIPOP_CMAES,F17,10,12,22.844528229785055,27.498904488000335,100000,0
BIPOP_CMAES,F17,10,13,22.852733744285842,27.704773247999583,100000,0
BIPOP_CMAES,F17,10,14,20.97893827481448,28.027849224999954,100000,0
BIPOP_CMAES,F17,10,15,12.963945945992464,27.29317838999941,100000,0
BIPOP_CMAES,F17,10,16,44.65903934823018,26.33173948900003,100000,0
BIPOP_CMAES,F17,10,17,17.525484966993872,26.56862924699999,100000,0
BIPOP_CMAES,F17,10,18,15.632769260819941,26.505616469000415,100000,0
BIPOP_CMAES,F17,10,19,21.609416954319386,27.446053959999517,100000,0
BIPOP_CMAES,F17,10,20,48.50902115167082,29.199464485000135,100000,0
BIPOP_CMAES,F17,10,21,22.080489086924445,26.975172389999898,100000,0
BIPOP_CMAES,F17,10,22,24.621034853000083,28.579930967999644,100000,0
BIPOP_CMAES,F17,10,23,22.11165965063742,27.024626823999824,100000,0
BIPOP_CMAES,F17,10,24,25.608682258592353,27.65121785700012,100000,0
BIPOP_CMAES,F17,10,25,21.25144056774957,28.357742114999382,100000,0
BIPOP_CMAES,F17,10,26,22.27598380275049,27.05034703399997,100000,0
BIPOP_CMAES,F17,10,27,26.213422130482968,28.091496755999287,100000,0
BIPOP_CMAES,F17,10,28,22.118158883323076,27.618256424999345,100000,0
BIPOP_CMAES,F17,10,29,21.99300216093752,27.68975244000012,100000,0
BIPOP_CMAES,F17,10,30,23.297050530667775,27.853895141000066,100000,0
BIPOP_CMAES,F17,10,31,27.564329913111123,29.53746948599928,100000,0
BIPOP_CMAES,F17,10,32,21.63615666581927,27.55887678900035,100000,0
BIPOP_CMAES,F17,10,33,1.0738764335731048,27.518968862999827,100000,0
BIPOP_CMAES,F17,10,34,12.927608353936193,27.96101360600005,100000,0
BIPOP_CMAES,F17,10,35,20.121129363498994,27.885115084000063,100000,0
BIPOP_CMAES,F17,10,36,22.395834558010847,28.747930271999394,100000,0
BIPOP_CMAES,F17,10,37,25.224461292811156,27.395772046000275,100000,0
BIPOP_CMAES,F17,10,38,28.370482377272083,28.11162745599995,100000,0
BIPOP_CMAES,F17,10,39,20.99494995130567,27.257707705999564,100000,0
BIPOP_CMAES,F17,10,40,26.334742184877086,28.14017802699982,100000,0
BIPOP_CMAES,F17,10,41,20.4798645747303,27.379825609999898,100000,0
BIPOP_CMAES,F17,10,42,22.00964665794686,26.68292883600043,100000,0
BIPOP_CMAES,F17,10,43,24.339297444109206,27.28134617700016,100000,0
BIPOP_CMAES,F17,10,44,23.258522536042392,27.747884671000065,100000,0
BIPOP_CMAES,F17,10,45,25.74200976279758,29.383014064000236,100000,0
BIPOP_CMAES,F17,10,46,21.241573943898402,27.873160940999696,100000,0
BIPOP_CMAES,F17,10,47,25.880271531513245,28.203490500999578,100000,0
BIPOP_CMAES,F17,10,48,21.665756752188372,26.609764604999327,100000,0
BIPOP_CMAES,F17,10,49,24.236312142978704,28.976953774999856,100000,0
BIPOP_CMAES,F17,10,50,21.46983610326447,26.995220648999748,100000,0
CMAES,F17,10,0,24.909860897896124,30.641108406000058,100000,0
CMAES,F17,10,1,24.278522044364763,30.647213960000954,100000,0
CMAES,F17,10,2,38.31190616880508,18.92976969800111,58961,0
CMAES,F17,10,3,54.58424805624145,31.226860414999464,100000,0
CMAES,F17,10,4,20.72006014400972,30.479350121999232,100000,0
CMAES,F17,10,5,23.80134680563856,30.565998194000713,100000,0
CMAES,F17,10,6,22.302093454813303,31.146096035001392,100000,0
CMAES,F17,10,7,21.474831445679,31.442651137998837,100000,0
CMAES,F17,10,8,24.984710703014798,30.48069744700115,100000,0
CMAES,F17,10,9,20.994959131179712,30.44883237400063,100000,0
CMAES,F17,10,10,25.156375438948317,31.313916621998942,100000,0
CMAES,F17,10,11,20.575042211588652,30.518175365999923,100000,0
CMAES,F17,10,12,22.16029432784171,30.562399087999438,100000,0
CMAES,F17,10,13,24.6472058884533,30.406490657000177,100000,0
CMAES,F17,10,14,23.376495667747804,31.25544115900084,100000,0
CMAES,F17,10,15,22.483151808783987,30.458658532999834,100000,0
CMAES,F17,10,16,21.982019520260565,30.544452259000536,100000,0
CMAES,F17,10,17,27.89286418781694,30.581875284999114,100000,0
CMAES,F17,10,18,21.444471766856395,30.73263283900087,100000,0
CMAES,F17,10,19,21.803862142355,30.259183934000248,100000,0
CMAES,F17,10,20,22.939233878525783,30.87696350999977,100000,0
CMAES,F17,10,21,22.2786783918707,31.28207230999942,100000,0
CMAES,F17,10,22,21.963342052569715,30.868407549998665,100000,0
CMAES,F17,10,23,22.039238802417458,30.384907717001624,100000,0
CMAES,F17,10,24,25.142489717280114,30.640512769999987,100000,0
CMAES,F17,10,25,21.63616273494881,30.783849591000035,100000,0
CMAES,F17,10,26,21.359951971135615,30.03194726900074,100000,0
CMAES,F17,10,27,25.645587939279267,30.68699574799939,100000,0
CMAES,F17,10,28,22.984874108901295,30.829944147000788,100000,0
CMAES,F17,10,29,30.296196679116292,31.05705238900009,100000,0
CMAES,F17,10,30,26.5285393659874,31.152798908000477,100000,0
CMAES,F17,10,31,23.453871012551645,30.914260595998712,100000,0
CMAES,F17,10,32,22.98624996782405,30.464866553998945,100000,0
CMAES,F17,10,33,29.97892854352017,30.600870543999918,100000,0
CMAES,F17,10,34,30.189359404859033,30.465574604999347,100000,0
CMAES,F17,10,35,30.372289216767967,31.240784170999177,100000,0
CMAES,F17,10,36,24.342705647206458,31.134704377998787,100000,0
CMAES,F17,10,37,22.986250067482615,30.57316703000106,100000,0
CMAES,F17,10,38,25.099165165647264,31.484923821999473,100000,0
CMAES,F17,10,39,22.009647730822962,31.140154847000304,100000,0
CMAES,F17,10,40,25.262238528548778,30.63725494800019,100000,0
CMAES,F17,10,41,22.009647581566924,31.13612060899868,100000,0
CMAES,F17,10,42,31.41487651049033,30.818392709999898,100000,0
CMAES,F17,10,43,24.2264481317186,30.29227628300032,100000,0
CMAES,F17,10,44,25.462902778494254,30.961394230000224,100000,0
CMAES,F17,10,45,21.359951935056415,31.97918793200006,100000,0
CMAES,F17,10,46,23.358985392111663,31.969967706998432,100000,0
CMAES,F17,10,47,32.271395292158104,30.625113368998427,100000,0
CMAES,F17,10,48,38.274195462448006,30.72792877900065,100000,0
CMAES,F17,10,49,24.333171054624245,31.329681674000312,100000,0
CMAES,F17,10,50,26.068394941223687,30.556513572000767,100000,0
IPOP_CMAES,F17,10,0,21.116700626902002,30.38667766599974,100000,0
IPOP_CMAES,F17,10,1,23.458549551836768,26.477262565000274,100000,0
IPOP_CMAES,F17,10,2,21.044282065623747,26.77101753199986,100000,0
IPOP_CMAES,F17,10,3,22.472108194534712,26.278289724999922,100000,0
IPOP_CMAES,F17,10,4,22.032052600156703,27.381945799999812,100000,0
IPOP_CMAES,F17,10,5,24.20356450870986,26.79380254500029,100000,0
IPOP_CMAES,F17,10,6,22.246399592019998,27.202045244000146,100000,0
IPOP_CMAES,F17,10,7,26.114817683751653,27.870220306999727,100000,0
IPOP_CMAES,F17,10,8,30.119793373128005,27.55279758100005,100000,0
IPOP_CMAES,F17,10,9,24.99120014727191,27.028912921000483,100000,0
IPOP_CMAES,F17,10,10,22.716416674947368,26.217547797000407,100000,0
IPOP_CMAES,F17,10,11,25.376961047574696,26.292411321000145,100000,0
IPOP_CMAES,F17,10,12,25.06536124272793,25.84746768400055,100000,0
IPOP_CMAES,F17,10,13,20.175939247181304,26.9084993689994,100000,0
IPOP_CMAES,F17,10,14,21.569665110268033,27.86446112500016,100000,0
IPOP_CMAES,F17,10,15,19.659307777657887,26.440359962000002,100000,0
IPOP_CMAES,F17,10,16,27.754356758356835,27.79292098699989,100000,0
IPOP_CMAES,F17,10,17,22.75668038577146,27.157358538000153,100000,0
IPOP_CMAES,F17,10,18,22.040614271769073,27.234983539000496,100000,0
IPOP_CMAES,F17,10,19,26.698506674523287,26.055966298000385,100000,0
IPOP_CMAES,F17,10,20,25.306692708056516,27.046280565000416,100000,0
IPOP_CMAES,F17,10,21,19.796015548196237,26.516918752000493,100000,0
IPOP_CMAES,F17,10,22,22.972889082308484,27.247116900999572,100000,0
IPOP_CMAES,F17,10,23,22.118158856340642,26.64241618899996,100000,0
IPOP_CMAES,F17,10,24,21.948336011495485,26.04284543400081,100000,0
IPOP_CMAES,F17,10,25,22.874242633505673,28.38233224600117,100000,0
IPOP_CMAES,F17,10,26,22.50288105546383,26.883092144998955,100000,0
IPOP_CMAES,F17,10,27,21.326861661004386,26.54931830700116,100000,0
IPOP_CMAES,F17,10,28,22.009647458544123,27.636689584000123,100000,0
IPOP_CMAES,F17,10,29,22.005136312721106,26.38355900100032,100000,0
IPOP_CMAES,F17,10,30,23.075447237675235,26.113946102999762,100000,0
IPOP_CMAES,F17,10,31,22.660692557349876,26.53043378000075,100000,0
IPOP_CMAES,F17,10,32,24.1080717397615,26.332155660000353,100000,0
IPOP_CMAES,F17,10,33,25.96919127401179,25.727922829000818,100000,0
IPOP_CMAES,F17,10,34,23.004606515739624,26.65295576599965,100000,0
IPOP_CMAES,F17,10,35,23.346797796743203,25.23717877600029,100000,0
IPOP_CMAES,F17,10,36,24.888758803450855,27.214937529999588,100000,0
IPOP_CMAES,F17,10,37,29.449067997641578,27.32898736900097,100000,0
IPOP_CMAES,F17,10,38,24.966130615052407,27.423128250000445,100000,0
IPOP_CMAES,F17,10,39,26.51813401861591,26.29562807900038,100000,0
IPOP_CMAES,F17,10,40,25.595738220770954,25.896111492000273,100000,0
IPOP_CMAES,F17,10,41,21.517786522195365,26.56514344900097,100000,0
IPOP_CMAES,F17,10,42,29.35423137231487,27.44266447100017,100000,0
IPOP_CMAES,F17,10,43,24.42006685670526,26.80552388599972,100000,0
IPOP_CMAES,F17,10,44,23.083079893461218,27.93095305099996,100000,0
IPOP_CMAES,F17,10,45,23.140308551372755,27.06359634799992,100000,0
IPOP_CMAES,F17,10,46,21.116700592106326,26.035763310999755,100000,0
IPOP_CMAES,F17,10,47,21.068158873854827,26.07656665399918,100000,0
IPOP_CMAES,F17,10,48,23.36406659142267,26.715268734000347,100000,0
IPOP_CMAES,F17,10,49,22.14562941340614,27.01713498600111,100000,0
IPOP_CMAES,F17,10,50,28.13722645493567,27.291195286999937,100000,0
L-SHADE-DGR,F17,10,0,20.223891800892034,20.252891887000004,100000,0
L-SHADE-DGR,F17,10,1,3.736462372665983,20.093874623000005,100000,0
L-SHADE-DGR,F17,10,2,20.067235774672326,20.175974784999994,100000,0
L-SHADE-DGR,F17,10,3,20.721015798644657,20.576595335999997,100000,0
L-SHADE-DGR,F17,10,4,20.815943333545874,20.431591755,100000,0
L-SHADE-DGR,F17,10,5,1.0051169334078622,19.968649048999993,100000,0
L-SHADE-DGR,F17,10,6,20.39584192985808,19.909159912000007,100000,0
L-SHADE-DGR,F17,10,7,20.039686876728638,19.89545449100001,100000,0
L-SHADE-DGR,F17,10,8,20.07975303968624,19.964674780999985,100000,0
L-SHADE-DGR,F17,10,9,237.13966939061902,19.932072694999988,100000,0
L-SHADE-DGR,F17,10,10,237.1879638011501,19.908694576000016,100000,0
L-SHADE-DGR,F17,10,11,8.128627041129675,19.870942721999995,100000,0
L-SHADE-DGR,F17,10,12,20.425125712334193,20.40323983600001,100000,0
L-SHADE-DGR,F17,10,13,21.39285752028468,19.702907600999993,100000,0
L-SHADE-DGR,F17,10,14,20.283894189816237,19.788612521000005,100000,0
L-SHADE-DGR,F17,10,15,232.94486590765882,19.87675747100002,100000,0
L-SHADE-DGR,F17,10,16,4.2732838626707235,19.89824705000001,100000,0
L-SHADE-DGR,F17,10,17,20.56056614767317,20.41249735400004,100000,0
L-SHADE-DGR,F17,10,18,20.054321228405797,19.866978027000016,100000,0
L-SHADE-DGR,F17,10,19,5.233007084955261,20.461882892999995,100000,0
L-SHADE-DGR,F17,10,20,3.195066306280296,19.90280663499999,100000,0
L-SHADE-DGR,F17,10,21,21.275968816111117,19.758505961000083,100000,0
L-SHADE-DGR,F17,10,22,4.104143085731039,19.77518477400008,100000,0
L-SHADE-DGR,F17,10,23,5.535413907253087,19.85763211199992,100000,0
L-SHADE-DGR,F17,10,24,20.468799178855534,19.776548216000037,100000,0
L-SHADE-DGR,F17,10,25,5.2789097660984226,19.720996678000006,100000,0
L-SHADE-DGR,F17,10,26,21.02612924659411,19.807015277000005,100000,0
L-SHADE-DGR,F17,10,27,2.6858834648617176,19.63476060800008,100000,0
L-SHADE-DGR,F17,10,28,20.359264115309543,19.715827210000043,100000,0
L-SHADE-DGR,F17,10,29,20.34238738439967,19.75780008600009,100000,0
L-SHADE-DGR,F17,10,30,20.375021886973173,19.73698954500003,100000,0
L-SHADE-DGR,F17,10,31,20.330681713366403,19.828652158999944,100000,0
L-SHADE-DGR,F17,10,32,20.34670306372186,20.261004319999984,100000,0
L-SHADE-DGR,F17,10,33,4.157083605457956,19.794615025999974,100000,0
L-SHADE-DGR,F17,10,34,1.2742305625170047,20.493581307,100000,0
L-SHADE-DGR,F17,10,35,20.670401754854765,20.429716568999993,100000,0
L-SHADE-DGR,F17,10,36,1.0317840925717974,19.841486712999995,100000,0
L-SHADE-DGR,F17,10,37,20.788894820914948,20.410802031999992,100000,0
L-SHADE-DGR,F17,10,38,20.20975674621468,19.75920461399994,100000,0
L-SHADE-DGR,F17,10,39,22.432218143663476,19.814193369999998,100000,0
L-SHADE-DGR,F17,10,40,21.346561580169464,20.340664818999926,100000,0
L-SHADE-DGR,F17,10,41,21.12204568849893,19.79319108100003,100000,0
L-SHADE-DGR,F17,10,42,1.4865901691491672,19.757086763000075,100000,0
L-SHADE-DGR,F17,10,43,20.57990371902747,19.754347142999904,100000,0
L-SHADE-DGR,F17,10,44,20.481141933493973,19.74501769599999,100000,0
L-SHADE-DGR,F17,10,45,20.017238503258113,19.711596057000065,100000,0
L-SHADE-DGR,F17,10,46,20.234073960546993,19.67112747200008,100000,0
L-SHADE-DGR,F17,10,47,20.845996829004207,19.796663309999985,100000,0
L-SHADE-DGR,F17,10,48,20.110661211520664,19.767731930999844,100000,0
L-SHADE-DGR,F17,10,49,20.249662607124492,19.800040283000044,100000,0
L-SHADE-DGR,F17,10,50,5.879655666902181,19.959816848999935,100000,0
LSHADE,F17,10,0,21.227419568161622,18.65726796400031,100000,0
LSHADE,F17,10,1,20.877244503511292,18.512559762999445,100000,0
LSHADE,F17,10,2,6.458760268069,18.733641044999786,100000,0
LSHADE,F17,10,3,21.164531055583893,18.482100115999856,100000,0
LSHADE,F17,10,4,9.71964377681843,18.69533980199958,100000,0
LSHADE,F17,10,5,5.534304029707528,18.50377277699954,100000,0
LSHADE,F17,10,6,22.124802464780032,18.53880091100018,100000,0
LSHADE,F17,10,7,18.422212568435043,18.725067791000583,100000,0
LSHADE,F17,10,8,10.957215142395626,18.65514497699951,100000,0
LSHADE,F17,10,9,16.244193226175184,18.69839981699988,100000,0
LSHADE,F17,10,10,21.379016287697368,18.68981992999943,100000,0
LSHADE,F17,10,11,21.796884780103255,18.5874637550005,100000,0
LSHADE,F17,10,12,17.088564598093626,18.68599999700018,100000,0
LSHADE,F17,10,13,18.21645826177746,18.51397707399974,100000,0
LSHADE,F17,10,14,19.832749476390518,18.708617966999554,100000,0
LSHADE,F17,10,15,14.913152246736445,18.57874167600039,100000,0
LSHADE,F17,10,16,21.89655735742099,18.661877918000755,100000,0
LSHADE,F17,10,17,21.53160292917096,18.55020491799951,100000,0
LSHADE,F17,10,18,21.12469178131414,18.64634996999939,100000,0
LSHADE,F17,10,19,20.93898910743883,18.697712225999567,100000,0
LSHADE,F17,10,20,12.110301867493718,18.68096869600049,100000,0
LSHADE,F17,10,21,21.84918469169861,18.500280105000456,100000,0
LSHADE,F17,10,22,20.10154224524308,18.659476376000384,100000,0
LSHADE,F17,10,23,21.015535719297077,18.624356531000558,100000,0
LSHADE,F17,10,24,21.260905564445693,18.62808298500022,100000,0
LSHADE,F17,10,25,7.817335301137973,18.544084763999308,100000,0
LSHADE,F17,10,26,20.583622980745076,18.734109336000074,100000,0
LSHADE,F17,10,27,20.90712325678669,18.542368358000203,100000,0
LSHADE,F17,10,28,9.975761810885842,18.467191345000174,100000,0
LSHADE,F17,10,29,21.252971223419763,18.510194401999797,100000,0
LSHADE,F17,10,30,12.161526780928853,18.594211421000182,100000,0
LSHADE,F17,10,31,20.752757101148745,18.616247697999825,100000,0
LSHADE,F17,10,32,8.201355207522283,18.72407492399998,100000,0
LSHADE,F17,10,33,21.332417388429576,18.567753944000287,100000,0
LSHADE,F17,10,34,20.783987855023497,18.683272831000068,100000,0
LSHADE,F17,10,35,21.268049094488333,18.65402184800041,100000,0
LSHADE,F17,10,36,18.21316644801277,18.615277515000344,100000,0
LSHADE,F17,10,37,10.546517103908855,19.280871896000463,100000,0
LSHADE,F17,10,38,12.231927445047859,18.582558093000443,100000,0
LSHADE,F17,10,39,7.4718033827682575,18.591849483999795,100000,0
LSHADE,F17,10,40,6.256100053228465,18.616359843000282,100000,0
LSHADE,F17,10,41,21.236702177312736,18.59698854599992,100000,0
LSHADE,F17,10,42,21.875583030279813,18.634972496000046,100000,0
LSHADE,F17,10,43,8.347658937444976,18.6065794189999,100000,0
LSHADE,F17,10,44,21.495845337894934,18.68180011000004,100000,0
LSHADE,F17,10,45,21.264055049100534,18.613007216999904,100000,0
LSHADE,F17,10,46,16.791860540730795,18.575645674999578,100000,0
LSHADE,F17,10,47,9.445624911810228,18.74694457500027,100000,0
LSHADE,F17,10,48,21.218891878902923,18.544414169999982,100000,0
LSHADE,F17,10,49,21.52062409270411,18.466454086999875,100000,0
LSHADE,F17,10,50,0.9949590570934106,18.565467262999846,100000,0
TEMOA_V10,F17,10,0,22.165857355564413,20.67378673799999,100000,0
TEMOA_V10,F17,10,1,22.591662365986622,20.772080482000092,100000,0
TEMOA_V10,F17,10,2,4.062564374616613,21.169171205999874,100000,0
TEMOA_V10,F17,10,3,20.175818386829178,20.747278670000014,100000,0
TEMOA_V10,F17,10,4,22.400738090486357,21.22357021400012,100000,0
TEMOA_V10,F17,10,5,21.01468840121538,20.674221926999962,100000,0
TEMOA_V10,F17,10,6,25.152354344163086,20.701991760000055,100000,0
TEMOA_V10,F17,10,7,25.411338108171094,21.369404644999804,100000,0
TEMOA_V10,F17,10,8,239.25396210552344,20.620655114999863,100000,0
TEMOA_V10,F17,10,9,21.281034204630714,20.698242252,100000,0
TEMOA_V10,F17,10,10,436.9422396116952,20.602563431000135,100000,0
TEMOA_V10,F17,10,11,238.6278570321556,20.619397617000004,100000,0
TEMOA_V10,F17,10,12,21.014688401116928,20.655286631999843,100000,0
TEMOA_V10,F17,10,13,19.99999999999841,20.69281094200005,100000,0
TEMOA_V10,F17,10,14,21.119330495918575,20.685760740999967,100000,0
TEMOA_V10,F17,10,15,22.187209269651476,20.685161897999933,100000,0
TEMOA_V10,F17,10,16,243.75062233481003,20.632405394999978,100000,0
TEMOA_V10,F17,10,17,21.04428241478513,20.688333269000168,100000,0
TEMOA_V10,F17,10,18,22.029420212190416,20.725529070999983,100000,0
TEMOA_V10,F17,10,19,22.11429271827842,20.67219761199999,100000,0
TEMOA_V10,F17,10,20,242.11445963462802,20.61363395400008,100000,0
TEMOA_V10,F17,10,21,22.49938481598997,21.346609918000013,100000,0
TEMOA_V10,F17,10,22,21.465109087312612,21.307813673000055,100000,0
TEMOA_V10,F17,10,23,21.326861647620944,21.23468559899993,100000,0
TEMOA_V10,F17,10,24,21.4057790333934,21.174879288000056,100000,0
TEMOA_V10,F17,10,25,21.32686165709265,21.241946900999892,100000,0
TEMOA_V10,F17,10,26,238.30232787172417,20.648482311999942,100000,0
TEMOA_V10,F17,10,27,22.562069083889128,20.630071831999885,100000,0
TEMOA_V10,F17,10,28,22.39266156645772,21.341423536000093,100000,0
TEMOA_V10,F17,10,29,21.26274668607084,21.325951151000027,100000,0
TEMOA_V10,F17,10,30,238.18395180731886,20.774968484000055,100000,0
TEMOA_V10,F17,10,31,20.0789173763892,20.696446758999855,100000,0
TEMOA_V10,F17,10,32,21.004865064158366,20.591012990999843,100000,0
TEMOA_V10,F17,10,33,1.3599519182462245,20.672255424000014,100000,0
TEMOA_V10,F17,10,34,20.00992042886992,20.587273057999937,100000,0
TEMOA_V10,F17,10,35,23.379464048567115,20.61891037600003,100000,0
TEMOA_V10,F17,10,36,20.568641918665435,21.100410296000064,100000,0
TEMOA_V10,F17,10,37,22.325316961284216,20.564353657999845,100000,0
TEMOA_V10,F17,10,38,21.42887384632695,21.221184346999962,100000,0
TEMOA_V10,F17,10,39,22.984877171251583,20.492400488000158,100000,0
TEMOA_V10,F17,10,40,22.114292689087506,20.5980041360001,100000,0
TEMOA_V10,F17,10,41,22.48315169516286,20.528687922000017,100000,0
TEMOA_V10,F17,10,42,21.40577777336489,21.17411155800005,100000,0
TEMOA_V10,F17,10,43,24.467922701186808,21.178632998000012,100000,0
TEMOA_V10,F17,10,44,22.111659647504894,20.6153671269999,100000,0
TEMOA_V10,F17,10,45,238.25636998110917,20.58650710699976,100000,0
TEMOA_V10,F17,10,46,22.400738090484992,21.129159817999607,100000,0
TEMOA_V10,F17,10,47,2.1181588506417484,20.67818530400018,100000,0
TEMOA_V10,F17,10,48,7.628263772832497,20.57506735400011,100000,0
TEMOA_V10,F17,10,49,20.01972934412197,20.605163360999995,100000,0
TEMOA_V10,F17,10,50,20.39458687712431,20.65084961399998,100000,0
TEMOA_V11,F17,10,0,20.43726111896831,20.24911766299965,100000,0
TEMOA_V11,F17,10,1,21.047382518288714,19.841489885999636,100000,0
TEMOA_V11,F17,10,2,20.182574549158744,19.872379951000312,100000,0
TEMOA_V11,F17,10,3,20.47224554754189,20.36185046699984,100000,0
TEMOA_V11,F17,10,4,4.474099059816581,19.84695568899997,100000,0
TEMOA_V11,F17,10,5,20.252986962279692,19.756162989999666,100000,0
TEMOA_V11,F17,10,6,20.208842393911027,19.80849025999987,100000,0
TEMOA_V11,F17,10,7,20.176539987377737,19.741043874999832,100000,0
TEMOA_V11,F17,10,8,21.203678814328214,19.838101709000057,100000,0
TEMOA_V11,F17,10,9,20.171423899082583,19.80733283599966,100000,0
TEMOA_V11,F17,10,10,0.0990161940148937,19.72032259100024,100000,0
TEMOA_V11,F17,10,11,21.4311468548608,20.473934855999687,100000,0
TEMOA_V11,F17,10,12,20.75943154353581,19.97304777699992,100000,0
TEMOA_V11,F17,10,13,21.05738947847658,20.584972472000118,100000,0
TEMOA_V11,F17,10,14,20.20681907522885,19.883397760999742,100000,0
TEMOA_V11,F17,10,15,20.58095537036138,19.790373362000082,100000,0
TEMOA_V11,F17,10,16,237.36359170074047,19.72435088100019,100000,0
TEMOA_V11,F17,10,17,20.178016840055307,19.827758423999967,100000,0
TEMOA_V11,F17,10,18,21.38435889435823,20.454902880999725,100000,0
TEMOA_V11,F17,10,19,9.75050912623874,19.766454500000236,100000,0
TEMOA_V11,F17,10,20,4.310036374047286,19.838224811000146,100000,0
TEMOA_V11,F17,10,21,20.32676045726498,19.78394438300029,100000,0
TEMOA_V11,F17,10,22,20.222272418192915,19.830502801999955,100000,0
TEMOA_V11,F17,10,23,20.115882796203778,19.971618702999876,100000,0
TEMOA_V11,F17,10,24,15.506912436366065,19.87973602799957,100000,0
TEMOA_V11,F17,10,25,5.450833265872689,20.011835888000405,100000,0
TEMOA_V11,F17,10,26,21.446035792848534,20.09091343099999,100000,0
TEMOA_V11,F17,10,27,20.19934098975864,19.81111111400014,100000,0
TEMOA_V11,F17,10,28,20.611914097855333,19.810249895999732,100000,0
TEMOA_V11,F17,10,29,237.49107583198156,19.85068266799999,100000,0
TEMOA_V11,F17,10,30,2.7187709399113373,20.37926913199999,100000,0
TEMOA_V11,F17,10,31,1.3040466379204645,19.977716552000402,100000,0
TEMOA_V11,F17,10,32,1.8571795138520883,19.82710325500011,100000,0
TEMOA_V11,F17,10,33,21.21977075190216,19.922783369999706,100000,0
TEMOA_V11,F17,10,34,20.75043845657342,19.940533240999684,100000,0
TEMOA_V11,F17,10,35,20.622594360427456,19.835624672999984,100000,0
TEMOA_V11,F17,10,36,20.02033895385216,20.093420444999992,100000,0
TEMOA_V11,F17,10,37,20.308759835017554,19.854832160000115,100000,0
TEMOA_V11,F17,10,38,20.034804367604693,19.858556212000167,100000,0
TEMOA_V11,F17,10,39,20.175943311961646,20.043506200000138,100000,0
TEMOA_V11,F17,10,40,237.23787385888522,19.80994115300018,100000,0
TEMOA_V11,F17,10,41,20.363254492555143,19.852541153999937,100000,0
TEMOA_V11,F17,10,42,20.014623429794938,19.841759883000122,100000,0
TEMOA_V11,F17,10,43,237.92176867528724,19.938534776000324,100000,0
TEMOA_V11,F17,10,44,2.5898509947421644,19.907720166999752,100000,0
TEMOA_V11,F17,10,45,20.488113015239833,20.341446011000244,100000,0
TEMOA_V11,F17,10,46,8.304192143168393,19.837421059000008,100000,0
TEMOA_V11,F17,10,47,238.00551764891725,19.72477190799964,100000,0
TEMOA_V11,F17,10,48,20.98292701104947,20.36719451199997,100000,0
TEMOA_V11,F17,10,49,20.816974340287743,20.015216781000163,100000,0
TEMOA_V11,F17,10,50,20.855237465619666,20.470049396000377,100000,0
TEMOA_V12,F17,10,0,21.399603748954632,20.387441322000086,100000,0
TEMOA_V12,F17,10,1,238.41617935179306,19.82480901300005,100000,0
TEMOA_V12,F17,10,2,5.121804836667025,19.93511850899995,100000,0
TEMOA_V12,F17,10,3,20.81569599635236,20.46244147599964,100000,0
TEMOA_V12,F17,10,4,2.422111300279539,20.384336745999917,100000,0
TEMOA_V12,F17,10,5,21.17526813280415,19.891709598000034,100000,0
TEMOA_V12,F17,10,6,20.12174659347761,19.906531119000192,100000,0
TEMOA_V12,F17,10,7,20.436388241962504,19.76426278100007,100000,0
TEMOA_V12,F17,10,8,5.460417769506876,19.827744965999955,100000,0
TEMOA_V12,F17,10,9,20.384755235962302,19.868085492999853,100000,0
TEMOA_V12,F17,10,10,20.132875100521233,19.769426098000167,100000,0
TEMOA_V12,F17,10,11,20.9253021195193,19.84916833899979,100000,0
TEMOA_V12,F17,10,12,2.71967011952961,20.369607133000045,100000,0
TEMOA_V12,F17,10,13,20.178460148664726,19.858409722000033,100000,0
TEMOA_V12,F17,10,14,20.77526174591958,19.705290334999972,100000,0
TEMOA_V12,F17,10,15,20.809567822453346,20.263783277999664,100000,0
TEMOA_V12,F17,10,16,21.233191260364492,19.769964095999967,100000,0
TEMOA_V12,F17,10,17,237.35934823450862,19.68739161600024,100000,0
TEMOA_V12,F17,10,18,20.48856489246873,19.68403025600037,100000,0
TEMOA_V12,F17,10,19,23.349765142059596,19.99475534000021,100000,0
TEMOA_V12,F17,10,20,20.57958636809508,20.444703385999674,100000,0
TEMOA_V12,F17,10,21,17.197547798931282,19.658907198999714,100000,0
TEMOA_V12,F17,10,22,20.189739680459297,19.695781400000214,100000,0
TEMOA_V12,F17,10,23,20.23658378911705,19.814092225999957,100000,0
TEMOA_V12,F17,10,24,20.590511741665296,19.790132062999874,100000,0
TEMOA_V12,F17,10,25,20.968229277169485,19.737655231999724,100000,0
TEMOA_V12,F17,10,26,20.615432882647838,20.240314151999883,100000,0
TEMOA_V12,F17,10,27,21.093040648916485,19.69976383200037,100000,0
TEMOA_V12,F17,10,28,20.291696351779365,19.640352915999756,100000,0
TEMOA_V12,F17,10,29,20.210839261729006,19.736464520000027,100000,0
TEMOA_V12,F17,10,30,20.576660376794734,19.66270997399988,100000,0
TEMOA_V12,F17,10,31,20.162664689847134,19.70101793499998,100000,0
TEMOA_V12,F17,10,32,0.48896122987275703,20.340690108000217,100000,0
TEMOA_V12,F17,10,33,20.176498102909363,19.76873298999999,100000,0
TEMOA_V12,F17,10,34,6.010089985531977,20.29538252500015,100000,0
TEMOA_V12,F17,10,35,5.1567243771141875,20.29154842099979,100000,0
TEMOA_V12,F17,10,36,2.6741775498051084,19.817157169999973,100000,0
TEMOA_V12,F17,10,37,237.3591817243646,19.581434313000045,100000,0
TEMOA_V12,F17,10,38,21.12190071894065,19.734088240000347,100000,0
TEMOA_V12,F17,10,39,20.634049754927446,19.675748395000028,100000,0
TEMOA_V12,F17,10,40,20.25453934347661,19.664407020999988,100000,0
TEMOA_V12,F17,10,41,20.384800110213064,19.719193156000074,100000,0
TEMOA_V12,F17,10,42,20.659006529089083,19.690554535000047,100000,0
TEMOA_V12,F17,10,43,6.892918684007327,19.771233102000224,100000,0
TEMOA_V12,F17,10,44,20.53114731880828,20.27496901199993,100000,0
TEMOA_V12,F17,10,45,21.70318888385259,19.6213416949995,100000,0
TEMOA_V12,F17,10,46,20.389012722227335,19.67018017999999,100000,0
TEMOA_V12,F17,10,47,6.052992683094317,20.352290301999346,100000,0
TEMOA_V12,F17,10,48,21.838541250264598,19.57918233700002,100000,0
TEMOA_V12,F17,10,49,20.698342448436733,20.281930937000652,100000,0
TEMOA_V12,F17,10,50,21.14771435029411,19.822015196999928,100000,0
jSO,F17,10,0,18.33767941050428,18.434768333000648,100000,0
jSO,F17,10,1,8.590246743395937,18.60326092000014,100000,0
jSO,F17,10,2,5.0782200386959175,18.311845695000557,100000,0
jSO,F17,10,3,5.626889751193403,18.559529656999985,100000,0
jSO,F17,10,4,8.313680529855219,18.49450852300015,100000,0
jSO,F17,10,5,6.73428200103649,18.55078048500036,100000,0
jSO,F17,10,6,21.969097271352666,18.395641357000386,100000,0
jSO,F17,10,7,6.097262624386531,18.443718206000085,100000,0
jSO,F17,10,8,20.544739390035375,18.525501464000627,100000,0
jSO,F17,10,9,10.2785297332955,18.449910855999406,100000,0
jSO,F17,10,10,16.611172430948272,18.33685536200028,100000,0
jSO,F17,10,11,8.846693300753486,18.4924228459995,100000,0
jSO,F17,10,12,21.36590134844141,18.34860924700024,100000,0
jSO,F17,10,13,8.016926282763507,18.46954569800073,100000,0
jSO,F17,10,14,7.228685506044712,18.51625662799961,100000,0
jSO,F17,10,15,21.059975073661008,18.35808571800044,100000,0
jSO,F17,10,16,18.169666770176264,18.410316167999554,100000,0
jSO,F17,10,17,21.976136835842908,18.645239561999915,100000,0
jSO,F17,10,18,21.107762166994462,18.422823675000473,100000,0
jSO,F17,10,19,6.922897446612296,18.590593947999878,100000,0
jSO,F17,10,20,7.548654852862455,18.57739047799987,100000,0
jSO,F17,10,21,20.729194750626675,18.637911320999592,100000,0
jSO,F17,10,22,20.692394710979897,18.45394690499961,100000,0
jSO,F17,10,23,21.286827913421803,18.61061981400053,100000,0
jSO,F17,10,24,21.315792619926242,18.41120110800057,100000,0
jSO,F17,10,25,21.126050943190194,18.53129808599988,100000,0
jSO,F17,10,26,5.589153092691049,18.42212988600022,100000,0
jSO,F17,10,27,10.32195017501158,18.472712236000007,100000,0
jSO,F17,10,28,21.060738125005855,18.41521271700003,100000,0
jSO,F17,10,29,5.309136334274626,18.443492377999974,100000,0
jSO,F17,10,30,7.892929022529643,18.52409918199919,100000,0
jSO,F17,10,31,20.842147660356886,18.555398447999323,100000,0
jSO,F17,10,32,21.333484468311553,18.498847793000095,100000,0
jSO,F17,10,33,21.503585785374753,18.559816271000273,100000,0
jSO,F17,10,34,20.435330033606306,18.531820731999687,100000,0
jSO,F17,10,35,22.223252424909106,18.516456529000607,100000,0
jSO,F17,10,36,5.194082279874465,18.561169655999947,100000,0
jSO,F17,10,37,8.34171687912044,18.55352162700001,100000,0
jSO,F17,10,38,5.756002232751825,18.353177705000235,100000,0
jSO,F17,10,39,20.654916719884568,18.471755194999787,100000,0
jSO,F17,10,40,20.496811968691645,18.478755023000303,100000,0
jSO,F17,10,41,6.28010050892135,18.36222473700036,100000,0
jSO,F17,10,42,7.082535127391338,18.533748091000234,100000,0
jSO,F17,10,43,12.510706669295132,18.45329529999981,100000,0
jSO,F17,10,44,8.013172897856293,18.529338545999963,100000,0
jSO,F17,10,45,13.68247131102703,18.593802035000408,100000,0
jSO,F17,10,46,20.634271782528913,18.542356920000202,100000,0
jSO,F17,10,47,20.969577825944725,18.546485834000123,100000,0
jSO,F17,10,48,8.263075266065243,18.400475794000158,100000,0
jSO,F17,10,49,5.7659654825552025,18.451142867999806,100000,0
jSO,F17,10,50,21.158187065549328,18.507064532000186,100000,0
sepCMAES,F17,10,0,33.39477894313404,28.649325860000317,100000,0
sepCMAES,F17,10,1,23.14041862002955,28.50119098899995,100000,0
sepCMAES,F17,10,2,25.58111535437274,28.639666471000965,100000,0
sepCMAES,F17,10,3,36.25309471098694,28.732302678999986,100000,0
sepCMAES,F17,10,4,129.40370108943557,29.23348016700038,100000,0
sepCMAES,F17,10,5,36.26128357187531,29.330012145999717,100000,0
sepCMAES,F17,10,6,73.18650277913866,28.801678422001714,100000,0
sepCMAES,F17,10,7,24.84782560128633,28.837777606999225,100000,0
sepCMAES,F17,10,8,401.3635300435783,29.178822263000256,100000,0
sepCMAES,F17,10,9,443.22171038469105,29.452991791000386,100000,0
sepCMAES,F17,10,10,23.694792126169887,28.217323342998498,100000,0
sepCMAES,F17,10,11,29.40873997323297,29.83932800799994,100000,0
sepCMAES,F17,10,12,541.7286906866493,28.774234206000983,100000,0
sepCMAES,F17,10,13,476.64936555161785,29.38915662999898,100000,0
sepCMAES,F17,10,14,41.38671768012841,28.51506019399858,100000,0
sepCMAES,F17,10,15,24.54965424772945,28.68477178499961,100000,0
sepCMAES,F17,10,16,86.02499468502015,28.3547239239997,100000,0
sepCMAES,F17,10,17,35.100682407726936,29.326179335001143,100000,0
sepCMAES,F17,10,18,26.714696265773682,28.946798660999775,100000,0
sepCMAES,F17,10,19,35.82097590705439,27.730835288999515,100000,0
sepCMAES,F17,10,20,89.86686515970678,28.430352217999825,100000,0
sepCMAES,F17,10,21,195.2736961722062,29.012315229001615,100000,0
sepCMAES,F17,10,22,218.73860328559454,28.95220730100118,100000,0
sepCMAES,F17,10,23,35.071696326001984,28.197635999998965,100000,0
sepCMAES,F17,10,24,73.52171934669354,28.664941117000126,100000,0
sepCMAES,F17,10,25,43.53319273304305,28.562323493000804,100000,0
sepCMAES,F17,10,26,592.0732506204863,28.018423436000376,100000,0
sepCMAES,F17,10,27,49.33600334488392,29.475845822998963,100000,0
sepCMAES,F17,10,28,29.82054854235048,28.245574380998733,100000,0
sepCMAES,F17,10,29,30.243481099403425,28.900151808000373,100000,0
sepCMAES,F17,10,30,176.54746503575893,29.330049972999404,100000,0
sepCMAES,F17,10,31,23.88478673020336,29.90599087299961,100000,0
sepCMAES,F17,10,32,300.44408522785807,29.61806789200091,100000,0
sepCMAES,F17,10,33,28.004744689814288,29.46026333699956,100000,0
sepCMAES,F17,10,34,102.28653101303644,28.629730569999083,100000,0
sepCMAES,F17,10,35,33.66669060396384,27.024026176000916,100000,0
sepCMAES,F17,10,36,450.4452735886716,27.775853056000415,100000,0
sepCMAES,F17,10,37,31.60383624098904,28.596378576999996,100000,0
sepCMAES,F17,10,38,418.4587676379822,29.4820564440015,100000,0
sepCMAES,F17,10,39,504.88867603622475,28.47471357900031,100000,0
sepCMAES,F17,10,40,26.862082290673698,29.154705134000324,100000,0
sepCMAES,F17,10,41,251.21234027046626,29.29002730100001,100000,0
sepCMAES,F17,10,42,93.33162707725592,28.601647793000666,100000,0
sepCMAES,F17,10,43,72.57376130671992,29.194224273000145,100000,0
sepCMAES,F17,10,44,247.55641852670533,29.69562171399957,100000,0
sepCMAES,F17,10,45,89.124274939094,27.66519024000081,100000,0
sepCMAES,F17,10,46,22.06577287432856,28.74749352500112,100000,0
sepCMAES,F17,10,47,25.878900806328602,29.318143002999932,100000,0
sepCMAES,F17,10,48,36.09998670026198,29.00708580799983,100000,0
sepCMAES,F17,10,49,50.72045394803604,29.721368781998535,100000,0
sepCMAES,F17,10,50,255.88885110788055,28.950984985000105,100000,0
BIPOP_CMAES,F18,10,0,20.478927618005855,14.735609503999967,100000,0
BIPOP_CMAES,F18,10,1,20.162054302176784,13.757038118999844,100000,0
BIPOP_CMAES,F18,10,2,20.233538524420737,13.04620298000009,100000,0
BIPOP_CMAES,F18,10,3,2.0980867018135996,14.764172757000097,100000,0
BIPOP_CMAES,F18,10,4,20.020665202489454,13.603568343000006,100000,0
BIPOP_CMAES,F18,10,5,19.999340153202184,13.550559720000138,100000,0
BIPOP_CMAES,F18,10,6,20.096342912919,14.419500584999923,100000,0
BIPOP_CMAES,F18,10,7,20.00147476278312,13.570613169999888,100000,0
BIPOP_CMAES,F18,10,8,20.189701935273888,12.752825600000051,100000,0
BIPOP_CMAES,F18,10,9,0.3855159014763103,13.77838030099997,100000,0
BIPOP_CMAES,F18,10,10,20.452319397677456,12.259997942999917,100000,0
BIPOP_CMAES,F18,10,11,0.49897447862826994,13.856319702000064,100000,0
BIPOP_CMAES,F18,10,12,1.2297848010332473,13.665619525000011,100000,0
BIPOP_CMAES,F18,10,13,19.97013443639389,13.44964760500011,100000,0
BIPOP_CMAES,F18,10,14,20.00035234508232,13.575181322999924,100000,0
BIPOP_CMAES,F18,10,15,20.475505118028195,13.243820146999951,100000,0
BIPOP_CMAES,F18,10,16,20.03076400830514,14.056584666000163,100000,0
BIPOP_CMAES,F18,10,17,20.05115771000942,13.136513567000065,100000,0
BIPOP_CMAES,F18,10,18,20.00513351373297,12.98628788699989,100000,0
BIPOP_CMAES,F18,10,19,1.1131176502149174,12.838474214999678,100000,0
BIPOP_CMAES,F18,10,20,20.165643584384497,12.86527278099993,100000,0
BIPOP_CMAES,F18,10,21,20.464642076754217,13.719799967999734,100000,0
BIPOP_CMAES,F18,10,22,20.46941518986978,13.459773795999808,100000,0
BIPOP_CMAES,F18,10,23,20.21697314198741,13.997802252999918,100000,0
BIPOP_CMAES,F18,10,24,21.32005347586164,14.384370644999763,100000,0
BIPOP_CMAES,F18,10,25,20.94905926941965,13.342469017999974,100000,0
BIPOP_CMAES,F18,10,26,20.2423651512172,13.129843728000196,100000,0
BIPOP_CMAES,F18,10,27,19.633682640604775,13.430450567000207,100000,0
BIPOP_CMAES,F18,10,28,20.7591003174889,14.104432061999887,100000,0
BIPOP_CMAES,F18,10,29,0.5000000000011369,12.282925420000083,100000,0
BIPOP_CMAES,F18,10,30,20.044429629382194,13.211972541999785,100000,0
BIPOP_CMAES,F18,10,31,20.368705961718433,13.142255345000194,100000,0
BIPOP_CMAES,F18,10,32,20.011500097055432,13.461972080000123,100000,0
BIPOP_CMAES,F18,10,33,21.12235144633746,14.176095192000048,100000,0
BIPOP_CMAES,F18,10,34,20.353713529583047,12.580286454000088,100000,0
BIPOP_CMAES,F18,10,35,21.232064934344635,13.013391455000146,100000,0
BIPOP_CMAES,F18,10,36,20.0613485138108,14.374088348999976,100000,0
BIPOP_CMAES,F18,10,37,20.480128165130736,13.018851758000437,100000,0
BIPOP_CMAES,F18,10,38,20.21821444348484,12.588483090999944,100000,0
BIPOP_CMAES,F18,10,39,20.403835659513334,12.905571627999961,100000,0
BIPOP_CMAES,F18,10,40,19.747692864581268,13.46842725400029,100000,0
BIPOP_CMAES,F18,10,41,20.44292859106349,13.128198906999842,100000,0
BIPOP_CMAES,F18,10,42,20.411846569662657,13.592589825000232,100000,0
BIPOP_CMAES,F18,10,43,20.01225569718008,12.955358344999695,100000,0
BIPOP_CMAES,F18,10,44,20.499999948047844,13.886934642999677,100000,0
BIPOP_CMAES,F18,10,45,20.467320876454323,13.060587588999624,100000,0
BIPOP_CMAES,F18,10,46,20.499885784765866,13.003684155999963,100000,0
BIPOP_CMAES,F18,10,47,20.40943233789767,13.452364897999814,100000,0
BIPOP_CMAES,F18,10,48,20.111235728612655,12.657792752000205,100000,0
BIPOP_CMAES,F18,10,49,19.995893060976414,14.062436465000246,100000,0
BIPOP_CMAES,F18,10,50,20.489088316318657,13.19600304200003,100000,0
CMAES,F18,10,0,20.073968125705278,16.22288517600009,100000,0
CMAES,F18,10,1,20.059590040411422,16.106839917999878,100000,0
CMAES,F18,10,2,21.061930436526154,16.527631457000098,100000,0
CMAES,F18,10,3,20.179405709034654,16.37296633899996,100000,0
CMAES,F18,10,4,21.154954561711975,15.973254758999701,100000,0
CMAES,F18,10,5,20.287015590401097,15.956287138999869,100000,0
CMAES,F18,10,6,20.383202796713476,16.08545293399993,100000,0
CMAES,F18,10,7,22.532030633155273,16.520839015000092,100000,0
CMAES,F18,10,8,20.06720685086316,16.618840986000123,100000,0
CMAES,F18,10,9,20.401058042604745,16.56176395700004,100000,0
CMAES,F18,10,10,19.997459341806007,16.095629244000065,100000,0
CMAES,F18,10,11,0.4317660416477338,15.860324538999976,100000,0
CMAES,F18,10,12,19.41224836843594,15.97643456500009,100000,0
CMAES,F18,10,13,21.128020607975714,16.059650068999872,100000,0
CMAES,F18,10,14,21.4663429203099,16.478739303999646,100000,0
CMAES,F18,10,15,21.472250689987277,16.518897479000316,100000,0
CMAES,F18,10,16,15.03002625269869,16.304730371000005,100000,0
CMAES,F18,10,17,18.956543198671625,15.897492419000173,100000,0
CMAES,F18,10,18,18.336366411083873,16.595069679000062,100000,0
CMAES,F18,10,19,19.998816391790797,15.905535472999873,100000,0
CMAES,F18,10,20,21.280681898549346,16.31959759099982,100000,0
CMAES,F18,10,21,21.07270214754817,16.457817837999755,100000,0
CMAES,F18,10,22,20.377058882035954,15.984315747999972,100000,0
CMAES,F18,10,23,21.00333572362615,16.62050399000009,100000,0
CMAES,F18,10,24,20.71272067042287,16.42475406800031,100000,0
CMAES,F18,10,25,20.097801655086414,15.954010824999841,100000,0
CMAES,F18,10,26,20.000952722547254,16.021674548000192,100000,0
CMAES,F18,10,27,20.207204951863332,16.64421486299989,100000,0
CMAES,F18,10,28,20.595349213612508,15.567624724000325,100000,0
CMAES,F18,10,29,20.96094360915845,16.360692504000326,100000,0
CMAES,F18,10,30,20.454592224823955,15.75611352299984,100000,0
CMAES,F18,10,31,21.252448378446616,16.28518906299996,100000,0
CMAES,F18,10,32,21.407102800518715,16.201456434999727,100000,0
CMAES,F18,10,33,21.023409246840174,16.141753918000177,100000,0
CMAES,F18,10,34,20.352315458532075,16.517008867000186,100000,0
CMAES,F18,10,35,20.550182684799665,16.516556758000206,100000,0
CMAES,F18,10,36,20.149870645305782,15.825392389999706,100000,0
CMAES,F18,10,37,20.004584783040855,16.275634323000304,100000,0
CMAES,F18,10,38,20.951775699440077,16.080930539999827,100000,0
CMAES,F18,10,39,21.04448226820773,16.441042934000052,100000,0
CMAES,F18,10,40,20.153097618503352,16.87977607599987,100000,0
CMAES,F18,10,41,21.345366267013333,16.282792382000025,100000,0
CMAES,F18,10,42,1.4702125036687903,16.33940906099997,100000,0
CMAES,F18,10,43,20.99586650137394,16.201904463999654,100000,0
CMAES,F18,10,44,20.05195499615411,16.067533190000177,100000,0
CMAES,F18,10,45,20.492044882020764,16.14065630999994,100000,0
CMAES,F18,10,46,2.0054896851775084,16.35712743999966,100000,0
CMAES,F18,10,47,20.066255448760558,16.300107185999877,100000,0
CMAES,F18,10,48,18.457833026057642,16.86308524900005,100000,0
CMAES,F18,10,49,20.47779187982087,16.357065029000296,100000,0
CMAES,F18,10,50,20.275599001548926,16.27736667399995,100000,0
IPOP_CMAES,F18,10,0,20.46581340385592,11.646273610999742,100000,0
IPOP_CMAES,F18,10,1,20.42779588447138,13.479027037999913,100000,0
IPOP_CMAES,F18,10,2,20.073714289257396,13.118769063999935,100000,0
IPOP_CMAES,F18,10,3,20.063234460657213,13.327679688999979,100000,0
IPOP_CMAES,F18,10,4,20.44629077405898,12.83385925399989,100000,0
IPOP_CMAES,F18,10,5,20.488021449213647,12.91015842500019,100000,0
IPOP_CMAES,F18,10,6,20.147352263221592,12.534287561999918,100000,0
IPOP_CMAES,F18,10,7,1.463840222383169,12.56544755699997,100000,0
IPOP_CMAES,F18,10,8,20.436135090925973,13.303895259,100000,0
IPOP_CMAES,F18,10,9,20.393849358367106,13.639486304000002,100000,0
IPOP_CMAES,F18,10,10,20.437153897395092,12.679062072999841,100000,0
IPOP_CMAES,F18,10,11,0.36622745580348237,13.58134696399975,100000,0
IPOP_CMAES,F18,10,12,20.459296807123792,13.315383522000047,100000,0
IPOP_CMAES,F18,10,13,20.025390816754907,12.66952504100027,100000,0
IPOP_CMAES,F18,10,14,20.006128107896302,12.877267374999974,100000,0
IPOP_CMAES,F18,10,15,20.458606331047804,12.385495429000002,100000,0
IPOP_CMAES,F18,10,16,0.47943202737815227,12.410113967000143,100000,0
IPOP_CMAES,F18,10,17,0.49027465117455904,13.148138237999774,100000,0
IPOP_CMAES,F18,10,18,20.296669834068098,13.878397698999834,100000,0
IPOP_CMAES,F18,10,19,0.2134961534870854,12.878389089999928,100000,0
IPOP_CMAES,F18,10,20,1.1119633798184623,12.872292543000185,100000,0
IPOP_CMAES,F18,10,21,20.074175844639285,12.911520636000205,100000,0
IPOP_CMAES,F18,10,22,20.003123815342633,12.694617969999854,100000,0
IPOP_CMAES,F18,10,23,20.280566675710133,12.827423360000012,100000,0
IPOP_CMAES,F18,10,24,20.193611525290407,12.391620485999738,100000,0
IPOP_CMAES,F18,10,25,0.5000000000011369,11.912127450999833,100000,0
IPOP_CMAES,F18,10,26,20.46645069285114,13.761853297000016,100000,0
IPOP_CMAES,F18,10,27,20.463086425542315,12.206478915999924,100000,0
IPOP_CMAES,F18,10,28,1.6598469940490759,12.710139403000085,100000,0
IPOP_CMAES,F18,10,29,21.354527454400795,13.01297438499978,100000,0
IPOP_CMAES,F18,10,30,0.5000000000009095,12.118387971000175,100000,0
IPOP_CMAES,F18,10,31,20.189320598774202,12.400177727000028,100000,0
IPOP_CMAES,F18,10,32,1.4598943239175242,13.01856455799998,100000,0
IPOP_CMAES,F18,10,33,0.5000000000013642,12.48376638300033,100000,0
IPOP_CMAES,F18,10,34,20.088956296331844,12.49133965100009,100000,0
IPOP_CMAES,F18,10,35,20.4501737474518,12.21602351699994,100000,0
IPOP_CMAES,F18,10,36,20.42216893152863,13.10495053800014,100000,0
IPOP_CMAES,F18,10,37,20.401603247639287,13.396877810000205,100000,0
IPOP_CMAES,F18,10,38,20.49236414263555,13.253065977999995,100000,0
IPOP_CMAES,F18,10,39,20.393710911869448,12.962416084000324,100000,0
IPOP_CMAES,F18,10,40,20.498059297174223,12.012868284999968,100000,0
IPOP_CMAES,F18,10,41,0.1326488802840231,11.879584781000176,100000,0
IPOP_CMAES,F18,10,42,20.417988452346208,13.203572634000011,100000,0
IPOP_CMAES,F18,10,43,20.00226303118211,13.149083583999982,100000,0
IPOP_CMAES,F18,10,44,20.291804548865684,12.605104026999925,100000,0
IPOP_CMAES,F18,10,45,20.26491604137982,13.166948926999794,100000,0
IPOP_CMAES,F18,10,46,20.005402218477684,13.428103727999769,100000,0
IPOP_CMAES,F18,10,47,0.46119269913583594,12.323071519000223,100000,0
IPOP_CMAES,F18,10,48,20.173980284721893,13.168813217999741,100000,0
IPOP_CMAES,F18,10,49,0.03994019102083257,12.972935314999631,100000,0
IPOP_CMAES,F18,10,50,19.97253048923062,13.30573636600002,100000,0
L-SHADE-DGR,F18,10,0,20.462035771397495,6.205799421999998,100000,0
L-SHADE-DGR,F18,10,1,20.236811651723656,6.132325080000001,100000,0
L-SHADE-DGR,F18,10,2,0.004158233955877222,5.453542239999997,100000,0
L-SHADE-DGR,F18,10,3,0.2696771189057472,5.461594412000004,100000,0
L-SHADE-DGR,F18,10,4,0.028561773551246006,5.485090047,100000,0
L-SHADE-DGR,F18,10,5,20.075870450128605,6.154692734999998,100000,0
L-SHADE-DGR,F18,10,6,0.2999281822112607,5.4715030739999975,100000,0
L-SHADE-DGR,F18,10,7,0.17496797292437805,5.4618715320000035,100000,0
L-SHADE-DGR,F18,10,8,0.49138018156168073,5.497009320000004,100000,0
L-SHADE-DGR,F18,10,9,0.4421740168343149,5.486585337000008,100000,0
L-SHADE-DGR,F18,10,10,0.46044875867664814,5.464758095000008,100000,0
L-SHADE-DGR,F18,10,11,20.420338688307766,6.1049211410000055,100000,0
L-SHADE-DGR,F18,10,12,20.313746787361197,6.099113564000007,100000,0
L-SHADE-DGR,F18,10,13,0.0036036542335295962,5.44375302200001,100000,0
L-SHADE-DGR,F18,10,14,0.49989412867967076,5.428640527999988,100000,0
L-SHADE-DGR,F18,10,15,0.24961432716781928,6.1286399000000245,100000,0
L-SHADE-DGR,F18,10,16,0.03553921393631754,5.4596679139999935,100000,0
L-SHADE-DGR,F18,10,17,0.16949225098619536,5.447740960999994,100000,0
L-SHADE-DGR,F18,10,18,0.00047587731069143047,5.457211556999994,100000,0
L-SHADE-DGR,F18,10,19,0.13598005436347194,5.481261888000006,100000,0
L-SHADE-DGR,F18,10,20,20.006697717614315,6.097688342999987,100000,0
L-SHADE-DGR,F18,10,21,20.002350514357886,6.164621521999976,100000,0
L-SHADE-DGR,F18,10,22,0.00178448803194442,5.421085757000014,100000,0
L-SHADE-DGR,F18,10,23,20.016531489437284,6.122959965999996,100000,0
L-SHADE-DGR,F18,10,24,0.08908670026789878,5.431961024000003,100000,0
L-SHADE-DGR,F18,10,25,0.3141498565253187,5.430006947999999,100000,0
L-SHADE-DGR,F18,10,26,0.17893971370290274,5.470989266999993,100000,0
L-SHADE-DGR,F18,10,27,0.49999751824384475,5.402238022999995,100000,0
L-SHADE-DGR,F18,10,28,0.4869164148847176,5.451241832000022,100000,0
L-SHADE-DGR,F18,10,29,20.407007206624712,6.113766420000019,100000,0
L-SHADE-DGR,F18,10,30,20.010578948015564,6.109138766000001,100000,0
L-SHADE-DGR,F18,10,31,0.47773519578390733,5.450629974999998,100000,0
L-SHADE-DGR,F18,10,32,20.270687965933575,6.094483771,100000,0
L-SHADE-DGR,F18,10,33,20.48692042923426,6.066426603000025,100000,0
L-SHADE-DGR,F18,10,34,0.21007430095437485,5.404333395999998,100000,0
L-SHADE-DGR,F18,10,35,0.00022243268540478311,5.400974878999989,100000,0
L-SHADE-DGR,F18,10,36,0.027345999596036563,5.384339094000012,100000,0
L-SHADE-DGR,F18,10,37,0.007524738247411733,5.399593910999982,100000,0
L-SHADE-DGR,F18,10,38,20.087785742586675,6.056415230000027,100000,0
L-SHADE-DGR,F18,10,39,0.05691269452404413,5.48280379800002,100000,0
L-SHADE-DGR,F18,10,40,20.009651770469418,6.106553614999996,100000,0
L-SHADE-DGR,F18,10,41,20.490780626247442,6.082680390000007,100000,0
L-SHADE-DGR,F18,10,42,20.476989903209414,6.063330699000005,100000,0
L-SHADE-DGR,F18,10,43,20.441207665951197,6.077271205999978,100000,0
L-SHADE-DGR,F18,10,44,20.443334918462142,6.058405976000017,100000,0
L-SHADE-DGR,F18,10,45,0.4684448021598655,5.38857694699999,100000,0
L-SHADE-DGR,F18,10,46,0.4815786323140401,5.398379164000005,100000,0
L-SHADE-DGR,F18,10,47,0.0007749139699626539,5.396503988000006,100000,0
L-SHADE-DGR,F18,10,48,0.003135687285748645,5.427447147000009,100000,0
L-SHADE-DGR,F18,10,49,20.012494721302346,6.0866134439999655,100000,0
L-SHADE-DGR,F18,10,50,0.2985375919067792,5.410045061000005,100000,0
LSHADE,F18,10,0,0.4185546234480171,4.979030231000024,100000,0
LSHADE,F18,10,1,0.0009135217810580798,5.070947323999917,100000,0
LSHADE,F18,10,2,0.32998807817352827,4.933382176000123,100000,0
LSHADE,F18,10,3,20.286749540401388,4.982958223999958,100000,0
LSHADE,F18,10,4,20.00045080433597,5.019514266999977,100000,0
LSHADE,F18,10,5,0.47368528275251265,4.98856273399997,100000,0
LSHADE,F18,10,6,0.06346593855391802,4.9728256729999885,100000,0
LSHADE,F18,10,7,0.3071497191704111,4.983375668999997,100000,0
LSHADE,F18,10,8,0.08936980676276107,4.979151580999996,100000,0
LSHADE,F18,10,9,0.4999997789641384,4.998238311000023,100000,0
LSHADE,F18,10,10,0.023649454833503114,4.98671831899992,100000,0
LSHADE,F18,10,11,0.03460010816115755,4.976459987999988,100000,0
LSHADE,F18,10,12,0.46595008307872376,4.980513353000106,100000,0
LSHADE,F18,10,13,0.49999866479220145,5.046802822000018,100000,0
LSHADE,F18,10,14,0.35153866827181446,5.00198222400013,100000,0
LSHADE,F18,10,15,0.01853751584485508,4.985429003000036,100000,0
LSHADE,F18,10,16,0.045251647108216275,4.979774875999965,100000,0
LSHADE,F18,10,17,0.2550914083931275,4.99307990699981,100000,0
LSHADE,F18,10,18,0.4999999999877218,4.989148741000008,100000,0
LSHADE,F18,10,19,0.10626040096940415,4.996229427999879,100000,0
LSHADE,F18,10,20,0.009448275477780044,5.004427591000194,100000,0
LSHADE,F18,10,21,0.13251063257507667,5.022062080000069,100000,0
LSHADE,F18,10,22,0.23764360309996846,4.980679904999988,100000,0
LSHADE,F18,10,23,0.1502619257976221,4.986890510999956,100000,0
LSHADE,F18,10,24,0.06340482548739601,5.004132999000149,100000,0
LSHADE,F18,10,25,0.389182517867539,5.01009660800014,100000,0
LSHADE,F18,10,26,0.1498319864779205,4.980972503999965,100000,0
LSHADE,F18,10,27,0.049775015555042046,4.984602728000027,100000,0
LSHADE,F18,10,28,20.475445213023022,5.005467886999895,100000,0
LSHADE,F18,10,29,0.32616673968163923,5.018822490000048,100000,0
LSHADE,F18,10,30,0.39165244261812404,5.000438825999936,100000,0
LSHADE,F18,10,31,0.12937767764492492,4.998655949999829,100000,0
LSHADE,F18,10,32,0.49999984145460985,4.998752376000084,100000,0
LSHADE,F18,10,33,0.08202673160485574,4.986747922000177,100000,0
LSHADE,F18,10,34,0.3969447285826391,4.9979176189999635,100000,0
LSHADE,F18,10,35,0.0004986391907095822,4.977236221999874,100000,0
LSHADE,F18,10,36,0.4872994381191802,5.008757647000039,100000,0
LSHADE,F18,10,37,0.49351176056461554,5.0204288560000805,100000,0
LSHADE,F18,10,38,0.0017746944506598084,4.977272373000005,100000,0
LSHADE,F18,10,39,0.0939371661770565,5.0066591780000635,100000,0
LSHADE,F18,10,40,0.035402030148134145,4.986733930000128,100000,0
LSHADE,F18,10,41,0.45414494018723417,5.017009134999853,100000,0
LSHADE,F18,10,42,0.24323688318963832,4.9817554129999735,100000,0
LSHADE,F18,10,43,0.4998396127250544,4.976715591000129,100000,0
LSHADE,F18,10,44,0.4561313979863826,4.995320799999945,100000,0
LSHADE,F18,10,45,0.06801579446118922,4.979452724000112,100000,0
LSHADE,F18,10,46,0.00011903374070243444,5.011451215999841,100000,0
LSHADE,F18,10,47,0.14378092688934885,4.970328498000072,100000,0
LSHADE,F18,10,48,9.986026748265431e-05,4.989643619000162,100000,0
LSHADE,F18,10,49,0.499999999334932,5.009666920999962,100000,0
LSHADE,F18,10,50,20.091962301229387,5.017787795000004,100000,0
TEMOA_V10,F18,10,0,20.464843192722128,6.961638059999984,100000,0
TEMOA_V10,F18,10,1,19.98781080830554,6.877801133999981,100000,0
TEMOA_V10,F18,10,2,0.00630533273920264,6.86601426499999,100000,0
TEMOA_V10,F18,10,3,20.411472143049878,6.920755852000013,100000,0
TEMOA_V10,F18,10,4,20.473073601978513,6.926570682999966,100000,0
TEMOA_V10,F18,10,5,0.03136289379290247,6.840701608000018,100000,0
TEMOA_V10,F18,10,6,20.010107745294363,6.971136704000003,100000,0
TEMOA_V10,F18,10,7,20.095061874719704,6.904200509999953,100000,0
TEMOA_V10,F18,10,8,0.3834247275635789,6.914364037999974,100000,0
TEMOA_V10,F18,10,9,20.27420575492806,6.924295286000017,100000,0
TEMOA_V10,F18,10,10,20.244094883993284,6.9000436879999825,100000,0
TEMOA_V10,F18,10,11,20.34841610932949,6.911544899999967,100000,0
TEMOA_V10,F18,10,12,0.3305634457412907,6.841607592000003,100000,0
TEMOA_V10,F18,10,13,0.49992405893726755,6.890732970999977,100000,0
TEMOA_V10,F18,10,14,19.859281594588992,6.913135262999958,100000,0
TEMOA_V10,F18,10,15,20.46943686107238,6.944442793000007,100000,0
TEMOA_V10,F18,10,16,20.197114388720593,6.87345601100003,100000,0
TEMOA_V10,F18,10,17,20.45739177931455,6.963572847000023,100000,0
TEMOA_V10,F18,10,18,20.000964398860106,6.949952831000019,100000,0
TEMOA_V10,F18,10,19,1.1281117189328143,6.808398705000002,100000,0
TEMOA_V10,F18,10,20,0.3461044705536551,6.857595377999985,100000,0
TEMOA_V10,F18,10,21,20.367591265043757,6.904459598999949,100000,0
TEMOA_V10,F18,10,22,0.4755248861920336,6.882594704999974,100000,0
TEMOA_V10,F18,10,23,20.122054160743346,6.936263947999976,100000,0
TEMOA_V10,F18,10,24,20.4912160430938,6.993848313000001,100000,0
TEMOA_V10,F18,10,25,0.44063917694847987,6.891227347999973,100000,0
TEMOA_V10,F18,10,26,0.25016407504062954,6.796008287000063,100000,0
TEMOA_V10,F18,10,27,20.04936352632285,6.868410519999998,100000,0
TEMOA_V10,F18,10,28,0.1624412438334275,6.849054228999989,100000,0
TEMOA_V10,F18,10,29,20.39858104938753,6.908245847999979,100000,0
TEMOA_V10,F18,10,30,1.4922490245087374,6.9270194389999915,100000,0
TEMOA_V10,F18,10,31,0.9962764391491419,6.981130722999978,100000,0
TEMOA_V10,F18,10,32,20.000649089569606,6.97038024699998,100000,0
TEMOA_V10,F18,10,33,20.075383887019598,6.919112251999991,100000,0
TEMOA_V10,F18,10,34,20.399315462953382,6.914540256999999,100000,0
TEMOA_V10,F18,10,35,20.174249087532644,6.90737565500001,100000,0
TEMOA_V10,F18,10,36,20.498446734045274,6.948305667,100000,0
TEMOA_V10,F18,10,37,20.500013360134744,6.966674898000065,100000,0
TEMOA_V10,F18,10,38,20.29487283595563,7.013912739000034,100000,0
TEMOA_V10,F18,10,39,20.48769341463276,6.937835738999979,100000,0
TEMOA_V10,F18,10,40,20.474704194120704,6.884463659999938,100000,0
TEMOA_V10,F18,10,41,0.12542206233183606,6.8145149889999175,100000,0
TEMOA_V10,F18,10,42,0.17607010491883557,6.846184489999928,100000,0
TEMOA_V10,F18,10,43,20.157626094526904,6.907680937999999,100000,0
TEMOA_V10,F18,10,44,1.4146479769810867,6.880396403999953,100000,0
TEMOA_V10,F18,10,45,20.489928357663075,6.925517287999924,100000,0
TEMOA_V10,F18,10,46,0.2288859150578446,6.835155142999952,100000,0
TEMOA_V10,F18,10,47,20.454571029993986,6.943462862999922,100000,0
TEMOA_V10,F18,10,48,20.048920278496553,6.955475115000013,100000,0
TEMOA_V10,F18,10,49,20.380052259538388,6.91756138300002,100000,0
TEMOA_V10,F18,10,50,20.490210028724505,6.914350918999958,100000,0
TEMOA_V11,F18,10,0,20.44596050167661,6.052241495999965,100000,0
TEMOA_V11,F18,10,1,0.002117676573107019,5.980624338999974,100000,0
TEMOA_V11,F18,10,2,20.030611629661735,6.06711054799996,100000,0
TEMOA_V11,F18,10,3,20.031813469188364,6.0335415299999795,100000,0
TEMOA_V11,F18,10,4,20.496481407506735,6.0790673910000805,100000,0
TEMOA_V11,F18,10,5,20.00547487021481,6.027341080000042,100000,0
TEMOA_V11,F18,10,6,20.34274057528478,6.0887055930001,100000,0
TEMOA_V11,F18,10,7,0.4912966617364418,6.000531686000045,100000,0
TEMOA_V11,F18,10,8,20.474029980002342,6.036032061000014,100000,0
TEMOA_V11,F18,10,9,20.42958766724314,6.0392357670000365,100000,0
TEMOA_V11,F18,10,10,0.49287558268770226,5.934032149000018,100000,0
TEMOA_V11,F18,10,11,0.49999980476923156,5.948896708000007,100000,0
TEMOA_V11,F18,10,12,20.46681055363615,6.048931577000076,100000,0
TEMOA_V11,F18,10,13,20.498911566698325,6.041883533000032,100000,0
TEMOA_V11,F18,10,14,20.493647270404153,5.994376264000039,100000,0
TEMOA_V11,F18,10,15,20.30657997666526,6.072080213999925,100000,0
TEMOA_V11,F18,10,16,0.4934068060699701,5.974760791999984,100000,0
TEMOA_V11,F18,10,17,20.098492678672983,6.06681147300003,100000,0
TEMOA_V11,F18,10,18,0.19131835089979177,5.915998909999985,100000,0
TEMOA_V11,F18,10,19,20.012728943091133,6.052529238000034,100000,0
TEMOA_V11,F18,10,20,0.03155495542750941,6.033405854999955,100000,0
TEMOA_V11,F18,10,21,0.42752527129664486,5.9714468519999855,100000,0
TEMOA_V11,F18,10,22,20.006620223144182,6.0816696280001,100000,0
TEMOA_V11,F18,10,23,0.139656578269296,5.92294997800002,100000,0
TEMOA_V11,F18,10,24,20.498258471962572,6.104631912000059,100000,0
TEMOA_V11,F18,10,25,0.08843699555450257,5.993828211999926,100000,0
TEMOA_V11,F18,10,26,0.4364118386690734,5.959919820999971,100000,0
TEMOA_V11,F18,10,27,20.24663266059497,6.070269376999931,100000,0
TEMOA_V11,F18,10,28,0.4486585244203525,5.990771773000006,100000,0
TEMOA_V11,F18,10,29,20.466227740484783,6.050131595000039,100000,0
TEMOA_V11,F18,10,30,20.012737084022547,6.021501435999994,100000,0
TEMOA_V11,F18,10,31,20.306461927816372,6.048347251999985,100000,0
TEMOA_V11,F18,10,32,0.26097255160607347,5.990971673000104,100000,0
TEMOA_V11,F18,10,33,20.159323170929156,6.027780372000052,100000,0
TEMOA_V11,F18,10,34,0.16858896992698646,5.907724366999901,100000,0
TEMOA_V11,F18,10,35,0.48480135212093955,6.064000130999943,100000,0
TEMOA_V11,F18,10,36,0.4999878887383602,5.987354506999964,100000,0
TEMOA_V11,F18,10,37,0.4999960145373734,5.986741159000076,100000,0
TEMOA_V11,F18,10,38,0.2811811213889541,5.930531354999971,100000,0
TEMOA_V11,F18,10,39,0.42573482871557644,6.091202218000035,100000,0
TEMOA_V11,F18,10,40,20.4841075571876,6.091178759999934,100000,0
TEMOA_V11,F18,10,41,20.001850776511446,6.074836482000023,100000,0
TEMOA_V11,F18,10,42,20.057812180973997,6.076882045000048,100000,0
TEMOA_V11,F18,10,43,20.377282947016965,6.054098630999988,100000,0
TEMOA_V11,F18,10,44,0.08283932020253815,5.93263798199996,100000,0
TEMOA_V11,F18,10,45,0.4287645176943897,5.9570663309999645,100000,0
TEMOA_V11,F18,10,46,0.4982149126767581,5.989001030000054,100000,0
TEMOA_V11,F18,10,47,20.00549368751558,6.08481529300002,100000,0
TEMOA_V11,F18,10,48,20.07531297449418,6.083803786999965,100000,0
TEMOA_V11,F18,10,49,20.22487945772332,6.0726977650000435,100000,0
TEMOA_V11,F18,10,50,20.387387452838084,6.081826976000002,100000,0
TEMOA_V12,F18,10,0,0.2798350385269259,5.4558139069999925,100000,0
TEMOA_V12,F18,10,1,0.0904140228419692,5.492980619000036,100000,0
TEMOA_V12,F18,10,2,20.007838228480523,5.95049535499993,100000,0
TEMOA_V12,F18,10,3,0.39605446102291353,5.48195943099995,100000,0
TEMOA_V12,F18,10,4,0.44568060535743825,5.479215945000078,100000,0
TEMOA_V12,F18,10,5,0.3894353523396603,5.4562615559999585,100000,0
TEMOA_V12,F18,10,6,20.475715637245685,5.977676010000096,100000,0
TEMOA_V12,F18,10,7,0.16882775596786814,5.445525104000126,100000,0
TEMOA_V12,F18,10,8,20.06163799586284,5.960450726999852,100000,0
TEMOA_V12,F18,10,9,20.01089803684613,5.9614307140000165,100000,0
TEMOA_V12,F18,10,10,0.009623555273492457,5.425144858000067,100000,0
TEMOA_V12,F18,10,11,0.4525416191379463,5.481462862000171,100000,0
TEMOA_V12,F18,10,12,0.03996288121493308,5.486997792000011,100000,0
TEMOA_V12,F18,10,13,20.008563305851794,6.007940190999989,100000,0
TEMOA_V12,F18,10,14,0.48389531529392116,5.500693186000035,100000,0
TEMOA_V12,F18,10,15,20.02399351244435,5.982086184000082,100000,0
TEMOA_V12,F18,10,16,0.01444064942188561,5.437309586999845,100000,0
TEMOA_V12,F18,10,17,20.006039811682967,5.957591230000162,100000,0
TEMOA_V12,F18,10,18,20.09002010243512,5.933499625999957,100000,0
TEMOA_V12,F18,10,19,20.369314486531948,5.9784254319999945,100000,0
TEMOA_V12,F18,10,20,20.00755026646948,5.942580656000018,100000,0
TEMOA_V12,F18,10,21,0.2386472045541268,5.4776560069999505,100000,0
TEMOA_V12,F18,10,22,0.1089795603818402,5.4516039570000885,100000,0
TEMOA_V12,F18,10,23,20.349152083063018,5.95403551000004,100000,0
TEMOA_V12,F18,10,24,0.48718530568498863,5.464553333999902,100000,0
TEMOA_V12,F18,10,25,0.3562741734431256,5.452814676999878,100000,0
TEMOA_V12,F18,10,26,0.06599088329789993,5.481569448000073,100000,0
TEMOA_V12,F18,10,27,0.4948861030607077,5.446949556000163,100000,0
TEMOA_V12,F18,10,28,0.3961639718800143,5.47793650199992,100000,0
TEMOA_V12,F18,10,29,0.004683665879383625,5.415003740999964,100000,0
TEMOA_V12,F18,10,30,20.456019187653737,5.98081514699993,100000,0
TEMOA_V12,F18,10,31,20.491053497732764,5.99686812799996,100000,0
TEMOA_V12,F18,10,32,0.2514796881464463,5.45628621700007,100000,0
TEMOA_V12,F18,10,33,0.49965912012612534,5.495788062999964,100000,0
TEMOA_V12,F18,10,34,0.478150427441733,5.48063521999984,100000,0
TEMOA_V12,F18,10,35,20.097000567187933,5.973024290000012,100000,0
TEMOA_V12,F18,10,36,20.038631303652437,5.952108510000016,100000,0
TEMOA_V12,F18,10,37,20.00987399146993,5.945944027999985,100000,0
TEMOA_V12,F18,10,38,20.344675533080135,5.974796192999975,100000,0
TEMOA_V12,F18,10,39,0.2972762716408397,5.472160206000126,100000,0
TEMOA_V12,F18,10,40,0.17717658819901771,5.436855615000013,100000,0
TEMOA_V12,F18,10,41,20.090012308292216,6.020052121999925,100000,0
TEMOA_V12,F18,10,42,20.09342042434787,5.9511037190000025,100000,0
TEMOA_V12,F18,10,43,20.004454638363313,5.975957540000081,100000,0
TEMOA_V12,F18,10,44,0.02209960803611466,5.439165433000198,100000,0
TEMOA_V12,F18,10,45,0.49999392645941043,5.541133712000146,100000,0
TEMOA_V12,F18,10,46,0.35983406778177596,5.496088239999835,100000,0
TEMOA_V12,F18,10,47,0.01977478181333936,5.414755833000072,100000,0
TEMOA_V12,F18,10,48,0.4968632511283886,5.4912020209999355,100000,0
TEMOA_V12,F18,10,49,0.02887452603795282,5.446358731999908,100000,0
TEMOA_V12,F18,10,50,20.495278769901915,5.987925060999942,100000,0
jSO,F18,10,0,0.019976627239429945,4.94252662100007,100000,0
jSO,F18,10,1,0.049534629296886123,4.941527866000115,100000,0
jSO,F18,10,2,0.00381926885302164,4.965279896000084,100000,0
jSO,F18,10,3,0.4993102397563689,4.951885704000006,100000,0
jSO,F18,10,4,0.03543017872971177,4.9605211249997865,100000,0
jSO,F18,10,5,0.0036915808498179103,4.970694454000068,100000,0
jSO,F18,10,6,0.49997418442740127,4.961832674000107,100000,0
jSO,F18,10,7,0.38155176646864675,4.954259064000098,100000,0
jSO,F18,10,8,0.00019273000725661404,4.964027943000019,100000,0
jSO,F18,10,9,0.056797885488094835,4.942174860000023,100000,0
jSO,F18,10,10,0.004173727836814578,4.9842706099998395,100000,0
jSO,F18,10,11,0.27491815522103025,4.952312306000067,100000,0
jSO,F18,10,12,0.0003106416779701249,4.9565535209999325,100000,0
jSO,F18,10,13,0.37917627360729966,4.94892677200005,100000,0
jSO,F18,10,14,0.47215532630116286,4.971345203000055,100000,0
jSO,F18,10,15,0.49996869344181505,4.9572852720000355,100000,0
jSO,F18,10,16,0.15699457087703195,4.974994644000162,100000,0
jSO,F18,10,17,0.2728202147909542,4.952537525000025,100000,0
jSO,F18,10,18,0.0009834732049966988,4.953861305000146,100000,0
jSO,F18,10,19,0.4999970317057887,4.9666356650000125,100000,0
jSO,F18,10,20,0.4999003165244176,4.956779799999822,100000,0
jSO,F18,10,21,0.4264905119123341,4.973319375999836,100000,0
jSO,F18,10,22,0.20419861581513032,4.951768386999902,100000,0
jSO,F18,10,23,0.499998254236516,4.948693015999879,100000,0
jSO,F18,10,24,0.49999997980125954,4.928127718000042,100000,0
jSO,F18,10,25,0.04717243416303063,4.9062222739999015,100000,0
jSO,F18,10,26,0.12749131749228582,4.933065209000006,100000,0
jSO,F18,10,27,0.49999962682318255,4.928449630999921,100000,0
jSO,F18,10,28,0.24543552834234106,4.944125112000165,100000,0
jSO,F18,10,29,0.3827425377085092,4.920144268000058,100000,0
jSO,F18,10,30,0.18022766888248043,4.913229673999922,100000,0
jSO,F18,10,31,0.5,4.903045966000036,100000,0
jSO,F18,10,32,0.4999999999997726,4.9372571369999605,100000,0
jSO,F18,10,33,0.4990673755132775,4.963914659000011,100000,0
jSO,F18,10,34,0.4999999976430445,4.910295100999974,100000,0
jSO,F18,10,35,0.4566077252629839,4.935143493000169,100000,0
jSO,F18,10,36,0.4471045736461292,4.949864418000061,100000,0
jSO,F18,10,37,0.499796044894083,4.957108718999962,100000,0
jSO,F18,10,38,0.00017740616908668017,4.968006874999901,100000,0
jSO,F18,10,39,0.4999999771921466,4.9405464030000985,100000,0
jSO,F18,10,40,0.11627112673772899,4.9115092350000396,100000,0
jSO,F18,10,41,0.0009368242417622241,4.9579611720000685,100000,0
jSO,F18,10,42,0.49985986174897334,4.924063940999986,100000,0
jSO,F18,10,43,0.0014361321168507857,4.936041325000133,100000,0
jSO,F18,10,44,0.41638035955702435,4.941261852000025,100000,0
jSO,F18,10,45,0.2730997458368165,4.924123637000093,100000,0
jSO,F18,10,46,0.34929204534455494,4.935003388000041,100000,0
jSO,F18,10,47,0.3529131001209862,4.919713594000086,100000,0
jSO,F18,10,48,0.10583443230325429,4.928240016000018,100000,0
jSO,F18,10,49,0.4999999999956799,4.916878265999912,100000,0
jSO,F18,10,50,0.13009939972835127,4.921519987000011,100000,0
sepCMAES,F18,10,0,681.1965998030337,14.389266581999891,100000,0
sepCMAES,F18,10,1,6159.7758031152825,14.433891098000004,100000,0
sepCMAES,F18,10,2,6433.196163319197,14.232653166999626,100000,0
sepCMAES,F18,10,3,5899.38899739865,14.914616266999928,100000,0
sepCMAES,F18,10,4,2032.1067427387889,14.779990848000125,100000,0
sepCMAES,F18,10,5,1632.0802214031391,14.122188593999908,100000,0
sepCMAES,F18,10,6,1666.3467862075531,13.352236430000175,100000,0
sepCMAES,F18,10,7,4627.525804818327,14.13343991399961,100000,0
sepCMAES,F18,10,8,5343.574968114524,13.457456684000135,100000,0
sepCMAES,F18,10,9,5687.942373036457,13.892651303000548,100000,0
sepCMAES,F18,10,10,4904.3138747762005,14.317269552000653,100000,0
sepCMAES,F18,10,11,1097.7430456089287,12.879097641000044,100000,0
sepCMAES,F18,10,12,205.08278241882113,14.900833396000053,100000,0
sepCMAES,F18,10,13,2345.161923404471,14.511415981999562,100000,0
sepCMAES,F18,10,14,1510.8306972815235,14.82651368200004,100000,0
sepCMAES,F18,10,15,1048.011449336805,14.076915298999666,100000,0
sepCMAES,F18,10,16,2516.362805571327,13.508253177999904,100000,0
sepCMAES,F18,10,17,2112.706676709614,14.965332293999381,100000,0
sepCMAES,F18,10,18,758.418104035974,14.488909383000646,100000,0
sepCMAES,F18,10,19,4550.939231675365,14.842654567999489,100000,0
sepCMAES,F18,10,20,5065.378162694144,14.886509750000187,100000,0
sepCMAES,F18,10,21,927.5129819462572,14.657175195000491,100000,0
sepCMAES,F18,10,22,2535.618069768967,14.325655811000615,100000,0
sepCMAES,F18,10,23,5596.929727577034,14.8688670370002,100000,0
sepCMAES,F18,10,24,433.30067272571296,14.490936358999534,100000,0
sepCMAES,F18,10,25,4380.114081043556,14.60843666799974,100000,0
sepCMAES,F18,10,26,5701.449891814616,14.901870876999965,100000,0
sepCMAES,F18,10,27,4281.169068323163,15.23437801199998,100000,0
sepCMAES,F18,10,28,873.6536333852487,14.745225790000404,100000,0
sepCMAES,F18,10,29,443.4139297627571,13.83391624199976,100000,0
sepCMAES,F18,10,30,358.09874001032586,14.277142590999574,100000,0
sepCMAES,F18,10,31,8483.513139178009,14.52420728099969,100000,0
sepCMAES,F18,10,32,627.5833908467839,14.299231427999985,100000,0
sepCMAES,F18,10,33,6552.497197950543,14.475046538999777,100000,0
sepCMAES,F18,10,34,6020.417712099152,14.242056608999519,100000,0
sepCMAES,F18,10,35,2241.1345855964637,14.768501161000131,100000,0
sepCMAES,F18,10,36,315.6354015141269,14.49318677500014,100000,0
sepCMAES,F18,10,37,93.87151760656639,14.924503963999996,100000,0
sepCMAES,F18,10,38,434.1114414413064,13.618211289999635,100000,0
sepCMAES,F18,10,39,5382.216649702695,11.782110019999891,79951,0
sepCMAES,F18,10,40,2128.377032971143,14.004162305000136,100000,0
sepCMAES,F18,10,41,123.1604836837771,14.384774891999768,100000,0
sepCMAES,F18,10,42,850.9758032283185,12.987487915000202,100000,0
sepCMAES,F18,10,43,285.8473077241449,14.42646171800061,100000,0
sepCMAES,F18,10,44,3611.2344537654353,13.816739728999892,100000,0
sepCMAES,F18,10,45,887.4063008250914,14.1627875639997,100000,0
sepCMAES,F18,10,46,1979.2857982245923,14.186607282000296,100000,0
sepCMAES,F18,10,47,1039.4138547429893,14.826591920999817,100000,0
sepCMAES,F18,10,48,2018.122474301771,14.546750972000154,100000,0
sepCMAES,F18,10,49,764.2329927262863,15.451535770000191,100000,0
sepCMAES,F18,10,50,5301.199355111373,14.483155142999749,100000,0
BIPOP_CMAES,F19,10,0,1.0569647789345709,10.30251918099998,100000,0
BIPOP_CMAES,F19,10,1,1.1216520374730408,9.70269931100006,100000,0
BIPOP_CMAES,F19,10,2,0.9139373739856183,10.176730878000171,100000,0
BIPOP_CMAES,F19,10,3,0.986899532596226,9.620834634999937,100000,0
BIPOP_CMAES,F19,10,4,1.0114359284057173,9.361332746000016,100000,0
BIPOP_CMAES,F19,10,5,1.0736950548277946,9.494716908999862,100000,0
BIPOP_CMAES,F19,10,6,1.0919811994187967,9.466252245000305,100000,0
BIPOP_CMAES,F19,10,7,0.5870047655164399,9.23703486400018,100000,0
BIPOP_CMAES,F19,10,8,1.035410128245985,9.456828868999764,100000,0
BIPOP_CMAES,F19,10,9,1.0003300933012724,9.645498335999946,100000,0
BIPOP_CMAES,F19,10,10,1.1215211560579519,9.358510553000087,100000,0
BIPOP_CMAES,F19,10,11,0.9925526802978766,9.61611486799984,100000,0
BIPOP_CMAES,F19,10,12,1.0185172178898938,9.388349322000067,100000,0
BIPOP_CMAES,F19,10,13,1.0992894393464212,9.685081700999945,100000,0
BIPOP_CMAES,F19,10,14,1.4136999491449842,9.23967264699968,100000,0
BIPOP_CMAES,F19,10,15,0.9989891562697721,9.590545423000094,100000,0
BIPOP_CMAES,F19,10,16,1.079490642316614,9.914268400999845,100000,0
BIPOP_CMAES,F19,10,17,0.8862517224185922,9.319197072999941,100000,0
BIPOP_CMAES,F19,10,18,0.9970063098787705,10.036259451000205,100000,0
BIPOP_CMAES,F19,10,19,0.9537109809557478,9.581785948999823,100000,0
BIPOP_CMAES,F19,10,20,1.1295518676697611,9.548754503000055,100000,0
BIPOP_CMAES,F19,10,21,0.8271760480552075,9.882037584000045,100000,0
BIPOP_CMAES,F19,10,22,1.1187907469836773,10.209696545000043,100000,0
BIPOP_CMAES,F19,10,23,0.9998817427654103,9.80853210100031,100000,0
BIPOP_CMAES,F19,10,24,1.0777052501518938,9.908177955000156,100000,0
BIPOP_CMAES,F19,10,25,1.0847343122075017,9.802853567000057,100000,0
BIPOP_CMAES,F19,10,26,1.5927077952590025,9.971507398000085,100000,0
BIPOP_CMAES,F19,10,27,1.1810611734345002,9.746976414999608,100000,0
BIPOP_CMAES,F19,10,28,1.0952450252386825,9.675662264000039,100000,0
BIPOP_CMAES,F19,10,29,2.092910954102763,10.01510807800014,100000,0
BIPOP_CMAES,F19,10,30,1.0182090591119959,9.800946834000115,100000,0
BIPOP_CMAES,F19,10,31,0.9996324858436765,10.17606213199997,100000,0
BIPOP_CMAES,F19,10,32,1.1212543044655376,9.791121430000203,100000,0
BIPOP_CMAES,F19,10,33,1.123293161601623,10.030425690999891,100000,0
BIPOP_CMAES,F19,10,34,0.8490657205297794,10.179145152000274,100000,0
BIPOP_CMAES,F19,10,35,1.0193411056081914,9.094262275999881,100000,0
BIPOP_CMAES,F19,10,36,0.8709559042620185,9.98568139300005,100000,0
BIPOP_CMAES,F19,10,37,1.0935732616944733,9.714911378000124,100000,0
BIPOP_CMAES,F19,10,38,1.1752796765106268,9.955177890999948,100000,0
BIPOP_CMAES,F19,10,39,1.0195380769464464,9.845558293000067,100000,0
BIPOP_CMAES,F19,10,40,1.087909671141233,9.933525827999802,100000,0
BIPOP_CMAES,F19,10,41,1.0699641232286012,9.799030382999717,100000,0
BIPOP_CMAES,F19,10,42,1.0399086198997338,10.120211426999958,100000,0
BIPOP_CMAES,F19,10,43,0.849065720541148,10.142543355999805,100000,0
BIPOP_CMAES,F19,10,44,1.0266298165993248,10.055446960999689,100000,0
BIPOP_CMAES,F19,10,45,1.0118171027320386,10.250083679999989,100000,0
BIPOP_CMAES,F19,10,46,1.0069696470175131,9.906638253000438,100000,0
BIPOP_CMAES,F19,10,47,0.8791751298620056,9.889708276999954,100000,0
BIPOP_CMAES,F19,10,48,1.9638447560159875,10.104000769000322,100000,0
BIPOP_CMAES,F19,10,49,1.0191466018143274,9.898460703999717,100000,0
BIPOP_CMAES,F19,10,50,1.124097151660635,9.351502385999993,100000,0
CMAES,F19,10,0,1.0475488055485584,10.489130741999816,100000,0
CMAES,F19,10,1,2.041611484595478,10.765674191000016,100000,0
CMAES,F19,10,2,1.9768725911524143,10.870300733000022,100000,0
CMAES,F19,10,3,1.0980639779922967,10.97122674100001,100000,0
CMAES,F19,10,4,2.0049660470419894,10.951954569000009,100000,0
CMAES,F19,10,5,2.116336395203234,10.98267226400003,100000,0
CMAES,F19,10,6,0.9998473688651757,10.787121333999949,100000,0
CMAES,F19,10,7,1.0886917186676328,10.621997233999991,100000,0
CMAES,F19,10,8,1.4911594706484266,10.787403549999908,100000,0
CMAES,F19,10,9,1.0892482917990947,10.856010141999832,100000,0
CMAES,F19,10,10,1.038653987693806,10.623081618000015,100000,0
CMAES,F19,10,11,1.0982584815801602,10.640053676000207,100000,0
CMAES,F19,10,12,1.0608309103615738,10.734218554000108,100000,0
CMAES,F19,10,13,1.0193618299663285,10.819723800999782,100000,0
CMAES,F19,10,14,2.8977373392360732,10.768827700000202,100000,0
CMAES,F19,10,15,1.0095722881619622,10.835058607000065,100000,0
CMAES,F19,10,16,2.04448193595681,10.904422130000057,100000,0
CMAES,F19,10,17,1.0195160264365768,10.778330169999663,100000,0
CMAES,F19,10,18,1.0893588460348838,10.921856570999807,100000,0
CMAES,F19,10,19,1.032329268273088,10.98489319700002,100000,0
CMAES,F19,10,20,1.121541127343562,11.018435087000398,100000,0
CMAES,F19,10,21,1.4435545170285877,11.092732884999805,100000,0
CMAES,F19,10,22,1.1673479148726074,11.141480991000208,100000,0
CMAES,F19,10,23,1.0393493719050184,10.961821982999936,100000,0
CMAES,F19,10,24,2.115326794947123,11.04004077799982,100000,0
CMAES,F19,10,25,1.0490804699193177,10.962079931999597,100000,0
CMAES,F19,10,26,0.967125255953988,10.899207057999774,100000,0
CMAES,F19,10,27,0.9629586626981563,11.053857272000187,100000,0
CMAES,F19,10,28,1.037376871558763,11.119525975000215,100000,0
CMAES,F19,10,29,2.0834417854753156,10.865378195000176,100000,0
CMAES,F19,10,30,1.0470851772777223,10.978819299999941,100000,0
CMAES,F19,10,31,1.0904814760497175,10.797284984000271,100000,0
CMAES,F19,10,32,1.1756231019433017,10.76954558899979,100000,0
CMAES,F19,10,33,1.0494936225593392,11.130377596000017,100000,0
CMAES,F19,10,34,1.7932441815187303,10.560214280999844,100000,0
CMAES,F19,10,35,2.0424075116764016,10.487338180999814,100000,0
CMAES,F19,10,36,1.575844525224511,10.790042008,100000,0
CMAES,F19,10,37,1.122103787241258,10.785872782999832,100000,0
CMAES,F19,10,38,0.2966930995025905,11.010054669000056,100000,0
CMAES,F19,10,39,1.1130377463027799,10.726319037999929,100000,0
CMAES,F19,10,40,1.0014272512908065,10.740148204999969,100000,0
CMAES,F19,10,41,1.105907265787664,11.053505827999743,100000,0
CMAES,F19,10,42,1.056964778341353,10.96190369299984,100000,0
CMAES,F19,10,43,1.016340167776434,10.69410301400012,100000,0
CMAES,F19,10,44,1.0168266773675896,10.931035952000002,100000,0
CMAES,F19,10,45,2.1112255692989947,10.94951459899994,100000,0
CMAES,F19,10,46,1.1818702292289345,10.11588549399994,100000,0
CMAES,F19,10,47,1.512752844693523,10.773067231999903,100000,0
CMAES,F19,10,48,1.4554177834554594,11.12211224299972,100000,0
CMAES,F19,10,49,1.049017337294572,11.08422356300025,100000,0
CMAES,F19,10,50,0.868576784032939,11.0506523869999,100000,0
IPOP_CMAES,F19,10,0,1.1214284470527218,8.940587739999955,100000,0
IPOP_CMAES,F19,10,1,1.0480187957325597,9.572607282000263,100000,0
IPOP_CMAES,F19,10,2,0.9997571094659179,9.301499515999694,100000,0
IPOP_CMAES,F19,10,3,1.0489142970170633,9.376534900000024,100000,0
IPOP_CMAES,F19,10,4,1.0082639270844993,9.327562958999806,100000,0
IPOP_CMAES,F19,10,5,1.1715575647219794,9.754910569999993,100000,0
IPOP_CMAES,F19,10,6,0.9998087328269776,9.795975284000178,100000,0
IPOP_CMAES,F19,10,7,1.1377260006809138,9.504280173000097,100000,0
IPOP_CMAES,F19,10,8,1.3549538086231223,9.709592396000062,100000,0
IPOP_CMAES,F19,10,9,1.0657623155821057,9.297088318000078,100000,0
IPOP_CMAES,F19,10,10,1.337676830449027,9.68077647300015,100000,0
IPOP_CMAES,F19,10,11,1.3134582242951183,9.069688569999926,100000,0
IPOP_CMAES,F19,10,12,1.0900837430610864,9.384661489000337,100000,0
IPOP_CMAES,F19,10,13,1.124191962878058,9.443112792999727,100000,0
IPOP_CMAES,F19,10,14,0.32437156604783013,9.263594412999737,100000,0
IPOP_CMAES,F19,10,15,1.09338816509171,9.21873272799985,100000,0
IPOP_CMAES,F19,10,16,1.0012057675571668,9.58308269500003,100000,0
IPOP_CMAES,F19,10,17,1.19507738513812,10.13920387600001,100000,0
IPOP_CMAES,F19,10,18,1.168847140125763,9.672203660999912,100000,0
IPOP_CMAES,F19,10,19,1.0470807849073935,9.717546098000184,100000,0
IPOP_CMAES,F19,10,20,1.078820651429396,9.593029174000094,100000,0
IPOP_CMAES,F19,10,21,1.1757993073501893,9.276430110000092,100000,0
IPOP_CMAES,F19,10,22,1.091143751730442,9.53912212899968,100000,0
IPOP_CMAES,F19,10,23,1.0383328992022598,9.390644900000098,100000,0
IPOP_CMAES,F19,10,24,0.4128598354550377,9.430733529999998,100000,0
IPOP_CMAES,F19,10,25,1.1756092028138028,9.12064475399984,100000,0
IPOP_CMAES,F19,10,26,0.4808192096388666,9.284963121000146,100000,0
IPOP_CMAES,F19,10,27,1.0907635030819165,9.555011506000028,100000,0
IPOP_CMAES,F19,10,28,1.548902883954952,9.48154638799997,100000,0
IPOP_CMAES,F19,10,29,1.0499048139579372,9.552094062999913,100000,0
IPOP_CMAES,F19,10,30,1.074717700497331,9.73179012699984,100000,0
IPOP_CMAES,F19,10,31,0.47510962173646476,9.314912709000055,100000,0
IPOP_CMAES,F19,10,32,1.0985285721953915,9.627139787000033,100000,0
IPOP_CMAES,F19,10,33,1.0097696413579342,8.85386128600021,100000,0
IPOP_CMAES,F19,10,34,1.1279584214512397,9.734382948000075,100000,0
IPOP_CMAES,F19,10,35,0.8153872920509002,9.417993126000056,100000,0
IPOP_CMAES,F19,10,36,0.1563783642875478,9.610325329999796,100000,0
IPOP_CMAES,F19,10,37,1.1091229704195484,9.213335552999979,100000,0
IPOP_CMAES,F19,10,38,0.17610770841179146,9.633037355999932,100000,0
IPOP_CMAES,F19,10,39,1.0087927548461266,9.685314938000374,100000,0
IPOP_CMAES,F19,10,40,1.0272287997067906,9.39968178800018,100000,0
IPOP_CMAES,F19,10,41,1.0763281259357882,9.779276336000294,100000,0
IPOP_CMAES,F19,10,42,0.9681350819280397,9.683619903999897,100000,0
IPOP_CMAES,F19,10,43,0.5340087016140842,9.484238063999783,100000,0
IPOP_CMAES,F19,10,44,1.180299348216522,9.331787811999675,100000,0
IPOP_CMAES,F19,10,45,1.125350415110006,9.217326059000243,100000,0
IPOP_CMAES,F19,10,46,1.1249346992583469,9.1611744249999,100000,0
IPOP_CMAES,F19,10,47,1.0670777005418586,9.360346154000126,100000,0
IPOP_CMAES,F19,10,48,1.1756569264216523,9.31063382100001,100000,0
IPOP_CMAES,F19,10,49,1.230499404902048,9.272501986999941,100000,0
IPOP_CMAES,F19,10,50,1.1187907463004194,9.46335579200013,100000,0
L-SHADE-DGR,F19,10,0,0.31145716489731967,6.0455033060000005,100000,0
L-SHADE-DGR,F19,10,1,0.35620636696808106,6.0724359230000005,100000,0
L-SHADE-DGR,F19,10,2,0.1748834407112554,6.0776964119999946,100000,0
L-SHADE-DGR,F19,10,3,0.41364572296470214,6.03624416400001,100000,0
L-SHADE-DGR,F19,10,4,0.17430755946793397,6.0846384680000085,100000,0
L-SHADE-DGR,F19,10,5,0.3310821586644579,6.151331569000007,100000,0
L-SHADE-DGR,F19,10,6,0.274035857428089,5.9448756520000074,100000,0
L-SHADE-DGR,F19,10,7,0.17963169282938907,5.971219708999996,100000,0
L-SHADE-DGR,F19,10,8,0.20824121610917246,6.026065947999996,100000,0
L-SHADE-DGR,F19,10,9,0.2049007215759957,6.011981233,100000,0
L-SHADE-DGR,F19,10,10,0.2725980884056298,5.975520281000001,100000,0
L-SHADE-DGR,F19,10,11,1.0645964621699022,6.011194291999999,100000,0
L-SHADE-DGR,F19,10,12,0.019943938784308557,6.108299031999991,100000,0
L-SHADE-DGR,F19,10,13,0.3323030904107327,6.040367978000006,100000,0
L-SHADE-DGR,F19,10,14,0.5448937944322552,6.085936516000004,100000,0
L-SHADE-DGR,F19,10,15,0.3024167316650619,6.160352966000005,100000,0
L-SHADE-DGR,F19,10,16,0.40665144302988665,6.166009381999999,100000,0
L-SHADE-DGR,F19,10,17,0.23132170964868237,6.159012871999977,100000,0
L-SHADE-DGR,F19,10,18,0.2885846460301309,6.012190068999985,100000,0
L-SHADE-DGR,F19,10,19,0.2666461233438895,6.211412239000026,100000,0
L-SHADE-DGR,F19,10,20,0.2712751130657125,6.04251218600001,100000,0
L-SHADE-DGR,F19,10,21,0.07740411624376975,6.035587348999968,100000,0
L-SHADE-DGR,F19,10,22,0.22240625582844586,6.111733268999956,100000,0
L-SHADE-DGR,F19,10,23,0.11564601052259604,6.105692641000019,100000,0
L-SHADE-DGR,F19,10,24,0.17725740311425398,6.1804867939999895,100000,0
L-SHADE-DGR,F19,10,25,0.28408338868189276,6.17151203200001,100000,0
L-SHADE-DGR,F19,10,26,0.3588088306901227,5.976837025999998,100000,0
L-SHADE-DGR,F19,10,27,0.15460705533018881,6.004533019000007,100000,0
L-SHADE-DGR,F19,10,28,0.4189042924529076,6.049470273999987,100000,0
L-SHADE-DGR,F19,10,29,0.25864002551156773,6.055842523000024,100000,0
L-SHADE-DGR,F19,10,30,0.37523425596691595,6.04543959099999,100000,0
L-SHADE-DGR,F19,10,31,0.22642793276236262,6.098082297000019,100000,0
L-SHADE-DGR,F19,10,32,0.2697132167347718,5.9535822589999725,100000,0
L-SHADE-DGR,F19,10,33,0.38482462875435886,5.90688567899997,100000,0
L-SHADE-DGR,F19,10,34,0.16030356310466232,6.192577432999997,100000,0
L-SHADE-DGR,F19,10,35,0.2554729454682274,6.059759402999987,100000,0
L-SHADE-DGR,F19,10,36,0.33006883640086926,6.108594160999985,100000,0
L-SHADE-DGR,F19,10,37,0.13957845468485175,6.043829767000034,100000,0
L-SHADE-DGR,F19,10,38,0.03589107389598212,6.017270246999999,100000,0
L-SHADE-DGR,F19,10,39,0.21571387641120054,6.0012261680000165,100000,0
L-SHADE-DGR,F19,10,40,0.42672839516012573,6.037605767999992,100000,0
L-SHADE-DGR,F19,10,41,0.14582735055842022,6.020648375999997,100000,0
L-SHADE-DGR,F19,10,42,0.16349142848889642,6.129460937999966,100000,0
L-SHADE-DGR,F19,10,43,0.4577730495595915,6.108534831999975,100000,0
L-SHADE-DGR,F19,10,44,0.11595193746029508,6.186110783999993,100000,0
L-SHADE-DGR,F19,10,45,0.05429963178221442,6.185145110999997,100000,0
L-SHADE-DGR,F19,10,46,0.23817598644382088,6.024885726999969,100000,0
L-SHADE-DGR,F19,10,47,0.06078379574387327,5.938681138999982,100000,0
L-SHADE-DGR,F19,10,48,0.12165753986255368,6.0454752050000025,100000,0
L-SHADE-DGR,F19,10,49,0.2214753772414042,6.116220484999985,100000,0
L-SHADE-DGR,F19,10,50,0.2182766157543483,6.183487861000003,100000,0
LSHADE,F19,10,0,0.25817029716108664,5.599470658999962,100000,0
LSHADE,F19,10,1,0.3052647977322067,5.535311331999992,100000,0
LSHADE,F19,10,2,0.23487570389511347,5.629996164999966,100000,0
LSHADE,F19,10,3,0.3857854231150668,5.708865196000033,100000,0
LSHADE,F19,10,4,0.3701189482735572,5.543002420999983,100000,0
LSHADE,F19,10,5,0.30379004490328043,5.541492455000025,100000,0
LSHADE,F19,10,6,0.32256842279753073,5.533929680000028,100000,0
LSHADE,F19,10,7,0.34010978064179653,5.521796128000005,100000,0
LSHADE,F19,10,8,0.33701374942847906,5.536785973000178,100000,0
LSHADE,F19,10,9,0.3432521419454133,5.651900727000111,100000,0
LSHADE,F19,10,10,0.307857186112642,5.707559200999867,100000,0
LSHADE,F19,10,11,0.5431548873391421,5.734757647999913,100000,0
LSHADE,F19,10,12,0.33495625673594986,5.687083910999945,100000,0
LSHADE,F19,10,13,0.40087756328421165,5.61060369300003,100000,0
LSHADE,F19,10,14,0.4785255060119198,5.545076455000071,100000,0
LSHADE,F19,10,15,0.4183483107756274,5.582131255000149,100000,0
LSHADE,F19,10,16,0.3153822018084611,5.477196627000012,100000,0
LSHADE,F19,10,17,0.4949317049799902,5.532576779999999,100000,0
LSHADE,F19,10,18,0.2880555393171562,5.59840185500002,100000,0
LSHADE,F19,10,19,0.5328448308514453,5.522937780999882,100000,0
LSHADE,F19,10,20,0.48359942621982555,5.623398236999947,100000,0
LSHADE,F19,10,21,0.15882537451125245,5.632940129999952,100000,0
LSHADE,F19,10,22,0.32811571375532367,5.634169531999987,100000,0
LSHADE,F19,10,23,0.391913483755161,5.794962645000169,100000,0
LSHADE,F19,10,24,0.25297192695165904,5.6425367780000215,100000,0
LSHADE,F19,10,25,0.6167741155893509,5.565369105999935,100000,0
LSHADE,F19,10,26,0.35165284487516146,5.697513340999876,100000,0
LSHADE,F19,10,27,0.4042022942337553,5.706306449999829,100000,0
LSHADE,F19,10,28,0.29229193685910104,5.6769024099999115,100000,0
LSHADE,F19,10,29,0.4134985492976284,5.7495319549998385,100000,0
LSHADE,F19,10,30,0.49073637865240016,5.755766224000126,100000,0
LSHADE,F19,10,31,0.4652076172478701,5.666809244999968,100000,0
LSHADE,F19,10,32,0.3790352951832574,5.730599315000063,100000,0
LSHADE,F19,10,33,0.26448539003740734,5.745528175000118,100000,0
LSHADE,F19,10,34,0.47385378367926023,5.777682978999792,100000,0
LSHADE,F19,10,35,0.4947188498899777,5.783916811999916,100000,0
LSHADE,F19,10,36,0.39470900587275537,5.829622816999972,100000,0
LSHADE,F19,10,37,0.46291762350733734,5.716333720999955,100000,0
LSHADE,F19,10,38,0.34599838303961405,5.728270143000145,100000,0
LSHADE,F19,10,39,0.23381083875915465,5.735236376999865,100000,0
LSHADE,F19,10,40,0.4338681506233115,5.789816291999841,100000,0
LSHADE,F19,10,41,0.37440467842020553,5.809113949999983,100000,0
LSHADE,F19,10,42,0.41640931945971715,5.845377245999998,100000,0
LSHADE,F19,10,43,0.3247986301726087,5.774847203000036,100000,0
LSHADE,F19,10,44,0.4973249015984038,5.744739478999918,100000,0
LSHADE,F19,10,45,0.3291278493468326,5.809431427999925,100000,0
LSHADE,F19,10,46,0.5956781092056644,5.778103766999948,100000,0
LSHADE,F19,10,47,0.24008194056978027,5.825679733000015,100000,0
LSHADE,F19,10,48,0.3619556925029883,5.825054706000174,100000,0
LSHADE,F19,10,49,0.24910287770603645,5.760579003999965,100000,0
LSHADE,F19,10,50,0.2604422714227894,5.826615302999926,100000,0
TEMOA_V10,F19,10,0,1.0307517333346823,6.3493049649999875,100000,0
TEMOA_V10,F19,10,1,0.3962947120951412,6.438052206000009,100000,0
TEMOA_V10,F19,10,2,2.169381090666093,6.328741247000039,100000,0
TEMOA_V10,F19,10,3,0.9973008251804458,6.567162927999959,100000,0
TEMOA_V10,F19,10,4,1.0434867004225907,6.48347751,100000,0
TEMOA_V10,F19,10,5,2.167666270262316,6.512136307999981,100000,0
TEMOA_V10,F19,10,6,1.1159048736085424,6.505448123999997,100000,0
TEMOA_V10,F19,10,7,0.6439356252667494,6.5643850910000765,100000,0
TEMOA_V10,F19,10,8,2.3226859369312933,6.490330149999977,100000,0
TEMOA_V10,F19,10,9,2.16640646494443,6.477581996000026,100000,0
TEMOA_V10,F19,10,10,0.03916116387722468,6.384490019000054,100000,0
TEMOA_V10,F19,10,11,2.161608067015095,6.347442150999996,100000,0
TEMOA_V10,F19,10,12,0.8672090874774767,6.241432105000058,100000,0
TEMOA_V10,F19,10,13,2.044072320928308,6.25611328399998,100000,0
TEMOA_V10,F19,10,14,1.9787794473720624,6.277300381000032,100000,0
TEMOA_V10,F19,10,15,0.789659407824729,6.295395686999996,100000,0
TEMOA_V10,F19,10,16,1.1139397109109268,6.278234784000006,100000,0
TEMOA_V10,F19,10,17,1.039147409244606,6.374166339999988,100000,0
TEMOA_V10,F19,10,18,1.1752365436179844,6.309525587000053,100000,0
TEMOA_V10,F19,10,19,0.9876865221895059,6.434928940999953,100000,0
TEMOA_V10,F19,10,20,1.1207934150652363,6.44003103700004,100000,0
TEMOA_V10,F19,10,21,1.1187907462974636,6.466358838000019,100000,0
TEMOA_V10,F19,10,22,1.1209940440587616,6.552278186999956,100000,0
TEMOA_V10,F19,10,23,0.9788683933873017,6.4950371080000195,100000,0
TEMOA_V10,F19,10,24,0.933140002744949,6.467463498000029,100000,0
TEMOA_V10,F19,10,25,0.5323838464685196,6.387596465999991,100000,0
TEMOA_V10,F19,10,26,1.098267312548387,6.369293743999947,100000,0
TEMOA_V10,F19,10,27,1.0959475454988024,6.42568711499996,100000,0
TEMOA_V10,F19,10,28,1.1948198795871576,6.37315954799999,100000,0
TEMOA_V10,F19,10,29,1.1610455849122445,6.444579593000071,100000,0
TEMOA_V10,F19,10,30,1.0801942578216313,6.350560784999971,100000,0
TEMOA_V10,F19,10,31,1.077612811863446,6.324705994000055,100000,0
TEMOA_V10,F19,10,32,2.2482085000406187,6.271880296999939,100000,0
TEMOA_V10,F19,10,33,0.9035459866106521,6.287347165000028,100000,0
TEMOA_V10,F19,10,34,1.0472351165838063,6.237223598000014,100000,0
TEMOA_V10,F19,10,35,1.1575425338462537,6.20582325700002,100000,0
TEMOA_V10,F19,10,36,1.9917270288849522,6.27061148100006,100000,0
TEMOA_V10,F19,10,37,1.1174420506981733,6.205651694999915,100000,0
TEMOA_V10,F19,10,38,1.9125114267362733,6.263744666999969,100000,0
TEMOA_V10,F19,10,39,1.108529415171688,6.24206311699993,100000,0
TEMOA_V10,F19,10,40,1.166840867708288,6.208315858999981,100000,0
TEMOA_V10,F19,10,41,1.0212684993980474,6.256469073999938,100000,0
TEMOA_V10,F19,10,42,2.013171193410699,6.316776735000076,100000,0
TEMOA_V10,F19,10,43,1.1797743870517934,6.280876784000043,100000,0
TEMOA_V10,F19,10,44,1.1242198403233488,6.35788065700001,100000,0
TEMOA_V10,F19,10,45,1.1637984084281925,6.268455776999986,100000,0
TEMOA_V10,F19,10,46,0.9851063435348806,6.277428783999994,100000,0
TEMOA_V10,F19,10,47,2.5483216687448476,6.290554549000035,100000,0
TEMOA_V10,F19,10,48,1.685971744599783,6.407058651000057,100000,0
TEMOA_V10,F19,10,49,1.0002646602647474,6.217682608000018,100000,0
TEMOA_V10,F19,10,50,1.009710337726574,6.267942317000006,100000,0
TEMOA_V11,F19,10,0,0.17671555246556636,5.959488137999983,100000,0
TEMOA_V11,F19,10,1,0.25086829408519407,5.944549531999996,100000,0
TEMOA_V11,F19,10,2,0.23424182003805072,5.963006422000035,100000,0
TEMOA_V11,F19,10,3,0.4243977754615571,5.958959974999971,100000,0
TEMOA_V11,F19,10,4,0.07772490749630379,6.175865188999978,100000,0
TEMOA_V11,F19,10,5,0.04437116071107994,6.057775235000008,100000,0
TEMOA_V11,F19,10,6,0.1502407074576695,5.97862537900005,100000,0
TEMOA_V11,F19,10,7,0.35263994276965605,6.133469794999996,100000,0
TEMOA_V11,F19,10,8,0.23148868002044765,6.006842208999956,100000,0
TEMOA_V11,F19,10,9,0.23060329456598083,6.0282707629999095,100000,0
TEMOA_V11,F19,10,10,0.07999518669225836,5.925617172000102,100000,0
TEMOA_V11,F19,10,11,0.10000173134699253,5.983898443000044,100000,0
TEMOA_V11,F19,10,12,0.29921662619744893,5.960915892999992,100000,0
TEMOA_V11,F19,10,13,1.299180152133431,6.150446207000073,100000,0
TEMOA_V11,F19,10,14,0.2239965865060185,6.172606791999897,100000,0
TEMOA_V11,F19,10,15,0.21677398840938622,6.1976472580000745,100000,0
TEMOA_V11,F19,10,16,0.23138726539809795,6.176454809999996,100000,0
TEMOA_V11,F19,10,17,0.3036041165810275,6.0849630190000426,100000,0
TEMOA_V11,F19,10,18,0.08334195952556911,6.063122201999931,100000,0
TEMOA_V11,F19,10,19,0.2582450339029947,6.1761957569999595,100000,0
TEMOA_V11,F19,10,20,0.22114187016336473,6.159328251000034,100000,0
TEMOA_V11,F19,10,21,0.15609544591256963,6.19300062100001,100000,0
TEMOA_V11,F19,10,22,0.46736182339191146,6.0807884440000635,100000,0
TEMOA_V11,F19,10,23,0.21992651731738988,5.998192931000062,100000,0
TEMOA_V11,F19,10,24,0.13506925607180165,6.239862514999913,100000,0
TEMOA_V11,F19,10,25,0.3788121480768041,5.974853360999987,100000,0
TEMOA_V11,F19,10,26,1.232111237187155,5.990491669999983,100000,0
TEMOA_V11,F19,10,27,0.1638268118006181,6.1272372829999995,100000,0
TEMOA_V11,F19,10,28,0.3360568378557218,6.046200133999946,100000,0
TEMOA_V11,F19,10,29,0.1081596574069863,6.216303294999989,100000,0
TEMOA_V11,F19,10,30,0.2907521217271096,6.239474746000042,100000,0
TEMOA_V11,F19,10,31,0.22671716394665964,6.073281076999933,100000,0
TEMOA_V11,F19,10,32,0.32826197536496693,6.0558181579999655,100000,0
TEMOA_V11,F19,10,33,0.11228595036413935,6.052327243000036,100000,0
TEMOA_V11,F19,10,34,0.12125680250346704,6.1227005000000645,100000,0
TEMOA_V11,F19,10,35,0.2483413598667994,6.18203468899992,100000,0
TEMOA_V11,F19,10,36,0.2706079688753107,6.1526430999999775,100000,0
TEMOA_V11,F19,10,37,0.019446536871328135,6.154309936999994,100000,0
TEMOA_V11,F19,10,38,0.06907064942970464,6.203356700000086,100000,0
TEMOA_V11,F19,10,39,0.38716002084038337,6.197476810000126,100000,0
TEMOA_V11,F19,10,40,0.27059474652105564,6.121721994000154,100000,0
TEMOA_V11,F19,10,41,0.07254086414491212,6.18982923700014,100000,0
TEMOA_V11,F19,10,42,0.3431734179907835,6.113737666000134,100000,0
TEMOA_V11,F19,10,43,0.36108960723049677,6.1895100720000755,100000,0
TEMOA_V11,F19,10,44,0.31785819049378006,6.210333213000013,100000,0
TEMOA_V11,F19,10,45,0.16934111516570738,6.276464244999943,100000,0
TEMOA_V11,F19,10,46,0.3770462562463308,6.220585690999997,100000,0
TEMOA_V11,F19,10,47,0.17727507201539083,6.220964539999841,100000,0
TEMOA_V11,F19,10,48,0.26816266873015593,6.1823452040000575,100000,0
TEMOA_V11,F19,10,49,0.06357987604224036,6.224714235000192,100000,0
TEMOA_V11,F19,10,50,0.2631640508682267,6.232841682000071,100000,0
TEMOA_V12,F19,10,0,0.19306026883123195,6.134349109000141,100000,0
TEMOA_V12,F19,10,1,0.45033572447573533,6.179262108000103,100000,0
TEMOA_V12,F19,10,2,0.2594789937038513,6.227500256999974,100000,0
TEMOA_V12,F19,10,3,0.14011625114812887,6.211967330000107,100000,0
TEMOA_V12,F19,10,4,0.5163292898246254,6.092163517000017,100000,0
TEMOA_V12,F19,10,5,0.30975223664768237,6.223037664999993,100000,0
TEMOA_V12,F19,10,6,0.30041570293337827,6.070233303999885,100000,0
TEMOA_V12,F19,10,7,0.23143230407504234,6.225507710000102,100000,0
TEMOA_V12,F19,10,8,0.7903275390553972,5.990474452999933,100000,0
TEMOA_V12,F19,10,9,0.4198517317636288,6.183505334000074,100000,0
TEMOA_V12,F19,10,10,0.2760876977920361,6.312229692999836,100000,0
TEMOA_V12,F19,10,11,0.6007191528506155,6.108180466000022,100000,0
TEMOA_V12,F19,10,12,0.4133971305975592,6.092652185000134,100000,0
TEMOA_V12,F19,10,13,0.1951021054760531,6.068602020999833,100000,0
TEMOA_V12,F19,10,14,0.37853053391040703,6.01647258700018,100000,0
TEMOA_V12,F19,10,15,0.3738329821333082,6.099387335000074,100000,0
TEMOA_V12,F19,10,16,0.3132583533417801,6.170211354000003,100000,0
TEMOA_V12,F19,10,17,0.3240509412157735,6.175083029999996,100000,0
TEMOA_V12,F19,10,18,0.2605613628848005,6.269008820999943,100000,0
TEMOA_V12,F19,10,19,0.3984111239278718,6.185214580999855,100000,0
TEMOA_V12,F19,10,20,0.3052816604892996,6.115256405000082,100000,0
TEMOA_V12,F19,10,21,0.1242384258725906,6.21554772200011,100000,0
TEMOA_V12,F19,10,22,0.15625015109662854,6.119333513000129,100000,0
TEMOA_V12,F19,10,23,0.9617344772711931,6.1489778970001225,100000,0
TEMOA_V12,F19,10,24,1.0620922559025985,6.219541625000147,100000,0
TEMOA_V12,F19,10,25,0.2773864498869898,6.239624665000065,100000,0
TEMOA_V12,F19,10,26,0.23982121218318753,6.225378261999822,100000,0
TEMOA_V12,F19,10,27,0.18261152872719322,6.165303207999841,100000,0
TEMOA_V12,F19,10,28,0.26495051897131816,6.2101655330000085,100000,0
TEMOA_V12,F19,10,29,0.13035351468806766,6.220092926000007,100000,0
TEMOA_V12,F19,10,30,1.335487926000269,6.1038024810000024,100000,0
TEMOA_V12,F19,10,31,0.2756080321569243,6.149716004999846,100000,0
TEMOA_V12,F19,10,32,1.270621513813694,6.2378474930001175,100000,0
TEMOA_V12,F19,10,33,0.0983923503385995,6.1244266839999,100000,0
TEMOA_V12,F19,10,34,0.3362418098438411,6.094582237000168,100000,0
TEMOA_V12,F19,10,35,0.2562051144366251,6.048765773000014,100000,0
TEMOA_V12,F19,10,36,0.41614276232098746,6.062053648999836,100000,0
TEMOA_V12,F19,10,37,0.32708636333063623,6.122191411000131,100000,0
TEMOA_V12,F19,10,38,0.20843023674751748,6.046324726999956,100000,0
TEMOA_V12,F19,10,39,0.30034710950644694,6.15670298200007,100000,0
TEMOA_V12,F19,10,40,0.41250517202593073,6.017066946000114,100000,0
TEMOA_V12,F19,10,41,0.1450719890074197,5.923062004999792,100000,0
TEMOA_V12,F19,10,42,0.0620497385177714,6.034862202000113,100000,0
TEMOA_V12,F19,10,43,0.3843591677061795,5.897890114999882,100000,0
TEMOA_V12,F19,10,44,0.3264336757038109,5.988132222999866,100000,0
TEMOA_V12,F19,10,45,0.39258589297241997,6.001570728000161,100000,0
TEMOA_V12,F19,10,46,0.35590992633524365,5.9382461359998615,100000,0
TEMOA_V12,F19,10,47,0.5323810373670312,6.157468596000172,100000,0
TEMOA_V12,F19,10,48,0.3332866572718558,6.172673153999995,100000,0
TEMOA_V12,F19,10,49,0.38105963825796607,6.031960273999857,100000,0
TEMOA_V12,F19,10,50,0.3147359501401752,5.98477726100009,100000,0
jSO,F19,10,0,0.44964480689645825,5.74518378699986,100000,0
jSO,F19,10,1,0.6324254688092878,5.691861101000086,100000,0
jSO,F19,10,2,0.366732057259469,5.7122301110000535,100000,0
jSO,F19,10,3,0.3752138143065622,5.772984687999951,100000,0
jSO,F19,10,4,0.3263683537838915,5.745986514999913,100000,0
jSO,F19,10,5,0.31935411803374336,5.730393972999991,100000,0
jSO,F19,10,6,0.30327999153632845,5.740134309000041,100000,0
jSO,F19,10,7,0.2567032561637461,5.737752353999895,100000,0
jSO,F19,10,8,0.39785832250504427,5.657614027000136,100000,0
jSO,F19,10,9,0.3967658118856434,5.720346801999995,100000,0
jSO,F19,10,10,0.44376625360791877,5.68117222900014,100000,0
jSO,F19,10,11,0.16235392906469315,5.704624964999994,100000,0
jSO,F19,10,12,0.33815426625437794,5.697916578000104,100000,0
jSO,F19,10,13,0.3025687420929444,5.747421411000005,100000,0
jSO,F19,10,14,0.3084505889710272,5.749129583000013,100000,0
jSO,F19,10,15,0.36197550069095996,5.7613476029998765,100000,0
jSO,F19,10,16,0.5627081903528506,5.727089596000042,100000,0
jSO,F19,10,17,0.4707944566180231,5.70571221299997,100000,0
jSO,F19,10,18,0.3372129895569742,5.734121789000028,100000,0
jSO,F19,10,19,0.23627640913264258,5.795728239000027,100000,0
jSO,F19,10,20,0.13172139098560365,5.787559018000138,100000,0
jSO,F19,10,21,0.21290679373032617,5.676005024999995,100000,0
jSO,F19,10,22,0.5637937801418502,5.7092886390000785,100000,0
jSO,F19,10,23,0.26774559569480516,5.760281344000077,100000,0
jSO,F19,10,24,0.4327508004760148,5.787981512999977,100000,0
jSO,F19,10,25,0.3596213800763053,5.7895056439999735,100000,0
jSO,F19,10,26,0.38572509516257014,5.837194947999933,100000,0
jSO,F19,10,27,0.47137753170522956,5.7853534369999124,100000,0
jSO,F19,10,28,0.4290799779500958,5.752090630999874,100000,0
jSO,F19,10,29,0.3835828067565217,5.707906448999893,100000,0
jSO,F19,10,30,0.3614347662146429,5.817356502999928,100000,0
jSO,F19,10,31,0.6223300701274184,5.843666803000133,100000,0
jSO,F19,10,32,0.3432265336089131,5.651931585000057,100000,0
jSO,F19,10,33,0.3880209024812302,5.764236752999977,100000,0
jSO,F19,10,34,0.2400391219573521,5.763370504000022,100000,0
jSO,F19,10,35,0.5476920600731319,5.723616815000014,100000,0
jSO,F19,10,36,0.1732566029370446,5.752546388999917,100000,0
jSO,F19,10,37,0.43813485946338915,5.666835092000156,100000,0
jSO,F19,10,38,0.4064456298096957,5.641945594000163,100000,0
jSO,F19,10,39,0.34188993753264185,5.709586977000072,100000,0
jSO,F19,10,40,0.3952920603808252,5.764897063000035,100000,0
jSO,F19,10,41,0.37051298165738444,5.680327531999865,100000,0
jSO,F19,10,42,0.28188974626755225,5.644057926999949,100000,0
jSO,F19,10,43,0.45402383745727093,5.6562580580000485,100000,0
jSO,F19,10,44,0.23377539866510233,5.710528229999909,100000,0
jSO,F19,10,45,0.5830201794219647,5.735185599000033,100000,0
jSO,F19,10,46,0.182877419614897,5.707293007000089,100000,0
jSO,F19,10,47,0.3997901795535199,5.700846641999988,100000,0
jSO,F19,10,48,0.44392928815909727,5.782777948999865,100000,0
jSO,F19,10,49,0.22914274501272303,5.60740392699995,100000,0
jSO,F19,10,50,1.0087496151204505,5.658447712999987,100000,0
sepCMAES,F19,10,0,3875.557505157809,10.314617014000305,100000,0
sepCMAES,F19,10,1,484.0506038399526,10.810584664000089,100000,0
sepCMAES,F19,10,2,884.6387387229424,9.829830782000045,100000,0
sepCMAES,F19,10,3,5.410795786946437,10.232877630000075,100000,0
sepCMAES,F19,10,4,195.5517551633477,9.97430063300044,100000,0
sepCMAES,F19,10,5,77.38611324739873,10.199632527000176,100000,0
sepCMAES,F19,10,6,200.52540664552203,10.172021312999732,100000,0
sepCMAES,F19,10,7,208.2506103255107,10.104506836999917,100000,0
sepCMAES,F19,10,8,313.5993165480286,10.566287652000028,100000,0
sepCMAES,F19,10,9,1835.3923247727935,10.386280993999662,100000,0
sepCMAES,F19,10,10,3867.9643065261735,10.191941763000159,100000,0
sepCMAES,F19,10,11,12.873052398153504,9.911372767000103,100000,0
sepCMAES,F19,10,12,42.28094600538657,10.055799568000111,100000,0
sepCMAES,F19,10,13,1705.0077370316862,10.362616828000228,100000,0
sepCMAES,F19,10,14,27.610113277873097,10.30911192900021,100000,0
sepCMAES,F19,10,15,2675.6926639274952,10.052391540999906,100000,0
sepCMAES,F19,10,16,3364.5909067325683,10.14996949999977,100000,0
sepCMAES,F19,10,17,33.836295453063485,10.351200197999788,100000,0
sepCMAES,F19,10,18,393.349834377937,10.140532875999725,100000,0
sepCMAES,F19,10,19,2231.5780676012605,9.969370700000127,100000,0
sepCMAES,F19,10,20,235.90114074886128,10.204841060000035,100000,0
sepCMAES,F19,10,21,1219.708293697951,10.400944798000182,100000,0
sepCMAES,F19,10,22,32.64622824345224,10.286995101999764,100000,0
sepCMAES,F19,10,23,732.9652394276791,10.69961195499991,100000,0
sepCMAES,F19,10,24,41.86109112925078,10.386445730000105,97611,0
sepCMAES,F19,10,25,118.65105523628813,10.554108008000185,100000,0
sepCMAES,F19,10,26,1081.0169296480517,10.203941940000277,100000,0
sepCMAES,F19,10,27,1195.0839077566911,10.740798191000067,100000,0
sepCMAES,F19,10,28,3608.5441946771534,10.272191504000148,100000,0
sepCMAES,F19,10,29,281.4083302762642,10.263010015999953,100000,0
sepCMAES,F19,10,30,3915.0360201937665,10.3956387610001,100000,0
sepCMAES,F19,10,31,133.18094826682614,10.096931877000316,100000,0
sepCMAES,F19,10,32,296.63175418659375,10.054163173999768,100000,0
sepCMAES,F19,10,33,454.19964200694176,10.012464227999772,100000,0
sepCMAES,F19,10,34,4072.346069268675,10.345318505999785,100000,0
sepCMAES,F19,10,35,301.3273141364698,9.858994565000103,100000,0
sepCMAES,F19,10,36,4251.74067630876,10.158010026999818,100000,0
sepCMAES,F19,10,37,4021.096743365273,10.607918977999816,100000,0
sepCMAES,F19,10,38,447.06065642173735,10.649526493999929,100000,0
sepCMAES,F19,10,39,66.06927390441888,9.694042272999923,100000,0
sepCMAES,F19,10,40,3299.199952327999,10.04061750000028,100000,0
sepCMAES,F19,10,41,2.481773299860606,10.209496880000188,100000,0
sepCMAES,F19,10,42,1791.380626060154,10.334433785000328,100000,0
sepCMAES,F19,10,43,518.5758944328718,10.654136707999896,100000,0
sepCMAES,F19,10,44,487.44851513309095,10.295430639000188,100000,0
sepCMAES,F19,10,45,3085.557033922154,10.480106812000031,100000,0
sepCMAES,F19,10,46,454.2632684246478,10.319862192000073,100000,0
sepCMAES,F19,10,47,29.188609506362354,9.949655046000316,95021,0
sepCMAES,F19,10,48,3.368930743383089,10.188705013000344,100000,0
sepCMAES,F19,10,49,3.4567760624813673,9.954095733000031,100000,0
sepCMAES,F19,10,50,4512.49855862807,10.45892059200014,100000,0
BIPOP_CMAES,F20,10,0,26.440354773856598,19.188090001999626,100000,0
BIPOP_CMAES,F20,10,1,21.02848095372724,18.573263416000373,100000,0
BIPOP_CMAES,F20,10,2,13.708507041045323,18.12682379999933,100000,0
BIPOP_CMAES,F20,10,3,27.775173007622016,17.812455946999762,100000,0
BIPOP_CMAES,F20,10,4,32.74004743736759,18.55403806599952,100000,0
BIPOP_CMAES,F20,10,5,24.585417904293536,19.031360652999865,100000,0
BIPOP_CMAES,F20,10,6,16.728732447081256,17.74125266200008,100000,0
BIPOP_CMAES,F20,10,7,36.306823307802006,17.9096817489999,100000,0
BIPOP_CMAES,F20,10,8,24.79552487997148,18.847892329999922,100000,0
BIPOP_CMAES,F20,10,9,22.99546932188082,18.300580894999257,100000,0
BIPOP_CMAES,F20,10,10,44.68082836311146,18.10228712800017,100000,0
BIPOP_CMAES,F20,10,11,19.614657402225248,18.20173978300045,100000,0
BIPOP_CMAES,F20,10,12,20.99858702223105,19.117852496000523,100000,0
BIPOP_CMAES,F20,10,13,22.981926575505213,18.865196411999932,100000,0
BIPOP_CMAES,F20,10,14,20.992671471424956,17.5654612849994,100000,0
BIPOP_CMAES,F20,10,15,252.39874808196782,18.7774682320005,100000,0
BIPOP_CMAES,F20,10,16,32.74034597268019,19.36769290600023,100000,0
BIPOP_CMAES,F20,10,17,36.28682972461047,19.14778736199969,100000,0
BIPOP_CMAES,F20,10,18,23.015564214612596,18.028840142999798,100000,0
BIPOP_CMAES,F20,10,19,20.995090949580117,18.640595368000504,100000,0
BIPOP_CMAES,F20,10,20,21.990074227795276,18.242152132999763,100000,0
BIPOP_CMAES,F20,10,21,21.991127374990356,19.078132091000043,100000,0
BIPOP_CMAES,F20,10,22,23.980207694597084,18.436410135000187,100000,0
BIPOP_CMAES,F20,10,23,23.980077999678088,17.917327796999416,100000,0
BIPOP_CMAES,F20,10,24,25.140078743753065,20.090023652000127,100000,0
BIPOP_CMAES,F20,10,25,29.14438467799505,18.164814753000428,100000,0
BIPOP_CMAES,F20,10,26,27.090646226342187,19.301151792999917,100000,0
BIPOP_CMAES,F20,10,27,32.01059470044606,18.960489560000497,100000,0
BIPOP_CMAES,F20,10,28,20.99866456269524,19.247129215000314,100000,0
BIPOP_CMAES,F20,10,29,32.7377761601374,19.169259753000006,100000,0
BIPOP_CMAES,F20,10,30,20.996745637281947,18.39418144499996,100000,0
BIPOP_CMAES,F20,10,31,22.158946090419477,18.79252329300016,100000,0
BIPOP_CMAES,F20,10,32,21.990101885520062,17.955319990000135,100000,0
BIPOP_CMAES,F20,10,33,20.994932196800846,17.690338336000423,100000,0
BIPOP_CMAES,F20,10,34,21.990736671315744,18.289397262999955,100000,0
BIPOP_CMAES,F20,10,35,15.724921557812877,18.05740676000005,100000,0
BIPOP_CMAES,F20,10,36,20.0001143857844,18.103149003999533,100000,0
BIPOP_CMAES,F20,10,37,34.106682431494846,17.424503436999657,100000,0
BIPOP_CMAES,F20,10,38,32.16653574852694,18.620850961000542,100000,0
BIPOP_CMAES,F20,10,39,25.128868419081527,18.342627361000268,100000,0
BIPOP_CMAES,F20,10,40,27.96008410029026,18.65015835400027,100000,0
BIPOP_CMAES,F20,10,41,23.794477318407644,18.551740642999903,100000,0
BIPOP_CMAES,F20,10,42,32.740861268320714,19.504767426999933,100000,0
BIPOP_CMAES,F20,10,43,22.995065101830505,18.915406461999737,100000,0
BIPOP_CMAES,F20,10,44,33.41503030402896,19.069926328000292,100000,0
BIPOP_CMAES,F20,10,45,35.76691210654076,18.605534659000114,100000,0
BIPOP_CMAES,F20,10,46,26.422443045602904,20.746347956000136,100000,0
BIPOP_CMAES,F20,10,47,24.316599617424117,17.96653692200016,100000,0
BIPOP_CMAES,F20,10,48,20.99077506139747,18.696444316999987,100000,0
BIPOP_CMAES,F20,10,49,21.990373907670573,18.696854023000014,100000,0
BIPOP_CMAES,F20,10,50,20.99673550743546,17.9639093830001,100000,0
CMAES,F20,10,0,34.935808341827624,20.749129283000002,100000,0
CMAES,F20,10,1,24.956767792788696,20.643093892000252,100000,0
CMAES,F20,10,2,21.507874485821276,20.40831119900031,100000,0
CMAES,F20,10,3,33.008967321495675,19.996160112000325,100000,0
CMAES,F20,10,4,29.70027613963134,20.741014051000093,100000,0
CMAES,F20,10,5,23.982927573789084,20.32674751400009,100000,0
CMAES,F20,10,6,24.9770341839951,20.23220278200006,100000,0
CMAES,F20,10,7,29.232942201241485,13.623800874999688,65411,0
CMAES,F20,10,8,32.96369142759909,20.513120179999532,100000,0
CMAES,F20,10,9,24.42179876204068,20.814996643000086,100000,0
CMAES,F20,10,10,24.993680263368788,20.767139354000392,100000,0
CMAES,F20,10,11,24.97841747334519,20.564518338000198,100000,0
CMAES,F20,10,12,21.99091988549435,19.915967734999867,100000,0
CMAES,F20,10,13,21.248271706051128,20.83385139799975,100000,0
CMAES,F20,10,14,23.980271263153554,20.22017109599983,100000,0
CMAES,F20,10,15,21.28610052003978,19.96470632799992,100000,0
CMAES,F20,10,16,29.952082134844886,20.517258926999602,100000,0
CMAES,F20,10,17,20.995359995011768,20.45602694900026,100000,0
CMAES,F20,10,18,21.00317386567167,20.697841875999984,100000,0
CMAES,F20,10,19,38.4270146269871,21.243601235000824,100000,0
CMAES,F20,10,20,25.981701220560353,20.6190159960006,100000,0
CMAES,F20,10,21,23.9810285975625,20.9424515769997,100000,0
CMAES,F20,10,22,30.580364541449853,20.802895797999554,100000,0
CMAES,F20,10,23,42.14454344780188,20.947972291999577,100000,0
CMAES,F20,10,24,22.0096381427677,20.631884634000016,100000,0
CMAES,F20,10,25,28.534665879775275,20.641917013999773,100000,0
CMAES,F20,10,26,238.13551036925674,21.30552906199955,100000,0
CMAES,F20,10,27,19.948232815712572,20.599141586999394,100000,0
CMAES,F20,10,28,27.97257349170468,20.3296997690004,100000,0
CMAES,F20,10,29,24.9754172713383,20.719563566999568,100000,0
CMAES,F20,10,30,29.95172134551035,20.233758960999694,100000,0
CMAES,F20,10,31,24.270033582542737,20.367207633999897,100000,0
CMAES,F20,10,32,22.022872028142274,20.332886936999785,100000,0
CMAES,F20,10,33,23.985857047948457,20.26528795000013,100000,0
CMAES,F20,10,34,24.97754353518326,20.565584975000093,100000,0
CMAES,F20,10,35,21.00682000634356,20.500682953999785,100000,0
CMAES,F20,10,36,27.972205629220525,20.119680149000487,100000,0
CMAES,F20,10,37,32.78486716938414,21.29000325600009,100000,0
CMAES,F20,10,38,25.460480510230127,21.076638282000204,100000,0
CMAES,F20,10,39,28.954813181172995,20.593030629999703,100000,0
CMAES,F20,10,40,24.997617391113636,20.05136754600062,100000,0
CMAES,F20,10,41,22.225023609181335,21.017795777000174,100000,0
CMAES,F20,10,42,26.674731454771518,20.50285886599977,100000,0
CMAES,F20,10,43,239.88727687155097,20.721399257000485,100000,0
CMAES,F20,10,44,24.973685373651506,20.069375971000227,100000,0
CMAES,F20,10,45,34.63288407022333,20.707611185999667,100000,0
CMAES,F20,10,46,29.955262915759022,20.514469036000264,100000,0
CMAES,F20,10,47,23.969563691145595,20.51987426800042,100000,0
CMAES,F20,10,48,27.030136152172872,20.48411907799982,100000,0
CMAES,F20,10,49,19.49215042047308,20.53304953499992,100000,0
CMAES,F20,10,50,20.99690079567472,20.61779124199984,100000,0
IPOP_CMAES,F20,10,0,86.83525496703328,18.2020687309996,100000,0
IPOP_CMAES,F20,10,1,25.706374572749382,17.89848575399992,100000,0
IPOP_CMAES,F20,10,2,24.974869822611936,17.856639024000287,100000,0
IPOP_CMAES,F20,10,3,20.99460439411837,17.985742011000184,100000,0
IPOP_CMAES,F20,10,4,20.00024365790682,17.361254052999357,100000,0
IPOP_CMAES,F20,10,5,76.87625795295367,18.212180442999852,100000,0
IPOP_CMAES,F20,10,6,3.9143833984612684,18.187298223999278,100000,0
IPOP_CMAES,F20,10,7,23.9800295507207,18.856094926999504,100000,0
IPOP_CMAES,F20,10,8,32.74019869404401,18.207958033000068,100000,0
IPOP_CMAES,F20,10,9,16.089253808134572,17.68562201700024,100000,0
IPOP_CMAES,F20,10,10,76.87976424388694,19.987452598000345,100000,0
IPOP_CMAES,F20,10,11,20.109429434909543,17.474100666000595,100000,0
IPOP_CMAES,F20,10,12,22.410795516915186,17.120368713999596,100000,0
IPOP_CMAES,F20,10,13,20.995949229602274,18.06362556500062,100000,0
IPOP_CMAES,F20,10,14,32.74304867513365,19.598019273000318,100000,0
IPOP_CMAES,F20,10,15,32.74087192765114,18.025580223999896,100000,0
IPOP_CMAES,F20,10,16,77.8518833678736,18.768521341999985,100000,0
IPOP_CMAES,F20,10,17,29.950872161739653,17.52690236500075,100000,0
IPOP_CMAES,F20,10,18,20.99531518416279,17.774408543999925,100000,0
IPOP_CMAES,F20,10,19,20.9956453398122,18.62802336599998,100000,0
IPOP_CMAES,F20,10,20,25.07399965157265,18.462407713000175,100000,0
IPOP_CMAES,F20,10,21,20.995580001864255,18.466764955000144,100000,0
IPOP_CMAES,F20,10,22,24.974816841824122,18.206144447999577,100000,0
IPOP_CMAES,F20,10,23,23.701334875174098,18.170343570000114,100000,0
IPOP_CMAES,F20,10,24,30.57285247291793,18.262396893000187,100000,0
IPOP_CMAES,F20,10,25,20.96601290820695,16.84740152499944,100000,0
IPOP_CMAES,F20,10,26,34.74040619237894,18.002999895999892,100000,0
IPOP_CMAES,F20,10,27,23.980514681158866,17.826201443000173,100000,0
IPOP_CMAES,F20,10,28,29.952261387977387,18.61505225000019,100000,0
IPOP_CMAES,F20,10,29,26.959824395279156,17.144005467999705,100000,0
IPOP_CMAES,F20,10,30,23.981224007179208,18.646297547999893,100000,0
IPOP_CMAES,F20,10,31,22.018149311293655,17.433105332000196,100000,0
IPOP_CMAES,F20,10,32,39.7868159429986,19.04541468699972,100000,0
IPOP_CMAES,F20,10,33,51.43504297439449,18.176007583000683,100000,0
IPOP_CMAES,F20,10,34,7.554915139287232,17.625746630999856,100000,0
IPOP_CMAES,F20,10,35,23.981051016009133,18.859461091999947,100000,0
IPOP_CMAES,F20,10,36,12.855320183127105,18.169027371000084,100000,0
IPOP_CMAES,F20,10,37,20.00117764600668,18.230380977000095,100000,0
IPOP_CMAES,F20,10,38,95.78422134709263,19.998514256999442,100000,0
IPOP_CMAES,F20,10,39,31.738912382954823,17.32248685600007,100000,0
IPOP_CMAES,F20,10,40,33.734071030514315,17.526890733000073,100000,0
IPOP_CMAES,F20,10,41,20.00068931364831,18.031513883000116,100000,0
IPOP_CMAES,F20,10,42,29.950052619125017,18.295859930000006,100000,0
IPOP_CMAES,F20,10,43,20.99520102462634,18.301258493000205,100000,0
IPOP_CMAES,F20,10,44,28.94184589720112,18.811685155000305,100000,0
IPOP_CMAES,F20,10,45,37.31283829678864,17.849353778000477,100000,0
IPOP_CMAES,F20,10,46,24.974784550421873,17.480225401999633,100000,0
IPOP_CMAES,F20,10,47,20.997327623140563,18.243936928999574,100000,0
IPOP_CMAES,F20,10,48,20.99642008668002,19.727330080000684,100000,0
IPOP_CMAES,F20,10,49,42.330446389914414,19.390809223999895,100000,0
IPOP_CMAES,F20,10,50,35.07677684587952,18.17597093400036,100000,0
L-SHADE-DGR,F20,10,0,0.6713454035029827,13.286012110000001,100000,0
L-SHADE-DGR,F20,10,1,0.7939189954086032,13.342116140000002,100000,0
L-SHADE-DGR,F20,10,2,0.893939945848615,13.321046087000013,100000,0
L-SHADE-DGR,F20,10,3,0.8498132268830432,13.321105998000007,100000,0
L-SHADE-DGR,F20,10,4,0.0,13.336524787999991,100000,0
L-SHADE-DGR,F20,10,5,0.006245382769975549,13.283438539999992,100000,0
L-SHADE-DGR,F20,10,6,0.29897087529457167,13.321812727999998,100000,0
L-SHADE-DGR,F20,10,7,0.5088221653311393,13.257075169999979,100000,0
L-SHADE-DGR,F20,10,8,0.0022621223095029563,13.293655541000021,100000,0
L-SHADE-DGR,F20,10,9,3.914673970939475e-05,13.242850082000018,100000,0
L-SHADE-DGR,F20,10,10,0.43697847354746955,13.236202171999992,100000,0
L-SHADE-DGR,F20,10,11,0.012180790322418034,13.246169750000035,100000,0
L-SHADE-DGR,F20,10,12,0.7559752544150342,13.21631903299999,100000,0
L-SHADE-DGR,F20,10,13,0.547477004670327,13.187700086999996,100000,0
L-SHADE-DGR,F20,10,14,0.0,13.196222495000029,100000,0
L-SHADE-DGR,F20,10,15,1.49534268191519,13.156914320999988,100000,0
L-SHADE-DGR,F20,10,16,0.6992045520114516,13.166250273999992,100000,0
L-SHADE-DGR,F20,10,17,0.28447168665638856,13.175049509000019,100000,0
L-SHADE-DGR,F20,10,18,0.7732995902752009,13.122122740999998,100000,0
L-SHADE-DGR,F20,10,19,0.4093215991983925,13.176103168999987,100000,0
L-SHADE-DGR,F20,10,20,1.0558552221109494,13.128846390000035,100000,0
L-SHADE-DGR,F20,10,21,0.0024388452145558404,13.229170093999983,100000,0
L-SHADE-DGR,F20,10,22,0.30719645299564036,13.142957390999982,100000,0
L-SHADE-DGR,F20,10,23,0.008647493865964861,13.193063052000014,100000,0
L-SHADE-DGR,F20,10,24,5.20457863331103e-05,13.150186671000029,100000,0
L-SHADE-DGR,F20,10,25,1.186848156979977,13.122052821000011,100000,0
L-SHADE-DGR,F20,10,26,9.074066110770218e-05,13.135600962000012,100000,0
L-SHADE-DGR,F20,10,27,0.014172512292361716,13.128175089999957,100000,0
L-SHADE-DGR,F20,10,28,0.8639751224056909,13.121964066000032,100000,0
L-SHADE-DGR,F20,10,29,0.6867592768526265,13.15925696599993,100000,0
L-SHADE-DGR,F20,10,30,0.4833873326606408,13.174460035999914,100000,0
L-SHADE-DGR,F20,10,31,0.5926504244923763,13.12898703899998,100000,0
L-SHADE-DGR,F20,10,32,0.8298568260881893,13.08203907199993,100000,0
L-SHADE-DGR,F20,10,33,0.6272412423243168,13.122685767000007,100000,0
L-SHADE-DGR,F20,10,34,0.43636057332378186,13.15370267600008,100000,0
L-SHADE-DGR,F20,10,35,0.06334006223005417,13.145233415999996,100000,0
L-SHADE-DGR,F20,10,36,0.7317957912678139,13.134052164999957,100000,0
L-SHADE-DGR,F20,10,37,0.6962403048830765,13.133581492999951,100000,0
L-SHADE-DGR,F20,10,38,0.542093085765373,13.145281423000029,100000,0
L-SHADE-DGR,F20,10,39,0.0,13.17765078299999,100000,0
L-SHADE-DGR,F20,10,40,0.39491164248784116,13.184510807999914,100000,0
L-SHADE-DGR,F20,10,41,0.6021959077518204,13.173744753999927,100000,0
L-SHADE-DGR,F20,10,42,20.00370315914347,13.180679873000031,100000,0
L-SHADE-DGR,F20,10,43,3.8415951166825835e-06,13.145876410000028,100000,0
L-SHADE-DGR,F20,10,44,0.5193429859107255,13.196241279999981,100000,0
L-SHADE-DGR,F20,10,45,6.418873203983821e-05,13.170775308999964,100000,0
L-SHADE-DGR,F20,10,46,0.6965100526617789,13.161779595999974,100000,0
L-SHADE-DGR,F20,10,47,2.3910201434773626e-05,13.214825610000048,100000,0
L-SHADE-DGR,F20,10,48,0.5119919628427851,13.151461900999948,100000,0
L-SHADE-DGR,F20,10,49,1.022446140283364,13.188777375999962,100000,0
L-SHADE-DGR,F20,10,50,0.47519209844267607,13.12790452899992,100000,0
LSHADE,F20,10,0,2.0341026740093184,12.435250693999933,100000,0
LSHADE,F20,10,1,2.6828563480491994,12.358818005000103,100000,0
LSHADE,F20,10,2,1.9348347199095315,12.415514533000078,100000,0
LSHADE,F20,10,3,2.5865235587332336,12.388983484999699,100000,0
LSHADE,F20,10,4,1.591705484084514,12.429676974999893,100000,0
LSHADE,F20,10,5,3.347375795400694,12.361605598000097,100000,0
LSHADE,F20,10,6,2.1681642654148163,12.490751541000009,100000,0
LSHADE,F20,10,7,1.1532905312760704,12.403804207000121,100000,0
LSHADE,F20,10,8,1.9202020887389608,12.524037986000167,100000,0
LSHADE,F20,10,9,2.6089396393615516,12.438287173999925,100000,0
LSHADE,F20,10,10,3.7246364968016223,12.459087530000033,100000,0
LSHADE,F20,10,11,2.647288369671287,12.524418191999757,100000,0
LSHADE,F20,10,12,1.9113457326041043,12.52659925099988,100000,0
LSHADE,F20,10,13,2.5851470456402694,12.445932252000148,100000,0
LSHADE,F20,10,14,2.2830765016574333,12.389410288999898,100000,0
LSHADE,F20,10,15,2.873593630449932,12.434223457000371,100000,0
LSHADE,F20,10,16,3.2791018272109795,12.485845674999837,100000,0
LSHADE,F20,10,17,2.1257378741438515,12.538328296000145,100000,0
LSHADE,F20,10,18,3.3900783521319227,12.361748590999923,100000,0
LSHADE,F20,10,19,2.504004791238458,12.44184376000021,100000,0
LSHADE,F20,10,20,2.2627336706379992,12.43684773799987,100000,0
LSHADE,F20,10,21,1.548525423909723,12.513710422000258,100000,0
LSHADE,F20,10,22,2.49931614970842,12.411709156000143,100000,0
LSHADE,F20,10,23,2.6977637922507256,12.413208007999856,100000,0
LSHADE,F20,10,24,1.7385958128770653,12.328778254000099,100000,0
LSHADE,F20,10,25,2.653317867379883,12.43494134599996,100000,0
LSHADE,F20,10,26,1.6339633250454426,12.441547054999774,100000,0
LSHADE,F20,10,27,2.2542157327995938,12.436058971999955,100000,0
LSHADE,F20,10,28,3.9028274997365315,12.43129314099997,100000,0
LSHADE,F20,10,29,1.8761588667100568,12.444946231999893,100000,0
LSHADE,F20,10,30,1.964506291359612,12.451958015999935,100000,0
LSHADE,F20,10,31,2.172385984780476,12.397731753000244,100000,0
LSHADE,F20,10,32,2.2890250689138156,12.37268740599984,100000,0
LSHADE,F20,10,33,2.0478790543706964,12.447098121999716,100000,0
LSHADE,F20,10,34,1.0393269989087912,12.400812716000019,100000,0
LSHADE,F20,10,35,2.0726943337383545,12.421800334000181,100000,0
LSHADE,F20,10,36,2.3722015155342433,12.3995604859997,100000,0
LSHADE,F20,10,37,3.0733008102372423,12.416283772000043,100000,0
LSHADE,F20,10,38,2.5511159465797846,12.390213313000004,100000,0
LSHADE,F20,10,39,1.7932311745478273,12.318076134000421,100000,0
LSHADE,F20,10,40,2.6541699784193042,12.43440093800018,100000,0
LSHADE,F20,10,41,1.6878769189913783,12.439198982999642,100000,0
LSHADE,F20,10,42,0.8321393786891349,12.366200256999946,100000,0
LSHADE,F20,10,43,2.809054919431219,12.409599997999976,100000,0
LSHADE,F20,10,44,2.5238746795057523,12.35063822400025,100000,0
LSHADE,F20,10,45,2.0371068372508034,12.384582005000084,100000,0
LSHADE,F20,10,46,2.0429103661595036,12.349318802999733,100000,0
LSHADE,F20,10,47,1.850073084391397,12.398168590000296,100000,0
LSHADE,F20,10,48,0.8971894414885355,12.360911251000289,100000,0
LSHADE,F20,10,49,1.9866963318177113,12.47021933499991,100000,0
LSHADE,F20,10,50,3.655073943963771,12.465913497000201,100000,0
TEMOA_V10,F20,10,0,7.554283067811866,13.76233078000007,100000,0
TEMOA_V10,F20,10,1,19.99796377066582,13.700935114999993,100000,0
TEMOA_V10,F20,10,2,0.9949590570934106,13.739232871000013,100000,0
TEMOA_V10,F20,10,3,9.353039239137843,13.765821821000031,100000,0
TEMOA_V10,F20,10,4,3.5748866141857434,13.787083429999939,100000,0
TEMOA_V10,F20,10,5,20.994958499197992,13.73343118799994,100000,0
TEMOA_V10,F20,10,6,20.994408590233434,13.756376326000009,100000,0
TEMOA_V10,F20,10,7,19.999999999912916,13.757955604000017,100000,0
TEMOA_V10,F20,10,8,0.0,13.796460352000054,100000,0
TEMOA_V10,F20,10,9,0.0,13.804113686999926,100000,0
TEMOA_V10,F20,10,10,3.1387889976031147e-07,13.822088237000003,100000,0
TEMOA_V10,F20,10,11,3.5748866141686904,13.756721534999997,100000,0
TEMOA_V10,F20,10,12,20.994569486373848,13.745357591000015,100000,0
TEMOA_V10,F20,10,13,20.99495890611638,13.809038228000077,100000,0
TEMOA_V10,F20,10,14,0.994959057116148,13.780168838000009,100000,0
TEMOA_V10,F20,10,15,0.9949590570934106,13.763395191999962,100000,0
TEMOA_V10,F20,10,16,2.579927557029805,13.72432438099986,100000,0
TEMOA_V10,F20,10,17,20.961571509869145,13.76981246199989,100000,0
TEMOA_V10,F20,10,18,21.987923493940798,13.760265857999912,100000,0
TEMOA_V10,F20,10,19,0.9949590571388853,13.744592181999906,100000,0
TEMOA_V10,F20,10,20,3.5748866141232156,13.790376122999987,100000,0
TEMOA_V10,F20,10,21,3.574886614145953,13.780776203999949,100000,0
TEMOA_V10,F20,10,22,20.9949589829032,13.736840278000045,100000,0
TEMOA_V10,F20,10,23,1.9899181141865938,13.739746421000063,100000,0
TEMOA_V10,F20,10,24,0.00011009248100890545,13.786290472000019,100000,0
TEMOA_V10,F20,10,25,20.994959057036795,13.716197176999913,100000,0
TEMOA_V10,F20,10,26,19.998774961428353,13.720704116000206,100000,0
TEMOA_V10,F20,10,27,19.999999999808097,13.743010571000013,100000,0
TEMOA_V10,F20,10,28,8.954601241487126,13.736554941999884,100000,0
TEMOA_V10,F20,10,29,2.585290008348011,13.859357859000056,100000,0
TEMOA_V10,F20,10,30,19.998742936445524,13.742462201999842,100000,0
TEMOA_V10,F20,10,31,0.0,13.723768240000027,100000,0
TEMOA_V10,F20,10,32,0.0,13.866203909999967,100000,0
TEMOA_V10,F20,10,33,0.0,13.781789990999869,100000,0
TEMOA_V10,F20,10,34,4.884065258091141,13.761353829999962,100000,0
TEMOA_V10,F20,10,35,20.99492909139076,13.78857185899983,100000,0
TEMOA_V10,F20,10,36,19.431674273866975,13.77483419500004,100000,0
TEMOA_V10,F20,10,37,20.99495862510571,13.761950511999885,100000,0
TEMOA_V10,F20,10,38,20.994693503370854,13.792471404000025,100000,0
TEMOA_V10,F20,10,39,24.974789399433348,13.725820544000044,100000,0
TEMOA_V10,F20,10,40,1.9899181141865938,13.739056824000045,100000,0
TEMOA_V10,F20,10,41,0.9949590570934106,13.759374678000086,100000,0
TEMOA_V10,F20,10,42,1.9899181141865938,13.753476116999991,100000,0
TEMOA_V10,F20,10,43,20.800342763452818,13.716066156000124,100000,0
TEMOA_V10,F20,10,44,5.5643699914442095,13.762333868999804,100000,0
TEMOA_V10,F20,10,45,20.99382249472933,13.781419593999999,100000,0
TEMOA_V10,F20,10,46,20.992977380076127,13.707510358000036,100000,0
TEMOA_V10,F20,10,47,7.5643699914442095,13.737721964000002,100000,0
TEMOA_V10,F20,10,48,0.0,13.782584111999995,100000,0
TEMOA_V10,F20,10,49,3.5744518772576157,13.79424681799992,100000,0
TEMOA_V10,F20,10,50,21.338245947840733,13.75199742299992,100000,0
TEMOA_V11,F20,10,0,0.0001017124800455349,13.196570463999933,100000,0
TEMOA_V11,F20,10,1,1.3855159630174967,13.222978123999837,100000,0
TEMOA_V11,F20,10,2,0.2326202493591154,13.225117717999865,100000,0
TEMOA_V11,F20,10,3,0.3829082585641572,13.210385142000177,100000,0
TEMOA_V11,F20,10,4,0.5466157317559919,13.195638406999933,100000,0
TEMOA_V11,F20,10,5,0.4055949189041712,13.22854204600003,100000,0
TEMOA_V11,F20,10,6,0.374327205406189,13.208353616000068,100000,0
TEMOA_V11,F20,10,7,0.45475835047022883,13.19801477100009,100000,0
TEMOA_V11,F20,10,8,0.5457249811381644,13.207254969000132,100000,0
TEMOA_V11,F20,10,9,0.8079795188857588,13.158950981999851,100000,0
TEMOA_V11,F20,10,10,0.6829117891697933,13.238380158000155,100000,0
TEMOA_V11,F20,10,11,0.27124778805978167,13.171291940999936,100000,0
TEMOA_V11,F20,10,12,0.6050811865491141,13.15187911299995,100000,0
TEMOA_V11,F20,10,13,3.9042418165990966e-05,13.180283017999955,100000,0
TEMOA_V11,F20,10,14,0.9421386250878641,13.211304422000012,100000,0
TEMOA_V11,F20,10,15,0.5169864431763926,13.191216678000046,100000,0
TEMOA_V11,F20,10,16,0.8366901281140144,13.233502366000039,100000,0
TEMOA_V11,F20,10,17,0.0004059414466155431,13.162599044999979,100000,0
TEMOA_V11,F20,10,18,0.8263895760408104,13.179246146999958,100000,0
TEMOA_V11,F20,10,19,0.013699278852527641,13.208081517999972,100000,0
TEMOA_V11,F20,10,20,0.8694103761588394,13.225672448000068,100000,0
TEMOA_V11,F20,10,21,1.0245446767241901,13.143818532000068,100000,0
TEMOA_V11,F20,10,22,0.5384132141812188,13.196175410000023,100000,0
TEMOA_V11,F20,10,23,1.1053205071220873e-06,13.181867576000059,100000,0
TEMOA_V11,F20,10,24,0.015547928871228578,13.196365173000004,100000,0
TEMOA_V11,F20,10,25,0.23529576413261566,13.169201117999819,100000,0
TEMOA_V11,F20,10,26,0.27130291881348967,13.190644066000004,100000,0
TEMOA_V11,F20,10,27,0.8877599603729323,13.191793429999962,100000,0
TEMOA_V11,F20,10,28,0.5060790610593813,13.223265941000136,100000,0
TEMOA_V11,F20,10,29,0.0005290387896366155,13.24173126100004,100000,0
TEMOA_V11,F20,10,30,0.5206821680133089,13.21185545000003,100000,0
TEMOA_V11,F20,10,31,0.7874636939779975,13.193706870999904,100000,0
TEMOA_V11,F20,10,32,0.4912294131240742,13.212020258999928,100000,0
TEMOA_V11,F20,10,33,0.0,13.156545618999871,100000,0
TEMOA_V11,F20,10,34,0.5578068360746329,13.204024568000023,100000,0
TEMOA_V11,F20,10,35,0.5190070677274434,13.151649570000018,100000,0
TEMOA_V11,F20,10,36,0.5262208206581818,13.15458837899996,100000,0
TEMOA_V11,F20,10,37,1.9885076198988827e-06,13.162216768999997,100000,0
TEMOA_V11,F20,10,38,0.9417295636376366,13.25384013300004,100000,0
TEMOA_V11,F20,10,39,1.0014403760644655,13.183197402999895,100000,0
TEMOA_V11,F20,10,40,0.5572849737693559,13.219504377999783,100000,0
TEMOA_V11,F20,10,41,0.4954190828109404,13.19771433599999,100000,0
TEMOA_V11,F20,10,42,0.0011363291262114217,13.259931419000168,100000,0
TEMOA_V11,F20,10,43,0.6036233677525615,13.173967877999985,100000,0
TEMOA_V11,F20,10,44,0.9949598345679078,13.268594784000015,100000,0
TEMOA_V11,F20,10,45,0.0004591562503719615,13.256452042000092,100000,0
TEMOA_V11,F20,10,46,1.7298506389224713,13.21472479499971,100000,0
TEMOA_V11,F20,10,47,0.36674229516916057,13.25274183900001,100000,0
TEMOA_V11,F20,10,48,0.35081918335549744,13.228055126000072,100000,0
TEMOA_V11,F20,10,49,0.5017832030403042,13.276471993000087,100000,0
TEMOA_V11,F20,10,50,0.9151438180076639,13.272294735999822,100000,0
TEMOA_V12,F20,10,0,0.5415253993585338,13.228366696000194,100000,0
TEMOA_V12,F20,10,1,0.4762849681328589,13.170283487000233,100000,0
TEMOA_V12,F20,10,2,0.3894666604005579,13.213432695999927,100000,0
TEMOA_V12,F20,10,3,0.4537170503961079,13.185402418000194,100000,0
TEMOA_V12,F20,10,4,1.0904322922201573,13.150512367999909,100000,0
TEMOA_V12,F20,10,5,0.7151306660121008,13.137159241000063,100000,0
TEMOA_V12,F20,10,6,21.044293446257143,13.141726667000057,100000,0
TEMOA_V12,F20,10,7,0.003856089097325821,13.13465078199988,100000,0
TEMOA_V12,F20,10,8,0.9666510394731631,13.160851068999818,100000,0
TEMOA_V12,F20,10,9,0.29445619759280817,13.128101656999661,100000,0
TEMOA_V12,F20,10,10,1.061521180335376,13.132021986999916,100000,0
TEMOA_V12,F20,10,11,0.551713735705107,13.130844890999924,100000,0
TEMOA_V12,F20,10,12,0.8675823058279093,13.20182871299994,100000,0
TEMOA_V12,F20,10,13,0.6659782008669026,13.181879550000303,100000,0
TEMOA_V12,F20,10,14,0.6990096509971409,13.168791585000236,100000,0
TEMOA_V12,F20,10,15,0.7745716895631176,13.188057114000003,100000,0
TEMOA_V12,F20,10,16,0.8084182428210624,13.224160677000327,100000,0
TEMOA_V12,F20,10,17,1.2098185036379618,13.168726989999868,100000,0
TEMOA_V12,F20,10,18,0.21583951300135595,13.146116052000252,100000,0
TEMOA_V12,F20,10,19,0.827942887308609,13.107785088000128,100000,0
TEMOA_V12,F20,10,20,0.0037026343586603616,13.179058501000327,100000,0
TEMOA_V12,F20,10,21,0.8795320957372041,13.180428613999993,100000,0
TEMOA_V12,F20,10,22,0.5996791041018241,13.135093373000018,100000,0
TEMOA_V12,F20,10,23,0.6174414640415762,13.197494788999848,100000,0
TEMOA_V12,F20,10,24,0.3675765801920079,13.121411329000239,100000,0
TEMOA_V12,F20,10,25,0.688647620377651,13.124937747000331,100000,0
TEMOA_V12,F20,10,26,0.009489148833381478,13.124786933999985,100000,0
TEMOA_V12,F20,10,27,0.6512619474767689,13.157760633999715,100000,0
TEMOA_V12,F20,10,28,0.7807426054225743,13.142213419999734,100000,0
TEMOA_V12,F20,10,29,0.01000793465186689,13.181901389000359,100000,0
TEMOA_V12,F20,10,30,0.00760614690670991,13.133887463000065,100000,0
TEMOA_V12,F20,10,31,0.7174005219765149,13.128874652999912,100000,0
TEMOA_V12,F20,10,32,0.13822385121966363,13.165418160000172,100000,0
TEMOA_V12,F20,10,33,0.7436513154311797,13.095396981999784,100000,0
TEMOA_V12,F20,10,34,0.6254880246219727,13.13055023700008,100000,0
TEMOA_V12,F20,10,35,0.6148176756003068,13.204888053000104,100000,0
TEMOA_V12,F20,10,36,0.5787027416033652,13.138062898000044,100000,0
TEMOA_V12,F20,10,37,0.6306149567712964,13.143344666000303,100000,0
TEMOA_V12,F20,10,38,0.782394746961927,13.189869269000155,100000,0
TEMOA_V12,F20,10,39,0.7925539287039101,13.129692417000115,100000,0
TEMOA_V12,F20,10,40,0.794362355691419,13.163914803999887,100000,0
TEMOA_V12,F20,10,41,1.402416291293548,13.11568807599997,100000,0
TEMOA_V12,F20,10,42,1.0506295440800386,13.103955054999915,100000,0
TEMOA_V12,F20,10,43,2.471590440441787,13.03456618700011,100000,0
TEMOA_V12,F20,10,44,0.5196505071755837,13.138782143000299,100000,0
TEMOA_V12,F20,10,45,0.006637636812456549,13.185086383999987,100000,0
TEMOA_V12,F20,10,46,0.8020516786314147,13.237339902000258,100000,0
TEMOA_V12,F20,10,47,0.9104998021034589,13.131193929000347,100000,0
TEMOA_V12,F20,10,48,1.2460130724925875,13.139533095999923,100000,0
TEMOA_V12,F20,10,49,0.6106974377603365,13.153768341999694,100000,0
TEMOA_V12,F20,10,50,1.1808355449813916,13.150208815000042,100000,0
jSO,F20,10,0,2.0126921620642406,12.481929575000322,100000,0
jSO,F20,10,1,1.6525707719274578,12.422422245999769,100000,0
jSO,F20,10,2,1.3139996437278114,12.419718113000272,100000,0
jSO,F20,10,3,1.0599451844373107,12.315097592000257,100000,0
jSO,F20,10,4,0.8247340840862307,12.305156800000077,100000,0
jSO,F20,10,5,1.065102209373208,12.362939390000065,100000,0
jSO,F20,10,6,0.45172211764543135,12.372554326999762,100000,0
jSO,F20,10,7,1.100013565379868,12.316410728999927,100000,0
jSO,F20,10,8,1.8537469960635917,12.32412076599985,100000,0
jSO,F20,10,9,2.011476885865477,12.305078548999973,100000,0
jSO,F20,10,10,1.953175995267884,12.336976504000177,100000,0
jSO,F20,10,11,1.0312259020870442,12.34700213899987,100000,0
jSO,F20,10,12,0.964396279885932,12.354552006000176,100000,0
jSO,F20,10,13,1.2788104308353923,12.345134172000144,100000,0
jSO,F20,10,14,1.5890812671450476,12.377510450000045,100000,0
jSO,F20,10,15,1.721262544863066,12.4119654000001,100000,0
jSO,F20,10,16,2.6757109794568805,12.334015524000279,100000,0
jSO,F20,10,17,1.1990697476255718,12.357438672999706,100000,0
jSO,F20,10,18,2.120912554705228,12.331107136000355,100000,0
jSO,F20,10,19,0.7481632396975328,12.40758462399981,100000,0
jSO,F20,10,20,1.1983971577633383,12.316223034999894,100000,0
jSO,F20,10,21,1.701633310790612,12.341800347000117,100000,0
jSO,F20,10,22,0.9400717250530306,12.307865633000347,100000,0
jSO,F20,10,23,0.7806323403094666,12.403782055000192,100000,0
jSO,F20,10,24,1.7073904558151298,12.382864908000101,100000,0
jSO,F20,10,25,1.115433555865593,12.342596488000254,100000,0
jSO,F20,10,26,1.6374054813684324,12.361431062000065,100000,0
jSO,F20,10,27,0.9303440214844159,12.334109440999782,100000,0
jSO,F20,10,28,2.0565479851049986,12.321516131999942,100000,0
jSO,F20,10,29,2.556404929938253,12.337019343000065,100000,0
jSO,F20,10,30,0.9418722079947202,12.378158510000048,100000,0
jSO,F20,10,31,2.333848916869556,12.355221926000013,100000,0
jSO,F20,10,32,1.4110176140509338,12.337188956999853,100000,0
jSO,F20,10,33,2.0610780664278536,12.312268197000321,100000,0
jSO,F20,10,34,0.988675240636212,12.339238888999716,100000,0
jSO,F20,10,35,1.555451130041547,12.278592986000149,100000,0
jSO,F20,10,36,1.3656204766098199,12.327347102000203,100000,0
jSO,F20,10,37,1.5845342675729626,12.325571112000034,100000,0
jSO,F20,10,38,1.0842656081001678,12.28424217599968,100000,0
jSO,F20,10,39,2.4637892543578346,12.379673775000356,100000,0
jSO,F20,10,40,2.118279647072086,12.289792762000161,100000,0
jSO,F20,10,41,1.639909272969362,12.324240041999929,100000,0
jSO,F20,10,42,1.082765371424557,12.311465752000004,100000,0
jSO,F20,10,43,1.3383798551817563,12.28011114300034,100000,0
jSO,F20,10,44,1.5369677783994575,12.335447686999942,100000,0
jSO,F20,10,45,1.5041662754247227,12.278288473999964,100000,0
jSO,F20,10,46,1.4230655236663097,12.248678858999938,100000,0
jSO,F20,10,47,1.0014938322678972,12.250252686000294,100000,0
jSO,F20,10,48,0.46965774968703045,12.323696791000657,100000,0
jSO,F20,10,49,1.297457785704637,12.377791619999698,100000,0
jSO,F20,10,50,1.7658198842177626,12.331485058999533,100000,0
sepCMAES,F20,10,0,13.737225166449207,19.18527343900041,100000,0
sepCMAES,F20,10,1,29.94200183564635,19.573088082999675,100000,0
sepCMAES,F20,10,2,29.79532734583313,19.31748504299958,100000,0
sepCMAES,F20,10,3,26.58547239743143,19.35454877400025,100000,0
sepCMAES,F20,10,4,23.625298933217437,19.604666990000624,100000,0
sepCMAES,F20,10,5,29.40569208891452,19.576567242999772,100000,0
sepCMAES,F20,10,6,23.646125549866383,19.14226794699971,100000,0
sepCMAES,F20,10,7,32.52379550492765,19.521394031000455,100000,0
sepCMAES,F20,10,8,29.599440266591273,19.370537332999447,100000,0
sepCMAES,F20,10,9,28.13770257171018,19.359995677999905,100000,0
sepCMAES,F20,10,10,7.271453820619399,19.193271297000138,100000,0
sepCMAES,F20,10,11,29.440876089643098,19.295726736000688,100000,0
sepCMAES,F20,10,12,24.245892167341253,19.04771975099993,100000,0
sepCMAES,F20,10,13,24.78962371675152,19.502244919000077,100000,0
sepCMAES,F20,10,14,21.922285259307955,19.337636584999927,100000,0
sepCMAES,F20,10,15,22.72864788771426,19.351866146999782,100000,0
sepCMAES,F20,10,16,21.35315834140033,19.19851052300055,100000,0
sepCMAES,F20,10,17,22.360572521337872,19.189916729999823,100000,0
sepCMAES,F20,10,18,24.750236564653733,19.568080769999142,100000,0
sepCMAES,F20,10,19,28.161589232416645,19.035987362000014,100000,0
sepCMAES,F20,10,20,31.941777188196056,19.43267733399989,100000,0
sepCMAES,F20,10,21,28.316535326189296,19.109418330000153,100000,0
sepCMAES,F20,10,22,30.2253865448331,19.284200529000373,100000,0
sepCMAES,F20,10,23,26.043926137130256,19.368788572000085,100000,0
sepCMAES,F20,10,24,3.1627303282989487,19.52686662799988,100000,0
sepCMAES,F20,10,25,23.819433245042546,19.451701328000127,100000,0
sepCMAES,F20,10,26,23.34728912513947,19.45435732900023,100000,0
sepCMAES,F20,10,27,21.641747742525922,19.138479129999723,100000,0
sepCMAES,F20,10,28,9.755384269624756,19.448532960000193,100000,0
sepCMAES,F20,10,29,21.70558287605104,19.385724152000876,100000,0
sepCMAES,F20,10,30,22.93559489090535,19.511616989000686,100000,0
sepCMAES,F20,10,31,29.17296452012738,19.60261846999947,100000,0
sepCMAES,F20,10,32,24.93287010786912,19.230383219999567,100000,0
sepCMAES,F20,10,33,5.917860948960197,19.32486922099997,100000,0
sepCMAES,F20,10,34,27.89867488654113,19.41006801900039,100000,0
sepCMAES,F20,10,35,25.95211512779906,19.5885919250004,100000,0
sepCMAES,F20,10,36,23.07830083698832,19.44595305599978,100000,0
sepCMAES,F20,10,37,27.20956764534776,19.03214860099979,100000,0
sepCMAES,F20,10,38,27.202191138478156,19.170039280999845,100000,0
sepCMAES,F20,10,39,23.766455416563986,19.394417118000092,100000,0
sepCMAES,F20,10,40,26.036371468845573,19.474316673999965,100000,0
sepCMAES,F20,10,41,21.706655847407774,19.614350328999535,100000,0
sepCMAES,F20,10,42,33.50699340867823,19.35654551800053,100000,0
sepCMAES,F20,10,43,24.914176832681278,18.939401878999888,100000,0
sepCMAES,F20,10,44,30.3210355037902,19.427673645999676,100000,0
sepCMAES,F20,10,45,33.442748821880514,19.469137900000533,100000,0
sepCMAES,F20,10,46,33.658768433029536,19.67969249900034,100000,0
sepCMAES,F20,10,47,22.79800934191985,19.661230913999134,100000,0
sepCMAES,F20,10,48,23.224813898658567,19.040986786000758,100000,0
sepCMAES,F20,10,49,29.029195504128893,19.687637971000186,100000,0
sepCMAES,F20,10,50,22.032256810077115,19.491624563000187,100000,0
BIPOP_CMAES,F21,10,0,100.00000000007958,14.152281656000014,100000,0
BIPOP_CMAES,F21,10,1,100.00000000009277,13.19628112800001,100000,0
BIPOP_CMAES,F21,10,2,100.00000000007412,13.19991779699967,100000,0
BIPOP_CMAES,F21,10,3,100.00000000011005,13.326303311000174,100000,0
BIPOP_CMAES,F21,10,4,100.00000000007503,12.748911788999976,100000,0
BIPOP_CMAES,F21,10,5,100.0000000000523,13.719369497000116,100000,0
BIPOP_CMAES,F21,10,6,100.0000000001437,13.504723284000193,100000,0
BIPOP_CMAES,F21,10,7,100.00000000002956,13.276057151999794,100000,0
BIPOP_CMAES,F21,10,8,100.0000000001105,12.967116407000049,100000,0
BIPOP_CMAES,F21,10,9,100.00000000006412,13.396774814999844,100000,0
BIPOP_CMAES,F21,10,10,100.00000000006548,13.244290745999933,100000,0
BIPOP_CMAES,F21,10,11,100.00000000006594,13.114466886000173,100000,0
BIPOP_CMAES,F21,10,12,100.00000000004366,13.69178039999997,100000,0
BIPOP_CMAES,F21,10,13,100.00000000005548,13.294709054000123,100000,0
BIPOP_CMAES,F21,10,14,100.00000000007003,14.11584757799983,100000,0
BIPOP_CMAES,F21,10,15,100.00000000005866,12.882175730000199,100000,0
BIPOP_CMAES,F21,10,16,100.00000000009095,13.249472327999683,100000,0
BIPOP_CMAES,F21,10,17,100.00000000004366,13.261194298000191,100000,0
BIPOP_CMAES,F21,10,18,100.00000000022601,13.040773716999865,100000,0
BIPOP_CMAES,F21,10,19,100.0000000000814,13.151622357000178,100000,0
BIPOP_CMAES,F21,10,20,100.00000000013051,13.539930285000082,100000,0
BIPOP_CMAES,F21,10,21,100.0000000000664,13.437660311999934,100000,0
BIPOP_CMAES,F21,10,22,100.00000000004684,12.812513225999737,100000,0
BIPOP_CMAES,F21,10,23,100.00000000005548,13.526134932999867,100000,0
BIPOP_CMAES,F21,10,24,100.0000000000673,13.865871528999833,100000,0
BIPOP_CMAES,F21,10,25,100.00000000010778,13.483962413999961,100000,0
BIPOP_CMAES,F21,10,26,100.00000000006094,12.41302194500031,100000,0
BIPOP_CMAES,F21,10,27,100.00000000009823,13.979105982999954,100000,0
BIPOP_CMAES,F21,10,28,100.00000000005048,13.269362564999938,100000,0
BIPOP_CMAES,F21,10,29,100.00000000008276,13.801912268000251,100000,0
BIPOP_CMAES,F21,10,30,100.00000000005866,12.959733843000322,100000,0
BIPOP_CMAES,F21,10,31,100.00000000006548,13.554657575999954,100000,0
BIPOP_CMAES,F21,10,32,100.00000000004093,13.537046655999802,100000,0
BIPOP_CMAES,F21,10,33,100.0000000001387,13.051022773000113,100000,0
BIPOP_CMAES,F21,10,34,100.00000000007003,13.516992993999793,100000,0
BIPOP_CMAES,F21,10,35,100.0000000001055,13.151294048000182,100000,0
BIPOP_CMAES,F21,10,36,100.00000000006185,13.039627351000036,100000,0
BIPOP_CMAES,F21,10,37,100.00000000039745,12.634573068999998,100000,0
BIPOP_CMAES,F21,10,38,100.0000000000764,14.044921553999757,100000,0
BIPOP_CMAES,F21,10,39,100.00000000008549,13.238497884000026,100000,0
BIPOP_CMAES,F21,10,40,100.00000000012233,13.355334479999783,100000,0
BIPOP_CMAES,F21,10,41,100.00000000007867,13.16102720500021,100000,0
BIPOP_CMAES,F21,10,42,100.00000000011687,13.40815534100011,100000,0
BIPOP_CMAES,F21,10,43,100.00000000019554,13.545211907000066,100000,0
BIPOP_CMAES,F21,10,44,100.00000000005139,13.97952859399993,100000,0
BIPOP_CMAES,F21,10,45,100.00000000010596,12.489633442000013,100000,0
BIPOP_CMAES,F21,10,46,100.00000000005957,13.057001367000339,100000,0
BIPOP_CMAES,F21,10,47,100.00000000008049,13.974940830999913,100000,0
BIPOP_CMAES,F21,10,48,100.00000000007913,13.312662670000009,100000,0
BIPOP_CMAES,F21,10,49,100.00000000008049,13.509446684000068,100000,0
BIPOP_CMAES,F21,10,50,100.0000000001005,13.054129797999849,100000,0
CMAES,F21,10,0,100.00000000015507,17.373838000000433,100000,0
CMAES,F21,10,1,100.00000000018463,17.340489876999982,100000,0
CMAES,F21,10,2,100.00000000015098,17.419870003000142,100000,0
CMAES,F21,10,3,100.00000000013915,17.41608904900022,100000,0
CMAES,F21,10,4,100.00000000017644,17.704516093000166,100000,0
CMAES,F21,10,5,100.00000000019736,17.5452822000002,100000,0
CMAES,F21,10,6,100.00000000014052,17.36830632300007,100000,0
CMAES,F21,10,7,100.00000000012187,17.43663694399993,100000,0
CMAES,F21,10,8,100.00000000015143,17.687109643999975,100000,0
CMAES,F21,10,9,100.00000000012915,17.427785174999826,100000,0
CMAES,F21,10,10,100.00000000012824,17.154347107000376,100000,0
CMAES,F21,10,11,100.0000000001487,17.34134235700003,100000,0
CMAES,F21,10,12,100.00000000016189,17.15473000200018,100000,0
CMAES,F21,10,13,100.00000000014688,17.41439309899988,100000,0
CMAES,F21,10,14,100.00000000016917,17.380611973000214,100000,0
CMAES,F21,10,15,100.00000000011505,17.632249178000166,100000,0
CMAES,F21,10,16,100.00000000016098,17.291388863000066,100000,0
CMAES,F21,10,17,100.00000000018417,17.39298124400011,100000,0
CMAES,F21,10,18,100.00000000019145,17.259375230999467,100000,0
CMAES,F21,10,19,100.00000000019827,17.2892468630007,100000,0
CMAES,F21,10,20,100.00000000014597,17.642321396000625,100000,0
CMAES,F21,10,21,100.00000000015507,17.573298997000165,100000,0
CMAES,F21,10,22,100.00000000017235,17.209934038999563,100000,0
CMAES,F21,10,23,100.00000000014006,17.537291005000043,100000,0
CMAES,F21,10,24,100.00000000011232,17.10735372399995,100000,0
CMAES,F21,10,25,100.00000000014188,17.618134282999563,100000,0
CMAES,F21,10,26,100.00000000015689,17.311598915000104,100000,0
CMAES,F21,10,27,100.00000000018827,17.47379098700003,100000,0
CMAES,F21,10,28,100.00000000018144,17.647433287999775,100000,0
CMAES,F21,10,29,100.00000000022419,17.300605013000677,100000,0
CMAES,F21,10,30,100.00000000009777,17.40851073399972,100000,0
CMAES,F21,10,31,100.00000000020145,17.560233383000195,100000,0
CMAES,F21,10,32,100.00000000011778,17.419539493999764,100000,0
CMAES,F21,10,33,100.00000000014779,17.342585649000284,100000,0
CMAES,F21,10,34,100.00000000015962,17.3434371379999,100000,0
CMAES,F21,10,35,100.00000000013415,17.305732376999913,100000,0
CMAES,F21,10,36,100.00000000013779,17.522285953999926,100000,0
CMAES,F21,10,37,100.00000000015234,17.49183448599979,100000,0
CMAES,F21,10,38,100.00000000016553,17.55008199400072,100000,0
CMAES,F21,10,39,100.00000000017644,17.704867987000398,100000,0
CMAES,F21,10,40,100.00000000020646,17.64696060300048,100000,0
CMAES,F21,10,41,100.0000000001528,17.512833241999942,100000,0
CMAES,F21,10,42,100.00000000018144,17.558059977000084,100000,0
CMAES,F21,10,43,100.0000000001678,17.522333474000334,100000,0
CMAES,F21,10,44,100.00000000018645,17.320757532999778,100000,0
CMAES,F21,10,45,100.00000000018281,17.32724908399996,100000,0
CMAES,F21,10,46,100.00000000012005,17.351832284999546,100000,0
CMAES,F21,10,47,100.00000000017235,17.24261550099982,100000,0
CMAES,F21,10,48,100.00000000013279,17.075919918999716,100000,0
CMAES,F21,10,49,100.00000000016007,17.236871823999536,100000,0
CMAES,F21,10,50,100.00000000018508,17.380134542999258,100000,0
IPOP_CMAES,F21,10,0,100.00000000004002,12.611780020999959,100000,0
IPOP_CMAES,F21,10,1,100.00000000006867,12.367772228999911,100000,0
IPOP_CMAES,F21,10,2,100.00000000003865,12.230663542999991,100000,0
IPOP_CMAES,F21,10,3,100.00000000005457,12.524937731999671,100000,0
IPOP_CMAES,F21,10,4,100.00000000004638,12.698295532999964,100000,0
IPOP_CMAES,F21,10,5,100.00000000006139,13.127200371000072,100000,0
IPOP_CMAES,F21,10,6,100.00000000003638,11.821708629000113,100000,0
IPOP_CMAES,F21,10,7,100.00000000006321,12.600008920999699,100000,0
IPOP_CMAES,F21,10,8,100.00000000007549,12.915983620000134,100000,0
IPOP_CMAES,F21,10,9,100.00000000005502,12.210740302999966,100000,0
IPOP_CMAES,F21,10,10,100.00000000007503,11.926814643999933,100000,0
IPOP_CMAES,F21,10,11,100.00000000009004,12.80204404899996,100000,0
IPOP_CMAES,F21,10,12,100.0000000000432,12.23788161199991,100000,0
IPOP_CMAES,F21,10,13,100.00000000005593,12.190556512000057,100000,0
IPOP_CMAES,F21,10,14,100.00000000022692,12.099763443000029,100000,0
IPOP_CMAES,F21,10,15,100.00000000006594,12.108313303000159,100000,0
IPOP_CMAES,F21,10,16,100.00000000002683,12.166195062000043,100000,0
IPOP_CMAES,F21,10,17,100.00000000004047,12.42752465600006,100000,0
IPOP_CMAES,F21,10,18,100.00000000002956,12.129583140999785,100000,0
IPOP_CMAES,F21,10,19,100.00000000005639,12.503343201999996,100000,0
IPOP_CMAES,F21,10,20,100.00000000006503,12.122557994999624,100000,0
IPOP_CMAES,F21,10,21,100.00000000004184,12.480226209000193,100000,0
IPOP_CMAES,F21,10,22,100.00000000004547,12.7429374190001,100000,0
IPOP_CMAES,F21,10,23,100.00000000006321,12.37292344799971,100000,0
IPOP_CMAES,F21,10,24,100.00000000017599,12.44612853300032,100000,0
IPOP_CMAES,F21,10,25,100.00000000006094,12.109713475999797,100000,0
IPOP_CMAES,F21,10,26,100.0000000000332,12.626570413999616,100000,0
IPOP_CMAES,F21,10,27,100.00000000004366,12.482888283999728,100000,0
IPOP_CMAES,F21,10,28,100.00000000002865,12.530781423999997,100000,0
IPOP_CMAES,F21,10,29,100.00000000005548,12.132137746999888,100000,0
IPOP_CMAES,F21,10,30,100.0000000000523,12.165355991999604,100000,0
IPOP_CMAES,F21,10,31,100.00000000004184,12.08163596400027,100000,0
IPOP_CMAES,F21,10,32,100.00000000004911,12.061565938000058,100000,0
IPOP_CMAES,F21,10,33,100.00000000005366,12.631414549000056,100000,0
IPOP_CMAES,F21,10,34,100.00000000005912,12.688916060999873,100000,0
IPOP_CMAES,F21,10,35,100.00000000007549,12.566413030000149,100000,0
IPOP_CMAES,F21,10,36,100.00000000004093,12.489602946000105,100000,0
IPOP_CMAES,F21,10,37,100.00000000003547,12.112053405000097,100000,0
IPOP_CMAES,F21,10,38,100.00000000005275,12.207015727999988,100000,0
IPOP_CMAES,F21,10,39,100.00000000004502,12.19570179099992,100000,0
IPOP_CMAES,F21,10,40,100.00000000004184,12.390530614,100000,0
IPOP_CMAES,F21,10,41,100.00000000009823,12.218270504999964,100000,0
IPOP_CMAES,F21,10,42,100.00000000007321,11.995449201000156,100000,0
IPOP_CMAES,F21,10,43,100.0000000000664,13.055274423000355,100000,0
IPOP_CMAES,F21,10,44,100.00000000003956,12.212069360999976,100000,0
IPOP_CMAES,F21,10,45,100.00000000007367,12.407742579000114,100000,0
IPOP_CMAES,F21,10,46,100.00000000005048,12.32379008199996,100000,0
IPOP_CMAES,F21,10,47,100.00000000004138,12.962257259000125,100000,0
IPOP_CMAES,F21,10,48,100.00000000003638,12.744288559999859,100000,0
IPOP_CMAES,F21,10,49,100.00000000004002,12.267991958000039,100000,0
IPOP_CMAES,F21,10,50,100.0000000000814,12.424529610999798,100000,0
L-SHADE-DGR,F21,10,0,100.00000000000045,7.561896011000016,100000,0
L-SHADE-DGR,F21,10,1,100.00000000000045,7.602248952999986,100000,0
L-SHADE-DGR,F21,10,2,100.0,7.583230092999997,100000,0
L-SHADE-DGR,F21,10,3,100.00000000000045,7.597594907000001,100000,0
L-SHADE-DGR,F21,10,4,100.0,7.62041278800001,100000,0
L-SHADE-DGR,F21,10,5,100.00000000000045,7.542004874000014,100000,0
L-SHADE-DGR,F21,10,6,100.00000000000045,7.598330798999996,100000,0
L-SHADE-DGR,F21,10,7,100.00000000000045,7.522784543,100000,0
L-SHADE-DGR,F21,10,8,100.0,7.582142749000013,100000,0
L-SHADE-DGR,F21,10,9,100.00000000000045,7.514155319999986,100000,0
L-SHADE-DGR,F21,10,10,100.00000000000045,7.5192177750000155,100000,0
L-SHADE-DGR,F21,10,11,100.0,7.524615502999978,100000,0
L-SHADE-DGR,F21,10,12,100.0,7.526268255000019,100000,0
L-SHADE-DGR,F21,10,13,100.0,7.497101523000026,100000,0
L-SHADE-DGR,F21,10,14,100.00000000000045,7.512465985999995,100000,0
L-SHADE-DGR,F21,10,15,100.00000000000045,7.444303195999964,100000,0
L-SHADE-DGR,F21,10,16,100.00000000000045,7.532944252999982,100000,0
L-SHADE-DGR,F21,10,17,100.00000000000045,7.485982741999976,100000,0
L-SHADE-DGR,F21,10,18,100.00000000000045,7.484481832999961,100000,0
L-SHADE-DGR,F21,10,19,100.0,7.504352011000037,100000,0
L-SHADE-DGR,F21,10,20,100.0,7.497741117000032,100000,0
L-SHADE-DGR,F21,10,21,100.00000000000045,7.519163273999993,100000,0
L-SHADE-DGR,F21,10,22,100.00000000000045,7.51313952299995,100000,0
L-SHADE-DGR,F21,10,23,100.0,7.447394540000005,100000,0
L-SHADE-DGR,F21,10,24,100.00000000000045,7.478831611000032,100000,0
L-SHADE-DGR,F21,10,25,100.00000000000045,7.508815534000007,100000,0
L-SHADE-DGR,F21,10,26,100.0,7.458968575999961,100000,0
L-SHADE-DGR,F21,10,27,100.0,7.444428097000014,100000,0
L-SHADE-DGR,F21,10,28,100.0,7.466094838000004,100000,0
L-SHADE-DGR,F21,10,29,100.0,7.473664219,100000,0
L-SHADE-DGR,F21,10,30,100.00000000000045,7.462346152000009,100000,0
L-SHADE-DGR,F21,10,31,100.0,7.489596210999991,100000,0
L-SHADE-DGR,F21,10,32,100.00000000000045,7.452141422000011,100000,0
L-SHADE-DGR,F21,10,33,100.00000000000045,7.487385371000016,100000,0
L-SHADE-DGR,F21,10,34,100.0,7.450066972999991,100000,0
L-SHADE-DGR,F21,10,35,201.06295275083085,8.27518076199999,100000,0
L-SHADE-DGR,F21,10,36,100.0,7.448448384999949,100000,0
L-SHADE-DGR,F21,10,37,100.00000000000045,7.425807201999987,100000,0
L-SHADE-DGR,F21,10,38,100.0,7.454291469999987,100000,0
L-SHADE-DGR,F21,10,39,100.00000000000045,7.431860180000001,100000,0
L-SHADE-DGR,F21,10,40,100.00000000000045,7.468673379999984,100000,0
L-SHADE-DGR,F21,10,41,100.00000000000045,7.503982629999996,100000,0
L-SHADE-DGR,F21,10,42,100.0,7.416589456999986,100000,0
L-SHADE-DGR,F21,10,43,100.0,7.419356881999988,100000,0
L-SHADE-DGR,F21,10,44,100.0,7.449057187999983,100000,0
L-SHADE-DGR,F21,10,45,100.00000000000045,7.467592095999976,100000,0
L-SHADE-DGR,F21,10,46,100.00000000000045,7.433852540000032,100000,0
L-SHADE-DGR,F21,10,47,100.00000000000045,7.42507581000001,100000,0
L-SHADE-DGR,F21,10,48,100.00000000000045,7.516208355999993,100000,0
L-SHADE-DGR,F21,10,49,100.00000000000045,7.423943471999905,100000,0
L-SHADE-DGR,F21,10,50,100.0,7.459352648999925,100000,0
LSHADE,F21,10,0,100.0,7.024166706999949,100000,0
LSHADE,F21,10,1,100.00000000000045,6.988723166,100000,0
LSHADE,F21,10,2,100.0,7.026172331999987,100000,0
LSHADE,F21,10,3,100.00000000000045,7.026067525000144,100000,0
LSHADE,F21,10,4,100.00000000000045,7.001862706000111,100000,0
LSHADE,F21,10,5,100.00000000000045,7.0698846730001605,100000,0
LSHADE,F21,10,6,100.00000000000045,7.036974154000063,100000,0
LSHADE,F21,10,7,100.0,7.022123031000092,100000,0
LSHADE,F21,10,8,100.0,6.9981713099998615,100000,0
LSHADE,F21,10,9,100.0,7.017274605000011,100000,0
LSHADE,F21,10,10,100.0,7.023788692000153,100000,0
LSHADE,F21,10,11,100.0,7.050029225000117,100000,0
LSHADE,F21,10,12,100.0,7.032070674000124,100000,0
LSHADE,F21,10,13,100.00000000000045,7.018141084000035,100000,0
LSHADE,F21,10,14,100.00000000000045,7.03727222800012,100000,0
LSHADE,F21,10,15,100.00000000000045,7.046858162000035,100000,0
LSHADE,F21,10,16,100.00000000000045,7.018070061999879,100000,0
LSHADE,F21,10,17,100.0,7.052995742999883,100000,0
LSHADE,F21,10,18,100.0,7.011371972999996,100000,0
LSHADE,F21,10,19,100.0,6.988208395999891,100000,0
LSHADE,F21,10,20,100.0,7.002161529999967,100000,0
LSHADE,F21,10,21,100.0,7.054446541000061,100000,0
LSHADE,F21,10,22,100.00000000000045,6.995255870000165,100000,0
LSHADE,F21,10,23,100.0,7.006420965999951,100000,0
LSHADE,F21,10,24,100.00000000000045,7.010296647999894,100000,0
LSHADE,F21,10,25,100.00000000000045,7.008679110000003,100000,0
LSHADE,F21,10,26,100.0,7.023248783000099,100000,0
LSHADE,F21,10,27,100.0,7.075410140000031,100000,0
LSHADE,F21,10,28,100.00000000000045,7.02751420300001,100000,0
LSHADE,F21,10,29,100.0,7.041263393999998,100000,0
LSHADE,F21,10,30,100.0,7.017173887000126,100000,0
LSHADE,F21,10,31,100.00000000000045,7.051093107000042,100000,0
LSHADE,F21,10,32,100.00000000000045,7.027036171999953,100000,0
LSHADE,F21,10,33,100.0,7.005479053000045,100000,0
LSHADE,F21,10,34,100.0,7.000937754999995,100000,0
LSHADE,F21,10,35,100.00000000000045,7.009197001999837,100000,0
LSHADE,F21,10,36,100.00000000000045,7.005767414000047,100000,0
LSHADE,F21,10,37,100.00000000000045,7.046723822999866,100000,0
LSHADE,F21,10,38,100.00000000000045,7.054935250000199,100000,0
LSHADE,F21,10,39,100.00000000000045,7.062781459999769,100000,0
LSHADE,F21,10,40,100.0,7.02300947599997,100000,0
LSHADE,F21,10,41,100.0,7.041698302999976,100000,0
LSHADE,F21,10,42,100.0,7.005276807999962,100000,0
LSHADE,F21,10,43,100.0,6.973355150999851,100000,0
LSHADE,F21,10,44,100.00000000000045,7.012933657000303,100000,0
LSHADE,F21,10,45,100.00000000000045,7.0614658530003,100000,0
LSHADE,F21,10,46,100.0,7.049310854000396,100000,0
LSHADE,F21,10,47,100.00000000000045,7.033616157000324,100000,0
LSHADE,F21,10,48,100.00000000000045,7.042772532000072,100000,0
LSHADE,F21,10,49,100.0,7.079342612999881,100000,0
LSHADE,F21,10,50,100.0,7.016869785999916,100000,0
TEMOA_V10,F21,10,0,100.0,9.022910381999964,100000,0
TEMOA_V10,F21,10,1,100.0,9.08775411900001,100000,0
TEMOA_V10,F21,10,2,100.0,8.9885684300001,100000,0
TEMOA_V10,F21,10,3,100.0,8.982676054999956,100000,0
TEMOA_V10,F21,10,4,100.0,9.02362185200002,100000,0
TEMOA_V10,F21,10,5,100.0,9.071546897999951,100000,0
TEMOA_V10,F21,10,6,100.0,8.996145441000067,100000,0
TEMOA_V10,F21,10,7,100.0,8.994846949999896,100000,0
TEMOA_V10,F21,10,8,100.0,9.044772027000022,100000,0
TEMOA_V10,F21,10,9,100.0,9.009712686999933,100000,0
TEMOA_V10,F21,10,10,100.0,8.990992209999945,100000,0
TEMOA_V10,F21,10,11,100.0,8.99216378799997,100000,0
TEMOA_V10,F21,10,12,100.0,8.992160900000044,100000,0
TEMOA_V10,F21,10,13,100.0,9.015669645999992,100000,0
TEMOA_V10,F21,10,14,100.0,9.016033233999906,100000,0
TEMOA_V10,F21,10,15,100.0,9.019562471999961,100000,0
TEMOA_V10,F21,10,16,100.0,9.024261378999995,100000,0
TEMOA_V10,F21,10,17,100.0,9.008432615999936,100000,0
TEMOA_V10,F21,10,18,100.0,9.017003407000061,100000,0
TEMOA_V10,F21,10,19,100.0,9.064423904000023,100000,0
TEMOA_V10,F21,10,20,100.0,9.04614691200004,100000,0
TEMOA_V10,F21,10,21,100.0,9.034560315000022,100000,0
TEMOA_V10,F21,10,22,100.0,8.990578776999996,100000,0
TEMOA_V10,F21,10,23,100.0,8.993728333000035,100000,0
TEMOA_V10,F21,10,24,209.14696425231705,9.08940468600008,100000,0
TEMOA_V10,F21,10,25,100.0,9.007919148000042,100000,0
TEMOA_V10,F21,10,26,100.0,9.028798960000017,100000,0
TEMOA_V10,F21,10,27,100.0,9.013062842999943,100000,0
TEMOA_V10,F21,10,28,100.0,9.030794254999932,100000,0
TEMOA_V10,F21,10,29,100.0,9.008033835000106,100000,0
TEMOA_V10,F21,10,30,100.0,9.019341160999943,100000,0
TEMOA_V10,F21,10,31,100.0,9.010471263999989,100000,0
TEMOA_V10,F21,10,32,100.0,9.006814621999979,100000,0
TEMOA_V10,F21,10,33,100.0,8.996678366999959,100000,0
TEMOA_V10,F21,10,34,100.0,9.032029056000056,100000,0
TEMOA_V10,F21,10,35,100.0,9.013441676999946,100000,0
TEMOA_V10,F21,10,36,100.0,8.970014328000047,100000,0
TEMOA_V10,F21,10,37,100.0,9.001119658999983,100000,0
TEMOA_V10,F21,10,38,100.0,9.046379930000057,100000,0
TEMOA_V10,F21,10,39,100.0,9.059157716999948,100000,0
TEMOA_V10,F21,10,40,100.0,9.059161165000091,100000,0
TEMOA_V10,F21,10,41,100.0,9.047585515999913,100000,0
TEMOA_V10,F21,10,42,100.0,9.020515959999898,100000,0
TEMOA_V10,F21,10,43,100.0,9.043565409000053,100000,0
TEMOA_V10,F21,10,44,100.0,9.029653373000087,100000,0
TEMOA_V10,F21,10,45,100.0,9.029237703000035,100000,0
TEMOA_V10,F21,10,46,100.0,9.033011964000025,100000,0
TEMOA_V10,F21,10,47,100.0,9.020914006000112,100000,0
TEMOA_V10,F21,10,48,100.0,8.993812639999987,100000,0
TEMOA_V10,F21,10,49,100.0,9.047004384000047,100000,0
TEMOA_V10,F21,10,50,100.0,8.998215805999962,100000,0
TEMOA_V11,F21,10,0,100.0,8.020370502999981,100000,0
TEMOA_V11,F21,10,1,100.0,8.028820702000075,100000,0
TEMOA_V11,F21,10,2,100.0,8.049129470000025,100000,0
TEMOA_V11,F21,10,3,100.0,8.096357996999927,100000,0
TEMOA_V11,F21,10,4,100.0,8.026742187999844,100000,0
TEMOA_V11,F21,10,5,100.0,8.040854868999986,100000,0
TEMOA_V11,F21,10,6,100.0,8.06385563799995,100000,0
TEMOA_V11,F21,10,7,100.0,8.061093742999901,100000,0
TEMOA_V11,F21,10,8,100.0,8.055926967000005,100000,0
TEMOA_V11,F21,10,9,100.0,8.027464520000194,100000,0
TEMOA_V11,F21,10,10,100.0,8.012978313000076,100000,0
TEMOA_V11,F21,10,11,100.0,8.02864830999988,100000,0
TEMOA_V11,F21,10,12,100.0,8.06859013899998,100000,0
TEMOA_V11,F21,10,13,100.0,8.081560607000029,100000,0
TEMOA_V11,F21,10,14,100.0,8.054785412000001,100000,0
TEMOA_V11,F21,10,15,100.0,8.039326243000005,100000,0
TEMOA_V11,F21,10,16,100.0,8.045374731000038,100000,0
TEMOA_V11,F21,10,17,100.0,8.087031188999845,100000,0
TEMOA_V11,F21,10,18,100.0,8.040287768000098,100000,0
TEMOA_V11,F21,10,19,100.0,8.07689047200006,100000,0
TEMOA_V11,F21,10,20,100.0,8.057548998999891,100000,0
TEMOA_V11,F21,10,21,100.0,8.079882392999934,100000,0
TEMOA_V11,F21,10,22,100.0,8.045327578999832,100000,0
TEMOA_V11,F21,10,23,100.0,8.054318976000104,100000,0
TEMOA_V11,F21,10,24,100.0,8.109465133999947,100000,0
TEMOA_V11,F21,10,25,100.0,8.084365125999966,100000,0
TEMOA_V11,F21,10,26,100.0,8.056948495000142,100000,0
TEMOA_V11,F21,10,27,100.0,8.05398986399996,100000,0
TEMOA_V11,F21,10,28,100.0,8.0559347169999,100000,0
TEMOA_V11,F21,10,29,100.0,8.058750080000209,100000,0
TEMOA_V11,F21,10,30,100.0,8.064081729999998,100000,0
TEMOA_V11,F21,10,31,100.0,8.043656705000103,100000,0
TEMOA_V11,F21,10,32,100.0,8.042562326000052,100000,0
TEMOA_V11,F21,10,33,100.0,8.099717200000214,100000,0
TEMOA_V11,F21,10,34,100.0,8.061384784999973,100000,0
TEMOA_V11,F21,10,35,100.0,8.079255856000145,100000,0
TEMOA_V11,F21,10,36,100.0,8.035736136999958,100000,0
TEMOA_V11,F21,10,37,100.0,8.054234686999962,100000,0
TEMOA_V11,F21,10,38,100.0,8.044092703999922,100000,0
TEMOA_V11,F21,10,39,100.0,8.024480426000082,100000,0
TEMOA_V11,F21,10,40,100.0,8.07615966100002,100000,0
TEMOA_V11,F21,10,41,100.0,8.126223191999998,100000,0
TEMOA_V11,F21,10,42,100.0,8.048956362999888,100000,0
TEMOA_V11,F21,10,43,100.0,8.072680740000123,100000,0
TEMOA_V11,F21,10,44,100.0,8.08546206799997,100000,0
TEMOA_V11,F21,10,45,100.0,8.06908608499998,100000,0
TEMOA_V11,F21,10,46,202.08798352866143,8.22876545500003,100000,0
TEMOA_V11,F21,10,47,100.0,8.039719936999973,100000,0
TEMOA_V11,F21,10,48,100.0,8.051871978999998,100000,0
TEMOA_V11,F21,10,49,100.0,8.03297882400011,100000,0
TEMOA_V11,F21,10,50,100.0,8.019015946000081,100000,0
TEMOA_V12,F21,10,0,100.00000000000045,7.427835486000049,100000,0
TEMOA_V12,F21,10,1,100.00000000000045,7.442387512000096,100000,0
TEMOA_V12,F21,10,2,100.0,7.444117185000096,100000,0
TEMOA_V12,F21,10,3,100.00000000000045,7.460071661000029,100000,0
TEMOA_V12,F21,10,4,100.00000000000045,7.5174250420000135,100000,0
TEMOA_V12,F21,10,5,202.0874231230814,8.161618047000047,100000,0
TEMOA_V12,F21,10,6,100.00000000000045,7.501427810999985,100000,0
TEMOA_V12,F21,10,7,100.00000000000045,7.446737188000043,100000,0
TEMOA_V12,F21,10,8,100.0,7.450700095999991,100000,0
TEMOA_V12,F21,10,9,100.00000000000045,7.4458579139998164,100000,0
TEMOA_V12,F21,10,10,100.0,7.4588104740000745,100000,0
TEMOA_V12,F21,10,11,100.00000000000045,7.430424715999834,100000,0
TEMOA_V12,F21,10,12,100.00000000000045,7.451554905000194,100000,0
TEMOA_V12,F21,10,13,100.00000000000045,7.447100000999853,100000,0
TEMOA_V12,F21,10,14,100.0,7.464079692000041,100000,0
TEMOA_V12,F21,10,15,100.00000000000045,7.461784326000043,100000,0
TEMOA_V12,F21,10,16,100.0,7.44767597699979,100000,0
TEMOA_V12,F21,10,17,100.0,7.442851423999855,100000,0
TEMOA_V12,F21,10,18,100.00000000000045,7.479166854999903,100000,0
TEMOA_V12,F21,10,19,100.0,7.4502459500001805,100000,0
TEMOA_V12,F21,10,20,100.00000000000045,7.464838049999798,100000,0
TEMOA_V12,F21,10,21,100.00000000000045,7.445141126999943,100000,0
TEMOA_V12,F21,10,22,100.00000000000045,7.45688015099995,100000,0
TEMOA_V12,F21,10,23,100.0,7.439909499000123,100000,0
TEMOA_V12,F21,10,24,100.0,7.447738126999866,100000,0
TEMOA_V12,F21,10,25,100.00000000000045,7.478139019000082,100000,0
TEMOA_V12,F21,10,26,100.0,7.46712092000007,100000,0
TEMOA_V12,F21,10,27,100.00000000000045,7.452059856999995,100000,0
TEMOA_V12,F21,10,28,100.00000000000045,7.4427978209998855,100000,0
TEMOA_V12,F21,10,29,100.0,7.46063393999998,100000,0
TEMOA_V12,F21,10,30,100.00000000000045,7.454984900999989,100000,0
TEMOA_V12,F21,10,31,100.00000000000045,7.441036065999924,100000,0
TEMOA_V12,F21,10,32,100.00000000000045,7.437656251999897,100000,0
TEMOA_V12,F21,10,33,100.0,7.439518613000018,100000,0
TEMOA_V12,F21,10,34,100.00000000000045,7.47093285599999,100000,0
TEMOA_V12,F21,10,35,100.0,7.437657966000188,100000,0
TEMOA_V12,F21,10,36,100.00000000000045,7.453722336000055,100000,0
TEMOA_V12,F21,10,37,100.00000000000045,7.454357024000046,100000,0
TEMOA_V12,F21,10,38,100.00000000000045,7.4773269550000805,100000,0
TEMOA_V12,F21,10,39,100.0,7.420009118000053,100000,0
TEMOA_V12,F21,10,40,100.00000000000045,7.484557984000048,100000,0
TEMOA_V12,F21,10,41,100.00000000000045,7.451093537000133,100000,0
TEMOA_V12,F21,10,42,100.00000000000045,7.4693332770000325,100000,0
TEMOA_V12,F21,10,43,100.00000000000045,7.444807730999855,100000,0
TEMOA_V12,F21,10,44,100.00000000000045,7.42337098400003,100000,0
TEMOA_V12,F21,10,45,100.0,7.448599518000037,100000,0
TEMOA_V12,F21,10,46,100.0,7.465813147000063,100000,0
TEMOA_V12,F21,10,47,100.0,7.444886830000087,100000,0
TEMOA_V12,F21,10,48,100.0,7.484217508000029,100000,0
TEMOA_V12,F21,10,49,100.00000000000045,7.469332541999847,100000,0
TEMOA_V12,F21,10,50,100.00000000000045,7.434036333999984,100000,0
jSO,F21,10,0,100.0,6.999386865999895,100000,0
jSO,F21,10,1,100.0,6.983214780000253,100000,0
jSO,F21,10,2,100.0,6.983652497000094,100000,0
jSO,F21,10,3,100.0,6.966586461000134,100000,0
jSO,F21,10,4,100.0,6.9513193069997214,100000,0
jSO,F21,10,5,100.0,6.985140080999827,100000,0
jSO,F21,10,6,100.0,6.987388637000095,100000,0
jSO,F21,10,7,100.0,6.961481609000202,100000,0
jSO,F21,10,8,100.0,6.980814279000242,100000,0
jSO,F21,10,9,100.0,7.012423274000412,100000,0
jSO,F21,10,10,100.0,7.02893800899983,100000,0
jSO,F21,10,11,100.0,6.948149954999735,100000,0
jSO,F21,10,12,100.0,6.972804167000049,100000,0
jSO,F21,10,13,100.0,6.9778491560000475,100000,0
jSO,F21,10,14,100.0,6.995394920999843,100000,0
jSO,F21,10,15,100.0,6.9788739789996725,100000,0
jSO,F21,10,16,100.0,6.949666909000371,100000,0
jSO,F21,10,17,100.0,6.946978017999754,100000,0
jSO,F21,10,18,100.0,6.979144142000223,100000,0
jSO,F21,10,19,100.0,6.975240067999948,100000,0
jSO,F21,10,20,100.0,7.005489900000157,100000,0
jSO,F21,10,21,100.0,6.973928741000236,100000,0
jSO,F21,10,22,100.0,6.9666385139998965,100000,0
jSO,F21,10,23,100.0,6.974458049000077,100000,0
jSO,F21,10,24,100.0,7.006844760999684,100000,0
jSO,F21,10,25,100.0,6.978762794999966,100000,0
jSO,F21,10,26,100.0,6.994406290999905,100000,0
jSO,F21,10,27,100.0,6.958796557999904,100000,0
jSO,F21,10,28,100.0,6.9763987129999805,100000,0
jSO,F21,10,29,100.0,6.9537616360003085,100000,0
jSO,F21,10,30,100.0,6.981592968999848,100000,0
jSO,F21,10,31,100.0,6.96126070299988,100000,0
jSO,F21,10,32,100.0,6.9667977789999895,100000,0
jSO,F21,10,33,100.0,6.955708256999969,100000,0
jSO,F21,10,34,100.0,6.985813578000034,100000,0
jSO,F21,10,35,100.0,6.963234164999903,100000,0
jSO,F21,10,36,100.0,6.976305128000149,100000,0
jSO,F21,10,37,100.0,6.969288549000339,100000,0
jSO,F21,10,38,100.0,6.957222941000055,100000,0
jSO,F21,10,39,100.0,6.976982726999722,100000,0
jSO,F21,10,40,100.0,7.011912239000139,100000,0
jSO,F21,10,41,100.0,6.958752064000237,100000,0
jSO,F21,10,42,100.0,6.9717875139999705,100000,0
jSO,F21,10,43,100.0,6.975072303000161,100000,0
jSO,F21,10,44,100.0,6.976481960000001,100000,0
jSO,F21,10,45,100.0,6.979062133999832,100000,0
jSO,F21,10,46,100.0,7.0202724289997605,100000,0
jSO,F21,10,47,100.0,6.97639716599997,100000,0
jSO,F21,10,48,100.0,7.03421199100012,100000,0
jSO,F21,10,49,100.0,6.954932973999803,100000,0
jSO,F21,10,50,100.0,6.997692990999894,100000,0
sepCMAES,F21,10,0,100.00000000018736,16.159069179000653,100000,0
sepCMAES,F21,10,1,100.00000000015734,16.060635005999757,100000,0
sepCMAES,F21,10,2,100.0000000001537,16.19816714999979,100000,0
sepCMAES,F21,10,3,100.00000000010778,16.055126643999756,100000,0
sepCMAES,F21,10,4,100.00000000014779,15.841476307999983,100000,0
sepCMAES,F21,10,5,100.00000000014916,16.081747643999734,100000,0
sepCMAES,F21,10,6,100.00000000018508,15.96308859400051,100000,0
sepCMAES,F21,10,7,100.00000000013006,16.205598688000464,100000,0
sepCMAES,F21,10,8,100.00000000011232,16.006519282000227,100000,0
sepCMAES,F21,10,9,100.00000000015052,15.760713322999436,100000,0
sepCMAES,F21,10,10,100.00000000016962,16.32775151000078,100000,0
sepCMAES,F21,10,11,100.00000000015052,16.28963589599971,100000,0
sepCMAES,F21,10,12,100.0000000001337,16.09626706600011,100000,0
sepCMAES,F21,10,13,100.0000000000864,16.163710013999662,100000,0
sepCMAES,F21,10,14,100.0000000001337,16.108441024000058,100000,0
sepCMAES,F21,10,15,100.00000000010596,15.938845624999885,100000,0
sepCMAES,F21,10,16,100.00000000018235,15.95754086100078,100000,0
sepCMAES,F21,10,17,100.00000000014097,16.110930435999762,100000,0
sepCMAES,F21,10,18,100.00000000012824,16.13111400700018,100000,0
sepCMAES,F21,10,19,100.00000000014552,16.072510908000368,100000,0
sepCMAES,F21,10,20,100.00000000012187,16.154589931999908,100000,0
sepCMAES,F21,10,21,100.00000000014461,15.952831041000536,100000,0
sepCMAES,F21,10,22,100.00000000015143,16.262863648000348,100000,0
sepCMAES,F21,10,23,100.00000000014552,16.20175281400043,100000,0
sepCMAES,F21,10,24,100.00000000012415,16.012298622000344,100000,0
sepCMAES,F21,10,25,100.00000000016553,16.054952962000243,100000,0
sepCMAES,F21,10,26,100.000000000201,16.13585894500011,100000,0
sepCMAES,F21,10,27,100.00000000012278,16.389702436000334,100000,0
sepCMAES,F21,10,28,100.00000000012324,16.133757665999838,100000,0
sepCMAES,F21,10,29,100.0000000001437,16.201657231000354,100000,0
sepCMAES,F21,10,30,100.00000000013551,15.944010088999676,100000,0
sepCMAES,F21,10,31,100.00000000014325,16.022699869000462,100000,0
sepCMAES,F21,10,32,100.00000000017008,16.16536421099954,100000,0
sepCMAES,F21,10,33,100.00000000013097,16.289346719000605,100000,0
sepCMAES,F21,10,34,100.0000000001778,16.15003722900019,100000,0
sepCMAES,F21,10,35,100.00000000016371,16.12208284999997,100000,0
sepCMAES,F21,10,36,100.00000000014552,16.396519678000004,100000,0
sepCMAES,F21,10,37,100.0000000001578,15.826178744000572,100000,0
sepCMAES,F21,10,38,100.00000000019327,16.156812960000025,100000,0
sepCMAES,F21,10,39,100.0000000001096,16.164492580000115,100000,0
sepCMAES,F21,10,40,100.00000000014825,16.009086008999475,100000,0
sepCMAES,F21,10,41,100.00000000012005,15.905914362000658,100000,0
sepCMAES,F21,10,42,100.00000000017371,15.879621368000699,100000,0
sepCMAES,F21,10,43,100.00000000014415,16.21584111499942,100000,0
sepCMAES,F21,10,44,100.00000000012642,16.078670941999917,100000,0
sepCMAES,F21,10,45,100.00000000015689,16.246065356000145,100000,0
sepCMAES,F21,10,46,100.00000000015825,16.02356445500027,100000,0
sepCMAES,F21,10,47,100.00000000013733,15.9959857799995,100000,0
sepCMAES,F21,10,48,100.00000000014506,15.943218282999624,100000,0
sepCMAES,F21,10,49,100.00000000013688,16.042332089999945,100000,0
sepCMAES,F21,10,50,100.00000000011914,15.921774027999163,100000,0
BIPOP_CMAES,F22,10,0,100.00000000000136,11.214647516999776,100000,0
BIPOP_CMAES,F22,10,1,100.00000000000091,10.805310184000064,100000,0
BIPOP_CMAES,F22,10,2,100.00000000000136,10.742565050999929,100000,0
BIPOP_CMAES,F22,10,3,100.00000000000091,10.829180598000221,100000,0
BIPOP_CMAES,F22,10,4,100.00000000000136,10.805876870999782,100000,0
BIPOP_CMAES,F22,10,5,100.00000000000091,11.05367189799972,100000,0
BIPOP_CMAES,F22,10,6,100.00000000000182,10.819219562999933,100000,0
BIPOP_CMAES,F22,10,7,100.00000000000136,10.517595635999896,100000,0
BIPOP_CMAES,F22,10,8,100.00000000000136,10.669929536999916,100000,0
BIPOP_CMAES,F22,10,9,100.00000000000136,11.003011017000063,100000,0
BIPOP_CMAES,F22,10,10,100.00000000000091,10.942591016999813,100000,0
BIPOP_CMAES,F22,10,11,100.00000000000091,11.07182775299998,100000,0
BIPOP_CMAES,F22,10,12,100.00000000000091,11.053017783000087,100000,0
BIPOP_CMAES,F22,10,13,100.00000000000045,10.928694210999765,100000,0
BIPOP_CMAES,F22,10,14,100.00000000000091,11.108083842999804,100000,0
BIPOP_CMAES,F22,10,15,100.00000000000136,11.244279679000101,100000,0
BIPOP_CMAES,F22,10,16,100.00000000000136,11.182385541999793,100000,0
BIPOP_CMAES,F22,10,17,100.00000000000091,10.912869623999995,100000,0
BIPOP_CMAES,F22,10,18,100.00000000000136,10.716864826999881,100000,0
BIPOP_CMAES,F22,10,19,100.00000000000091,10.327395266000167,100000,0
BIPOP_CMAES,F22,10,20,100.00000000000091,10.965394319000097,100000,0
BIPOP_CMAES,F22,10,21,100.00000000000136,10.620659099000022,100000,0
BIPOP_CMAES,F22,10,22,100.00000000000136,10.535839531999954,100000,0
BIPOP_CMAES,F22,10,23,100.00000000000136,11.001364053999623,100000,0
BIPOP_CMAES,F22,10,24,100.00000000000091,10.648685020000357,100000,0
BIPOP_CMAES,F22,10,25,100.00000000000045,10.391096125000331,100000,0
BIPOP_CMAES,F22,10,26,100.00000000000136,10.641594066999915,100000,0
BIPOP_CMAES,F22,10,27,100.00000000000136,10.890378239000256,100000,0
BIPOP_CMAES,F22,10,28,100.00000000000182,10.575086292000378,100000,0
BIPOP_CMAES,F22,10,29,100.00000000000136,10.846579131999988,100000,0
BIPOP_CMAES,F22,10,30,100.00000000000091,10.746892900000148,100000,0
BIPOP_CMAES,F22,10,31,100.00000000000091,10.928422699999828,100000,0
BIPOP_CMAES,F22,10,32,100.00000000000136,10.998515776000204,100000,0
BIPOP_CMAES,F22,10,33,100.00000000000136,11.031185366000045,100000,0
BIPOP_CMAES,F22,10,34,100.00000000000091,11.391642086000047,100000,0
BIPOP_CMAES,F22,10,35,100.00000000000091,10.88048778600023,100000,0
BIPOP_CMAES,F22,10,36,100.00000000000136,11.452749063000283,100000,0
BIPOP_CMAES,F22,10,37,100.00000000000136,11.006646184999681,100000,0
BIPOP_CMAES,F22,10,38,100.00000000000091,11.004779552999935,100000,0
BIPOP_CMAES,F22,10,39,100.00000000000091,10.861012494000079,100000,0
BIPOP_CMAES,F22,10,40,100.00000000000136,11.245184510999934,100000,0
BIPOP_CMAES,F22,10,41,100.00000000000091,11.25619816299968,100000,0
BIPOP_CMAES,F22,10,42,100.00000000000136,11.141984044999845,100000,0
BIPOP_CMAES,F22,10,43,100.00000000000091,11.04926658400018,100000,0
BIPOP_CMAES,F22,10,44,100.00000000000136,10.925245544000063,100000,0
BIPOP_CMAES,F22,10,45,100.00000000000091,10.740855917999852,100000,0
BIPOP_CMAES,F22,10,46,100.00000000000091,11.645270145999802,100000,0
BIPOP_CMAES,F22,10,47,100.00000000000091,11.589599412000098,100000,0
BIPOP_CMAES,F22,10,48,100.00000000000182,11.05781424099996,100000,0
BIPOP_CMAES,F22,10,49,100.00000000000136,11.422192958999858,100000,0
BIPOP_CMAES,F22,10,50,100.00000000000091,10.912404700000025,100000,0
CMAES,F22,10,0,100.00000000000273,13.658375823999904,100000,0
CMAES,F22,10,1,100.00000000000182,13.430329745000108,100000,0
CMAES,F22,10,2,100.00000000000227,13.493759726000008,100000,0
CMAES,F22,10,3,100.00000000000227,13.43849142199997,100000,0
CMAES,F22,10,4,100.00000000000227,13.38243442699968,100000,0
CMAES,F22,10,5,100.00000000000227,13.488804327999787,100000,0
CMAES,F22,10,6,100.00000000000227,13.418580684000062,100000,0
CMAES,F22,10,7,100.00000000000318,13.510888450000039,100000,0
CMAES,F22,10,8,100.00000000000182,13.342212777999976,100000,0
CMAES,F22,10,9,100.00000000000227,13.504835728999751,100000,0
CMAES,F22,10,10,100.00000000000273,13.758066249999956,100000,0
CMAES,F22,10,11,100.00000000000273,13.475558265000018,100000,0
CMAES,F22,10,12,100.00000000000318,13.46415972199975,100000,0
CMAES,F22,10,13,100.00000000000227,13.375871225999617,100000,0
CMAES,F22,10,14,100.00000000000227,13.503132820999781,100000,0
CMAES,F22,10,15,100.00000000000273,13.519181924999884,100000,0
CMAES,F22,10,16,100.00000000000227,13.433620125000289,100000,0
CMAES,F22,10,17,100.00000000000318,13.472430180000174,100000,0
CMAES,F22,10,18,100.00000000000318,13.514562297999873,100000,0
CMAES,F22,10,19,100.00000000000227,13.397279819999767,100000,0
CMAES,F22,10,20,100.00000000000227,13.492861604000154,100000,0
CMAES,F22,10,21,100.00000000000227,13.451263447999736,100000,0
CMAES,F22,10,22,100.00000000000227,13.510184822000156,100000,0
CMAES,F22,10,23,100.00000000000227,13.487639080000008,100000,0
CMAES,F22,10,24,100.00000000000273,13.345686286999808,100000,0
CMAES,F22,10,25,100.00000000000273,13.428228615999615,100000,0
CMAES,F22,10,26,100.00000000000182,13.41394689300023,100000,0
CMAES,F22,10,27,100.00000000000182,13.179951788999915,100000,0
CMAES,F22,10,28,100.00000000000273,13.545813220000127,100000,0
CMAES,F22,10,29,100.00000000000136,13.421529084999747,100000,0
CMAES,F22,10,30,100.00000000000227,13.579210398000214,100000,0
CMAES,F22,10,31,100.00000000000227,13.45841473099972,100000,0
CMAES,F22,10,32,100.00000000000273,13.737799193999763,100000,0
CMAES,F22,10,33,100.00000000000182,13.55011067400028,100000,0
CMAES,F22,10,34,100.00000000000273,13.450499414000205,100000,0
CMAES,F22,10,35,100.00000000000273,13.561916913000005,100000,0
CMAES,F22,10,36,100.00000000000227,13.456017209000038,100000,0
CMAES,F22,10,37,100.00000000000273,13.369827890000124,100000,0
CMAES,F22,10,38,100.00000000000227,13.456935982999767,100000,0
CMAES,F22,10,39,100.00000000000182,13.59494110300011,100000,0
CMAES,F22,10,40,100.00000000000227,13.352849862000312,100000,0
CMAES,F22,10,41,100.00000000000227,13.363109380999958,100000,0
CMAES,F22,10,42,100.00000000000227,13.60130884299997,100000,0
CMAES,F22,10,43,100.00000000000227,13.604492187999767,100000,0
CMAES,F22,10,44,100.00000000000227,13.483959682999739,100000,0
CMAES,F22,10,45,100.00000000000273,13.308969784000055,100000,0
CMAES,F22,10,46,100.00000000000273,13.615156458000001,100000,0
CMAES,F22,10,47,100.00000000000273,13.747425382000074,100000,0
CMAES,F22,10,48,100.00000000000227,13.39001106500018,100000,0
CMAES,F22,10,49,100.00000000000273,13.477351662000274,100000,0
CMAES,F22,10,50,100.00000000000273,13.426122839000072,100000,0
IPOP_CMAES,F22,10,0,100.00000000000091,10.479979630000344,100000,0
IPOP_CMAES,F22,10,1,100.00000000000091,10.815046239999901,100000,0
IPOP_CMAES,F22,10,2,100.00000000000091,10.721790289999717,100000,0
IPOP_CMAES,F22,10,3,100.00000000000045,10.708144459999858,100000,0
IPOP_CMAES,F22,10,4,100.00000000000091,10.349169657000402,100000,0
IPOP_CMAES,F22,10,5,100.00000000000091,10.293863071000033,100000,0
IPOP_CMAES,F22,10,6,100.00000000000091,10.160744556999816,100000,0
IPOP_CMAES,F22,10,7,100.00000000000091,11.012964444999852,100000,0
IPOP_CMAES,F22,10,8,100.00000000000091,10.50189688599994,100000,0
IPOP_CMAES,F22,10,9,100.00000000000091,10.638576801,100000,0
IPOP_CMAES,F22,10,10,100.00000000000045,10.348295475999748,100000,0
IPOP_CMAES,F22,10,11,100.00000000000091,10.726089803000377,100000,0
IPOP_CMAES,F22,10,12,100.00000000000091,10.344447542000125,100000,0
IPOP_CMAES,F22,10,13,100.00000000000091,10.742065278000155,100000,0
IPOP_CMAES,F22,10,14,100.00000000000091,10.422337230000267,100000,0
IPOP_CMAES,F22,10,15,100.00000000000091,10.10661733400002,100000,0
IPOP_CMAES,F22,10,16,100.00000000000091,10.198908092000238,100000,0
IPOP_CMAES,F22,10,17,100.00000000000091,10.700357966999945,100000,0
IPOP_CMAES,F22,10,18,100.00000000000045,10.441470963000029,100000,0
IPOP_CMAES,F22,10,19,100.00000000000091,10.406752290999975,100000,0
IPOP_CMAES,F22,10,20,100.00000000000091,10.535904526000195,100000,0
IPOP_CMAES,F22,10,21,100.00000000000091,10.44674597500034,100000,0
IPOP_CMAES,F22,10,22,100.00000000000045,10.484299439000097,100000,0
IPOP_CMAES,F22,10,23,100.00000000000091,10.02622359399993,100000,0
IPOP_CMAES,F22,10,24,100.00000000000045,10.050412933999723,100000,0
IPOP_CMAES,F22,10,25,100.00000000000091,10.03541397700019,100000,0
IPOP_CMAES,F22,10,26,100.00000000000091,9.971239019999757,100000,0
IPOP_CMAES,F22,10,27,100.00000000000091,10.081726780999816,100000,0
IPOP_CMAES,F22,10,28,100.00000000000045,10.20188830799998,100000,0
IPOP_CMAES,F22,10,29,100.00000000000045,10.436394531000133,100000,0
IPOP_CMAES,F22,10,30,100.00000000000091,9.998165163999602,100000,0
IPOP_CMAES,F22,10,31,100.00000000000091,9.840536488999987,100000,0
IPOP_CMAES,F22,10,32,100.00000000000091,9.9908919960003,100000,0
IPOP_CMAES,F22,10,33,100.00000000000091,10.094048007999845,100000,0
IPOP_CMAES,F22,10,34,100.00000000000091,10.08634387400025,100000,0
IPOP_CMAES,F22,10,35,100.00000000000091,10.526710188999914,100000,0
IPOP_CMAES,F22,10,36,100.00000000000091,10.600684944000022,100000,0
IPOP_CMAES,F22,10,37,100.00000000000091,10.477125285000056,100000,0
IPOP_CMAES,F22,10,38,100.00000000000091,10.435778790000313,100000,0
IPOP_CMAES,F22,10,39,100.00000000000045,10.004730957999982,100000,0
IPOP_CMAES,F22,10,40,100.00000000000091,10.45306506399993,100000,0
IPOP_CMAES,F22,10,41,100.00000000000091,9.939002727000116,100000,0
IPOP_CMAES,F22,10,42,100.00000000000045,9.901650324999991,100000,0
IPOP_CMAES,F22,10,43,100.00000000000091,10.388360757999635,100000,0
IPOP_CMAES,F22,10,44,100.00000000000045,10.174879288999819,100000,0
IPOP_CMAES,F22,10,45,100.00000000000136,10.132294655999885,100000,0
IPOP_CMAES,F22,10,46,100.00000000000045,10.245514903000185,100000,0
IPOP_CMAES,F22,10,47,100.00000000000091,10.024218804000157,100000,0
IPOP_CMAES,F22,10,48,100.00000000000091,10.184324118999939,100000,0
IPOP_CMAES,F22,10,49,100.00000000000091,9.953640836999966,100000,0
IPOP_CMAES,F22,10,50,100.00000000000045,10.313516605000132,100000,0
L-SHADE-DGR,F22,10,0,100.00000000000045,6.649353977000004,100000,0
L-SHADE-DGR,F22,10,1,100.0,6.668615727000002,100000,0
L-SHADE-DGR,F22,10,2,100.0,6.697282744000006,100000,0
L-SHADE-DGR,F22,10,3,100.00000000000045,6.697129410999992,100000,0
L-SHADE-DGR,F22,10,4,100.00000000000045,6.683249631999985,100000,0
L-SHADE-DGR,F22,10,5,100.00000000000045,6.655773033000003,100000,0
L-SHADE-DGR,F22,10,6,100.0,6.643069854000004,100000,0
L-SHADE-DGR,F22,10,7,100.0,6.6742403679999995,100000,0
L-SHADE-DGR,F22,10,8,100.0,6.684986258999999,100000,0
L-SHADE-DGR,F22,10,9,100.0,6.646376744000008,100000,0
L-SHADE-DGR,F22,10,10,100.0,6.700922281000004,100000,0
L-SHADE-DGR,F22,10,11,100.0,6.642065049999985,100000,0
L-SHADE-DGR,F22,10,12,100.0,6.660078064999993,100000,0
L-SHADE-DGR,F22,10,13,100.0,6.690927195,100000,0
L-SHADE-DGR,F22,10,14,100.0,6.671209911999995,100000,0
L-SHADE-DGR,F22,10,15,100.0,6.631557920999995,100000,0
L-SHADE-DGR,F22,10,16,100.0,6.624194132000014,100000,0
L-SHADE-DGR,F22,10,17,100.0,6.606318625,100000,0
L-SHADE-DGR,F22,10,18,100.00000000000045,6.6111311329999864,100000,0
L-SHADE-DGR,F22,10,19,100.00000000000045,6.592070135,100000,0
L-SHADE-DGR,F22,10,20,100.0,6.619334707000007,100000,0
L-SHADE-DGR,F22,10,21,100.0,6.619611485999997,100000,0
L-SHADE-DGR,F22,10,22,100.00000000000045,6.6183481099999995,100000,0
L-SHADE-DGR,F22,10,23,100.0,6.600839303999976,100000,0
L-SHADE-DGR,F22,10,24,100.00000000000045,6.605312814999991,100000,0
L-SHADE-DGR,F22,10,25,100.00000000000045,6.625659779999978,100000,0
L-SHADE-DGR,F22,10,26,100.0,6.606297559999973,100000,0
L-SHADE-DGR,F22,10,27,100.0,6.612237811,100000,0
L-SHADE-DGR,F22,10,28,100.0,6.645885525999972,100000,0
L-SHADE-DGR,F22,10,29,100.00000000000045,6.619875573000002,100000,0
L-SHADE-DGR,F22,10,30,100.0,6.692087786999991,100000,0
L-SHADE-DGR,F22,10,31,100.0,6.618871732999992,100000,0
L-SHADE-DGR,F22,10,32,100.00000000000045,6.6140473429999815,100000,0
L-SHADE-DGR,F22,10,33,100.0,6.658268770999996,100000,0
L-SHADE-DGR,F22,10,34,100.0,6.644802814000002,100000,0
L-SHADE-DGR,F22,10,35,100.0,6.626506218999964,100000,0
L-SHADE-DGR,F22,10,36,100.0,6.610502955000015,100000,0
L-SHADE-DGR,F22,10,37,100.0,6.622950995999986,100000,0
L-SHADE-DGR,F22,10,38,100.00000000000045,6.632180015000017,100000,0
L-SHADE-DGR,F22,10,39,100.0,6.603588872999978,100000,0
L-SHADE-DGR,F22,10,40,100.00000000000045,6.603062709000028,100000,0
L-SHADE-DGR,F22,10,41,100.0,6.634913505999975,100000,0
L-SHADE-DGR,F22,10,42,100.0,6.602047174000006,100000,0
L-SHADE-DGR,F22,10,43,100.00000000000045,6.628001605999998,100000,0
L-SHADE-DGR,F22,10,44,100.0,6.638456643999973,100000,0
L-SHADE-DGR,F22,10,45,100.0,6.625168287999998,100000,0
L-SHADE-DGR,F22,10,46,100.0,6.642797793999989,100000,0
L-SHADE-DGR,F22,10,47,100.0,6.622154106999972,100000,0
L-SHADE-DGR,F22,10,48,100.00000000000045,6.588950469999986,100000,0
L-SHADE-DGR,F22,10,49,100.00000000000045,6.592770224999981,100000,0
L-SHADE-DGR,F22,10,50,100.0,6.622472129000016,100000,0
LSHADE,F22,10,0,100.0,6.265783457999987,100000,0
LSHADE,F22,10,1,100.00000000000045,6.292192301999876,100000,0
LSHADE,F22,10,2,100.00000000000045,6.295840947999977,100000,0
LSHADE,F22,10,3,100.00000000000045,6.271744363000153,100000,0
LSHADE,F22,10,4,100.0,6.310162378000086,100000,0
LSHADE,F22,10,5,100.00000000000045,6.320633462999922,100000,0
LSHADE,F22,10,6,100.00000000000045,6.278063930999906,100000,0
LSHADE,F22,10,7,100.00000000000045,6.278173591999803,100000,0
LSHADE,F22,10,8,100.0,6.266396275999796,100000,0
LSHADE,F22,10,9,100.0,6.277221363000081,100000,0
LSHADE,F22,10,10,100.00000000000045,6.2531499910001,100000,0
LSHADE,F22,10,11,100.00000000000045,6.302934338999876,100000,0
LSHADE,F22,10,12,100.0,6.266297217999863,100000,0
LSHADE,F22,10,13,100.0,6.2910966750000625,100000,0
LSHADE,F22,10,14,100.0,6.266234636000036,100000,0
LSHADE,F22,10,15,100.00000000000045,6.293528590999813,100000,0
LSHADE,F22,10,16,100.00000000000045,6.305806540000049,100000,0
LSHADE,F22,10,17,100.00000000000045,6.322676479999927,100000,0
LSHADE,F22,10,18,100.0,6.249949272000094,100000,0
LSHADE,F22,10,19,100.0,6.302411510999946,100000,0
LSHADE,F22,10,20,100.00000000000045,6.278498914000011,100000,0
LSHADE,F22,10,21,100.00000000000045,6.2837649939999665,100000,0
LSHADE,F22,10,22,100.0,6.268872679999959,100000,0
LSHADE,F22,10,23,100.00000000000045,6.261874778999982,100000,0
LSHADE,F22,10,24,100.0,6.250608401000136,100000,0
LSHADE,F22,10,25,100.00000000000045,6.308158209999874,100000,0
LSHADE,F22,10,26,100.00000000000045,6.283568757000012,100000,0
LSHADE,F22,10,27,100.0,6.318071822999855,100000,0
LSHADE,F22,10,28,100.00000000000045,6.285078157000044,100000,0
LSHADE,F22,10,29,100.00000000000045,6.296840875999806,100000,0
LSHADE,F22,10,30,100.0,6.338761663000014,100000,0
LSHADE,F22,10,31,100.0,6.297781246999875,100000,0
LSHADE,F22,10,32,100.0,6.292760584999996,100000,0
LSHADE,F22,10,33,100.00000000000045,6.2930607469997994,100000,0
LSHADE,F22,10,34,100.00000000000045,6.2905264109999735,100000,0
LSHADE,F22,10,35,100.0,6.298406696000029,100000,0
LSHADE,F22,10,36,100.00000000000045,6.301451102000101,100000,0
LSHADE,F22,10,37,100.0,6.284406740999884,100000,0
LSHADE,F22,10,38,100.0,6.305718256999853,100000,0
LSHADE,F22,10,39,100.0,6.286206045999961,100000,0
LSHADE,F22,10,40,100.00000000000045,6.319622392999918,100000,0
LSHADE,F22,10,41,100.00000000000045,6.320411495000144,100000,0
LSHADE,F22,10,42,100.0,6.279729419999967,100000,0
LSHADE,F22,10,43,100.00000000000045,6.328319992999923,100000,0
LSHADE,F22,10,44,100.00000000000045,6.262678804000188,100000,0
LSHADE,F22,10,45,100.00000000000045,6.322725872000092,100000,0
LSHADE,F22,10,46,100.00000000000045,6.294139820000055,100000,0
LSHADE,F22,10,47,100.00000000000045,6.343528162999974,100000,0
LSHADE,F22,10,48,100.0,6.312730805000001,100000,0
LSHADE,F22,10,49,100.0,6.295782587999838,100000,0
LSHADE,F22,10,50,100.0,6.281712204999849,100000,0
TEMOA_V10,F22,10,0,100.0,7.5682761510000205,100000,0
TEMOA_V10,F22,10,1,100.0,7.571082884999953,100000,0
TEMOA_V10,F22,10,2,101.38984646003928,7.73340985599998,100000,0
TEMOA_V10,F22,10,3,102.10404241194465,7.575890233999985,100000,0
TEMOA_V10,F22,10,4,100.0,7.5736469760000205,100000,0
TEMOA_V10,F22,10,5,100.0,7.567634563000013,100000,0
TEMOA_V10,F22,10,6,101.38984646003928,7.536653634999993,100000,0
TEMOA_V10,F22,10,7,100.0,7.539315388000034,100000,0
TEMOA_V10,F22,10,8,101.38984646003928,7.55088032499998,100000,0
TEMOA_V10,F22,10,9,101.58647336874219,7.603370021999922,100000,0
TEMOA_V10,F22,10,10,101.38984646003928,7.621434055000009,100000,0
TEMOA_V10,F22,10,11,101.38984646003928,7.571534713999995,100000,0
TEMOA_V10,F22,10,12,101.70016360353111,7.608863249000024,100000,0
TEMOA_V10,F22,10,13,102.131689820465,7.553466945000082,100000,0
TEMOA_V10,F22,10,14,101.38984646003928,7.607228671999906,100000,0
TEMOA_V10,F22,10,15,100.0,7.582041935000007,100000,0
TEMOA_V10,F22,10,16,100.0,7.59290243199996,100000,0
TEMOA_V10,F22,10,17,100.0,7.565531615000054,100000,0
TEMOA_V10,F22,10,18,100.0,7.606533638999963,100000,0
TEMOA_V10,F22,10,19,100.0,7.602039169000022,100000,0
TEMOA_V10,F22,10,20,100.0,7.583697204000032,100000,0
TEMOA_V10,F22,10,21,100.0,7.599327887999948,100000,0
TEMOA_V10,F22,10,22,101.38984646003928,7.621357601,100000,0
TEMOA_V10,F22,10,23,100.0,7.583564032000027,100000,0
TEMOA_V10,F22,10,24,100.0,7.664058996999984,100000,0
TEMOA_V10,F22,10,25,101.4514185465855,7.587391077999996,100000,0
TEMOA_V10,F22,10,26,102.28352806209887,7.584168615999943,100000,0
TEMOA_V10,F22,10,27,100.0,7.62625991699997,100000,0
TEMOA_V10,F22,10,28,101.38984646003928,7.568808383999908,100000,0
TEMOA_V10,F22,10,29,100.0,7.577215335000005,100000,0
TEMOA_V10,F22,10,30,100.0,7.57997289299999,100000,0
TEMOA_V10,F22,10,31,102.09083582926132,7.599779185999978,100000,0
TEMOA_V10,F22,10,32,100.0,7.570458642000062,100000,0
TEMOA_V10,F22,10,33,100.0,7.569569989000001,100000,0
TEMOA_V10,F22,10,34,100.0,7.622758818000079,100000,0
TEMOA_V10,F22,10,35,100.0,7.609192020000023,100000,0
TEMOA_V10,F22,10,36,102.56243070506844,7.596069612000065,100000,0
TEMOA_V10,F22,10,37,101.6647417267668,7.552306563999991,100000,0
TEMOA_V10,F22,10,38,100.0,7.585283548999996,100000,0
TEMOA_V10,F22,10,39,100.0,7.550658703000067,100000,0
TEMOA_V10,F22,10,40,100.0,7.550967474999993,100000,0
TEMOA_V10,F22,10,41,102.32071297526636,7.591417515999979,100000,0
TEMOA_V10,F22,10,42,100.0,7.57252268000002,100000,0
TEMOA_V10,F22,10,43,100.0,7.566197922000015,100000,0
TEMOA_V10,F22,10,44,100.0,7.618241848000025,100000,0
TEMOA_V10,F22,10,45,101.58647336874219,7.660939970999948,100000,0
TEMOA_V10,F22,10,46,100.0,7.670228307000002,100000,0
TEMOA_V10,F22,10,47,100.0,7.625883418999933,100000,0
TEMOA_V10,F22,10,48,101.38984646003928,7.6438985959999854,100000,0
TEMOA_V10,F22,10,49,100.0,7.578544742999952,100000,0
TEMOA_V10,F22,10,50,100.0,7.61319560000004,100000,0
TEMOA_V11,F22,10,0,100.0,7.022570402000042,100000,0
TEMOA_V11,F22,10,1,100.0,6.98962156999994,100000,0
TEMOA_V11,F22,10,2,100.0,7.016859546999967,100000,0
TEMOA_V11,F22,10,3,100.0,6.9777961150000465,100000,0
TEMOA_V11,F22,10,4,100.0,7.016141097999935,100000,0
TEMOA_V11,F22,10,5,100.0,6.998624930999995,100000,0
TEMOA_V11,F22,10,6,100.0,7.010789876999979,100000,0
TEMOA_V11,F22,10,7,100.0,6.9960820989999775,100000,0
TEMOA_V11,F22,10,8,100.0,7.06292949300007,100000,0
TEMOA_V11,F22,10,9,100.0,6.970310084999937,100000,0
TEMOA_V11,F22,10,10,100.0,6.959198734999973,100000,0
TEMOA_V11,F22,10,11,100.0,7.008420360000059,100000,0
TEMOA_V11,F22,10,12,100.0,7.002300849999983,100000,0
TEMOA_V11,F22,10,13,100.0,7.007508901000051,100000,0
TEMOA_V11,F22,10,14,100.0,7.017817731999912,100000,0
TEMOA_V11,F22,10,15,100.0,6.995046393999928,100000,0
TEMOA_V11,F22,10,16,100.0,6.9947239699999955,100000,0
TEMOA_V11,F22,10,17,100.0,6.971242967999956,100000,0
TEMOA_V11,F22,10,18,100.0,6.98642531400003,100000,0
TEMOA_V11,F22,10,19,100.0,6.974189541999976,100000,0
TEMOA_V11,F22,10,20,100.0,7.062706723000019,100000,0
TEMOA_V11,F22,10,21,100.0,7.012040994000017,100000,0
TEMOA_V11,F22,10,22,100.0,6.995904619999919,100000,0
TEMOA_V11,F22,10,23,100.0,7.004555277999998,100000,0
TEMOA_V11,F22,10,24,100.0,7.015339354999924,100000,0
TEMOA_V11,F22,10,25,100.0,6.955494994999981,100000,0
TEMOA_V11,F22,10,26,100.0,6.976993251999829,100000,0
TEMOA_V11,F22,10,27,100.0,6.994938877000095,100000,0
TEMOA_V11,F22,10,28,100.0,7.02275210300013,100000,0
TEMOA_V11,F22,10,29,100.0,6.986791719000166,100000,0
TEMOA_V11,F22,10,30,101.6647417267668,6.976045113999817,100000,0
TEMOA_V11,F22,10,31,101.6647417267668,7.022528696999871,100000,0
TEMOA_V11,F22,10,32,100.0,7.0589046410000265,100000,0
TEMOA_V11,F22,10,33,100.0,7.030107369999996,100000,0
TEMOA_V11,F22,10,34,100.0,7.034998118999965,100000,0
TEMOA_V11,F22,10,35,100.0,7.012960587999942,100000,0
TEMOA_V11,F22,10,36,100.0,6.9810467289999,100000,0
TEMOA_V11,F22,10,37,100.0,6.971455330000026,100000,0
TEMOA_V11,F22,10,38,100.0,6.938665945999901,100000,0
TEMOA_V11,F22,10,39,100.0,6.962552307999886,100000,0
TEMOA_V11,F22,10,40,100.0,6.980100413999935,100000,0
TEMOA_V11,F22,10,41,100.0,6.970247563000157,100000,0
TEMOA_V11,F22,10,42,100.0,7.088098561000152,100000,0
TEMOA_V11,F22,10,43,100.0,6.96184487000005,100000,0
TEMOA_V11,F22,10,44,100.0,6.98705024700007,100000,0
TEMOA_V11,F22,10,45,100.0,6.983765261999906,100000,0
TEMOA_V11,F22,10,46,100.0,6.991291824999962,100000,0
TEMOA_V11,F22,10,47,100.0,6.96170539700006,100000,0
TEMOA_V11,F22,10,48,100.0,6.976581299999907,100000,0
TEMOA_V11,F22,10,49,100.0,6.987426381999967,100000,0
TEMOA_V11,F22,10,50,100.0,6.958503801999996,100000,0
TEMOA_V12,F22,10,0,100.0,6.604277007000064,100000,0
TEMOA_V12,F22,10,1,100.00000000000045,6.581515644999854,100000,0
TEMOA_V12,F22,10,2,100.0,6.58839544600005,100000,0
TEMOA_V12,F22,10,3,100.00000000000045,6.574997490999976,100000,0
TEMOA_V12,F22,10,4,100.0,6.6460477220000485,100000,0
TEMOA_V12,F22,10,5,100.00000000000045,6.644184272000075,100000,0
TEMOA_V12,F22,10,6,100.00000000000045,6.6908215589999145,100000,0
TEMOA_V12,F22,10,7,100.00000000000045,6.635227170999997,100000,0
TEMOA_V12,F22,10,8,100.0,6.685794042999987,100000,0
TEMOA_V12,F22,10,9,100.00000000000045,6.736469441000054,100000,0
TEMOA_V12,F22,10,10,100.0,6.730781814000011,100000,0
TEMOA_V12,F22,10,11,100.00000000000045,6.686318621000055,100000,0
TEMOA_V12,F22,10,12,100.00000000000045,6.692013337999924,100000,0
TEMOA_V12,F22,10,13,100.00000000000045,6.695017340000049,100000,0
TEMOA_V12,F22,10,14,100.0,6.677805425000088,100000,0
TEMOA_V12,F22,10,15,100.0,6.670781928999986,100000,0
TEMOA_V12,F22,10,16,100.0,6.698532702999955,100000,0
TEMOA_V12,F22,10,17,100.00000000000045,6.6720053149999785,100000,0
TEMOA_V12,F22,10,18,100.0,6.682356979999895,100000,0
TEMOA_V12,F22,10,19,100.0,6.699219444999926,100000,0
TEMOA_V12,F22,10,20,100.00000000000045,6.693491035000079,100000,0
TEMOA_V12,F22,10,21,100.00000000000045,6.673492115000045,100000,0
TEMOA_V12,F22,10,22,100.00000000000045,6.690373222999824,100000,0
TEMOA_V12,F22,10,23,100.00000000000045,6.672001142999989,100000,0
TEMOA_V12,F22,10,24,100.00000000000045,6.679860303999931,100000,0
TEMOA_V12,F22,10,25,100.0,6.676023631000135,100000,0
TEMOA_V12,F22,10,26,100.0,6.785223044000077,100000,0
TEMOA_V12,F22,10,27,100.00000000000045,6.793736301000081,100000,0
TEMOA_V12,F22,10,28,100.0,6.811602558999994,100000,0
TEMOA_V12,F22,10,29,100.0,6.764781220000032,100000,0
TEMOA_V12,F22,10,30,100.00000000000045,6.758795962000022,100000,0
TEMOA_V12,F22,10,31,100.00000000000045,6.735629112999959,100000,0
TEMOA_V12,F22,10,32,100.00000000000045,6.72593254200001,100000,0
TEMOA_V12,F22,10,33,100.00000000000045,6.6614304730001095,100000,0
TEMOA_V12,F22,10,34,100.00000000000045,6.646482816000116,100000,0
TEMOA_V12,F22,10,35,100.00000000000045,6.663858698000013,100000,0
TEMOA_V12,F22,10,36,100.00000000000045,6.6087963679999575,100000,0
TEMOA_V12,F22,10,37,100.00000000000045,6.601204733000031,100000,0
TEMOA_V12,F22,10,38,100.00000000000045,6.595236369000077,100000,0
TEMOA_V12,F22,10,39,100.0,6.629807561999996,100000,0
TEMOA_V12,F22,10,40,100.00000000000045,6.622329689000026,100000,0
TEMOA_V12,F22,10,41,100.0,6.602630465000175,100000,0
TEMOA_V12,F22,10,42,100.00000000000045,6.570863281999891,100000,0
TEMOA_V12,F22,10,43,100.00000000000045,6.63212086600015,100000,0
TEMOA_V12,F22,10,44,100.00000000000045,6.604577487999904,100000,0
TEMOA_V12,F22,10,45,100.0,6.617324788999895,100000,0
TEMOA_V12,F22,10,46,100.00000000000045,6.615248628000018,100000,0
TEMOA_V12,F22,10,47,100.0,6.628340822999917,100000,0
TEMOA_V12,F22,10,48,100.0,6.622126897000044,100000,0
TEMOA_V12,F22,10,49,100.0,6.639946483999893,100000,0
TEMOA_V12,F22,10,50,100.0,6.629314960000102,100000,0
jSO,F22,10,0,100.0,6.268704665000087,100000,0
jSO,F22,10,1,100.0,6.280079121000199,100000,0
jSO,F22,10,2,100.0,6.306932599999982,100000,0
jSO,F22,10,3,100.0,6.286691860000019,100000,0
jSO,F22,10,4,100.0,6.308644102000017,100000,0
jSO,F22,10,5,100.0,6.296789367000201,100000,0
jSO,F22,10,6,100.0,6.3132961989999785,100000,0
jSO,F22,10,7,100.0,6.297814474000006,100000,0
jSO,F22,10,8,100.0,6.328833888999952,100000,0
jSO,F22,10,9,100.0,6.281896426999992,100000,0
jSO,F22,10,10,100.0,6.327619077999998,100000,0
jSO,F22,10,11,100.0,6.293563350000113,100000,0
jSO,F22,10,12,100.00000000000045,6.314126232999797,100000,0
jSO,F22,10,13,100.0,6.3027028229998905,100000,0
jSO,F22,10,14,100.0,6.309545265999986,100000,0
jSO,F22,10,15,100.0,6.2918095980001,100000,0
jSO,F22,10,16,100.0,6.336293761999968,100000,0
jSO,F22,10,17,100.0,6.306678034000015,100000,0
jSO,F22,10,18,100.0,6.3312345399999685,100000,0
jSO,F22,10,19,100.0,6.317354819000002,100000,0
jSO,F22,10,20,100.0,6.293457395000132,100000,0
jSO,F22,10,21,100.0,6.281509541999867,100000,0
jSO,F22,10,22,100.0,6.289671174999967,100000,0
jSO,F22,10,23,100.0,6.462703650000094,100000,0
jSO,F22,10,24,100.0,6.3247479270000895,100000,0
jSO,F22,10,25,100.00000000000045,6.265846925000005,100000,0
jSO,F22,10,26,100.0,6.264799095999933,100000,0
jSO,F22,10,27,100.0,6.270042859999876,100000,0
jSO,F22,10,28,100.0,6.245903095999893,100000,0
jSO,F22,10,29,100.0,6.253437955999971,100000,0
jSO,F22,10,30,100.0,6.330216470000323,100000,0
jSO,F22,10,31,100.0,6.286889113999678,100000,0
jSO,F22,10,32,100.0,6.296518747999926,100000,0
jSO,F22,10,33,100.0,6.275641466999787,100000,0
jSO,F22,10,34,100.00000000000045,6.289275540999824,100000,0
jSO,F22,10,35,100.0,6.266671808999945,100000,0
jSO,F22,10,36,100.0,6.269841055000143,100000,0
jSO,F22,10,37,100.00000000000045,6.283223889000055,100000,0
jSO,F22,10,38,100.0,6.3062136960002135,100000,0
jSO,F22,10,39,100.0,6.2683528729999125,100000,0
jSO,F22,10,40,100.0,6.303811747000054,100000,0
jSO,F22,10,41,100.0,6.2667617429997335,100000,0
jSO,F22,10,42,100.0,6.294612893000249,100000,0
jSO,F22,10,43,100.0,6.284420441999828,100000,0
jSO,F22,10,44,100.0,6.332832464000148,100000,0
jSO,F22,10,45,100.00000000000045,6.291621997999755,100000,0
jSO,F22,10,46,100.0,6.2962215110001125,100000,0
jSO,F22,10,47,100.0,6.28143320900017,100000,0
jSO,F22,10,48,100.0,6.289386057999764,100000,0
jSO,F22,10,49,100.00000000000045,6.27638347400034,100000,0
jSO,F22,10,50,100.0,6.310229969999909,100000,0
sepCMAES,F22,10,0,100.00000000000273,12.492227190999984,100000,0
sepCMAES,F22,10,1,100.00000000000182,12.411049117999937,100000,0
sepCMAES,F22,10,2,100.00000000000273,12.41176113199981,100000,0
sepCMAES,F22,10,3,100.00000000000182,12.287740912999652,100000,0
sepCMAES,F22,10,4,100.00000000000182,12.517842285999905,100000,0
sepCMAES,F22,10,5,100.00000000000227,12.502307186000053,100000,0
sepCMAES,F22,10,6,100.00000000000227,12.495941667000352,100000,0
sepCMAES,F22,10,7,100.00000000000227,12.870009853999818,100000,0
sepCMAES,F22,10,8,100.00000000000273,12.418274165000184,100000,0
sepCMAES,F22,10,9,100.00000000000273,12.46298669099997,100000,0
sepCMAES,F22,10,10,100.00000000000273,12.25576240600003,100000,0
sepCMAES,F22,10,11,100.00000000000318,12.412401704999866,100000,0
sepCMAES,F22,10,12,100.00000000000182,12.464893336999921,100000,0
sepCMAES,F22,10,13,100.00000000000182,12.481793855000433,100000,0
sepCMAES,F22,10,14,100.00000000000227,12.351146852000056,100000,0
sepCMAES,F22,10,15,100.00000000000182,12.514350626000123,100000,0
sepCMAES,F22,10,16,100.00000000000318,12.535482844999933,100000,0
sepCMAES,F22,10,17,100.00000000000227,12.462021721000383,100000,0
sepCMAES,F22,10,18,100.00000000000273,12.321543830999872,100000,0
sepCMAES,F22,10,19,100.00000000000318,12.452799205000701,100000,0
sepCMAES,F22,10,20,100.00000000000227,12.523981092000213,100000,0
sepCMAES,F22,10,21,100.00000000000227,12.476014916000167,100000,0
sepCMAES,F22,10,22,100.00000000000182,12.344649200000276,100000,0
sepCMAES,F22,10,23,100.00000000000227,12.450530848999733,100000,0
sepCMAES,F22,10,24,100.00000000000182,12.457007627000166,100000,0
sepCMAES,F22,10,25,100.00000000000227,12.43897761000062,100000,0
sepCMAES,F22,10,26,100.00000000000182,12.415710395000133,100000,0
sepCMAES,F22,10,27,100.00000000000273,12.40912513800049,100000,0
sepCMAES,F22,10,28,100.00000000000182,12.428180038000392,100000,0
sepCMAES,F22,10,29,100.00000000000273,12.473726655999599,100000,0
sepCMAES,F22,10,30,100.00000000000182,12.411424746000193,100000,0
sepCMAES,F22,10,31,100.00000000000227,12.39169195500017,100000,0
sepCMAES,F22,10,32,100.00000000000273,12.471652466000705,100000,0
sepCMAES,F22,10,33,100.00000000000227,12.460120956000537,100000,0
sepCMAES,F22,10,34,100.00000000000182,12.514785924000535,100000,0
sepCMAES,F22,10,35,100.00000000000182,12.463238629999978,100000,0
sepCMAES,F22,10,36,100.00000000000273,12.551561979000326,100000,0
sepCMAES,F22,10,37,100.00000000000227,12.50653414000044,100000,0
sepCMAES,F22,10,38,100.00000000000273,12.443708067999978,100000,0
sepCMAES,F22,10,39,100.00000000000227,12.366059992999908,100000,0
sepCMAES,F22,10,40,100.00000000000273,12.406915690999995,100000,0
sepCMAES,F22,10,41,100.00000000000273,12.551545694000197,100000,0
sepCMAES,F22,10,42,100.00000000000227,12.364985741000055,100000,0
sepCMAES,F22,10,43,100.00000000000318,12.42421922199992,100000,0
sepCMAES,F22,10,44,100.00000000000227,12.295644874000573,100000,0
sepCMAES,F22,10,45,100.00000000000182,12.198835889000293,100000,0
sepCMAES,F22,10,46,100.00000000000273,12.3107375769996,100000,0
sepCMAES,F22,10,47,100.00000000000318,12.286418629999389,100000,0
sepCMAES,F22,10,48,100.00000000000136,12.315188004000447,100000,0
sepCMAES,F22,10,49,100.00000000000227,12.507033404999675,100000,0
sepCMAES,F22,10,50,100.00000000000182,12.623266524999963,100000,0
BIPOP_CMAES,F23,10,0,100.00000000012233,18.434387224999682,100000,0
BIPOP_CMAES,F23,10,1,100.00000000017599,18.653284409999742,100000,0
BIPOP_CMAES,F23,10,2,0.0,17.761319940999783,100000,0
BIPOP_CMAES,F23,10,3,100.0000000001346,17.459875171999556,100000,0
BIPOP_CMAES,F23,10,4,100.00000000010232,17.325226547000057,100000,0
BIPOP_CMAES,F23,10,5,100.00000000013642,18.833831733999887,100000,0
BIPOP_CMAES,F23,10,6,100.0000000001528,17.682787239999925,100000,0
BIPOP_CMAES,F23,10,7,100.00000000011505,18.391140045000157,100000,0
BIPOP_CMAES,F23,10,8,100.00000000019418,18.02542764000009,100000,0
BIPOP_CMAES,F23,10,9,100.00000000017644,18.32249197200008,100000,0
BIPOP_CMAES,F23,10,10,100.00000000019054,18.15080779600021,100000,0
BIPOP_CMAES,F23,10,11,100.00000000017462,18.476761302999876,100000,0
BIPOP_CMAES,F23,10,12,100.00000000013006,18.658225835000394,100000,0
BIPOP_CMAES,F23,10,13,100.00000000014597,17.94867199300006,100000,0
BIPOP_CMAES,F23,10,14,100.000000000211,17.727025768000203,100000,0
BIPOP_CMAES,F23,10,15,100.0000000001146,18.2397354550003,100000,0
BIPOP_CMAES,F23,10,16,100.00000000014916,17.69968900699996,100000,0
BIPOP_CMAES,F23,10,17,100.00000000014506,18.284099365000202,100000,0
BIPOP_CMAES,F23,10,18,100.00000000014052,17.352957477000018,100000,0
BIPOP_CMAES,F23,10,19,100.00000000013824,17.902709510000022,100000,0
BIPOP_CMAES,F23,10,20,100.00000000016462,18.266464884000015,100000,0
BIPOP_CMAES,F23,10,21,100.00000000013097,17.743913955000153,100000,0
BIPOP_CMAES,F23,10,22,100.00000000017053,18.571511149000344,100000,0
BIPOP_CMAES,F23,10,23,100.00000000010277,17.93478551399994,100000,0
BIPOP_CMAES,F23,10,24,100.00000000014916,18.593762735999917,100000,0
BIPOP_CMAES,F23,10,25,100.00000000012369,17.990960718999304,100000,0
BIPOP_CMAES,F23,10,26,100.00000000013824,19.1092801650002,100000,0
BIPOP_CMAES,F23,10,27,100.0000000001578,18.656380403000185,100000,0
BIPOP_CMAES,F23,10,28,100.00000000014597,18.968798517999858,100000,0
BIPOP_CMAES,F23,10,29,100.0000000001287,18.75701507299982,100000,0
BIPOP_CMAES,F23,10,30,100.00000000010186,19.034967823999978,100000,0
BIPOP_CMAES,F23,10,31,100.00000000011141,19.049430385999585,100000,0
BIPOP_CMAES,F23,10,32,100.00000000014234,18.444822002000365,100000,0
BIPOP_CMAES,F23,10,33,100.0000000001387,17.899323715999344,100000,0
BIPOP_CMAES,F23,10,34,100.00000000011005,17.63196827399952,100000,0
BIPOP_CMAES,F23,10,35,100.00000000012142,17.526841269000215,100000,0
BIPOP_CMAES,F23,10,36,100.00000000016826,17.656026638000185,100000,0
BIPOP_CMAES,F23,10,37,100.00000000012733,17.790254172999994,100000,0
BIPOP_CMAES,F23,10,38,100.00000000012915,18.475732999000684,100000,0
BIPOP_CMAES,F23,10,39,100.00000000013506,18.447099556000467,100000,0
BIPOP_CMAES,F23,10,40,100.00000000018008,17.49132172100053,100000,0
BIPOP_CMAES,F23,10,41,100.00000000010505,17.83464430799995,100000,0
BIPOP_CMAES,F23,10,42,100.00000000013324,17.99880612400011,100000,0
BIPOP_CMAES,F23,10,43,100.00000000015962,18.326212435999878,100000,0
BIPOP_CMAES,F23,10,44,100.00000000016553,18.122222265000346,100000,0
BIPOP_CMAES,F23,10,45,100.00000000015189,18.133999165000205,100000,0
BIPOP_CMAES,F23,10,46,100.00000000022374,18.316759129000275,100000,0
BIPOP_CMAES,F23,10,47,100.00000000014643,18.178579424999953,100000,0
BIPOP_CMAES,F23,10,48,100.00000000013688,18.48900059799962,100000,0
BIPOP_CMAES,F23,10,49,100.00000000014279,18.273905582000225,100000,0
BIPOP_CMAES,F23,10,50,100.00000000014916,17.43278189600005,100000,0
CMAES,F23,10,0,100.00000000025193,22.243804720999833,100000,0
CMAES,F23,10,1,100.00000000026785,21.94240669300052,100000,0
CMAES,F23,10,2,100.00000000028331,22.195514356000785,100000,0
CMAES,F23,10,3,100.0000000003165,22.05362296000021,100000,0
CMAES,F23,10,4,100.00000000026785,22.16174529900036,100000,0
CMAES,F23,10,5,100.0000000003597,22.057630383000287,100000,0
CMAES,F23,10,6,100.0000000001869,21.953045004999694,100000,0
CMAES,F23,10,7,100.00000000032423,21.89949375299966,100000,0
CMAES,F23,10,8,100.00000000019054,21.861997007000355,100000,0
CMAES,F23,10,9,100.0000000003165,21.992322387999593,100000,0
CMAES,F23,10,10,100.00000000025739,22.127678103999642,100000,0
CMAES,F23,10,11,100.00000000023829,21.78835130599964,100000,0
CMAES,F23,10,12,100.00000000028467,22.04096790099993,100000,0
CMAES,F23,10,13,100.00000000022692,21.957377549999364,100000,0
CMAES,F23,10,14,100.00000000026694,22.084944338999776,100000,0
CMAES,F23,10,15,100.00000000030923,22.131462506999924,100000,0
CMAES,F23,10,16,100.00000000022692,22.041120742999738,100000,0
CMAES,F23,10,17,100.00000000033151,21.902415995999945,100000,0
CMAES,F23,10,18,100.00000000028922,22.39672113800043,100000,0
CMAES,F23,10,19,100.00000000031787,21.875353069000084,100000,0
CMAES,F23,10,20,100.00000000023647,22.284598591999384,100000,0
CMAES,F23,10,21,100.00000000034697,22.039911147000566,100000,0
CMAES,F23,10,22,100.00000000029786,22.144183326999155,100000,0
CMAES,F23,10,23,100.00000000029468,22.006661219000307,100000,0
CMAES,F23,10,24,100.00000000028513,22.023441285000445,100000,0
CMAES,F23,10,25,100.00000000030741,22.041477496999505,100000,0
CMAES,F23,10,26,100.00000000031059,21.872425806000138,100000,0
CMAES,F23,10,27,100.00000000026284,22.01172809900072,100000,0
CMAES,F23,10,28,100.00000000029695,22.013214583000263,100000,0
CMAES,F23,10,29,100.00000000033288,22.14720994900017,100000,0
CMAES,F23,10,30,100.00000000024465,22.255248542999652,100000,0
CMAES,F23,10,31,100.00000000035197,21.968175802999212,100000,0
CMAES,F23,10,32,100.00000000024556,22.202710445000776,100000,0
CMAES,F23,10,33,100.00000000026375,21.832430423000005,100000,0
CMAES,F23,10,34,100.00000000033833,22.31078440500005,100000,0
CMAES,F23,10,35,100.00000000034561,21.99706298000001,100000,0
CMAES,F23,10,36,100.00000000031196,22.054586451000432,100000,0
CMAES,F23,10,37,100.00000000042064,22.146343716000047,100000,0
CMAES,F23,10,38,100.00000000038472,22.126770588,100000,0
CMAES,F23,10,39,100.00000000032651,22.19109143500009,100000,0
CMAES,F23,10,40,100.00000000023965,22.285492728000463,100000,0
CMAES,F23,10,41,100.00000000023283,22.68559154400009,100000,0
CMAES,F23,10,42,100.00000000026694,22.28068009100025,100000,0
CMAES,F23,10,43,100.00000000043383,21.970963316000052,100000,0
CMAES,F23,10,44,100.00000000036243,22.396338945000025,100000,0
CMAES,F23,10,45,100.00000000024329,22.00017747899983,100000,0
CMAES,F23,10,46,100.00000000036653,22.27222380100011,100000,0
CMAES,F23,10,47,100.00000000037653,22.25165140199988,100000,0
CMAES,F23,10,48,100.00000000034333,22.183382377999806,100000,0
CMAES,F23,10,49,100.0000000002251,22.114884907000487,100000,0
CMAES,F23,10,50,100.00000000036243,22.250991882999188,100000,0
IPOP_CMAES,F23,10,0,100.00000000013279,16.653797283999666,100000,0
IPOP_CMAES,F23,10,1,100.00000000013779,16.699654496999756,100000,0
IPOP_CMAES,F23,10,2,100.0000000001387,17.249494534000405,100000,0
IPOP_CMAES,F23,10,3,100.0000000001096,16.815025835000597,100000,0
IPOP_CMAES,F23,10,4,100.00000000015962,16.671186866000426,100000,0
IPOP_CMAES,F23,10,5,100.00000000011369,16.413947343000473,100000,0
IPOP_CMAES,F23,10,6,100.00000000009777,16.783010886999364,100000,0
IPOP_CMAES,F23,10,7,100.00000000012778,17.182179929000085,100000,0
IPOP_CMAES,F23,10,8,100.00000000013006,17.200404674999845,100000,0
IPOP_CMAES,F23,10,9,100.00000000014825,17.047133865000433,100000,0
IPOP_CMAES,F23,10,10,100.00000000009322,16.97191831999953,100000,0
IPOP_CMAES,F23,10,11,100.00000000011869,17.289224690000083,100000,0
IPOP_CMAES,F23,10,12,100.00000000006594,17.144881982000697,100000,0
IPOP_CMAES,F23,10,13,100.00000000010095,17.60072101700007,100000,0
IPOP_CMAES,F23,10,14,100.00000000017099,17.086053928000183,100000,0
IPOP_CMAES,F23,10,15,100.00000000006685,16.67560011400019,100000,0
IPOP_CMAES,F23,10,16,100.00000000008913,17.114978564000012,100000,0
IPOP_CMAES,F23,10,17,100.00000000006685,16.89279655900009,100000,0
IPOP_CMAES,F23,10,18,100.00000000009322,16.693846626999402,100000,0
IPOP_CMAES,F23,10,19,100.0000000000914,16.42678073299976,100000,0
IPOP_CMAES,F23,10,20,100.00000000014916,16.733221337999566,100000,0
IPOP_CMAES,F23,10,21,100.00000000007049,17.435039248000066,100000,0
IPOP_CMAES,F23,10,22,100.00000000009277,16.610566743999698,100000,0
IPOP_CMAES,F23,10,23,100.00000000009459,17.50732333199994,100000,0
IPOP_CMAES,F23,10,24,100.00000000009459,17.482086628000616,100000,0
IPOP_CMAES,F23,10,25,100.00000000019872,16.86511755599986,100000,0
IPOP_CMAES,F23,10,26,100.00000000011823,17.146004599999287,100000,0
IPOP_CMAES,F23,10,27,100.00000000011914,17.133094081999843,100000,0
IPOP_CMAES,F23,10,28,100.00000000007776,17.478187542999876,100000,0
IPOP_CMAES,F23,10,29,100.00000000007776,17.560500937999677,100000,0
IPOP_CMAES,F23,10,30,100.00000000007594,17.35939723299998,100000,0
IPOP_CMAES,F23,10,31,100.00000000010232,16.343042061000233,100000,0
IPOP_CMAES,F23,10,32,100.00000000007049,16.958857825999985,100000,0
IPOP_CMAES,F23,10,33,100.0000000000714,16.846820721999393,100000,0
IPOP_CMAES,F23,10,34,100.00000000011914,17.829677251999783,100000,0
IPOP_CMAES,F23,10,35,100.00000000007276,16.601224309999452,100000,0
IPOP_CMAES,F23,10,36,100.00000000010004,17.209687102000316,100000,0
IPOP_CMAES,F23,10,37,100.00000000008731,17.35227010699964,100000,0
IPOP_CMAES,F23,10,38,100.00000000004547,17.189282938999895,100000,0
IPOP_CMAES,F23,10,39,100.00000000008458,17.447549409000203,100000,0
IPOP_CMAES,F23,10,40,100.00000000006867,16.247506220000105,100000,0
IPOP_CMAES,F23,10,41,100.00000000009095,17.098809129000074,100000,0
IPOP_CMAES,F23,10,42,100.0000000000964,17.07895016800012,100000,0
IPOP_CMAES,F23,10,43,100.00000000010687,17.14467533700008,100000,0
IPOP_CMAES,F23,10,44,100.00000000012506,16.841881606999777,100000,0
IPOP_CMAES,F23,10,45,100.00000000010095,17.17827657699945,100000,0
IPOP_CMAES,F23,10,46,100.00000000011732,16.634862597999927,100000,0
IPOP_CMAES,F23,10,47,100.00000000008049,16.657863960000213,100000,0
IPOP_CMAES,F23,10,48,100.00000000012506,16.60539475099995,100000,0
IPOP_CMAES,F23,10,49,100.00000000010141,17.25195461600015,100000,0
IPOP_CMAES,F23,10,50,100.00000000008731,17.568842952000523,100000,0
L-SHADE-DGR,F23,10,0,100.00000000000045,11.836527494999999,100000,0
L-SHADE-DGR,F23,10,1,100.00000000000045,11.768156625999993,100000,0
L-SHADE-DGR,F23,10,2,100.0,11.730800525000006,100000,0
L-SHADE-DGR,F23,10,3,100.00000000000045,11.795706314,100000,0
L-SHADE-DGR,F23,10,4,100.0,11.755157238999999,100000,0
L-SHADE-DGR,F23,10,5,100.0,11.692840953000001,100000,0
L-SHADE-DGR,F23,10,6,100.0,11.712739026999998,100000,0
L-SHADE-DGR,F23,10,7,100.0,11.791469788,100000,0
L-SHADE-DGR,F23,10,8,100.0,11.74243168000001,100000,0
L-SHADE-DGR,F23,10,9,100.00000000000045,11.726919348999985,100000,0
L-SHADE-DGR,F23,10,10,100.0,11.694843311,100000,0
L-SHADE-DGR,F23,10,11,100.0,11.717786222,100000,0
L-SHADE-DGR,F23,10,12,100.0,11.792278630999988,100000,0
L-SHADE-DGR,F23,10,13,100.0,11.699341917999988,100000,0
L-SHADE-DGR,F23,10,14,100.0,11.689018060999985,100000,0
L-SHADE-DGR,F23,10,15,100.0,11.60159774600001,100000,0
L-SHADE-DGR,F23,10,16,100.00000000000045,11.578216655999995,100000,0
L-SHADE-DGR,F23,10,17,100.0,11.550095822000031,100000,0
L-SHADE-DGR,F23,10,18,100.0,11.632880186000023,100000,0
L-SHADE-DGR,F23,10,19,100.0,11.705632564999974,100000,0
L-SHADE-DGR,F23,10,20,100.0,11.621048494000036,100000,0
L-SHADE-DGR,F23,10,21,100.00000000000045,11.742600272999994,100000,0
L-SHADE-DGR,F23,10,22,100.0,11.75116708600001,100000,0
L-SHADE-DGR,F23,10,23,100.0,11.81479843599999,100000,0
L-SHADE-DGR,F23,10,24,100.0,11.861586525999996,100000,0
L-SHADE-DGR,F23,10,25,100.0,11.814130482999985,100000,0
L-SHADE-DGR,F23,10,26,100.0,11.767076108999959,100000,0
L-SHADE-DGR,F23,10,27,100.0,11.81902781399998,100000,0
L-SHADE-DGR,F23,10,28,100.0,11.739810280000029,100000,0
L-SHADE-DGR,F23,10,29,100.0,11.62257615499999,100000,0
L-SHADE-DGR,F23,10,30,100.0,11.68261056,100000,0
L-SHADE-DGR,F23,10,31,100.00000000000045,11.676983425000003,100000,0
L-SHADE-DGR,F23,10,32,100.0,11.670945173999996,100000,0
L-SHADE-DGR,F23,10,33,100.0,11.69923236699998,100000,0
L-SHADE-DGR,F23,10,34,100.0,11.67872098700002,100000,0
L-SHADE-DGR,F23,10,35,100.0,11.676159481000013,100000,0
L-SHADE-DGR,F23,10,36,100.0,11.720284843000002,100000,0
L-SHADE-DGR,F23,10,37,100.0,11.690873877000001,100000,0
L-SHADE-DGR,F23,10,38,100.0,11.637566289000006,100000,0
L-SHADE-DGR,F23,10,39,100.0,11.65099178500003,100000,0
L-SHADE-DGR,F23,10,40,100.0,11.58253598500005,100000,0
L-SHADE-DGR,F23,10,41,100.0,11.714522060000036,100000,0
L-SHADE-DGR,F23,10,42,100.0,11.647505742000021,100000,0
L-SHADE-DGR,F23,10,43,100.0,11.640723053999977,100000,0
L-SHADE-DGR,F23,10,44,100.0,11.69795228299995,100000,0
L-SHADE-DGR,F23,10,45,100.0,11.623244193999994,100000,0
L-SHADE-DGR,F23,10,46,100.0,11.586757793999936,100000,0
L-SHADE-DGR,F23,10,47,100.0,11.608526378999954,100000,0
L-SHADE-DGR,F23,10,48,100.0,11.639913061000016,100000,0
L-SHADE-DGR,F23,10,49,100.0,11.561218387000054,100000,0
L-SHADE-DGR,F23,10,50,100.0,11.598752912000009,100000,0
LSHADE,F23,10,0,100.0,11.153561614999944,100000,0
LSHADE,F23,10,1,100.0,11.077889033999782,100000,0
LSHADE,F23,10,2,100.00000000000045,11.114043035999657,100000,0
LSHADE,F23,10,3,100.0,11.101580533000288,100000,0
LSHADE,F23,10,4,100.0,11.099690232000285,100000,0
LSHADE,F23,10,5,100.0,11.135386233999725,100000,0
LSHADE,F23,10,6,100.0,11.11276062900015,100000,0
LSHADE,F23,10,7,100.0,11.047544075000133,100000,0
LSHADE,F23,10,8,100.0,11.144149211999775,100000,0
LSHADE,F23,10,9,100.0,11.19761154400021,100000,0
LSHADE,F23,10,10,100.0,11.12363892400026,100000,0
LSHADE,F23,10,11,100.0,11.131122510000296,100000,0
LSHADE,F23,10,12,100.0,11.176068684999791,100000,0
LSHADE,F23,10,13,100.0,11.182898985000065,100000,0
LSHADE,F23,10,14,100.0,11.162493305000226,100000,0
LSHADE,F23,10,15,100.0,11.167234539999754,100000,0
LSHADE,F23,10,16,100.0,11.25981167000009,100000,0
LSHADE,F23,10,17,100.0,11.226932070999737,100000,0
LSHADE,F23,10,18,100.0,11.159226130999741,100000,0
LSHADE,F23,10,19,100.0,11.101216624999779,100000,0
LSHADE,F23,10,20,100.0,11.095175327000106,100000,0
LSHADE,F23,10,21,100.0,11.192698999000186,100000,0
LSHADE,F23,10,22,100.0,11.12463085699983,100000,0
LSHADE,F23,10,23,100.0,11.169671607000055,100000,0
LSHADE,F23,10,24,100.0,11.105951110000206,100000,0
LSHADE,F23,10,25,100.0,11.155481509999845,100000,0
LSHADE,F23,10,26,100.0,11.101808515999892,100000,0
LSHADE,F23,10,27,100.0,11.187077736999981,100000,0
LSHADE,F23,10,28,100.0,11.125990681000076,100000,0
LSHADE,F23,10,29,100.0,11.161905731000388,100000,0
LSHADE,F23,10,30,100.0,11.103841371999806,100000,0
LSHADE,F23,10,31,100.0,11.090733129,100000,0
LSHADE,F23,10,32,100.0,11.167726723000214,100000,0
LSHADE,F23,10,33,100.0,11.15568471000006,100000,0
LSHADE,F23,10,34,100.0,11.119004971999857,100000,0
LSHADE,F23,10,35,100.0,11.17256650599984,100000,0
LSHADE,F23,10,36,100.0,11.121926966000046,100000,0
LSHADE,F23,10,37,100.0,11.103136764000283,100000,0
LSHADE,F23,10,38,100.0,11.15972812400014,100000,0
LSHADE,F23,10,39,100.0,11.160786670000107,100000,0
LSHADE,F23,10,40,100.0,11.083479408999665,100000,0
LSHADE,F23,10,41,100.0,11.087843990999772,100000,0
LSHADE,F23,10,42,100.0,11.088484681999944,100000,0
LSHADE,F23,10,43,100.0,11.105272894999871,100000,0
LSHADE,F23,10,44,100.0,11.167090964000181,100000,0
LSHADE,F23,10,45,100.0,11.139048229999844,100000,0
LSHADE,F23,10,46,100.0,11.131687796000278,100000,0
LSHADE,F23,10,47,100.0,11.05447110499972,100000,0
LSHADE,F23,10,48,100.0,11.197895229000096,100000,0
LSHADE,F23,10,49,100.0,11.183133817999988,100000,0
LSHADE,F23,10,50,100.0,11.140082032999999,100000,0
TEMOA_V10,F23,10,0,100.0,13.162392453000052,100000,0
TEMOA_V10,F23,10,1,100.0,13.124586939999972,100000,0
TEMOA_V10,F23,10,2,100.0,13.181562195999959,100000,0
TEMOA_V10,F23,10,3,100.0,13.289165999000033,100000,0
TEMOA_V10,F23,10,4,100.0,13.389657514000078,100000,0
TEMOA_V10,F23,10,5,200.0,13.22935320199997,100000,0
TEMOA_V10,F23,10,6,100.0,13.226656746999993,100000,0
TEMOA_V10,F23,10,7,100.0,13.244802712000023,100000,0
TEMOA_V10,F23,10,8,100.0,13.338680819000047,100000,0
TEMOA_V10,F23,10,9,100.0,13.374824974000035,100000,0
TEMOA_V10,F23,10,10,100.0,13.324912565999966,100000,0
TEMOA_V10,F23,10,11,100.0,13.235216034000018,100000,0
TEMOA_V10,F23,10,12,100.0,13.208286101999988,100000,0
TEMOA_V10,F23,10,13,100.0,13.200490315000025,100000,0
TEMOA_V10,F23,10,14,100.0,13.109222405000082,100000,0
TEMOA_V10,F23,10,15,100.0,13.220065879000003,100000,0
TEMOA_V10,F23,10,16,100.0,13.273683328999937,100000,0
TEMOA_V10,F23,10,17,100.0,13.16498164299992,100000,0
TEMOA_V10,F23,10,18,100.0,13.184247106000043,100000,0
TEMOA_V10,F23,10,19,100.0,13.180174928000042,100000,0
TEMOA_V10,F23,10,20,100.0,13.152382874000068,100000,0
TEMOA_V10,F23,10,21,100.0,13.22948590100009,100000,0
TEMOA_V10,F23,10,22,100.0,13.16363048200003,100000,0
TEMOA_V10,F23,10,23,100.0,13.232655510999962,100000,0
TEMOA_V10,F23,10,24,200.0,13.165997700000048,100000,0
TEMOA_V10,F23,10,25,100.0,13.204957947000025,100000,0
TEMOA_V10,F23,10,26,100.0,13.168291737999994,100000,0
TEMOA_V10,F23,10,27,100.0,13.139363221999929,100000,0
TEMOA_V10,F23,10,28,100.0,13.146382237000012,100000,0
TEMOA_V10,F23,10,29,100.0,13.202610654999944,100000,0
TEMOA_V10,F23,10,30,100.0,13.153007376999994,100000,0
TEMOA_V10,F23,10,31,100.0,13.110088924000138,100000,0
TEMOA_V10,F23,10,32,100.0,13.180678252000007,100000,0
TEMOA_V10,F23,10,33,100.0,13.140889124000068,100000,0
TEMOA_V10,F23,10,34,200.0,13.180825007999829,100000,0
TEMOA_V10,F23,10,35,100.0,13.159627962000059,100000,0
TEMOA_V10,F23,10,36,100.0,13.22465532199999,100000,0
TEMOA_V10,F23,10,37,100.0,13.205749086999958,100000,0
TEMOA_V10,F23,10,38,100.0,13.200975250000056,100000,0
TEMOA_V10,F23,10,39,100.0,13.283924957999943,100000,0
TEMOA_V10,F23,10,40,100.0,13.345280397000124,100000,0
TEMOA_V10,F23,10,41,100.0,13.311571838999953,100000,0
TEMOA_V10,F23,10,42,100.0,13.21820267399994,100000,0
TEMOA_V10,F23,10,43,200.0,13.233561364000025,100000,0
TEMOA_V10,F23,10,44,100.0,13.164444979000109,100000,0
TEMOA_V10,F23,10,45,100.0,13.214970897000057,100000,0
TEMOA_V10,F23,10,46,200.0,13.22468674400011,100000,0
TEMOA_V10,F23,10,47,100.0,13.244998078000208,100000,0
TEMOA_V10,F23,10,48,100.0,13.271988854000028,100000,0
TEMOA_V10,F23,10,49,100.0,13.180873942000062,100000,0
TEMOA_V10,F23,10,50,100.0,13.243361728000082,100000,0
TEMOA_V11,F23,10,0,100.0,12.330808512999965,100000,0
TEMOA_V11,F23,10,1,200.0,12.33385678400009,100000,0
TEMOA_V11,F23,10,2,100.0,12.251160394999943,100000,0
TEMOA_V11,F23,10,3,100.0,12.33805657500011,100000,0
TEMOA_V11,F23,10,4,100.0,12.207871974999989,100000,0
TEMOA_V11,F23,10,5,100.0,12.282277909999948,100000,0
TEMOA_V11,F23,10,6,100.0,12.284953752000092,100000,0
TEMOA_V11,F23,10,7,200.0,12.304562029999943,100000,0
TEMOA_V11,F23,10,8,100.0,12.339546021999922,100000,0
TEMOA_V11,F23,10,9,100.0,12.321573434000129,100000,0
TEMOA_V11,F23,10,10,100.0,12.292495727999949,100000,0
TEMOA_V11,F23,10,11,100.0,12.290386063000142,100000,0
TEMOA_V11,F23,10,12,100.0,12.262032103000138,100000,0
TEMOA_V11,F23,10,13,100.0,12.33786540799997,100000,0
TEMOA_V11,F23,10,14,100.0,12.293529128000046,100000,0
TEMOA_V11,F23,10,15,100.0,12.28905563599983,100000,0
TEMOA_V11,F23,10,16,100.0,12.253564205999965,100000,0
TEMOA_V11,F23,10,17,100.0,12.243522935000101,100000,0
TEMOA_V11,F23,10,18,100.0,12.204754234999882,100000,0
TEMOA_V11,F23,10,19,100.0,12.259319270999868,100000,0
TEMOA_V11,F23,10,20,100.0,12.3828612289999,100000,0
TEMOA_V11,F23,10,21,100.0,12.301346564999903,100000,0
TEMOA_V11,F23,10,22,100.0,12.274884106999934,100000,0
TEMOA_V11,F23,10,23,100.0,12.281711346000066,100000,0
TEMOA_V11,F23,10,24,100.0,12.291248319000033,100000,0
TEMOA_V11,F23,10,25,100.0,12.135558469999978,100000,0
TEMOA_V11,F23,10,26,200.0,12.184211597000058,100000,0
TEMOA_V11,F23,10,27,100.0,12.189420924999922,100000,0
TEMOA_V11,F23,10,28,100.0,12.23953739600006,100000,0
TEMOA_V11,F23,10,29,200.0,12.239344709000079,100000,0
TEMOA_V11,F23,10,30,100.0,12.15840594999986,100000,0
TEMOA_V11,F23,10,31,100.0,12.205727555000067,100000,0
TEMOA_V11,F23,10,32,200.0,12.225986091999857,100000,0
TEMOA_V11,F23,10,33,100.0,12.233255637000184,100000,0
TEMOA_V11,F23,10,34,100.0,12.224503948999882,100000,0
TEMOA_V11,F23,10,35,100.0,12.26215792500011,100000,0
TEMOA_V11,F23,10,36,100.0,12.176387546999877,100000,0
TEMOA_V11,F23,10,37,100.0,12.189101142000027,100000,0
TEMOA_V11,F23,10,38,100.0,12.19240898299995,100000,0
TEMOA_V11,F23,10,39,100.0,12.207981189000066,100000,0
TEMOA_V11,F23,10,40,100.0,12.171957152000004,100000,0
TEMOA_V11,F23,10,41,100.0,12.188986513000145,100000,0
TEMOA_V11,F23,10,42,100.0,12.180505985999844,100000,0
TEMOA_V11,F23,10,43,100.0,12.142299439999988,100000,0
TEMOA_V11,F23,10,44,100.0,12.216842780999968,100000,0
TEMOA_V11,F23,10,45,100.0,12.265423432000034,100000,0
TEMOA_V11,F23,10,46,100.0,12.308730406999985,100000,0
TEMOA_V11,F23,10,47,100.0,12.219530543000019,100000,0
TEMOA_V11,F23,10,48,100.0,12.26023277399986,100000,0
TEMOA_V11,F23,10,49,100.0,12.205162599000005,100000,0
TEMOA_V11,F23,10,50,100.0,12.166751565999903,100000,0
TEMOA_V12,F23,10,0,100.0,11.612089720000085,100000,0
TEMOA_V12,F23,10,1,100.00000000000045,11.62827308199985,100000,0
TEMOA_V12,F23,10,2,100.00000000000045,11.592693812000107,100000,0
TEMOA_V12,F23,10,3,100.00000000000045,11.562770821999948,100000,0
TEMOA_V12,F23,10,4,100.0,11.605944589000046,100000,0
TEMOA_V12,F23,10,5,100.0,11.604327066999986,100000,0
TEMOA_V12,F23,10,6,100.0,11.561604215999978,100000,0
TEMOA_V12,F23,10,7,100.00000000000045,11.583470712999997,100000,0
TEMOA_V12,F23,10,8,100.0,11.61880845199994,100000,0
TEMOA_V12,F23,10,9,100.0,11.688699520999762,100000,0
TEMOA_V12,F23,10,10,100.0,11.69545344800008,100000,0
TEMOA_V12,F23,10,11,100.00000000000045,11.579868668000017,100000,0
TEMOA_V12,F23,10,12,100.00000000000045,11.613720433999788,100000,0
TEMOA_V12,F23,10,13,100.0,11.603217386999859,100000,0
TEMOA_V12,F23,10,14,100.00000000000045,11.655948805000207,100000,0
TEMOA_V12,F23,10,15,100.0,11.569640155999878,100000,0
TEMOA_V12,F23,10,16,100.00000000000045,11.567244367000058,100000,0
TEMOA_V12,F23,10,17,100.0,11.553714006999598,100000,0
TEMOA_V12,F23,10,18,100.0,11.565855088000262,100000,0
TEMOA_V12,F23,10,19,100.00000000000045,11.601180460999785,100000,0
TEMOA_V12,F23,10,20,100.00000000000045,11.573532231999707,100000,0
TEMOA_V12,F23,10,21,100.0,11.529636583999945,100000,0
TEMOA_V12,F23,10,22,100.0,11.552428169999985,100000,0
TEMOA_V12,F23,10,23,100.0,11.561216714000238,100000,0
TEMOA_V12,F23,10,24,100.00000000000045,11.546209137999995,100000,0
TEMOA_V12,F23,10,25,100.0,11.64394821499991,100000,0
TEMOA_V12,F23,10,26,100.0,11.59212808700022,100000,0
TEMOA_V12,F23,10,27,200.00000000000045,11.594001151000157,100000,0
TEMOA_V12,F23,10,28,100.0,11.577427425999758,100000,0
TEMOA_V12,F23,10,29,100.0,11.476089890000367,100000,0
TEMOA_V12,F23,10,30,100.00000000000045,11.583809280000423,100000,0
TEMOA_V12,F23,10,31,100.0,11.594763595999666,100000,0
TEMOA_V12,F23,10,32,100.00000000000045,11.703523550000227,100000,0
TEMOA_V12,F23,10,33,100.0,11.607467289999931,100000,0
TEMOA_V12,F23,10,34,100.0,11.606691776999924,100000,0
TEMOA_V12,F23,10,35,100.0,11.637716044999706,100000,0
TEMOA_V12,F23,10,36,100.00000000000045,11.677119110000149,100000,0
TEMOA_V12,F23,10,37,100.0,11.635848755000097,100000,0
TEMOA_V12,F23,10,38,100.00000000000045,11.746578241999941,100000,0
TEMOA_V12,F23,10,39,100.0,11.776535021999734,100000,0
TEMOA_V12,F23,10,40,100.0,11.67997528800015,100000,0
TEMOA_V12,F23,10,41,100.0,11.596762641999703,100000,0
TEMOA_V12,F23,10,42,100.0,11.700966561999849,100000,0
TEMOA_V12,F23,10,43,100.00000000000045,11.670095582999693,100000,0
TEMOA_V12,F23,10,44,100.0,11.669953197000268,100000,0
TEMOA_V12,F23,10,45,100.00000000000045,11.573554408000291,100000,0
TEMOA_V12,F23,10,46,100.00000000000045,11.538375319000352,100000,0
TEMOA_V12,F23,10,47,100.0,11.582863920999898,100000,0
TEMOA_V12,F23,10,48,100.0,11.607356442999844,100000,0
TEMOA_V12,F23,10,49,100.0,11.594426870000007,100000,0
TEMOA_V12,F23,10,50,100.00000000000045,11.638430564999908,100000,0
jSO,F23,10,0,100.0,11.078986137999891,100000,0
jSO,F23,10,1,100.0,11.072307851000005,100000,0
jSO,F23,10,2,100.0,11.180041320000328,100000,0
jSO,F23,10,3,100.0,11.077141715999915,100000,0
jSO,F23,10,4,100.0,11.079088788999798,100000,0
jSO,F23,10,5,100.0,11.047429294000267,100000,0
jSO,F23,10,6,100.0,11.061459527999887,100000,0
jSO,F23,10,7,100.0,11.064783142000124,100000,0
jSO,F23,10,8,100.0,11.040743950999968,100000,0
jSO,F23,10,9,100.0,11.135147642999982,100000,0
jSO,F23,10,10,100.0,11.11095823200003,100000,0
jSO,F23,10,11,100.0,11.138401446999978,100000,0
jSO,F23,10,12,100.0,11.05745234699998,100000,0
jSO,F23,10,13,100.0,11.132051350999973,100000,0
jSO,F23,10,14,100.0,11.119555810999827,100000,0
jSO,F23,10,15,100.0,11.176527912999973,100000,0
jSO,F23,10,16,100.0,11.201142562000314,100000,0
jSO,F23,10,17,100.0,11.132421438000165,100000,0
jSO,F23,10,18,100.0,11.092976945999908,100000,0
jSO,F23,10,19,100.0,11.133174140999927,100000,0
jSO,F23,10,20,100.0,11.124497527999665,100000,0
jSO,F23,10,21,100.0,11.070638736999626,100000,0
jSO,F23,10,22,100.0,11.103892274999907,100000,0
jSO,F23,10,23,100.0,11.046613119000085,100000,0
jSO,F23,10,24,100.0,11.030106579999938,100000,0
jSO,F23,10,25,100.0,10.965690208000069,100000,0
jSO,F23,10,26,100.0,11.063167171999794,100000,0
jSO,F23,10,27,100.0,11.032213302999935,100000,0
jSO,F23,10,28,100.0,11.11339316700014,100000,0
jSO,F23,10,29,100.0,11.051110221999807,100000,0
jSO,F23,10,30,100.0,11.07041534300015,100000,0
jSO,F23,10,31,100.0,11.096999793000123,100000,0
jSO,F23,10,32,100.0,11.097997475999819,100000,0
jSO,F23,10,33,100.0,11.029299707000064,100000,0
jSO,F23,10,34,100.0,11.097734832000242,100000,0
jSO,F23,10,35,100.0,11.156291500000407,100000,0
jSO,F23,10,36,100.0,11.098753035999835,100000,0
jSO,F23,10,37,100.0,11.138760529000137,100000,0
jSO,F23,10,38,100.0,11.172319278000032,100000,0
jSO,F23,10,39,100.0,11.115393748000315,100000,0
jSO,F23,10,40,100.0,11.16648123699997,100000,0
jSO,F23,10,41,100.0,11.131330050000088,100000,0
jSO,F23,10,42,100.0,11.073677251999925,100000,0
jSO,F23,10,43,100.0,11.154317919999812,100000,0
jSO,F23,10,44,100.0,11.12697474100014,100000,0
jSO,F23,10,45,100.0,11.129891468000096,100000,0
jSO,F23,10,46,100.0,11.220159251000041,100000,0
jSO,F23,10,47,100.0,11.093595471999834,100000,0
jSO,F23,10,48,100.0,11.07787241699998,100000,0
jSO,F23,10,49,100.0,11.070563673999914,100000,0
jSO,F23,10,50,100.0,11.107666923000124,100000,0
sepCMAES,F23,10,0,100.00000000026193,20.55184150599962,100000,0
sepCMAES,F23,10,1,100.00000000036471,20.603687792000528,100000,0
sepCMAES,F23,10,2,100.00000000029513,20.88917942199987,100000,0
sepCMAES,F23,10,3,100.00000000035743,20.880608277000647,100000,0
sepCMAES,F23,10,4,100.0000000002351,20.926168584000152,100000,0
sepCMAES,F23,10,5,100.00000000025784,20.807625419999567,100000,0
sepCMAES,F23,10,6,100.00000000019145,20.69699703600054,100000,0
sepCMAES,F23,10,7,100.00000000030332,20.723272244999862,100000,0
sepCMAES,F23,10,8,100.00000000026603,20.970929596999667,100000,0
sepCMAES,F23,10,9,100.00000000023238,20.665404452000075,100000,0
sepCMAES,F23,10,10,100.0000000003738,20.81389858700004,100000,0
sepCMAES,F23,10,11,100.00000000037608,20.776739384999928,100000,0
sepCMAES,F23,10,12,100.00000000031923,20.479386293999596,100000,0
sepCMAES,F23,10,13,100.00000000030468,20.428115751000405,100000,0
sepCMAES,F23,10,14,100.00000000033333,20.87535254500017,100000,0
sepCMAES,F23,10,15,100.00000000030059,20.69381014099963,100000,0
sepCMAES,F23,10,16,100.00000000026421,20.656787268999324,100000,0
sepCMAES,F23,10,17,100.00000000031332,20.577738145000694,100000,0
sepCMAES,F23,10,18,100.00000000032469,20.627974916000312,100000,0
sepCMAES,F23,10,19,100.00000000033697,20.84261736499957,100000,0
sepCMAES,F23,10,20,100.00000000036198,20.98544876699998,100000,0
sepCMAES,F23,10,21,100.00000000028103,20.703340676999687,100000,0
sepCMAES,F23,10,22,100.00000000022919,20.46486306800034,100000,0
sepCMAES,F23,10,23,100.00000000035243,20.76641945600022,100000,0
sepCMAES,F23,10,24,100.00000000022737,20.758340093999323,100000,0
sepCMAES,F23,10,25,100.00000000026876,20.602034473999993,100000,0
sepCMAES,F23,10,26,100.00000000027103,20.570665115999873,100000,0
sepCMAES,F23,10,27,100.0000000002492,21.350630063000608,100000,0
sepCMAES,F23,10,28,100.00000000035061,21.245890005000547,100000,0
sepCMAES,F23,10,29,100.00000000030604,21.46118507600022,100000,0
sepCMAES,F23,10,30,100.00000000040654,21.005199295999773,100000,0
sepCMAES,F23,10,31,100.00000000026421,20.683224081000844,100000,0
sepCMAES,F23,10,32,100.00000000031469,20.633912567000152,100000,0
sepCMAES,F23,10,33,100.00000000034561,20.77681270499943,100000,0
sepCMAES,F23,10,34,100.00000000029331,20.58340859600048,100000,0
sepCMAES,F23,10,35,100.00000000034515,20.55343090599945,100000,0
sepCMAES,F23,10,36,100.00000000036471,20.971415754999725,100000,0
sepCMAES,F23,10,37,100.00000000033742,20.40792368199982,100000,0
sepCMAES,F23,10,38,100.00000000031105,20.940662314999827,100000,0
sepCMAES,F23,10,39,100.00000000029422,20.57535065799948,100000,0
sepCMAES,F23,10,40,100.0000000003256,20.716074836999724,100000,0
sepCMAES,F23,10,41,100.00000000032514,20.678283235999515,100000,0
sepCMAES,F23,10,42,100.00000000033015,20.496704296000644,100000,0
sepCMAES,F23,10,43,100.00000000031514,20.605707015000007,100000,0
sepCMAES,F23,10,44,100.00000000024238,20.69009052399997,100000,0
sepCMAES,F23,10,45,100.00000000034743,20.837224959000196,100000,0
sepCMAES,F23,10,46,100.00000000032787,20.607512165000117,100000,0
sepCMAES,F23,10,47,100.00000000035789,20.60385515300004,100000,0
sepCMAES,F23,10,48,100.00000000033424,20.80390453900054,100000,0
sepCMAES,F23,10,49,100.00000000035652,20.725145690000318,100000,0
sepCMAES,F23,10,50,100.00000000030013,20.627774803000648,100000,0
BIPOP_CMAES,F24,10,0,100.0000000005266,15.422171186000014,100000,0
BIPOP_CMAES,F24,10,1,100.00000000033742,15.073655473000144,100000,0
BIPOP_CMAES,F24,10,2,100.00008607364771,15.041410899999846,100000,0
BIPOP_CMAES,F24,10,3,100.00000000048749,15.202558473999943,100000,0
BIPOP_CMAES,F24,10,4,200.00000000024602,14.69483178900009,100000,0
BIPOP_CMAES,F24,10,5,100.00000000035152,15.120166302000143,100000,0
BIPOP_CMAES,F24,10,6,100.00000000038426,15.00789022400022,100000,0
BIPOP_CMAES,F24,10,7,200.00000000018008,14.500217128999793,100000,0
BIPOP_CMAES,F24,10,8,100.00000000022737,14.837448307000159,100000,0
BIPOP_CMAES,F24,10,9,100.00000081836652,14.705072054000084,100000,0
BIPOP_CMAES,F24,10,10,100.00000000019827,14.683312019999903,100000,0
BIPOP_CMAES,F24,10,11,100.00000000087903,15.229928260000179,100000,0
BIPOP_CMAES,F24,10,12,100.00000000028786,15.33488658799979,100000,0
BIPOP_CMAES,F24,10,13,100.00000000040563,15.007218313000067,100000,0
BIPOP_CMAES,F24,10,14,100.000000000623,15.26791470499984,100000,0
BIPOP_CMAES,F24,10,15,100.00000000045793,15.703960784999708,100000,0
BIPOP_CMAES,F24,10,16,100.00000000023738,14.69066667099969,100000,0
BIPOP_CMAES,F24,10,17,100.00000000036425,15.631545304000156,100000,0
BIPOP_CMAES,F24,10,18,100.00000000049113,15.26977540200005,100000,0
BIPOP_CMAES,F24,10,19,100.00000000027512,15.37633774699998,100000,0
BIPOP_CMAES,F24,10,20,100.00000000053342,15.372584408999955,100000,0
BIPOP_CMAES,F24,10,21,100.00000000043565,15.499682595000195,100000,0
BIPOP_CMAES,F24,10,22,100.00000000034697,15.490517006000118,100000,0
BIPOP_CMAES,F24,10,23,100.00000000060936,15.330293566999899,100000,0
BIPOP_CMAES,F24,10,24,100.00000000046475,15.439237751000292,100000,0
BIPOP_CMAES,F24,10,25,100.00000000022828,14.64889660300014,100000,0
BIPOP_CMAES,F24,10,26,100.00002027454639,15.08675102899997,100000,0
BIPOP_CMAES,F24,10,27,100.0000000003156,14.77026505699996,100000,0
BIPOP_CMAES,F24,10,28,100.0000000005366,15.573046231000262,100000,0
BIPOP_CMAES,F24,10,29,200.0000000001337,15.323861376999957,100000,0
BIPOP_CMAES,F24,10,30,100.00000000057253,15.117054984999868,100000,0
BIPOP_CMAES,F24,10,31,100.00000000093041,15.439262909999798,100000,0
BIPOP_CMAES,F24,10,32,100.0000000002974,14.856298368999887,100000,0
BIPOP_CMAES,F24,10,33,100.00000000027785,14.998269648999667,100000,0
BIPOP_CMAES,F24,10,34,100.00000000063801,14.888883876999898,100000,0
BIPOP_CMAES,F24,10,35,100.00000000039654,14.639925418000075,100000,0
BIPOP_CMAES,F24,10,36,200.00000000022146,15.224192334000236,100000,0
BIPOP_CMAES,F24,10,37,100.0000000003688,15.019071370000347,100000,0
BIPOP_CMAES,F24,10,38,100.00000000068349,15.34638508199987,100000,0
BIPOP_CMAES,F24,10,39,100.0000000005839,15.420605963000071,100000,0
BIPOP_CMAES,F24,10,40,100.0000000967093,15.323682434000148,100000,0
BIPOP_CMAES,F24,10,41,200.0000000002151,14.80568944200013,100000,0
BIPOP_CMAES,F24,10,42,100.00000000041928,14.67844545800017,100000,0
BIPOP_CMAES,F24,10,43,100.00000000067757,15.044591352000225,100000,0
BIPOP_CMAES,F24,10,44,100.00000000098044,14.956269363000047,100000,0
BIPOP_CMAES,F24,10,45,100.00000000068576,14.735129137999593,100000,0
BIPOP_CMAES,F24,10,46,100.00000000043201,15.391717652999887,100000,0
BIPOP_CMAES,F24,10,47,200.0000000003738,15.613921294000193,100000,0
BIPOP_CMAES,F24,10,48,100.00000003089235,15.137756350000018,100000,0
BIPOP_CMAES,F24,10,49,200.00000000028786,14.72093172699988,100000,0
BIPOP_CMAES,F24,10,50,100.00000000035061,15.211157976999857,100000,0
CMAES,F24,10,0,200.00000000057207,19.325728579000497,100000,0
CMAES,F24,10,1,100.0000000005698,19.40490516800037,100000,0
CMAES,F24,10,2,100.0000000007667,19.342362604999835,100000,0
CMAES,F24,10,3,200.000000000402,19.20673403299952,100000,0
CMAES,F24,10,4,200.00000000040927,19.214267519000714,100000,0
CMAES,F24,10,5,200.0000000005357,19.059077910999804,100000,0
CMAES,F24,10,6,100.00000000052978,19.232020806000037,100000,0
CMAES,F24,10,7,200.0000000004452,19.25971370500065,100000,0
CMAES,F24,10,8,100.00000000085993,19.031629662999876,100000,0
CMAES,F24,10,9,100.00019992213629,19.421102289000373,100000,0
CMAES,F24,10,10,200.00000000058844,19.2945647610004,100000,0
CMAES,F24,10,11,100.00000000056025,19.146977874000186,100000,0
CMAES,F24,10,12,100.00000000060118,19.381380801999512,100000,0
CMAES,F24,10,13,100.0000000005939,19.383447113999864,100000,0
CMAES,F24,10,14,100.000000001035,19.51022214600016,100000,0
CMAES,F24,10,15,200.00000000052478,19.491716806999648,100000,0
CMAES,F24,10,16,100.00000000078899,19.224200534000374,100000,0
CMAES,F24,10,17,100.0000000007849,19.300490093000008,100000,0
CMAES,F24,10,18,200.00000000058844,19.18527849199927,100000,0
CMAES,F24,10,19,100.00000000073169,19.28817722599979,100000,0
CMAES,F24,10,20,100.00000000048385,19.137252118000106,100000,0
CMAES,F24,10,21,200.0000000004984,19.40338199999951,100000,0
CMAES,F24,10,22,200.0000000005407,19.578056542000013,100000,0
CMAES,F24,10,23,200.00000000055934,19.38281613900017,100000,0
CMAES,F24,10,24,100.00000000056889,19.21433787800015,100000,0
CMAES,F24,10,25,100.00000000059481,18.878225358000236,100000,0
CMAES,F24,10,26,200.00000000048158,19.44117806400027,100000,0
CMAES,F24,10,27,100.00000000081172,19.059594405000098,100000,0
CMAES,F24,10,28,200.00000000037062,19.107063616000232,100000,0
CMAES,F24,10,29,200.0000000004311,19.462960089000262,100000,0
CMAES,F24,10,30,200.00000000054297,19.467420171000413,100000,0
CMAES,F24,10,31,100.00000000048522,19.13745297300011,100000,0
CMAES,F24,10,32,100.00000000083583,19.319102282999665,100000,0
CMAES,F24,10,33,200.00000000044338,19.257506564999858,100000,0
CMAES,F24,10,34,100.00000000120917,19.161405840999578,100000,0
CMAES,F24,10,35,100.0000000006271,19.32754166900031,100000,0
CMAES,F24,10,36,100.00000000057389,19.209454326000014,100000,0
CMAES,F24,10,37,100.00000000054524,19.48585180400005,100000,0
CMAES,F24,10,38,100.00000000067894,19.28403614800027,100000,0
CMAES,F24,10,39,100.00000000048612,19.421581698999944,100000,0
CMAES,F24,10,40,100.00000000097134,19.611860609999894,100000,0
CMAES,F24,10,41,200.00000000039518,19.256890014999954,100000,0
CMAES,F24,10,42,100.0000000007949,19.21520168799998,100000,0
CMAES,F24,10,43,100.00000000060663,19.116696766000132,100000,0
CMAES,F24,10,44,100.00000000047476,19.076586891999796,100000,0
CMAES,F24,10,45,100.00000000042019,19.153455474999646,100000,0
CMAES,F24,10,46,200.00000000049022,19.56331385899921,100000,0
CMAES,F24,10,47,200.00000000055616,19.140484993000427,100000,0
CMAES,F24,10,48,100.00000000068803,18.830239978999998,100000,0
CMAES,F24,10,49,200.0000000004311,19.09427720399981,100000,0
CMAES,F24,10,50,100.00000000109321,19.109991913999693,100000,0
IPOP_CMAES,F24,10,0,200.00000000011005,14.523631302000013,100000,0
IPOP_CMAES,F24,10,1,200.0000000001437,14.33250597999995,100000,0
IPOP_CMAES,F24,10,2,200.00000000015189,14.984316153000236,100000,0
IPOP_CMAES,F24,10,3,200.00000000016144,14.513021523999669,100000,0
IPOP_CMAES,F24,10,4,200.00000000015234,14.208268095999756,100000,0
IPOP_CMAES,F24,10,5,200.00000000008413,14.250034431000131,100000,0
IPOP_CMAES,F24,10,6,200.00000000022465,14.075868321000144,100000,0
IPOP_CMAES,F24,10,7,200.00000000013551,14.45606950499996,100000,0
IPOP_CMAES,F24,10,8,200.00000000017963,14.380002392999813,100000,0
IPOP_CMAES,F24,10,9,200.0000000000473,13.859653581999737,100000,0
IPOP_CMAES,F24,10,10,200.00000000012597,13.87901724600033,100000,0
IPOP_CMAES,F24,10,11,200.00000000015234,14.00872199000014,100000,0
IPOP_CMAES,F24,10,12,200.0000000001296,14.354172943000322,100000,0
IPOP_CMAES,F24,10,13,200.00000000009004,14.268961662000038,100000,0
IPOP_CMAES,F24,10,14,200.00000000016325,14.026457448000656,100000,0
IPOP_CMAES,F24,10,15,200.00000000011278,14.115262594999876,100000,0
IPOP_CMAES,F24,10,16,200.00000000017099,13.92598358000032,100000,0
IPOP_CMAES,F24,10,17,200.00000000015325,14.328923936999672,100000,0
IPOP_CMAES,F24,10,18,200.00000000021691,13.986605665999377,100000,0
IPOP_CMAES,F24,10,19,200.00000000009913,14.107801844999813,100000,0
IPOP_CMAES,F24,10,20,100.00000000035288,14.094487112000024,100000,0
IPOP_CMAES,F24,10,21,200.00000000016826,13.753932014000384,100000,0
IPOP_CMAES,F24,10,22,200.00000000012096,14.23668619900036,100000,0
IPOP_CMAES,F24,10,23,200.00000000010414,13.963058842999999,100000,0
IPOP_CMAES,F24,10,24,200.00000000014643,14.381541005000145,100000,0
IPOP_CMAES,F24,10,25,100.00000000050886,13.692124717999832,100000,0
IPOP_CMAES,F24,10,26,200.000000000211,13.84187286299948,100000,0
IPOP_CMAES,F24,10,27,100.0000000005939,13.988425850000567,100000,0
IPOP_CMAES,F24,10,28,200.00000000018144,14.133319128999574,100000,0
IPOP_CMAES,F24,10,29,200.00000000019782,14.19745904299998,100000,0
IPOP_CMAES,F24,10,30,200.00000000015598,13.651962607000314,100000,0
IPOP_CMAES,F24,10,31,200.00000000009186,13.949123203000454,100000,0
IPOP_CMAES,F24,10,32,200.00000000019645,13.997892402999241,100000,0
IPOP_CMAES,F24,10,33,200.0000000001869,14.453913059000115,100000,0
IPOP_CMAES,F24,10,34,200.00000000021737,14.008953300999565,100000,0
IPOP_CMAES,F24,10,35,100.00000000065211,14.519190899000023,100000,0
IPOP_CMAES,F24,10,36,200.0000000003056,14.214124820000507,100000,0
IPOP_CMAES,F24,10,37,200.00000000010323,14.63409468699956,100000,0
IPOP_CMAES,F24,10,38,102.7489399327419,13.816419983000742,100000,0
IPOP_CMAES,F24,10,39,200.0000000001046,13.724264212999515,100000,0
IPOP_CMAES,F24,10,40,200.00000000016144,13.798826881999958,100000,0
IPOP_CMAES,F24,10,41,200.00000000012506,14.275102450000304,100000,0
IPOP_CMAES,F24,10,42,100.00000000014461,13.939954915999806,100000,0
IPOP_CMAES,F24,10,43,200.00000000025375,13.905444889000137,100000,0
IPOP_CMAES,F24,10,44,200.00000000015552,13.961563586000011,100000,0
IPOP_CMAES,F24,10,45,200.00000000015007,13.993977760000234,100000,0
IPOP_CMAES,F24,10,46,200.000000000206,13.868528906000392,100000,0
IPOP_CMAES,F24,10,47,200.00000000018508,13.721610323000277,100000,0
IPOP_CMAES,F24,10,48,200.0000000001828,14.539229946000887,100000,0
IPOP_CMAES,F24,10,49,200.0000000001678,13.835525743999824,100000,0
IPOP_CMAES,F24,10,50,200.00000000016234,14.130631312999867,100000,0
L-SHADE-DGR,F24,10,0,200.0,9.211130693999962,100000,0
L-SHADE-DGR,F24,10,1,200.0,9.253787436000039,100000,0
L-SHADE-DGR,F24,10,2,200.0,9.260103205999997,100000,0
L-SHADE-DGR,F24,10,3,100.00000000000045,9.255720812999982,100000,0
L-SHADE-DGR,F24,10,4,200.0,9.294451878000018,100000,0
L-SHADE-DGR,F24,10,5,200.0,9.307807115000003,100000,0
L-SHADE-DGR,F24,10,6,200.0,9.339849393999998,100000,0
L-SHADE-DGR,F24,10,7,200.0,9.265998127999978,100000,0
L-SHADE-DGR,F24,10,8,200.0,9.287034839,100000,0
L-SHADE-DGR,F24,10,9,200.0,9.318069391999984,100000,0
L-SHADE-DGR,F24,10,10,200.0,9.338553324000031,100000,0
L-SHADE-DGR,F24,10,11,200.0,9.298145448000014,100000,0
L-SHADE-DGR,F24,10,12,200.0,9.310747357000025,100000,0
L-SHADE-DGR,F24,10,13,200.0,9.269254031000003,100000,0
L-SHADE-DGR,F24,10,14,200.0,9.277205330000015,100000,0
L-SHADE-DGR,F24,10,15,200.0,9.207906431000026,100000,0
L-SHADE-DGR,F24,10,16,200.0,9.206460660999994,100000,0
L-SHADE-DGR,F24,10,17,200.0,9.10047322600002,100000,0
L-SHADE-DGR,F24,10,18,200.0,9.061314682000045,100000,0
L-SHADE-DGR,F24,10,19,200.0,9.070636159999992,100000,0
L-SHADE-DGR,F24,10,20,200.0,9.077958824999996,100000,0
L-SHADE-DGR,F24,10,21,200.0,9.119947499999967,100000,0
L-SHADE-DGR,F24,10,22,200.0,9.109071823000022,100000,0
L-SHADE-DGR,F24,10,23,200.0,9.103543951999995,100000,0
L-SHADE-DGR,F24,10,24,200.0,9.11481011799998,100000,0
L-SHADE-DGR,F24,10,25,200.0,9.196218614999907,100000,0
L-SHADE-DGR,F24,10,26,200.0,9.13884008499997,100000,0
L-SHADE-DGR,F24,10,27,200.0,9.100599465999949,100000,0
L-SHADE-DGR,F24,10,28,200.0,9.09138861200006,100000,0
L-SHADE-DGR,F24,10,29,200.0,9.117552255999954,100000,0
L-SHADE-DGR,F24,10,30,200.0,9.120508523000012,100000,0
L-SHADE-DGR,F24,10,31,200.0,9.11691443299992,100000,0
L-SHADE-DGR,F24,10,32,200.0,9.126537111000061,100000,0
L-SHADE-DGR,F24,10,33,200.0,9.128295715000036,100000,0
L-SHADE-DGR,F24,10,34,200.0,9.079626367999936,100000,0
L-SHADE-DGR,F24,10,35,200.0,9.123160913999982,100000,0
L-SHADE-DGR,F24,10,36,200.0,9.094905426999958,100000,0
L-SHADE-DGR,F24,10,37,200.0,9.09854469000004,100000,0
L-SHADE-DGR,F24,10,38,200.0,9.09450291799999,100000,0
L-SHADE-DGR,F24,10,39,200.0,9.132933437999895,100000,0
L-SHADE-DGR,F24,10,40,200.0,9.100042702999986,100000,0
L-SHADE-DGR,F24,10,41,200.0,9.119882120000057,100000,0
L-SHADE-DGR,F24,10,42,200.0,9.098338375000026,100000,0
L-SHADE-DGR,F24,10,43,200.0,9.087710606000087,100000,0
L-SHADE-DGR,F24,10,44,200.0,9.137206727000034,100000,0
L-SHADE-DGR,F24,10,45,200.0,9.15534156199999,100000,0
L-SHADE-DGR,F24,10,46,200.0,9.102362505999963,100000,0
L-SHADE-DGR,F24,10,47,200.0,9.105398379999997,100000,0
L-SHADE-DGR,F24,10,48,200.0,9.11613295099994,100000,0
L-SHADE-DGR,F24,10,49,200.0,9.113401575000012,100000,0
L-SHADE-DGR,F24,10,50,200.0,9.143425374999993,100000,0
LSHADE,F24,10,0,200.0,8.632659818999855,100000,0
LSHADE,F24,10,1,200.0,8.590953692000312,100000,0
LSHADE,F24,10,2,200.0,8.607586687000094,100000,0
LSHADE,F24,10,3,200.0,8.574954395000077,100000,0
LSHADE,F24,10,4,200.0,8.627324735000002,100000,0
LSHADE,F24,10,5,200.0,8.619551796999986,100000,0
LSHADE,F24,10,6,200.0,8.654635219999818,100000,0
LSHADE,F24,10,7,200.0,8.517520631000025,100000,0
LSHADE,F24,10,8,200.0,8.562123231999976,100000,0
LSHADE,F24,10,9,200.0,8.569385003999741,100000,0
LSHADE,F24,10,10,200.0,8.547218750999946,100000,0
LSHADE,F24,10,11,200.0,8.560264436000125,100000,0
LSHADE,F24,10,12,200.0,8.56744440600005,100000,0
LSHADE,F24,10,13,200.0,8.581928181999956,100000,0
LSHADE,F24,10,14,200.0,8.541368993000106,100000,0
LSHADE,F24,10,15,200.0,8.560545977999936,100000,0
LSHADE,F24,10,16,200.0,8.604682017999949,100000,0
LSHADE,F24,10,17,200.0,8.568597519999912,100000,0
LSHADE,F24,10,18,200.0,8.582394646000012,100000,0
LSHADE,F24,10,19,200.0,8.565425007999693,100000,0
LSHADE,F24,10,20,200.0,8.553744871999697,100000,0
LSHADE,F24,10,21,200.0,8.581757669000126,100000,0
LSHADE,F24,10,22,200.0,8.548915290999958,100000,0
LSHADE,F24,10,23,200.0,8.564552327000001,100000,0
LSHADE,F24,10,24,200.0,8.557357624999895,100000,0
LSHADE,F24,10,25,200.0,8.585782764999749,100000,0
LSHADE,F24,10,26,200.0,8.56589790299995,100000,0
LSHADE,F24,10,27,200.0,8.56219552499988,100000,0
LSHADE,F24,10,28,200.0,8.579670724999687,100000,0
LSHADE,F24,10,29,200.0,8.558085613999992,100000,0
LSHADE,F24,10,30,200.0,8.596725458000037,100000,0
LSHADE,F24,10,31,200.0,8.565904150999813,100000,0
LSHADE,F24,10,32,200.0,8.568134514000121,100000,0
LSHADE,F24,10,33,200.0,8.57168003400011,100000,0
LSHADE,F24,10,34,200.0,8.584257711000191,100000,0
LSHADE,F24,10,35,200.0,8.633582773999933,100000,0
LSHADE,F24,10,36,200.0,8.579009107000275,100000,0
LSHADE,F24,10,37,200.0,8.601861224999993,100000,0
LSHADE,F24,10,38,200.0,8.546463150999898,100000,0
LSHADE,F24,10,39,200.0,8.578088710999964,100000,0
LSHADE,F24,10,40,200.0,8.602311097999973,100000,0
LSHADE,F24,10,41,200.0,8.581417432999842,100000,0
LSHADE,F24,10,42,200.0,8.5442215449998,100000,0
LSHADE,F24,10,43,200.0,8.595526639999662,100000,0
LSHADE,F24,10,44,200.0,8.579737113000192,100000,0
LSHADE,F24,10,45,200.0,8.546372815000268,100000,0
LSHADE,F24,10,46,200.0,8.574455597999986,100000,0
LSHADE,F24,10,47,200.0,8.540210761000253,100000,0
LSHADE,F24,10,48,200.0,8.56091115800018,100000,0
LSHADE,F24,10,49,200.0,8.585442577999856,100000,0
LSHADE,F24,10,50,200.0,8.593567254999925,100000,0
TEMOA_V10,F24,10,0,200.0,10.70858462800004,100000,0
TEMOA_V10,F24,10,1,200.0,10.799004322999963,100000,0
TEMOA_V10,F24,10,2,200.0,10.682711829000027,100000,0
TEMOA_V10,F24,10,3,200.0,10.687717217,100000,0
TEMOA_V10,F24,10,4,200.0,10.723030775999973,100000,0
TEMOA_V10,F24,10,5,200.0,10.779541421999966,100000,0
TEMOA_V10,F24,10,6,200.0,10.709612006999919,100000,0
TEMOA_V10,F24,10,7,200.0,10.754227291000007,100000,0
TEMOA_V10,F24,10,8,200.0,10.771113022999998,100000,0
TEMOA_V10,F24,10,9,200.0,10.700867334000009,100000,0
TEMOA_V10,F24,10,10,200.0,10.745712036999976,100000,0
TEMOA_V10,F24,10,11,200.0,10.726195688999951,100000,0
TEMOA_V10,F24,10,12,200.0,10.71164861300008,100000,0
TEMOA_V10,F24,10,13,200.0,10.743074104999891,100000,0
TEMOA_V10,F24,10,14,200.0,10.715401256000064,100000,0
TEMOA_V10,F24,10,15,200.0,10.648646718999998,100000,0
TEMOA_V10,F24,10,16,200.0,10.741897457999926,100000,0
TEMOA_V10,F24,10,17,200.0,10.672034222000093,100000,0
TEMOA_V10,F24,10,18,200.0,10.654778488000034,100000,0
TEMOA_V10,F24,10,19,200.0,10.695785870999998,100000,0
TEMOA_V10,F24,10,20,200.0,10.705435733999934,100000,0
TEMOA_V10,F24,10,21,200.0,10.672617607000007,100000,0
TEMOA_V10,F24,10,22,200.0,10.739468915999964,100000,0
TEMOA_V10,F24,10,23,200.0,10.795596349999983,100000,0
TEMOA_V10,F24,10,24,200.0,10.728052388999913,100000,0
TEMOA_V10,F24,10,25,200.0,10.72230614,100000,0
TEMOA_V10,F24,10,26,200.0,10.709714084000098,100000,0
TEMOA_V10,F24,10,27,200.0,10.708668389999957,100000,0
TEMOA_V10,F24,10,28,200.0,10.697812691000081,100000,0
TEMOA_V10,F24,10,29,200.0,10.737787376000142,100000,0
TEMOA_V10,F24,10,30,200.0,10.707619450000038,100000,0
TEMOA_V10,F24,10,31,200.0,10.741538160000118,100000,0
TEMOA_V10,F24,10,32,200.0,10.694193678000147,100000,0
TEMOA_V10,F24,10,33,200.0,10.742516818000013,100000,0
TEMOA_V10,F24,10,34,200.0,10.766275397000072,100000,0
TEMOA_V10,F24,10,35,200.0,10.742107225000154,100000,0
TEMOA_V10,F24,10,36,200.0,10.717145214000084,100000,0
TEMOA_V10,F24,10,37,200.0,10.746038400000089,100000,0
TEMOA_V10,F24,10,38,200.0,10.77518684200004,100000,0
TEMOA_V10,F24,10,39,200.0,10.755861692000053,100000,0
TEMOA_V10,F24,10,40,200.0,10.755396003999977,100000,0
TEMOA_V10,F24,10,41,200.0,10.774951322999868,100000,0
TEMOA_V10,F24,10,42,200.0,10.772031566999885,100000,0
TEMOA_V10,F24,10,43,200.0,10.793944706000048,100000,0
TEMOA_V10,F24,10,44,200.0,10.80753608100008,100000,0
TEMOA_V10,F24,10,45,200.0,10.821445453000024,100000,0
TEMOA_V10,F24,10,46,200.0,10.7951431649999,100000,0
TEMOA_V10,F24,10,47,200.0,10.77879116400004,100000,0
TEMOA_V10,F24,10,48,200.0,10.743359974999976,100000,0
TEMOA_V10,F24,10,49,200.0,10.748510638000198,100000,0
TEMOA_V10,F24,10,50,200.0,10.765071927999998,100000,0
TEMOA_V11,F24,10,0,200.0,9.764518393999879,100000,0
TEMOA_V11,F24,10,1,200.0,9.733311991000164,100000,0
TEMOA_V11,F24,10,2,200.0,9.761170966999998,100000,0
TEMOA_V11,F24,10,3,200.0,9.754359439999917,100000,0
TEMOA_V11,F24,10,4,200.0,9.757221170000093,100000,0
TEMOA_V11,F24,10,5,200.0,9.891880939999965,100000,0
TEMOA_V11,F24,10,6,200.0,9.764531572000124,100000,0
TEMOA_V11,F24,10,7,200.0,9.757167951000156,100000,0
TEMOA_V11,F24,10,8,200.0,9.710302994999893,100000,0
TEMOA_V11,F24,10,9,200.0,9.727135262000047,100000,0
TEMOA_V11,F24,10,10,200.0,9.698925170999928,100000,0
TEMOA_V11,F24,10,11,200.0,9.707997593000073,100000,0
TEMOA_V11,F24,10,12,200.0,9.712512042999833,100000,0
TEMOA_V11,F24,10,13,200.0,9.721111048000012,100000,0
TEMOA_V11,F24,10,14,200.0,9.734228499999972,100000,0
TEMOA_V11,F24,10,15,200.0,9.712667181000143,100000,0
TEMOA_V11,F24,10,16,200.0,9.73063488899993,100000,0
TEMOA_V11,F24,10,17,200.0,9.781454854000003,100000,0
TEMOA_V11,F24,10,18,200.0,9.730122862000144,100000,0
TEMOA_V11,F24,10,19,200.0,9.77991279600019,100000,0
TEMOA_V11,F24,10,20,200.0,9.692787832999784,100000,0
TEMOA_V11,F24,10,21,200.0,9.73519903600004,100000,0
TEMOA_V11,F24,10,22,200.0,9.727713503999894,100000,0
TEMOA_V11,F24,10,23,200.0,9.697903875000065,100000,0
TEMOA_V11,F24,10,24,200.0,9.712166098000125,100000,0
TEMOA_V11,F24,10,25,200.0,9.718028693000178,100000,0
TEMOA_V11,F24,10,26,200.0,9.707615720000149,100000,0
TEMOA_V11,F24,10,27,200.0,9.708818405000102,100000,0
TEMOA_V11,F24,10,28,200.0,9.729079483000078,100000,0
TEMOA_V11,F24,10,29,200.0,9.69192801700001,100000,0
TEMOA_V11,F24,10,30,200.0,9.739129927000022,100000,0
TEMOA_V11,F24,10,31,200.0,9.679911759000106,100000,0
TEMOA_V11,F24,10,32,200.0,9.737513295000099,100000,0
TEMOA_V11,F24,10,33,200.0,9.710817016999954,100000,0
TEMOA_V11,F24,10,34,200.0,9.709857141000157,100000,0
TEMOA_V11,F24,10,35,200.0,9.753768212000068,100000,0
TEMOA_V11,F24,10,36,200.0,9.684868803999962,100000,0
TEMOA_V11,F24,10,37,200.0,9.758100603999992,100000,0
TEMOA_V11,F24,10,38,200.0,9.720730102000061,100000,0
TEMOA_V11,F24,10,39,200.0,9.701820656000109,100000,0
TEMOA_V11,F24,10,40,200.0,9.722524954999926,100000,0
TEMOA_V11,F24,10,41,200.0,9.788607425999999,100000,0
TEMOA_V11,F24,10,42,200.0,9.732440629000166,100000,0
TEMOA_V11,F24,10,43,200.0,9.71814761099995,100000,0
TEMOA_V11,F24,10,44,200.0,9.740278057000069,100000,0
TEMOA_V11,F24,10,45,200.0,9.827479467999865,100000,0
TEMOA_V11,F24,10,46,200.0,9.790167023999857,100000,0
TEMOA_V11,F24,10,47,200.0,9.95760466600018,100000,0
TEMOA_V11,F24,10,48,200.0,9.804062908000105,100000,0
TEMOA_V11,F24,10,49,200.0,9.781737734999979,100000,0
TEMOA_V11,F24,10,50,200.0,9.729977680000047,100000,0
TEMOA_V12,F24,10,0,200.00000000000045,9.119869769999923,100000,0
TEMOA_V12,F24,10,1,200.0,9.134904083000038,100000,0
TEMOA_V12,F24,10,2,200.0,9.083064883999896,100000,0
TEMOA_V12,F24,10,3,200.00000000000045,9.067424267999968,100000,0
TEMOA_V12,F24,10,4,200.0,9.073364714000036,100000,0
TEMOA_V12,F24,10,5,200.0,9.069766651999998,100000,0
TEMOA_V12,F24,10,6,200.0,9.08227944400005,100000,0
TEMOA_V12,F24,10,7,200.00000000000045,9.100813790000075,100000,0
TEMOA_V12,F24,10,8,200.0,9.093859698000188,100000,0
TEMOA_V12,F24,10,9,200.0,9.102125734000083,100000,0
TEMOA_V12,F24,10,10,200.0,9.080703983000149,100000,0
TEMOA_V12,F24,10,11,200.0,9.079590574999884,100000,0
TEMOA_V12,F24,10,12,200.0,9.081780685000012,100000,0
TEMOA_V12,F24,10,13,200.0,9.060904108999921,100000,0
TEMOA_V12,F24,10,14,200.0,9.042440239999905,100000,0
TEMOA_V12,F24,10,15,200.0,9.077137698000115,100000,0
TEMOA_V12,F24,10,16,200.0,9.079744248999987,100000,0
TEMOA_V12,F24,10,17,200.0,9.051766557000064,100000,0
TEMOA_V12,F24,10,18,200.0,9.090709943999855,100000,0
TEMOA_V12,F24,10,19,200.0,9.068633294000165,100000,0
TEMOA_V12,F24,10,20,200.00000000000045,9.060837769999807,100000,0
TEMOA_V12,F24,10,21,100.00000000000045,9.128909654999916,100000,0
TEMOA_V12,F24,10,22,100.00000000000045,9.076311537000038,100000,0
TEMOA_V12,F24,10,23,200.0,9.059421167999972,100000,0
TEMOA_V12,F24,10,24,200.0,9.048724225999877,100000,0
TEMOA_V12,F24,10,25,200.0,9.050283264999962,100000,0
TEMOA_V12,F24,10,26,200.0,9.140071817000035,100000,0
TEMOA_V12,F24,10,27,200.0,9.053354101000195,100000,0
TEMOA_V12,F24,10,28,200.0,9.064672173999952,100000,0
TEMOA_V12,F24,10,29,200.0,9.051318160999926,100000,0
TEMOA_V12,F24,10,30,200.0,9.075412245999814,100000,0
TEMOA_V12,F24,10,31,200.0,9.072073146999628,100000,0
TEMOA_V12,F24,10,32,200.0,9.058145857,100000,0
TEMOA_V12,F24,10,33,200.0,9.043144111999936,100000,0
TEMOA_V12,F24,10,34,200.0,9.071515019999879,100000,0
TEMOA_V12,F24,10,35,200.0,9.056111686999884,100000,0
TEMOA_V12,F24,10,36,200.0,9.092803910999919,100000,0
TEMOA_V12,F24,10,37,200.0,9.05975810100017,100000,0
TEMOA_V12,F24,10,38,200.0,9.094861024000238,100000,0
TEMOA_V12,F24,10,39,200.0,9.065204052000354,100000,0
TEMOA_V12,F24,10,40,200.0,9.052945968000131,100000,0
TEMOA_V12,F24,10,41,200.0,9.055045199999768,100000,0
TEMOA_V12,F24,10,42,200.0,9.104627946000164,100000,0
TEMOA_V12,F24,10,43,200.0,9.09041244800028,100000,0
TEMOA_V12,F24,10,44,200.0,9.062869910000245,100000,0
TEMOA_V12,F24,10,45,200.0,9.098644148999938,100000,0
TEMOA_V12,F24,10,46,200.0,9.099144634000368,100000,0
TEMOA_V12,F24,10,47,200.0,9.07684170399989,100000,0
TEMOA_V12,F24,10,48,200.0,9.055776195999897,100000,0
TEMOA_V12,F24,10,49,200.0,9.072660603000259,100000,0
TEMOA_V12,F24,10,50,200.0,9.113342182999986,100000,0
jSO,F24,10,0,200.0,8.58321765799974,100000,0
jSO,F24,10,1,200.0,8.60586639300027,100000,0
jSO,F24,10,2,200.0,8.590522532999785,100000,0
jSO,F24,10,3,200.0,8.527096351999717,100000,0
jSO,F24,10,4,200.0,8.565855182999712,100000,0
jSO,F24,10,5,200.0,8.562002054000004,100000,0
jSO,F24,10,6,200.0,8.629861703000188,100000,0
jSO,F24,10,7,200.0,8.604883747999793,100000,0
jSO,F24,10,8,200.0,8.62686837900037,100000,0
jSO,F24,10,9,200.0,8.596653666000293,100000,0
jSO,F24,10,10,200.0,8.621080846999575,100000,0
jSO,F24,10,11,200.0,8.564364164999915,100000,0
jSO,F24,10,12,200.0,8.613584973999878,100000,0
jSO,F24,10,13,200.0,8.583084281000083,100000,0
jSO,F24,10,14,200.0,8.556705513999987,100000,0
jSO,F24,10,15,200.0,8.553738084000088,100000,0
jSO,F24,10,16,200.0,8.531173226000192,100000,0
jSO,F24,10,17,200.0,8.544254145000195,100000,0
jSO,F24,10,18,200.0,8.547393569999713,100000,0
jSO,F24,10,19,200.0,8.617373579000287,100000,0
jSO,F24,10,20,200.0,8.591722705000393,100000,0
jSO,F24,10,21,200.0,8.540648628999861,100000,0
jSO,F24,10,22,200.0,8.593590146999759,100000,0
jSO,F24,10,23,200.0,8.546673812000336,100000,0
jSO,F24,10,24,200.0,8.5748872260001,100000,0
jSO,F24,10,25,200.0,8.577918775999933,100000,0
jSO,F24,10,26,200.0,8.535588907000147,100000,0
jSO,F24,10,27,200.0,8.549536474999968,100000,0
jSO,F24,10,28,200.0,8.561539276000076,100000,0
jSO,F24,10,29,200.0,8.516544539000279,100000,0
jSO,F24,10,30,200.0,8.535653870999795,100000,0
jSO,F24,10,31,200.0,8.540922858000158,100000,0
jSO,F24,10,32,200.0,8.538191865000044,100000,0
jSO,F24,10,33,200.0,8.541419531999964,100000,0
jSO,F24,10,34,200.0,8.568072803999712,100000,0
jSO,F24,10,35,200.0,8.571093130000008,100000,0
jSO,F24,10,36,200.0,8.570123244000115,100000,0
jSO,F24,10,37,200.0,8.62936357200033,100000,0
jSO,F24,10,38,200.0,8.653128371000093,100000,0
jSO,F24,10,39,200.0,8.580755300999954,100000,0
jSO,F24,10,40,200.0,8.590960300000006,100000,0
jSO,F24,10,41,200.0,8.592834414000208,100000,0
jSO,F24,10,42,200.0,8.557834528000058,100000,0
jSO,F24,10,43,200.0,8.583615758000178,100000,0
jSO,F24,10,44,200.0,8.566453371999614,100000,0
jSO,F24,10,45,200.0,8.573417647000042,100000,0
jSO,F24,10,46,200.0,8.591582386000027,100000,0
jSO,F24,10,47,200.0,8.562406383000052,100000,0
jSO,F24,10,48,200.0,8.542171314999905,100000,0
jSO,F24,10,49,200.0,8.608993718999955,100000,0
jSO,F24,10,50,200.0,8.609082183999817,100000,0
sepCMAES,F24,10,0,100.00000000050431,17.84928441000011,100000,0
sepCMAES,F24,10,1,100.00000000061209,17.766470370000206,100000,0
sepCMAES,F24,10,2,100.00000000109958,18.002896968999266,100000,0
sepCMAES,F24,10,3,100.00000000086948,17.778853847999926,100000,0
sepCMAES,F24,10,4,100.0000000007808,17.598414533999858,100000,0
sepCMAES,F24,10,5,100.00000000048749,17.976405289000468,100000,0
sepCMAES,F24,10,6,200.0000000004161,17.90827675499986,100000,0
sepCMAES,F24,10,7,100.00000000076079,17.877521309999793,100000,0
sepCMAES,F24,10,8,100.00000000053342,17.932602168999438,100000,0
sepCMAES,F24,10,9,100.00000000066348,18.060000886000125,100000,0
sepCMAES,F24,10,10,100.0000000007949,17.87273396099954,100000,0
sepCMAES,F24,10,11,100.00000000063437,17.591750504999254,100000,0
sepCMAES,F24,10,12,100.00000000023374,17.573568740000155,100000,0
sepCMAES,F24,10,13,100.00000000062983,17.690032258999963,100000,0
sepCMAES,F24,10,14,100.00000000054843,17.88762206299998,100000,0
sepCMAES,F24,10,15,100.00000000067166,17.663016380000045,100000,0
sepCMAES,F24,10,16,100.0000000003879,17.79467674999978,100000,0
sepCMAES,F24,10,17,100.00000000060345,18.069030065000334,100000,0
sepCMAES,F24,10,18,100.00000000048931,17.957562726000106,100000,0
sepCMAES,F24,10,19,100.00000000052478,17.897098645999904,100000,0
sepCMAES,F24,10,20,100.00000000067757,17.91396524099946,100000,0
sepCMAES,F24,10,21,100.00000000061118,18.11890237499938,100000,0
sepCMAES,F24,10,22,200.00000000049386,18.179090568999527,100000,0
sepCMAES,F24,10,23,100.00000000051614,17.902251256000454,100000,0
sepCMAES,F24,10,24,100.00000000050932,17.834254476999376,100000,0
sepCMAES,F24,10,25,100.00000000063119,17.98247606000041,100000,0
sepCMAES,F24,10,26,100.00000000053842,17.824886620999678,100000,0
sepCMAES,F24,10,27,100.00000000048067,18.097573248000117,100000,0
sepCMAES,F24,10,28,100.00000000074488,18.069302034999964,100000,0
sepCMAES,F24,10,29,200.0000000003488,18.21650490799948,100000,0
sepCMAES,F24,10,30,100.00000000055797,17.8438989590004,100000,0
sepCMAES,F24,10,31,200.00000000043474,18.119777568000245,100000,0
sepCMAES,F24,10,32,100.00000000059708,17.809744236999904,100000,0
sepCMAES,F24,10,33,100.00000000060254,18.31106643699968,100000,0
sepCMAES,F24,10,34,100.00000000058799,17.92700452200006,100000,0
sepCMAES,F24,10,35,100.00000000050659,17.80863681699975,100000,0
sepCMAES,F24,10,36,100.00000000177897,18.064330443000472,100000,0
sepCMAES,F24,10,37,100.00000000035016,17.793117459000314,100000,0
sepCMAES,F24,10,38,100.00000000079353,17.92538660199989,100000,0
sepCMAES,F24,10,39,100.0000000007899,17.789916661999996,100000,0
sepCMAES,F24,10,40,200.00000000047612,17.99220536299981,100000,0
sepCMAES,F24,10,41,200.0000000003438,17.984014814000147,100000,0
sepCMAES,F24,10,42,100.00000000070668,17.710984985999858,100000,0
sepCMAES,F24,10,43,100.00000000052478,17.831144954000592,100000,0
sepCMAES,F24,10,44,200.00000000040473,17.870397871000023,100000,0
sepCMAES,F24,10,45,100.00000000056798,17.945237965999695,100000,0
sepCMAES,F24,10,46,100.00000000086084,18.1855924270003,100000,0
sepCMAES,F24,10,47,100.0000000005025,17.60018662499988,100000,0
sepCMAES,F24,10,48,100.0000000009095,17.980582959000458,100000,0
sepCMAES,F24,10,49,100.00000000093951,17.82033815199975,100000,0
sepCMAES,F24,10,50,100.00000000061982,17.758895517999918,100000,0
BIPOP_CMAES,F25,10,0,476.1070594328221,7.766960728999948,100000,0
BIPOP_CMAES,F25,10,1,475.6609853060272,7.495677601000125,100000,0
BIPOP_CMAES,F25,10,2,475.79760357946907,7.418867670000054,100000,0
BIPOP_CMAES,F25,10,3,475.6872353956883,7.701873553000041,100000,0
BIPOP_CMAES,F25,10,4,475.8674610682001,7.592195777999905,100000,0
BIPOP_CMAES,F25,10,5,475.6412072778612,7.8005455160000565,100000,0
BIPOP_CMAES,F25,10,6,475.6339166589896,7.611667943999919,100000,0
BIPOP_CMAES,F25,10,7,475.5854553009708,7.355705876999991,100000,0
BIPOP_CMAES,F25,10,8,475.5717889671614,7.483082092999894,100000,0
BIPOP_CMAES,F25,10,9,475.73587931977863,7.619239778000065,100000,0
BIPOP_CMAES,F25,10,10,475.63672932029704,7.442880837999837,100000,0
BIPOP_CMAES,F25,10,11,475.68813155190674,7.517699572999845,100000,0
BIPOP_CMAES,F25,10,12,475.64114059820804,7.473443872999951,100000,0
BIPOP_CMAES,F25,10,13,475.66141372740003,7.8425196130001495,100000,0
BIPOP_CMAES,F25,10,14,475.9730730142114,7.523122520000015,100000,0
BIPOP_CMAES,F25,10,15,475.83951709191706,7.473850740999978,100000,0
BIPOP_CMAES,F25,10,16,475.6411405984604,7.715350223000087,100000,0
BIPOP_CMAES,F25,10,17,475.8311273088075,7.569581201000119,100000,0
BIPOP_CMAES,F25,10,18,475.71978158232287,8.02618234900001,100000,0
BIPOP_CMAES,F25,10,19,475.9467907134331,7.658844244999955,100000,0
BIPOP_CMAES,F25,10,20,475.77353657978756,7.71349676900013,100000,0
BIPOP_CMAES,F25,10,21,475.5717889671614,7.5475483719999374,100000,0
BIPOP_CMAES,F25,10,22,476.1535152717079,7.72514884300017,100000,0
BIPOP_CMAES,F25,10,23,475.5717889671614,7.66670929199995,100000,0
BIPOP_CMAES,F25,10,24,475.58988775340094,7.982361007999998,100000,0
BIPOP_CMAES,F25,10,25,475.85067626796354,7.571666182999934,100000,0
BIPOP_CMAES,F25,10,26,476.19997380244195,7.651316777999909,100000,0
BIPOP_CMAES,F25,10,27,475.7885241513786,7.787084202999949,100000,0
BIPOP_CMAES,F25,10,28,475.5717889671614,7.399974595000003,100000,0
BIPOP_CMAES,F25,10,29,475.63672932029704,7.451572486000032,100000,0
BIPOP_CMAES,F25,10,30,475.57178899130076,7.824737843999856,100000,0
BIPOP_CMAES,F25,10,31,475.64892046679915,7.8472669479999695,100000,0
BIPOP_CMAES,F25,10,32,475.6502217776647,7.663907268999992,100000,0
BIPOP_CMAES,F25,10,33,475.64114059820804,7.836065539999936,100000,0
BIPOP_CMAES,F25,10,34,475.8080169576151,7.7530449399998815,100000,0
BIPOP_CMAES,F25,10,35,475.82278040415986,7.796756241000139,100000,0
BIPOP_CMAES,F25,10,36,475.6509906714996,7.579617736000046,100000,0
BIPOP_CMAES,F25,10,37,475.7235797215203,7.558089035999956,100000,0
BIPOP_CMAES,F25,10,38,475.5611892571442,7.624820924000005,100000,0
BIPOP_CMAES,F25,10,39,475.6411405982094,7.43388353499995,100000,0
BIPOP_CMAES,F25,10,40,475.7235797215203,8.05516653199993,100000,0
BIPOP_CMAES,F25,10,41,475.9482710173943,7.863546934999931,100000,0
BIPOP_CMAES,F25,10,42,475.7883414097314,7.4452112409999245,100000,0
BIPOP_CMAES,F25,10,43,475.805176665212,7.374000629999955,100000,0
BIPOP_CMAES,F25,10,44,476.105457138211,7.68193691700003,100000,0
BIPOP_CMAES,F25,10,45,475.9344667027858,7.852859459000001,100000,0
BIPOP_CMAES,F25,10,46,475.98243776653317,7.546096833999854,100000,0
BIPOP_CMAES,F25,10,47,475.605437912272,7.966303862999894,100000,0
BIPOP_CMAES,F25,10,48,475.58988775340094,7.931284643999788,100000,0
BIPOP_CMAES,F25,10,49,475.5717890668434,7.967866679000053,100000,0
BIPOP_CMAES,F25,10,50,475.5717889671614,7.713069491999931,100000,0
CMAES,F25,10,0,476.01507622377085,9.571303515999716,100000,0
CMAES,F25,10,1,475.879129509593,9.267816399999901,100000,0
CMAES,F25,10,2,476.0072363487875,9.421324506000019,100000,0
CMAES,F25,10,3,475.6872353956883,9.544673186000182,100000,0
CMAES,F25,10,4,475.8506869390849,9.46362345999978,100000,0
CMAES,F25,10,5,475.9775895107214,9.427417481000248,100000,0
CMAES,F25,10,6,475.64114059820804,9.335679579000043,100000,0
CMAES,F25,10,7,475.6456717671417,9.400033382999936,100000,0
CMAES,F25,10,8,475.7618633519378,9.502563809000094,100000,0
CMAES,F25,10,9,475.65264240645683,9.262597128999914,100000,0
CMAES,F25,10,10,476.130708698176,9.496427555000082,100000,0
CMAES,F25,10,11,475.8766518940679,9.315178131000266,100000,0
CMAES,F25,10,12,475.89044391933203,9.529649543000232,100000,0
CMAES,F25,10,13,475.87912882867477,9.659416149999743,100000,0
CMAES,F25,10,14,476.2053136040354,9.37919111300016,100000,0
CMAES,F25,10,15,475.87388539235417,9.47646518900001,100000,0
CMAES,F25,10,16,476.094987246197,9.5255250780001,100000,0
CMAES,F25,10,17,475.7883414097314,9.497740307000186,100000,0
CMAES,F25,10,18,475.76337369902376,9.633392102000016,100000,0
CMAES,F25,10,19,475.833227107059,9.3099696700001,100000,0
CMAES,F25,10,20,476.11300924804164,9.488609310999891,100000,0
CMAES,F25,10,21,475.82278040415986,9.488220171999728,100000,0
CMAES,F25,10,22,475.98975845228506,9.480497541999739,100000,0
CMAES,F25,10,23,475.7661191654238,9.49248906899993,100000,0
CMAES,F25,10,24,476.2424784378909,9.481741859000067,100000,0
CMAES,F25,10,25,475.8211182698069,9.631506932999855,100000,0
CMAES,F25,10,26,476.0207775195754,9.426108317000399,100000,0
CMAES,F25,10,27,475.88451949653245,9.389518105999741,100000,0
CMAES,F25,10,28,475.8198916281549,9.528275861000111,100000,0
CMAES,F25,10,29,476.0263849324474,9.547226260000116,100000,0
CMAES,F25,10,30,475.94585345044334,9.38061554800015,100000,0
CMAES,F25,10,31,475.65183051850363,9.613642394999715,100000,0
CMAES,F25,10,32,475.7452767301229,9.427372582999851,100000,0
CMAES,F25,10,33,475.9495677427017,9.363709186000051,100000,0
CMAES,F25,10,34,475.78205362269637,9.437394683000093,100000,0
CMAES,F25,10,35,475.9037829615372,9.372540887000014,100000,0
CMAES,F25,10,36,475.94187099872033,9.407083437999972,100000,0
CMAES,F25,10,37,476.04423471895734,9.435399553000025,100000,0
CMAES,F25,10,38,475.993463014991,9.356321724999816,100000,0
CMAES,F25,10,39,475.9032342272599,9.494650974999786,100000,0
CMAES,F25,10,40,476.0182535597619,9.401599229000112,100000,0
CMAES,F25,10,41,475.8962286040155,9.392726640999626,100000,0
CMAES,F25,10,42,475.7606513773453,9.486051798000062,100000,0
CMAES,F25,10,43,475.75005137770586,9.509687576000033,100000,0
CMAES,F25,10,44,475.7782895732362,9.47834579900018,100000,0
CMAES,F25,10,45,475.8581815794578,9.291142057000343,100000,0
CMAES,F25,10,46,475.7710433310731,9.436579761000303,100000,0
CMAES,F25,10,47,475.79161481592655,9.18006957300031,100000,0
CMAES,F25,10,48,475.95270980066107,9.500774829999955,100000,0
CMAES,F25,10,49,475.85063647127527,9.376391698000134,100000,0
CMAES,F25,10,50,476.12730771330735,9.29986688400004,100000,0
IPOP_CMAES,F25,10,0,475.5717889671614,7.134360855000068,100000,0
IPOP_CMAES,F25,10,1,475.54171489685996,7.429531193999992,100000,0
IPOP_CMAES,F25,10,2,475.7782895732357,7.353765451000072,100000,0
IPOP_CMAES,F25,10,3,475.709050849282,7.2530334160001075,100000,0
IPOP_CMAES,F25,10,4,476.1434953844555,7.3703083479999805,100000,0
IPOP_CMAES,F25,10,5,475.5717889671614,7.373363821999874,100000,0
IPOP_CMAES,F25,10,6,475.865135941247,7.502794113000164,100000,0
IPOP_CMAES,F25,10,7,475.8858893535339,7.557974280000053,100000,0
IPOP_CMAES,F25,10,8,475.95241039847633,7.307760322000149,100000,0
IPOP_CMAES,F25,10,9,475.58988775340094,7.563728179999998,100000,0
IPOP_CMAES,F25,10,10,475.7782895732357,7.501166167000065,100000,0
IPOP_CMAES,F25,10,11,475.72193542182686,7.5227218120001,100000,0
IPOP_CMAES,F25,10,12,475.7782895732357,7.83758766699998,100000,0
IPOP_CMAES,F25,10,13,475.5717889671614,7.525267651000149,100000,0
IPOP_CMAES,F25,10,14,475.65493003285656,7.4653747739998835,100000,0
IPOP_CMAES,F25,10,15,476.27763808876034,7.314327286000207,100000,0
IPOP_CMAES,F25,10,16,475.79760357946907,7.280603367999902,100000,0
IPOP_CMAES,F25,10,17,475.63672932029704,7.443161258000146,100000,0
IPOP_CMAES,F25,10,18,475.63611717540925,7.197064128999955,100000,0
IPOP_CMAES,F25,10,19,475.57320633820746,7.266915674000302,100000,0
IPOP_CMAES,F25,10,20,475.71732455664005,7.5497027050000725,100000,0
IPOP_CMAES,F25,10,21,475.5717889671614,7.190791167000043,100000,0
IPOP_CMAES,F25,10,22,476.24199705668616,7.237905440999839,100000,0
IPOP_CMAES,F25,10,23,476.0677905564912,7.3390900849999525,100000,0
IPOP_CMAES,F25,10,24,475.8973181676665,7.531374702999983,100000,0
IPOP_CMAES,F25,10,25,475.54171489685996,7.322703666999587,100000,0
IPOP_CMAES,F25,10,26,476.0231235261999,7.558169162000013,100000,0
IPOP_CMAES,F25,10,27,475.7782895732357,7.770527744999981,100000,0
IPOP_CMAES,F25,10,28,475.8716206850213,7.694369805999941,100000,0
IPOP_CMAES,F25,10,29,475.8138710447711,7.747079619000033,100000,0
IPOP_CMAES,F25,10,30,479.3043108800266,7.887779799000327,100000,0
IPOP_CMAES,F25,10,31,475.98733164059195,7.321842511000341,100000,0
IPOP_CMAES,F25,10,32,479.3043108800266,7.253344458999891,100000,0
IPOP_CMAES,F25,10,33,475.86572229423473,7.704425102999721,100000,0
IPOP_CMAES,F25,10,34,475.6502217776647,7.320110832999944,100000,0
IPOP_CMAES,F25,10,35,476.26529172925893,7.161800312000196,100000,0
IPOP_CMAES,F25,10,36,475.5717889671614,7.287530694999987,100000,0
IPOP_CMAES,F25,10,37,475.67574241964303,7.843795372999921,100000,0
IPOP_CMAES,F25,10,38,475.5979958657513,7.712034511000184,100000,0
IPOP_CMAES,F25,10,39,475.5854553009708,7.267172168000343,100000,0
IPOP_CMAES,F25,10,40,475.5854553009708,7.320709871999952,100000,0
IPOP_CMAES,F25,10,41,475.5717889671614,7.2462707219997355,100000,0
IPOP_CMAES,F25,10,42,475.9359679583231,7.500377036999907,100000,0
IPOP_CMAES,F25,10,43,476.0916041594046,7.531505002000358,100000,0
IPOP_CMAES,F25,10,44,475.90804477150186,7.372500554999988,100000,0
IPOP_CMAES,F25,10,45,475.6020631920619,7.311828232000153,100000,0
IPOP_CMAES,F25,10,46,475.5717889671614,7.1911551550001604,100000,0
IPOP_CMAES,F25,10,47,479.3043108800266,7.340856000999793,100000,0
IPOP_CMAES,F25,10,48,475.6411405982076,7.303273674000138,100000,0
IPOP_CMAES,F25,10,49,475.6872353956883,7.190192358000331,100000,0
IPOP_CMAES,F25,10,50,475.58988775340094,7.526699303999976,100000,0
L-SHADE-DGR,F25,10,0,476.23550624731206,4.663293482,100000,0
L-SHADE-DGR,F25,10,1,479.3043108800266,4.6609146229999965,100000,0
L-SHADE-DGR,F25,10,2,479.2203591545599,4.720929822000002,100000,0
L-SHADE-DGR,F25,10,3,475.6502217776642,4.846721406,100000,0
L-SHADE-DGR,F25,10,4,479.1862267241877,4.8551060349999915,100000,0
L-SHADE-DGR,F25,10,5,475.5611892571442,4.900069221999999,100000,0
L-SHADE-DGR,F25,10,6,475.6744875074928,4.7124071760000135,100000,0
L-SHADE-DGR,F25,10,7,475.95854201676184,4.658881334,100000,0
L-SHADE-DGR,F25,10,8,475.7003555292358,4.878296546000001,100000,0
L-SHADE-DGR,F25,10,9,479.1683979183872,4.68904088299999,100000,0
L-SHADE-DGR,F25,10,10,476.35861340317706,4.6217798389999984,100000,0
L-SHADE-DGR,F25,10,11,479.1683979183872,4.88835989399999,100000,0
L-SHADE-DGR,F25,10,12,475.7210739535576,4.720956029999996,100000,0
L-SHADE-DGR,F25,10,13,479.2632269461128,4.740404052000002,100000,0
L-SHADE-DGR,F25,10,14,476.0938572012333,4.693126951000011,100000,0
L-SHADE-DGR,F25,10,15,479.27754560949325,4.828192047000016,100000,0
L-SHADE-DGR,F25,10,16,475.6872353956883,4.939280152999999,100000,0
L-SHADE-DGR,F25,10,17,479.1683979183872,4.856372139999991,100000,0
L-SHADE-DGR,F25,10,18,479.23192144120867,4.705291941000013,100000,0
L-SHADE-DGR,F25,10,19,476.2053151722803,4.662011110000009,100000,0
L-SHADE-DGR,F25,10,20,479.28018696461777,4.754381529999989,100000,0
L-SHADE-DGR,F25,10,21,475.63142202985637,4.999489495999995,100000,0
L-SHADE-DGR,F25,10,22,475.70423927387947,4.930256393000008,100000,0
L-SHADE-DGR,F25,10,23,479.30827212793247,4.9418591079999885,100000,0
L-SHADE-DGR,F25,10,24,479.28049064179413,4.947284690000004,100000,0
L-SHADE-DGR,F25,10,25,479.2755413133186,5.05672159400001,100000,0
L-SHADE-DGR,F25,10,26,479.28049064179413,4.7338588450000145,100000,0
L-SHADE-DGR,F25,10,27,475.90927840074073,4.873907094999993,100000,0
L-SHADE-DGR,F25,10,28,475.79919291711894,4.8288122220000105,100000,0
L-SHADE-DGR,F25,10,29,479.23192144120867,4.888239755000001,100000,0
L-SHADE-DGR,F25,10,30,479.30911586547245,4.8921903289999875,100000,0
L-SHADE-DGR,F25,10,31,475.7046504759437,5.0526350500000206,100000,0
L-SHADE-DGR,F25,10,32,479.30431088002706,4.817769805000012,100000,0
L-SHADE-DGR,F25,10,33,475.5611892571442,4.96893209000001,100000,0
L-SHADE-DGR,F25,10,34,479.2988492106938,4.958750621000036,100000,0
L-SHADE-DGR,F25,10,35,475.5854553009708,5.0933725780000145,100000,0
L-SHADE-DGR,F25,10,36,475.63672932029704,5.030974052000033,100000,0
L-SHADE-DGR,F25,10,37,479.26514883524715,5.031896883000002,100000,0
L-SHADE-DGR,F25,10,38,476.39859060862636,4.917020221999962,100000,0
L-SHADE-DGR,F25,10,39,479.22617372062905,5.068413939999971,100000,0
L-SHADE-DGR,F25,10,40,479.3121275757594,4.731677088999959,100000,0
L-SHADE-DGR,F25,10,41,479.1862267241877,4.907030511000016,100000,0
L-SHADE-DGR,F25,10,42,479.26322693480006,4.729424670999947,100000,0
L-SHADE-DGR,F25,10,43,479.32387821105885,5.012530379999987,100000,0
L-SHADE-DGR,F25,10,44,479.30827481315873,4.790940723000006,100000,0
L-SHADE-DGR,F25,10,45,479.29996108237447,4.724571710000021,100000,0
L-SHADE-DGR,F25,10,46,479.3111524426813,4.715978369999959,100000,0
L-SHADE-DGR,F25,10,47,479.22270647381265,4.856937610999978,100000,0
L-SHADE-DGR,F25,10,48,479.26322714255866,4.678585666999993,100000,0
L-SHADE-DGR,F25,10,49,479.3233516490477,4.830627633999995,100000,0
L-SHADE-DGR,F25,10,50,475.89150613996253,4.64922870800001,100000,0
LSHADE,F25,10,0,479.1687650441909,4.453748270999995,100000,0
LSHADE,F25,10,1,479.1683979806321,4.518183199000077,100000,0
LSHADE,F25,10,2,479.24801010858255,4.671985568000082,100000,0
LSHADE,F25,10,3,479.2203760496636,4.758205683999904,100000,0
LSHADE,F25,10,4,479.24800889168455,4.668070661999991,100000,0
LSHADE,F25,10,5,479.24804121469333,4.515567026000099,100000,0
LSHADE,F25,10,6,479.24800883495664,4.536908100000119,100000,0
LSHADE,F25,10,7,479.23196019603756,4.416854758999989,100000,0
LSHADE,F25,10,8,479.24800918831124,4.480986984999845,100000,0
LSHADE,F25,10,9,479.22035916877667,4.498925372000031,100000,0
LSHADE,F25,10,10,479.16839889361836,4.471675406000031,100000,0
LSHADE,F25,10,11,479.16848825109264,4.496219898999925,100000,0
LSHADE,F25,10,12,479.2473388987446,4.442445680999981,100000,0
LSHADE,F25,10,13,479.2473484753664,4.454165355999976,100000,0
LSHADE,F25,10,14,479.3043108800266,4.4746172819998264,100000,0
LSHADE,F25,10,15,479.21982758829745,4.477638011000181,100000,0
LSHADE,F25,10,16,479.26514898714686,4.467068536999932,100000,0
LSHADE,F25,10,17,475.65128878329097,4.476758767999854,100000,0
LSHADE,F25,10,18,479.22272667676316,4.499499991999983,100000,0
LSHADE,F25,10,19,475.64487369189374,4.468806898999901,100000,0
LSHADE,F25,10,20,475.68036173276823,4.53901572299992,100000,0
LSHADE,F25,10,21,479.2480149185635,4.4318191520001164,100000,0
LSHADE,F25,10,22,479.2988492548311,4.416458417000058,100000,0
LSHADE,F25,10,23,479.2203635905694,4.424621003000084,100000,0
LSHADE,F25,10,24,479.27765259944135,4.390568670999983,100000,0
LSHADE,F25,10,25,479.2927800657326,4.455040948000033,100000,0
LSHADE,F25,10,26,479.18624181565974,4.623430773999871,100000,0
LSHADE,F25,10,27,475.6654456687638,4.462044287999788,100000,0
LSHADE,F25,10,28,479.1862267689171,4.398138849999896,100000,0
LSHADE,F25,10,29,479.1862421641481,4.437234033999857,100000,0
LSHADE,F25,10,30,479.2198352405371,4.501258570000118,100000,0
LSHADE,F25,10,31,479.24754348579427,4.456732326000065,100000,0
LSHADE,F25,10,32,479.19583291724166,4.476900283000077,100000,0
LSHADE,F25,10,33,475.58546438027406,4.521344179999915,100000,0
LSHADE,F25,10,34,479.25654007517187,4.42138072900002,100000,0
LSHADE,F25,10,35,479.3043108800266,4.491067641999962,100000,0
LSHADE,F25,10,36,479.2525207006893,4.459190199999966,100000,0
LSHADE,F25,10,37,479.2566364927352,4.532519446000151,100000,0
LSHADE,F25,10,38,479.265185293943,4.479018537000002,100000,0
LSHADE,F25,10,39,479.28756011040423,4.518674215000146,100000,0
LSHADE,F25,10,40,479.2203669360915,4.5594043639998745,100000,0
LSHADE,F25,10,41,479.23193125612033,4.482293100999868,100000,0
LSHADE,F25,10,42,475.6363233034408,4.436386567999989,100000,0
LSHADE,F25,10,43,475.70447590474987,4.397161939999933,100000,0
LSHADE,F25,10,44,479.1954529090226,4.4396354969999265,100000,0
LSHADE,F25,10,45,479.17056056762476,4.524997330000133,100000,0
LSHADE,F25,10,46,479.1863944434317,4.552774484999873,100000,0
LSHADE,F25,10,47,479.1862505111044,4.522560008000028,100000,0
LSHADE,F25,10,48,479.16840186976697,4.433320912999989,100000,0
LSHADE,F25,10,49,479.25657687065177,4.464535104000106,100000,0
LSHADE,F25,10,50,479.2198275734686,4.523974656000064,100000,0
TEMOA_V10,F25,10,0,476.133736162099,5.118105947000004,100000,0
TEMOA_V10,F25,10,1,476.35357874769124,5.170290652000006,100000,0
TEMOA_V10,F25,10,2,479.6656706979279,5.182866874000013,100000,0
TEMOA_V10,F25,10,3,476.28639760628903,5.169489203000012,100000,0
TEMOA_V10,F25,10,4,479.33961647678825,5.222651876999976,100000,0
TEMOA_V10,F25,10,5,476.2866780092818,5.138039945999992,100000,0
TEMOA_V10,F25,10,6,476.11780004908996,5.115551363999998,100000,0
TEMOA_V10,F25,10,7,476.37232585686706,5.106741900000031,100000,0
TEMOA_V10,F25,10,8,506.9822315951287,5.185710354999969,100000,0
TEMOA_V10,F25,10,9,477.03242490556386,5.0766099819999795,100000,0
TEMOA_V10,F25,10,10,506.70011341693225,5.230827322000039,100000,0
TEMOA_V10,F25,10,11,476.10975100358655,5.172913494999989,100000,0
TEMOA_V10,F25,10,12,479.4809607777602,5.134984637999992,100000,0
TEMOA_V10,F25,10,13,506.5912141991689,5.22048315699999,100000,0
TEMOA_V10,F25,10,14,476.2237420715078,5.215606130000026,100000,0
TEMOA_V10,F25,10,15,479.3346218236329,5.162228237999955,100000,0
TEMOA_V10,F25,10,16,476.28512036756274,5.104399047000015,100000,0
TEMOA_V10,F25,10,17,506.48508609190276,5.082187042999976,100000,0
TEMOA_V10,F25,10,18,481.24701390252903,5.086788214000023,100000,0
TEMOA_V10,F25,10,19,476.49086537763196,5.082946755000023,100000,0
TEMOA_V10,F25,10,20,475.9499762113214,5.128080914000009,100000,0
TEMOA_V10,F25,10,21,506.84147447240684,5.176326172000017,100000,0
TEMOA_V10,F25,10,22,479.2801891058166,5.095815365000021,100000,0
TEMOA_V10,F25,10,23,476.84647870110166,5.129533704999972,100000,0
TEMOA_V10,F25,10,24,475.98763135418585,5.111498420000032,100000,0
TEMOA_V10,F25,10,25,479.3333368378426,5.088103556000021,100000,0
TEMOA_V10,F25,10,26,476.10586499421197,5.129640791999975,100000,0
TEMOA_V10,F25,10,27,479.3517580718226,5.084915969000008,100000,0
TEMOA_V10,F25,10,28,479.32387821105885,5.2196097720000125,100000,0
TEMOA_V10,F25,10,29,479.4836072489943,5.071517385999982,100000,0
TEMOA_V10,F25,10,30,507.1303239362055,5.106306552999968,100000,0
TEMOA_V10,F25,10,31,476.59034157190945,5.113662019000003,100000,0
TEMOA_V10,F25,10,32,479.51506636434624,5.098570217000031,100000,0
TEMOA_V10,F25,10,33,479.27754560949325,5.1323967540000694,100000,0
TEMOA_V10,F25,10,34,476.5998138871041,5.128479841000058,100000,0
TEMOA_V10,F25,10,35,479.70194282346574,5.111118230999978,100000,0
TEMOA_V10,F25,10,36,506.79018005547823,5.152040237999927,100000,0
TEMOA_V10,F25,10,37,476.96538446378236,5.196889878000093,100000,0
TEMOA_V10,F25,10,38,479.57504786375875,5.074988936000068,100000,0
TEMOA_V10,F25,10,39,476.36406788144313,5.089034512000012,100000,0
TEMOA_V10,F25,10,40,479.76847172474845,5.087425548999931,100000,0
TEMOA_V10,F25,10,41,476.20229602600557,5.184898320000002,100000,0
TEMOA_V10,F25,10,42,506.5166908897927,5.164870586999996,100000,0
TEMOA_V10,F25,10,43,479.38003060584197,5.095911979999983,100000,0
TEMOA_V10,F25,10,44,477.1687407058853,5.091601391999916,100000,0
TEMOA_V10,F25,10,45,480.68356377449436,5.101773528999956,100000,0
TEMOA_V10,F25,10,46,475.9404227150085,5.154818077999948,100000,0
TEMOA_V10,F25,10,47,475.7276275998006,5.103493111000034,100000,0
TEMOA_V10,F25,10,48,479.27086746292434,5.1066711160000295,100000,0
TEMOA_V10,F25,10,49,506.8127937156478,5.145865669000045,100000,0
TEMOA_V10,F25,10,50,477.17456943153593,5.1758306379999794,100000,0
TEMOA_V11,F25,10,0,479.2927431790881,4.892381420999982,100000,0
TEMOA_V11,F25,10,1,475.6456717671417,4.846411728000021,100000,0
TEMOA_V11,F25,10,2,506.51202647306764,4.799876747999974,100000,0
TEMOA_V11,F25,10,3,475.6690570951323,4.898344007999981,100000,0
TEMOA_V11,F25,10,4,475.54171489685996,4.993432475000077,100000,0
TEMOA_V11,F25,10,5,479.28049064179413,4.785477625999988,100000,0
TEMOA_V11,F25,10,6,475.6667889558207,4.935127776999934,100000,0
TEMOA_V11,F25,10,7,479.3082748131583,4.885952936999956,100000,0
TEMOA_V11,F25,10,8,479.28756011029054,4.789291534999961,100000,0
TEMOA_V11,F25,10,9,479.24800883415855,4.921111578000023,100000,0
TEMOA_V11,F25,10,10,479.30911586547245,4.805588909999983,100000,0
TEMOA_V11,F25,10,11,475.78282203251,4.814162635000002,100000,0
TEMOA_V11,F25,10,12,479.1683979183872,4.851494016999936,100000,0
TEMOA_V11,F25,10,13,479.2988492106938,4.807573392999984,100000,0
TEMOA_V11,F25,10,14,479.3043108800266,4.839909154999987,100000,0
TEMOA_V11,F25,10,15,479.28756011029054,4.955911273999959,100000,0
TEMOA_V11,F25,10,16,479.33802396260717,4.956759160999923,100000,0
TEMOA_V11,F25,10,17,479.24800883415855,4.961439549999909,100000,0
TEMOA_V11,F25,10,18,479.2565356581963,4.93804048700008,100000,0
TEMOA_V11,F25,10,19,479.3233516490477,4.848808931000008,100000,0
TEMOA_V11,F25,10,20,481.43633484601696,4.8229035859999385,100000,0
TEMOA_V11,F25,10,21,479.24800883415855,5.008212207000042,100000,0
TEMOA_V11,F25,10,22,479.24800883415855,4.919609723999997,100000,0
TEMOA_V11,F25,10,23,475.5717889671614,4.885132902000009,100000,0
TEMOA_V11,F25,10,24,479.23516273287214,4.865816647000088,100000,0
TEMOA_V11,F25,10,25,479.26514883524715,4.881792865999955,100000,0
TEMOA_V11,F25,10,26,479.27754560949325,4.965401550000024,100000,0
TEMOA_V11,F25,10,27,475.7046504759437,4.956036414000096,100000,0
TEMOA_V11,F25,10,28,475.68079778323727,4.914524443999994,100000,0
TEMOA_V11,F25,10,29,475.63672932029704,4.997168939000062,100000,0
TEMOA_V11,F25,10,30,479.1862267241877,4.984009629999946,100000,0
TEMOA_V11,F25,10,31,479.28756011029054,5.007776594999996,100000,0
TEMOA_V11,F25,10,32,479.1862267241877,4.82325671000001,100000,0
TEMOA_V11,F25,10,33,475.7090855118813,4.843945416999986,100000,0
TEMOA_V11,F25,10,34,475.5979958657513,4.93913425400001,100000,0
TEMOA_V11,F25,10,35,475.60543791206464,4.83073347200002,100000,0
TEMOA_V11,F25,10,36,479.195438165445,4.906696156000066,100000,0
TEMOA_V11,F25,10,37,481.2685967832799,4.770464700000048,100000,0
TEMOA_V11,F25,10,38,479.195438165445,4.841598450999982,100000,0
TEMOA_V11,F25,10,39,475.65183051850363,4.936031078000042,100000,0
TEMOA_V11,F25,10,40,479.3043108800266,4.920457242999987,100000,0
TEMOA_V11,F25,10,41,479.2565356581963,4.801655299999993,100000,0
TEMOA_V11,F25,10,42,479.3346218236329,4.794058932999974,100000,0
TEMOA_V11,F25,10,43,479.3346218236329,4.954135796999935,100000,0
TEMOA_V11,F25,10,44,506.49040746948003,4.94264325000006,100000,0
TEMOA_V11,F25,10,45,479.1683979183872,4.91739295299999,100000,0
TEMOA_V11,F25,10,46,479.21982756013085,4.842935503000035,100000,0
TEMOA_V11,F25,10,47,479.3233516490477,4.796145810999974,100000,0
TEMOA_V11,F25,10,48,479.24732371846767,4.865205430999936,100000,0
TEMOA_V11,F25,10,49,479.3043108800266,4.829569819999961,100000,0
TEMOA_V11,F25,10,50,475.72577603228956,4.895119128000033,100000,0
TEMOA_V12,F25,10,0,479.28756011029054,4.699416885000005,100000,0
TEMOA_V12,F25,10,1,479.2203591545599,4.848767847999966,100000,0
TEMOA_V12,F25,10,2,479.32335164904816,4.646745501999931,100000,0
TEMOA_V12,F25,10,3,479.2565356581963,4.789648020999948,100000,0
TEMOA_V12,F25,10,4,476.7238899972517,4.7048865379999825,100000,0
TEMOA_V12,F25,10,5,479.24800883415855,4.863252848999991,100000,0
TEMOA_V12,F25,10,6,475.6744874660326,4.858031260000075,100000,0
TEMOA_V12,F25,10,7,475.7104233189493,4.934955263000006,100000,0
TEMOA_V12,F25,10,8,479.19543816544547,4.8573311989999866,100000,0
TEMOA_V12,F25,10,9,479.1683979183872,4.835092601000042,100000,0
TEMOA_V12,F25,10,10,479.3082748131583,4.685945716999981,100000,0
TEMOA_V12,F25,10,11,476.54253613120545,4.683758786999988,100000,0
TEMOA_V12,F25,10,12,479.3043108800266,4.694099315000017,100000,0
TEMOA_V12,F25,10,13,476.08895875537337,4.623623869000085,100000,0
TEMOA_V12,F25,10,14,479.1683979183872,4.68011292999995,100000,0
TEMOA_V12,F25,10,15,479.1683979183872,4.633058463999987,100000,0
TEMOA_V12,F25,10,16,479.30898423866256,4.640436157000067,100000,0
TEMOA_V12,F25,10,17,479.2198275601304,4.800032811000051,100000,0
TEMOA_V12,F25,10,18,476.4946424230707,4.684870710000041,100000,0
TEMOA_V12,F25,10,19,479.2986040460578,4.786587349000001,100000,0
TEMOA_V12,F25,10,20,475.54171489685996,4.9024645849999615,100000,0
TEMOA_V12,F25,10,21,479.3398688126663,4.755190489000029,100000,0
TEMOA_V12,F25,10,22,475.6564091991886,4.953522643999918,100000,0
TEMOA_V12,F25,10,23,479.2565356581963,4.96800672400002,100000,0
TEMOA_V12,F25,10,24,479.2988492106938,4.804468249000024,100000,0
TEMOA_V12,F25,10,25,479.24732371846767,4.656645243999947,100000,0
TEMOA_V12,F25,10,26,479.28756011029054,4.780986633999987,100000,0
TEMOA_V12,F25,10,27,479.2203591545599,4.662059612000007,100000,0
TEMOA_V12,F25,10,28,479.26514893007334,4.614217596000003,100000,0
TEMOA_V12,F25,10,29,479.3043108800266,4.76035088499998,100000,0
TEMOA_V12,F25,10,30,475.77836271995784,4.8717569769999045,100000,0
TEMOA_V12,F25,10,31,479.3043108800266,4.800703816999999,100000,0
TEMOA_V12,F25,10,32,475.76389892027646,4.63377019099994,100000,0
TEMOA_V12,F25,10,33,475.71978158232287,4.933454351000023,100000,0
TEMOA_V12,F25,10,34,479.195438165445,4.843774144000008,100000,0
TEMOA_V12,F25,10,35,475.8398638713061,4.843465997999942,100000,0
TEMOA_V12,F25,10,36,475.60543791206464,4.822216734999984,100000,0
TEMOA_V12,F25,10,37,476.4045926552353,4.6300853469999765,100000,0
TEMOA_V12,F25,10,38,479.3082748131583,4.632657725999934,100000,0
TEMOA_V12,F25,10,39,479.3043108800266,4.7155284210000445,100000,0
TEMOA_V12,F25,10,40,479.3082748131583,4.626071549000017,100000,0
TEMOA_V12,F25,10,41,475.5979958657513,4.8080216630000905,100000,0
TEMOA_V12,F25,10,42,479.2203591545599,4.849902171000167,100000,0
TEMOA_V12,F25,10,43,475.66908403608295,4.814546554999879,100000,0
TEMOA_V12,F25,10,44,479.27754560949325,4.767933165999921,100000,0
TEMOA_V12,F25,10,45,475.6624645756401,4.779658718000064,100000,0
TEMOA_V12,F25,10,46,475.7104233189493,4.779915007,100000,0
TEMOA_V12,F25,10,47,476.1429921927838,4.65714580000008,100000,0
TEMOA_V12,F25,10,48,475.60543791206464,4.858621313999947,100000,0
TEMOA_V12,F25,10,49,475.7174244546168,4.853602995000074,100000,0
TEMOA_V12,F25,10,50,475.8958069400446,4.640595817000076,100000,0
jSO,F25,10,0,479.195438165445,4.466765953999811,100000,0
jSO,F25,10,1,479.27754560949415,4.508859525999924,100000,0
jSO,F25,10,2,479.1683979183872,4.434658889000048,100000,0
jSO,F25,10,3,479.24800883415855,4.433040970999855,100000,0
jSO,F25,10,4,479.24800883415855,4.367814118000069,100000,0
jSO,F25,10,5,475.54171489685996,4.504590544999928,100000,0
jSO,F25,10,6,479.2632269347996,4.403511708999986,100000,0
jSO,F25,10,7,479.1862267241877,4.482576183999981,100000,0
jSO,F25,10,8,479.24800883415855,4.470696521999798,100000,0
jSO,F25,10,9,479.1683979183872,4.471924210999987,100000,0
jSO,F25,10,10,479.1683979183872,4.3940162839999175,100000,0
jSO,F25,10,11,479.248008834159,4.421051526999918,100000,0
jSO,F25,10,12,479.1683979183872,4.397469927000202,100000,0
jSO,F25,10,13,479.3043108800266,4.400693048999983,100000,0
jSO,F25,10,14,479.33066856509095,4.468995683999992,100000,0
jSO,F25,10,15,479.3346218236329,4.398786534999999,100000,0
jSO,F25,10,16,479.2198275601313,4.408878016000017,100000,0
jSO,F25,10,17,479.1683979183872,4.482595559999936,100000,0
jSO,F25,10,18,479.26322693480006,4.414342138999928,100000,0
jSO,F25,10,19,479.2988492106938,4.421846267000092,100000,0
jSO,F25,10,20,475.6020631920619,4.48426168900005,100000,0
jSO,F25,10,21,479.2565356581963,4.451262844999974,100000,0
jSO,F25,10,22,479.1683979183872,4.456441507999898,100000,0
jSO,F25,10,23,479.195438165445,4.503378782000027,100000,0
jSO,F25,10,24,479.1683979183872,4.441585081000085,100000,0
jSO,F25,10,25,479.195438165445,4.4207782940000016,100000,0
jSO,F25,10,26,479.1683979183872,4.399136177999935,100000,0
jSO,F25,10,27,479.195438165445,4.389491598999939,100000,0
jSO,F25,10,28,479.195438165445,4.383475684000132,100000,0
jSO,F25,10,29,479.26076158492833,4.378790111999933,100000,0
jSO,F25,10,30,479.248008834159,4.471911632000001,100000,0
jSO,F25,10,31,479.26514883524715,4.388025743000071,100000,0
jSO,F25,10,32,479.1862267241877,4.421857686000067,100000,0
jSO,F25,10,33,479.2986040460578,4.392118640000035,100000,0
jSO,F25,10,34,479.3082748131583,4.371064436999859,100000,0
jSO,F25,10,35,475.6020631920619,4.404707251000218,100000,0
jSO,F25,10,36,479.195438165445,4.3670531620000475,100000,0
jSO,F25,10,37,479.1862267241877,4.392580169000212,100000,0
jSO,F25,10,38,479.195438165445,4.488990923999836,100000,0
jSO,F25,10,39,479.2565356581963,4.442298242000106,100000,0
jSO,F25,10,40,479.1683979183872,4.383960746999946,100000,0
jSO,F25,10,41,475.7717175514699,4.444322432000035,100000,0
jSO,F25,10,42,479.2565356581963,4.386015915999906,100000,0
jSO,F25,10,43,479.22617372062905,4.3854541109999445,100000,0
jSO,F25,10,44,479.28756011029054,4.4037228949998735,100000,0
jSO,F25,10,45,479.22270647381265,4.376752310000029,100000,0
jSO,F25,10,46,479.1683979183872,4.367458018000207,100000,0
jSO,F25,10,47,479.2203591545599,4.382029181000007,100000,0
jSO,F25,10,48,479.1862267241877,4.359158877000027,100000,0
jSO,F25,10,49,479.1683979183872,4.371607170000061,100000,0
jSO,F25,10,50,479.30911586547245,4.422942419000037,100000,0
sepCMAES,F25,10,0,476.1497290492189,8.807161094000094,100000,0
sepCMAES,F25,10,1,475.9139726042831,8.892307145999894,100000,0
sepCMAES,F25,10,2,476.2279621182406,8.89174691199969,100000,0
sepCMAES,F25,10,3,476.2372917908988,9.03680466600008,100000,0
sepCMAES,F25,10,4,476.1799196045413,8.790662413000064,100000,0
sepCMAES,F25,10,5,475.8310382533268,8.88606154199988,100000,0
sepCMAES,F25,10,6,475.75097444565836,8.830281437999929,100000,0
sepCMAES,F25,10,7,476.0059772718191,8.954357827999956,100000,0
sepCMAES,F25,10,8,476.050557505911,8.720279834999928,100000,0
sepCMAES,F25,10,9,475.9481010552631,8.728254177999588,100000,0
sepCMAES,F25,10,10,476.05204261493236,8.886607458999606,100000,0
sepCMAES,F25,10,11,475.8768702151142,8.866632108000431,100000,0
sepCMAES,F25,10,12,475.83654962036053,8.865376094000112,100000,0
sepCMAES,F25,10,13,476.0177886907395,8.742600232000314,100000,0
sepCMAES,F25,10,14,475.97127255336454,8.689626680000401,100000,0
sepCMAES,F25,10,15,476.0378272287726,8.879686169999786,100000,0
sepCMAES,F25,10,16,475.66908403608295,8.686222634999922,100000,0
sepCMAES,F25,10,17,476.0433338602693,8.777928615999826,100000,0
sepCMAES,F25,10,18,475.9599644437917,8.941733807000219,100000,0
sepCMAES,F25,10,19,476.11790227812025,8.835004216000016,100000,0
sepCMAES,F25,10,20,475.8191600955033,8.86691419500039,100000,0
sepCMAES,F25,10,21,476.08379523601843,8.732522735000202,100000,0
sepCMAES,F25,10,22,476.1042187581893,8.840756148999844,100000,0
sepCMAES,F25,10,23,475.90024616711753,8.928865963000135,100000,0
sepCMAES,F25,10,24,476.12227402087956,8.727433838999787,100000,0
sepCMAES,F25,10,25,475.998829135071,8.772230179999951,100000,0
sepCMAES,F25,10,26,476.1831909650118,8.864949428000273,100000,0
sepCMAES,F25,10,27,476.0436903863356,8.886715194999852,100000,0
sepCMAES,F25,10,28,476.0315681467332,8.883458142000109,100000,0
sepCMAES,F25,10,29,476.19490462359636,8.860352655000042,100000,0
sepCMAES,F25,10,30,476.2768381848964,8.819935954999892,100000,0
sepCMAES,F25,10,31,475.9162528154411,8.694779050999841,100000,0
sepCMAES,F25,10,32,476.01033168781487,8.8272402839998,100000,0
sepCMAES,F25,10,33,475.9451722729855,8.941159155999685,100000,0
sepCMAES,F25,10,34,475.9989770276761,8.881382310999925,100000,0
sepCMAES,F25,10,35,476.292615151222,9.00200674100006,100000,0
sepCMAES,F25,10,36,475.54171489685996,8.813413609000236,100000,0
sepCMAES,F25,10,37,476.09771930514125,8.769988162000118,100000,0
sepCMAES,F25,10,38,475.8415213582739,8.975243649000276,100000,0
sepCMAES,F25,10,39,475.86351165981023,8.902498312000262,100000,0
sepCMAES,F25,10,40,476.23326616445274,8.933132576999924,100000,0
sepCMAES,F25,10,41,475.8850007528008,8.949789814999804,100000,0
sepCMAES,F25,10,42,476.0520093326013,9.087969208999766,100000,0
sepCMAES,F25,10,43,475.9656630644836,8.852802831999725,100000,0
sepCMAES,F25,10,44,475.69766327558636,8.913311197999974,100000,0
sepCMAES,F25,10,45,475.9926966741914,8.92342681700029,100000,0
sepCMAES,F25,10,46,475.8655801083951,8.855347480000091,100000,0
sepCMAES,F25,10,47,475.924977011799,8.887517356999979,100000,0
sepCMAES,F25,10,48,476.09153899912735,8.781517769999937,100000,0
sepCMAES,F25,10,49,475.9205754556451,8.848287533000075,100000,0
sepCMAES,F25,10,50,476.1039844866373,8.762376747999951,100000,0
BIPOP_CMAES,F26,10,0,457.5043132161436,33.00635590499951,100000,0
BIPOP_CMAES,F26,10,1,457.5053177695163,32.89884807599992,100000,0
BIPOP_CMAES,F26,10,2,0.0,32.38059009599965,100000,0
BIPOP_CMAES,F26,10,3,457.5926415756285,31.41947171300035,100000,0
BIPOP_CMAES,F26,10,4,457.50818426922206,32.56950245200005,100000,0
BIPOP_CMAES,F26,10,5,457.57463918286385,32.11887541499982,100000,0
BIPOP_CMAES,F26,10,6,457.5053177694458,32.21207833100016,100000,0
BIPOP_CMAES,F26,10,7,457.50022862349397,32.83598123699994,100000,0
BIPOP_CMAES,F26,10,8,455.96546473049875,33.605240804999994,100000,0
BIPOP_CMAES,F26,10,9,467.2704661875837,31.277166683999894,100000,0
BIPOP_CMAES,F26,10,10,458.6809796674952,31.608345012999962,100000,0
BIPOP_CMAES,F26,10,11,200.48205475111354,32.10805622299995,100000,0
BIPOP_CMAES,F26,10,12,457.5053177694449,32.113358607999544,100000,0
BIPOP_CMAES,F26,10,13,457.50531778820596,33.359291693999694,100000,0
BIPOP_CMAES,F26,10,14,457.5993720307565,32.904013921000114,100000,0
BIPOP_CMAES,F26,10,15,457.5926415757035,32.52071507399978,100000,0
BIPOP_CMAES,F26,10,16,457.50753176214494,32.63598619500044,100000,0
BIPOP_CMAES,F26,10,17,457.5053177695481,33.88332619100038,100000,0
BIPOP_CMAES,F26,10,18,457.50531776947173,32.63248413400015,100000,0
BIPOP_CMAES,F26,10,19,457.50022862349306,33.73222885700034,100000,0
BIPOP_CMAES,F26,10,20,458.68526440916,31.667783392000274,100000,0
BIPOP_CMAES,F26,10,21,457.50531793543223,32.60333286199966,100000,0
BIPOP_CMAES,F26,10,22,457.50531776944536,33.3262923150005,100000,0
BIPOP_CMAES,F26,10,23,457.5926415756303,32.21698517199911,100000,0
BIPOP_CMAES,F26,10,24,457.50531776945127,31.7402886259988,100000,0
BIPOP_CMAES,F26,10,25,457.50065843482116,31.721526184999675,100000,0
BIPOP_CMAES,F26,10,26,457.50022862349397,32.02417906399933,100000,0
BIPOP_CMAES,F26,10,27,463.33310640703985,32.20650577699962,100000,0
BIPOP_CMAES,F26,10,28,457.50022862349306,32.59475861200008,100000,0
BIPOP_CMAES,F26,10,29,457.5993720307779,32.84048189400164,100000,0
BIPOP_CMAES,F26,10,30,457.50531779372386,32.38722027199947,100000,0
BIPOP_CMAES,F26,10,31,0.0,31.26041592799993,100000,0
BIPOP_CMAES,F26,10,32,467.3649613638636,31.402393635999033,100000,0
BIPOP_CMAES,F26,10,33,457.592641575628,32.06519440599914,100000,0
BIPOP_CMAES,F26,10,34,457.592641575628,31.175790537001376,100000,0
BIPOP_CMAES,F26,10,35,457.5053177710247,32.02322342499974,100000,0
BIPOP_CMAES,F26,10,36,457.5053177727559,31.713596961000803,100000,0
BIPOP_CMAES,F26,10,37,457.592641575628,33.017822485999204,100000,0
BIPOP_CMAES,F26,10,38,457.5926415759127,31.79483454399997,100000,0
BIPOP_CMAES,F26,10,39,457.5002286234935,32.14040093699987,100000,0
BIPOP_CMAES,F26,10,40,467.2704661875837,32.40882194000005,100000,0
BIPOP_CMAES,F26,10,41,457.59264157564985,32.08790132300055,100000,0
BIPOP_CMAES,F26,10,42,457.5926415756285,32.096446437999475,100000,0
BIPOP_CMAES,F26,10,43,455.9584729829785,31.893093688999215,100000,0
BIPOP_CMAES,F26,10,44,457.5926415756808,31.774137891001374,100000,0
BIPOP_CMAES,F26,10,45,0.0,31.373422160999326,100000,0
BIPOP_CMAES,F26,10,46,457.5926415756285,33.11158832299952,100000,0
BIPOP_CMAES,F26,10,47,457.592641575633,31.810875998000483,100000,0
BIPOP_CMAES,F26,10,48,457.50531778046934,31.80189172000064,100000,0
BIPOP_CMAES,F26,10,49,457.5053177694426,32.0504166869996,100000,0
BIPOP_CMAES,F26,10,50,457.5367002567823,32.09899853800016,100000,0
CMAES,F26,10,0,457.59264157563075,36.63239566999982,100000,0
CMAES,F26,10,1,456.8464898018865,36.730386829000054,100000,0
CMAES,F26,10,2,457.59937203077925,35.816465551000874,100000,0
CMAES,F26,10,3,457.5926415756294,36.71553631399911,100000,0
CMAES,F26,10,4,457.5002286234944,36.39251395199972,100000,0
CMAES,F26,10,5,457.5002286234935,36.72641987299903,100000,0
CMAES,F26,10,6,457.5120637429195,36.516345190999346,100000,0
CMAES,F26,10,7,457.5926415756321,36.66159842600064,100000,0
CMAES,F26,10,8,457.5326413148914,36.26327354900059,100000,0
CMAES,F26,10,9,457.5317600086005,36.252069135000056,100000,0
CMAES,F26,10,10,457.50022862349397,36.74602907999906,100000,0
CMAES,F26,10,11,457.50531776947537,36.61900798200077,100000,0
CMAES,F26,10,12,457.21344334747573,36.282610557000226,100000,0
CMAES,F26,10,13,458.68526440916,36.362296239998614,100000,0
CMAES,F26,10,14,457.5061781349805,36.40472841499832,100000,0
CMAES,F26,10,15,457.50441902521743,36.16391724599998,100000,0
CMAES,F26,10,16,457.5002286234935,36.45471776100021,100000,0
CMAES,F26,10,17,457.5002286234935,37.07196452300013,100000,0
CMAES,F26,10,18,457.5993720308106,36.589816749999954,100000,0
CMAES,F26,10,19,457.50531777002016,36.94673287399928,100000,0
CMAES,F26,10,20,457.50531777028755,36.46141789899957,100000,0
CMAES,F26,10,21,456.1821667820259,36.4671370269989,100000,0
CMAES,F26,10,22,455.9584729829785,36.319105766000575,100000,0
CMAES,F26,10,23,456.8464896106325,36.8702165020004,100000,0
CMAES,F26,10,24,456.192078106621,36.515792243999385,100000,0
CMAES,F26,10,25,456.4216187408724,36.3359181779997,100000,0
CMAES,F26,10,26,456.1802116526419,36.3128925200017,100000,0
CMAES,F26,10,27,458.5308621006802,36.86446489300033,100000,0
CMAES,F26,10,28,457.50531776984826,37.15306769400013,100000,0
CMAES,F26,10,29,457.5002286234935,36.67301055700045,100000,0
CMAES,F26,10,30,456.4216187408724,36.61039103999974,100000,0
CMAES,F26,10,31,457.5002286235176,36.96191790500052,100000,0
CMAES,F26,10,32,457.50531776990465,36.67846860700047,100000,0
CMAES,F26,10,33,455.9663647026373,36.48342976999993,100000,0
CMAES,F26,10,34,455.9584729829785,36.455185499000436,100000,0
CMAES,F26,10,35,457.53264131488277,36.70977610299997,100000,0
CMAES,F26,10,36,457.5002286234926,36.378527136999764,100000,0
CMAES,F26,10,37,457.5053177696818,36.62960010399911,100000,0
CMAES,F26,10,38,457.5002286234926,36.75632878400029,100000,0
CMAES,F26,10,39,457.4471522713693,36.9011193059996,100000,0
CMAES,F26,10,40,457.5002286234949,36.52762307800003,100000,0
CMAES,F26,10,41,459.0230012240095,36.89119078600015,100000,0
CMAES,F26,10,42,455.96546473049875,36.877759696000794,100000,0
CMAES,F26,10,43,460.6264252631554,36.37433872099973,100000,0
CMAES,F26,10,44,455.9584729829785,36.36860194899964,100000,0
CMAES,F26,10,45,461.2780719105572,36.66871772900049,100000,0
CMAES,F26,10,46,457.50542345680014,36.51978482599952,100000,0
CMAES,F26,10,47,457.50022862349397,36.46098673199958,100000,0
CMAES,F26,10,48,459.31054723956595,36.467972150001515,100000,0
CMAES,F26,10,49,460.6264252631627,36.62994531500044,100000,0
CMAES,F26,10,50,457.5002286234926,36.870122878000984,100000,0
IPOP_CMAES,F26,10,0,467.2704661875837,30.220041878999837,100000,0
IPOP_CMAES,F26,10,1,462.2595735296072,30.750726551999833,100000,0
IPOP_CMAES,F26,10,2,466.136499554892,30.864887144000022,100000,0
IPOP_CMAES,F26,10,3,467.2704661875837,30.689023678000012,100000,0
IPOP_CMAES,F26,10,4,467.2704661875837,30.823891936999644,100000,0
IPOP_CMAES,F26,10,5,457.59264157562984,30.841939556999932,100000,0
IPOP_CMAES,F26,10,6,457.5926415756312,30.921864404999724,100000,0
IPOP_CMAES,F26,10,7,467.2704661875837,31.002070476999506,100000,0
IPOP_CMAES,F26,10,8,457.5926415756294,32.332124389000455,100000,0
IPOP_CMAES,F26,10,9,457.59488800001054,32.637633241,100000,0
IPOP_CMAES,F26,10,10,457.504419025217,31.73509174299943,100000,0
IPOP_CMAES,F26,10,11,457.592641575628,31.856173205000232,100000,0
IPOP_CMAES,F26,10,12,457.592641575628,31.621845576999476,100000,0
IPOP_CMAES,F26,10,13,465.0180075425592,31.260557654000877,100000,0
IPOP_CMAES,F26,10,14,467.2704661880416,31.918309175000104,100000,0
IPOP_CMAES,F26,10,15,467.2704661875837,30.965732943001058,100000,0
IPOP_CMAES,F26,10,16,467.2704661875837,31.60660542199912,100000,0
IPOP_CMAES,F26,10,17,467.2704661875837,31.27717517599922,100000,0
IPOP_CMAES,F26,10,18,467.2704661875837,30.831932584000242,100000,0
IPOP_CMAES,F26,10,19,467.2704661875837,31.35539545100073,100000,0
IPOP_CMAES,F26,10,20,457.592641575628,31.662777558000016,100000,0
IPOP_CMAES,F26,10,21,457.5926415756294,31.654851624000003,100000,0
IPOP_CMAES,F26,10,22,414.51963445044885,31.34648390500115,100000,0
IPOP_CMAES,F26,10,23,467.2704661875837,30.32861663100084,100000,0
IPOP_CMAES,F26,10,24,467.2704661875837,30.47666200399908,100000,0
IPOP_CMAES,F26,10,25,467.2704661875837,30.585188532999382,100000,0
IPOP_CMAES,F26,10,26,457.592641575628,30.451813175999632,100000,0
IPOP_CMAES,F26,10,27,467.2704661875837,30.3283471499999,100000,0
IPOP_CMAES,F26,10,28,467.2704661875837,30.25362613099969,100000,0
IPOP_CMAES,F26,10,29,457.50531776944763,31.75757350799904,100000,0
IPOP_CMAES,F26,10,30,467.2704661875837,30.73379007800031,100000,0
IPOP_CMAES,F26,10,31,457.59264157562757,30.02173460099948,100000,0
IPOP_CMAES,F26,10,32,457.5002286234958,31.201322960998368,100000,0
IPOP_CMAES,F26,10,33,457.592641575628,30.456568105999395,100000,0
IPOP_CMAES,F26,10,34,457.50531776944354,31.109563931000594,100000,0
IPOP_CMAES,F26,10,35,461.85171355554485,29.827358935999655,100000,0
IPOP_CMAES,F26,10,36,457.592641575628,30.5948506069999,100000,0
IPOP_CMAES,F26,10,37,467.2704661875837,29.87396869499935,100000,0
IPOP_CMAES,F26,10,38,461.85171355554485,30.55105037300018,100000,0
IPOP_CMAES,F26,10,39,467.2704661875837,30.15883496800052,100000,0
IPOP_CMAES,F26,10,40,457.510978330979,31.01938165499996,100000,0
IPOP_CMAES,F26,10,41,457.50531776953994,30.708722904999377,100000,0
IPOP_CMAES,F26,10,42,457.53932231061117,31.624903690000792,100000,0
IPOP_CMAES,F26,10,43,467.2704661907005,31.463639038998735,100000,0
IPOP_CMAES,F26,10,44,457.5926415756294,30.919168460000947,100000,0
IPOP_CMAES,F26,10,45,466.1140482607625,30.763700204999623,100000,0
IPOP_CMAES,F26,10,46,451.3914244670186,30.047606187999918,100000,0
IPOP_CMAES,F26,10,47,149.90549876433943,30.374686648001443,100000,0
IPOP_CMAES,F26,10,48,457.5002286234935,30.746799614000338,100000,0
IPOP_CMAES,F26,10,49,467.2704661875837,30.309505110000828,100000,0
IPOP_CMAES,F26,10,50,467.2704661875837,30.59342262899918,100000,0
L-SHADE-DGR,F26,10,0,467.2704661875837,23.973821803999996,100000,0
L-SHADE-DGR,F26,10,1,455.11658258219995,24.29285177199999,100000,0
L-SHADE-DGR,F26,10,2,457.21344337391156,24.044797329000005,100000,0
L-SHADE-DGR,F26,10,3,457.5002286329436,24.176506689999997,100000,0
L-SHADE-DGR,F26,10,4,0.0,24.096188480999984,100000,0
L-SHADE-DGR,F26,10,5,457.5002286234917,24.50152173500001,100000,0
L-SHADE-DGR,F26,10,6,0.0,23.912160316000012,100000,0
L-SHADE-DGR,F26,10,7,467.2704661875837,23.809709701000003,100000,0
L-SHADE-DGR,F26,10,8,457.50022862349215,23.868105424999982,100000,0
L-SHADE-DGR,F26,10,9,457.5053177694417,24.134882792999974,100000,0
L-SHADE-DGR,F26,10,10,2.5230292521882802e-08,23.627370973999973,100000,0
L-SHADE-DGR,F26,10,11,467.2704661875837,23.830216259999986,100000,0
L-SHADE-DGR,F26,10,12,467.2704661875837,23.650692824000032,100000,0
L-SHADE-DGR,F26,10,13,1.5776822692714632e-07,23.399756819999993,100000,0
L-SHADE-DGR,F26,10,14,1.6553713066969067e-06,23.430710843000043,100000,0
L-SHADE-DGR,F26,10,15,457.21344395532424,23.662035884000034,100000,0
L-SHADE-DGR,F26,10,16,467.2704661875837,23.785153444000002,100000,0
L-SHADE-DGR,F26,10,17,467.2704661875837,23.773102370999993,100000,0
L-SHADE-DGR,F26,10,18,467.2704661875837,23.793367142000022,100000,0
L-SHADE-DGR,F26,10,19,457.50022862349215,24.265575224999964,100000,0
L-SHADE-DGR,F26,10,20,1.2970090210728813e-06,23.801275773000043,100000,0
L-SHADE-DGR,F26,10,21,0.0,24.000131304999968,100000,0
L-SHADE-DGR,F26,10,22,0.0,23.731478097000036,100000,0
L-SHADE-DGR,F26,10,23,455.9584729829785,23.904048579000005,100000,0
L-SHADE-DGR,F26,10,24,455.11658296503583,23.827811785999984,100000,0
L-SHADE-DGR,F26,10,25,467.2704661875837,23.976148738999996,100000,0
L-SHADE-DGR,F26,10,26,4.613857527147047e-07,23.62997670499999,100000,0
L-SHADE-DGR,F26,10,27,467.2704661875837,23.809248421000007,100000,0
L-SHADE-DGR,F26,10,28,467.2704661875837,23.824223063999966,100000,0
L-SHADE-DGR,F26,10,29,467.2704661875837,23.709370127000057,100000,0
L-SHADE-DGR,F26,10,30,456.84648961063203,24.095000531999972,100000,0
L-SHADE-DGR,F26,10,31,0.0,23.50573683399989,100000,0
L-SHADE-DGR,F26,10,32,467.2704661875837,23.625328995000018,100000,0
L-SHADE-DGR,F26,10,33,2.0978304746677168e-06,23.547461723000083,100000,0
L-SHADE-DGR,F26,10,34,467.2704661875837,23.85381074899999,100000,0
L-SHADE-DGR,F26,10,35,3.180863177476567e-05,23.73356226899989,100000,0
L-SHADE-DGR,F26,10,36,0.0,23.563701866999963,100000,0
L-SHADE-DGR,F26,10,37,467.2704661875837,23.877115524000033,100000,0
L-SHADE-DGR,F26,10,38,457.21344334747573,24.076265380999985,100000,0
L-SHADE-DGR,F26,10,39,467.2704661875837,23.739188627999965,100000,0
L-SHADE-DGR,F26,10,40,457.5002288613068,23.70244043599996,100000,0
L-SHADE-DGR,F26,10,41,457.5002286234917,23.976987892999887,100000,0
L-SHADE-DGR,F26,10,42,457.50022862349215,23.998666632000095,100000,0
L-SHADE-DGR,F26,10,43,467.2704661875837,23.739250289999973,100000,0
L-SHADE-DGR,F26,10,44,457.2134433474753,24.103418287000068,100000,0
L-SHADE-DGR,F26,10,45,467.2704661875837,23.739866405000157,100000,0
L-SHADE-DGR,F26,10,46,0.0,23.42343344899996,100000,0
L-SHADE-DGR,F26,10,47,467.2704661875837,23.723465051999938,100000,0
L-SHADE-DGR,F26,10,48,455.11658258219995,23.95610068799988,100000,0
L-SHADE-DGR,F26,10,49,457.5002286234917,23.977670222000143,100000,0
L-SHADE-DGR,F26,10,50,467.2704661875837,23.630156201999853,100000,0
LSHADE,F26,10,0,467.2704661875837,23.481869019999976,100000,0
LSHADE,F26,10,1,467.2704661875837,23.52774629399937,100000,0
LSHADE,F26,10,2,467.2704661875837,23.52417728399996,100000,0
LSHADE,F26,10,3,467.2704661875837,23.552037941999515,100000,0
LSHADE,F26,10,4,467.2704661875837,23.559158836999814,100000,0
LSHADE,F26,10,5,467.2704661875837,23.494720176000556,100000,0
LSHADE,F26,10,6,467.2704661875837,23.5116836720008,100000,0
LSHADE,F26,10,7,467.2704661875837,23.862874989000375,100000,0
LSHADE,F26,10,8,467.2704661875837,23.65762032299972,100000,0
LSHADE,F26,10,9,467.2704661875837,23.90658098899985,100000,0
LSHADE,F26,10,10,467.2704661875837,23.968935505000445,100000,0
LSHADE,F26,10,11,467.2704661875837,23.934595675999844,100000,0
LSHADE,F26,10,12,467.2704661875837,23.90402842000003,100000,0
LSHADE,F26,10,13,467.2704661875837,23.85091264499988,100000,0
LSHADE,F26,10,14,467.2704661875837,23.85928541499925,100000,0
LSHADE,F26,10,15,467.2704661875837,23.999908000999312,100000,0
LSHADE,F26,10,16,457.5002286234917,23.945514594999622,100000,0
LSHADE,F26,10,17,467.2704661875837,23.9011968169998,100000,0
LSHADE,F26,10,18,467.2704661875837,23.861272624000776,100000,0
LSHADE,F26,10,19,467.2704661875837,23.910955044999355,100000,0
LSHADE,F26,10,20,456.18216678202543,23.795895082999778,100000,0
LSHADE,F26,10,21,467.2704661875837,23.656796688000213,100000,0
LSHADE,F26,10,22,467.2704661875837,23.82638465400032,100000,0
LSHADE,F26,10,23,467.2704661875837,23.60262621000038,100000,0
LSHADE,F26,10,24,467.2704661875837,23.86130221900021,100000,0
LSHADE,F26,10,25,467.2704661875837,23.80212158299946,100000,0
LSHADE,F26,10,26,467.2704661875837,23.837878784000168,100000,0
LSHADE,F26,10,27,467.2704661875837,23.780870923999828,100000,0
LSHADE,F26,10,28,467.2704661875837,23.875858104000145,100000,0
LSHADE,F26,10,29,459.52007207752104,23.842107753000164,100000,0
LSHADE,F26,10,30,467.2704661875837,23.58495616000073,100000,0
LSHADE,F26,10,31,467.2704661875837,23.66774846699991,100000,0
LSHADE,F26,10,32,467.2704661875837,23.714173948999814,100000,0
LSHADE,F26,10,33,467.2704661875837,23.617668189999677,100000,0
LSHADE,F26,10,34,457.5002286234917,23.488499333999243,100000,0
LSHADE,F26,10,35,467.2704661875837,23.505288858999847,100000,0
LSHADE,F26,10,36,467.2704661875837,23.97438784299993,100000,0
LSHADE,F26,10,37,467.2704661875837,23.73226627999975,100000,0
LSHADE,F26,10,38,0.0,22.92387212199992,100000,0
LSHADE,F26,10,39,467.2704661875837,23.681198770000265,100000,0
LSHADE,F26,10,40,467.2704661875837,23.809290164999766,100000,0
LSHADE,F26,10,41,467.2704661875837,23.752022235000368,100000,0
LSHADE,F26,10,42,467.2704661875837,23.726737128999957,100000,0
LSHADE,F26,10,43,467.2704661875837,23.759914758999912,100000,0
LSHADE,F26,10,44,467.2704661875837,24.05443286799982,100000,0
LSHADE,F26,10,45,467.2704661875837,23.84506897599931,100000,0
LSHADE,F26,10,46,467.2704661875837,24.086965845999657,100000,0
LSHADE,F26,10,47,457.5002286234917,23.795449299999746,100000,0
LSHADE,F26,10,48,467.2704661875837,23.909525235999354,100000,0
LSHADE,F26,10,49,467.2704661875837,23.823728221000238,100000,0
LSHADE,F26,10,50,467.2704661875837,23.810206330000256,100000,0
TEMOA_V10,F26,10,0,467.59040728877426,25.661221209000132,100000,0
TEMOA_V10,F26,10,1,467.2704661875837,25.722326319999866,100000,0
TEMOA_V10,F26,10,2,475.4540752091575,25.44786040400004,100000,0
TEMOA_V10,F26,10,3,474.8256021528905,25.725074780000114,100000,0
TEMOA_V10,F26,10,4,457.2134433474753,25.460452798000006,100000,0
TEMOA_V10,F26,10,5,457.5002286234917,25.458053404999873,100000,0
TEMOA_V10,F26,10,6,467.2704661875837,25.56472205,100000,0
TEMOA_V10,F26,10,7,467.2704661875837,25.52619996300018,100000,0
TEMOA_V10,F26,10,8,467.2704661875837,25.611501827999973,100000,0
TEMOA_V10,F26,10,9,467.2704661875837,25.55082544899983,100000,0
TEMOA_V10,F26,10,10,457.7646903044042,25.580249662999904,100000,0
TEMOA_V10,F26,10,11,467.59040728877426,25.641222394999886,100000,0
TEMOA_V10,F26,10,12,467.2704661875837,25.71976629400001,100000,0
TEMOA_V10,F26,10,13,476.7582885458082,25.005256723000002,100000,0
TEMOA_V10,F26,10,14,467.4597581688208,25.56008382999994,100000,0
TEMOA_V10,F26,10,15,474.8256021528905,25.772488230000135,100000,0
TEMOA_V10,F26,10,16,476.5987820668852,25.655739993999987,100000,0
TEMOA_V10,F26,10,17,467.2704661875837,25.60077565200004,100000,0
TEMOA_V10,F26,10,18,467.59040728877426,25.57834743600006,100000,0
TEMOA_V10,F26,10,19,457.50022862349215,25.615536605999978,100000,0
TEMOA_V10,F26,10,20,467.2704661875837,25.737913630999856,100000,0
TEMOA_V10,F26,10,21,457.5002286234917,25.471336906000033,100000,0
TEMOA_V10,F26,10,22,474.8256021528905,25.593293444999972,100000,0
TEMOA_V10,F26,10,23,467.2704661875837,25.69603333200007,100000,0
TEMOA_V10,F26,10,24,456.8464896106316,25.46224862500003,100000,0
TEMOA_V10,F26,10,25,467.2704661875837,25.631201739000062,100000,0
TEMOA_V10,F26,10,26,457.5044190252147,25.469865795000032,100000,0
TEMOA_V10,F26,10,27,474.8256021528905,25.740679420000106,100000,0
TEMOA_V10,F26,10,28,457.50022862349215,25.5744947579999,100000,0
TEMOA_V10,F26,10,29,467.2704661875837,25.639125898999964,100000,0
TEMOA_V10,F26,10,30,0.0,24.499803622999934,100000,0
TEMOA_V10,F26,10,31,457.45053642209814,25.37491903199998,100000,0
TEMOA_V10,F26,10,32,457.50022862349215,25.659741527999813,100000,0
TEMOA_V10,F26,10,33,467.59040728877426,25.69778778900036,100000,0
TEMOA_V10,F26,10,34,457.50022862349215,25.406751452999742,100000,0
TEMOA_V10,F26,10,35,457.5002286234917,25.42988637899998,100000,0
TEMOA_V10,F26,10,36,473.5125077780672,25.76586994299987,100000,0
TEMOA_V10,F26,10,37,467.59040728877426,25.67690138099988,100000,0
TEMOA_V10,F26,10,38,475.56332331777776,25.401383306999833,100000,0
TEMOA_V10,F26,10,39,457.5044190252147,25.623464057999627,100000,0
TEMOA_V10,F26,10,40,457.5044190252147,25.48905594200005,100000,0
TEMOA_V10,F26,10,41,457.5044190252147,25.59523984400039,100000,0
TEMOA_V10,F26,10,42,467.2704661875837,25.76062076700009,100000,0
TEMOA_V10,F26,10,43,472.4297816368994,25.792322074999902,100000,0
TEMOA_V10,F26,10,44,457.5044190252147,25.520398547999775,100000,0
TEMOA_V10,F26,10,45,457.5044190252147,25.622889995999685,100000,0
TEMOA_V10,F26,10,46,0.0,24.725617013000374,100000,0
TEMOA_V10,F26,10,47,467.59040728877426,25.80992465999998,100000,0
TEMOA_V10,F26,10,48,467.2704661875837,25.762517781000042,100000,0
TEMOA_V10,F26,10,49,455.39121523834274,25.660018456000216,100000,0
TEMOA_V10,F26,10,50,474.8256021528905,26.589467738000167,100000,0
TEMOA_V11,F26,10,0,457.50022862349215,25.31520812100007,100000,0
TEMOA_V11,F26,10,1,467.2704661875837,25.36579259300015,100000,0
TEMOA_V11,F26,10,2,467.2704661875837,25.402339443000074,100000,0
TEMOA_V11,F26,10,3,457.5002286234917,25.246423250000134,100000,0
TEMOA_V11,F26,10,4,467.2704661875837,24.92662235500029,100000,0
TEMOA_V11,F26,10,5,467.2704661875837,24.79065588200001,100000,0
TEMOA_V11,F26,10,6,457.5002286234917,24.937781506999727,100000,0
TEMOA_V11,F26,10,7,457.5002286234917,24.805629983000017,100000,0
TEMOA_V11,F26,10,8,456.4575381934483,24.96443065199992,100000,0
TEMOA_V11,F26,10,9,457.2134433474753,24.78405268000006,100000,0
TEMOA_V11,F26,10,10,467.2704661875837,24.849951285000316,100000,0
TEMOA_V11,F26,10,11,0.0,23.822831125999983,100000,0
TEMOA_V11,F26,10,12,457.50022862349215,25.014656197000022,100000,0
TEMOA_V11,F26,10,13,467.2704661875837,24.982146852999904,100000,0
TEMOA_V11,F26,10,14,467.2704661875837,24.715314440000384,100000,0
TEMOA_V11,F26,10,15,467.2704661875837,24.921924232000038,100000,0
TEMOA_V11,F26,10,16,457.2134433474753,24.81839800600028,100000,0
TEMOA_V11,F26,10,17,467.2704661875837,24.61657356800015,100000,0
TEMOA_V11,F26,10,18,455.11734305352775,24.626323393000348,100000,0
TEMOA_V11,F26,10,19,467.2704661875837,24.805877324999983,100000,0
TEMOA_V11,F26,10,20,467.2704661875837,24.73745909399986,100000,0
TEMOA_V11,F26,10,21,467.59040728877426,24.75773383800015,100000,0
TEMOA_V11,F26,10,22,467.2704661875837,24.92146043699995,100000,0
TEMOA_V11,F26,10,23,467.2704661875837,24.942227105000256,100000,0
TEMOA_V11,F26,10,24,467.4597581688208,24.786504998000055,100000,0
TEMOA_V11,F26,10,25,467.2704661875837,24.68073017000006,100000,0
TEMOA_V11,F26,10,26,467.2704661875837,24.77068753399999,100000,0
TEMOA_V11,F26,10,27,467.2704661875837,24.83846079900013,100000,0
TEMOA_V11,F26,10,28,467.2704661875837,24.822986060999938,100000,0
TEMOA_V11,F26,10,29,467.2704661875837,24.717892589000257,100000,0
TEMOA_V11,F26,10,30,467.2704661875837,24.65826922799988,100000,0
TEMOA_V11,F26,10,31,467.2704661875837,24.799138414000026,100000,0
TEMOA_V11,F26,10,32,456.4216187408724,24.728625514000214,100000,0
TEMOA_V11,F26,10,33,467.59040728877426,24.682361151999885,100000,0
TEMOA_V11,F26,10,34,457.5002286234917,24.694657661000292,100000,0
TEMOA_V11,F26,10,35,467.2704661875837,24.777795236000202,100000,0
TEMOA_V11,F26,10,36,467.2704661875837,24.81383266099965,100000,0
TEMOA_V11,F26,10,37,467.2704661875837,24.701717077000012,100000,0
TEMOA_V11,F26,10,38,467.2704661875837,24.77919712699986,100000,0
TEMOA_V11,F26,10,39,467.2704661875837,24.780160440000145,100000,0
TEMOA_V11,F26,10,40,0.0,23.808754425999723,100000,0
TEMOA_V11,F26,10,41,467.2704661875837,24.83923860599998,100000,0
TEMOA_V11,F26,10,42,467.2704661875837,24.723940543000026,100000,0
TEMOA_V11,F26,10,43,467.2704661875837,24.798414158000014,100000,0
TEMOA_V11,F26,10,44,457.2134433474753,24.724894458000108,100000,0
TEMOA_V11,F26,10,45,467.2704661875837,24.88093857800004,100000,0
TEMOA_V11,F26,10,46,467.2704661875837,24.748249505999866,100000,0
TEMOA_V11,F26,10,47,467.2704661875837,24.71362522299978,100000,0
TEMOA_V11,F26,10,48,467.2704661875837,24.700025986999663,100000,0
TEMOA_V11,F26,10,49,0.0,23.743985668000278,100000,0
TEMOA_V11,F26,10,50,467.2704661875837,24.697839950999878,100000,0
TEMOA_V12,F26,10,0,0.000688089533468883,23.655694676000167,100000,0
TEMOA_V12,F26,10,1,0.0,23.30150138099998,100000,0
TEMOA_V12,F26,10,2,457.21344334747573,24.093186743999922,100000,0
TEMOA_V12,F26,10,3,467.2704661875837,23.868719733000034,100000,0
TEMOA_V12,F26,10,4,457.50022862349215,24.023268316000213,100000,0
TEMOA_V12,F26,10,5,457.50022862349215,24.081453195999984,100000,0
TEMOA_V12,F26,10,6,467.2704661875837,23.916607999999997,100000,0
TEMOA_V12,F26,10,7,457.21344334747573,24.080171216000053,100000,0
TEMOA_V12,F26,10,8,467.2704661875837,23.8865955440001,100000,0
TEMOA_V12,F26,10,9,467.2704661875837,23.733668596999905,100000,0
TEMOA_V12,F26,10,10,0.0,23.073718164000184,100000,0
TEMOA_V12,F26,10,11,0.0,23.41607232700062,100000,0
TEMOA_V12,F26,10,12,457.50022933364835,23.74494786499963,100000,0
TEMOA_V12,F26,10,13,467.2704661875837,23.738799619999554,100000,0
TEMOA_V12,F26,10,14,0.0,23.74617286800003,100000,0
TEMOA_V12,F26,10,15,457.5002286234917,24.012078894000297,100000,0
TEMOA_V12,F26,10,16,467.2704661875837,23.709129034000398,100000,0
TEMOA_V12,F26,10,17,455.11734343396756,23.571692862999953,100000,0
TEMOA_V12,F26,10,18,0.0,23.515695969000262,100000,0
TEMOA_V12,F26,10,19,2.8664599540206837e-05,23.670844197000406,100000,0
TEMOA_V12,F26,10,20,457.50022862349215,24.010761109999294,100000,0
TEMOA_V12,F26,10,21,0.0,23.506700356999318,100000,0
TEMOA_V12,F26,10,22,457.5053303134787,23.89737851799964,100000,0
TEMOA_V12,F26,10,23,467.2704661875837,23.758906323999327,100000,0
TEMOA_V12,F26,10,24,457.5053177694417,23.940798317999906,100000,0
TEMOA_V12,F26,10,25,467.2704661875837,23.767907937999553,100000,0
TEMOA_V12,F26,10,26,0.0,23.279374785000073,100000,0
TEMOA_V12,F26,10,27,457.2134548172403,23.714467055999194,100000,0
TEMOA_V12,F26,10,28,0.0,23.395612817000256,100000,0
TEMOA_V12,F26,10,29,457.50022862349215,24.125769762000346,100000,0
TEMOA_V12,F26,10,30,0.0,23.453188278999733,100000,0
TEMOA_V12,F26,10,31,457.5053177694422,24.08350029400026,100000,0
TEMOA_V12,F26,10,32,467.2704661875837,23.893496695999602,100000,0
TEMOA_V12,F26,10,33,467.2704661875837,23.81667268000001,100000,0
TEMOA_V12,F26,10,34,457.50022862349215,24.101846126000055,100000,0
TEMOA_V12,F26,10,35,467.2704661875837,23.806480856000235,100000,0
TEMOA_V12,F26,10,36,457.50022862349215,24.096077956000045,100000,0
TEMOA_V12,F26,10,37,456.1821667820259,23.75406654299968,100000,0
TEMOA_V12,F26,10,38,457.21345891505007,23.792709125999863,100000,0
TEMOA_V12,F26,10,39,467.2704661875837,23.842953759999546,100000,0
TEMOA_V12,F26,10,40,0.0,23.557705648999217,100000,0
TEMOA_V12,F26,10,41,457.21344355852716,23.76217438799995,100000,0
TEMOA_V12,F26,10,42,467.2704661875837,23.79088288999992,100000,0
TEMOA_V12,F26,10,43,467.2704661875837,23.78200539699992,100000,0
TEMOA_V12,F26,10,44,3.6137181723461254e-05,23.5499638350002,100000,0
TEMOA_V12,F26,10,45,455.9584729896751,23.589092846000312,100000,0
TEMOA_V12,F26,10,46,467.2704661875837,23.887179223999738,100000,0
TEMOA_V12,F26,10,47,0.0,23.80594772800032,100000,0
TEMOA_V12,F26,10,48,0.0,23.479971509999814,100000,0
TEMOA_V12,F26,10,49,467.2704661875837,23.87804091399994,100000,0
TEMOA_V12,F26,10,50,2.4760393444012152e-05,23.69805056400037,100000,0
jSO,F26,10,0,0.0,23.454321248999804,100000,0
jSO,F26,10,1,467.2704661875837,23.9598197360001,100000,0
jSO,F26,10,2,467.2704661875837,23.966717525000604,100000,0
jSO,F26,10,3,458.74497824291757,23.934644782999385,100000,0
jSO,F26,10,4,467.2704661875837,23.813885663999827,100000,0
jSO,F26,10,5,467.2704661875837,23.755354429000363,100000,0
jSO,F26,10,6,467.2704661875837,23.91318853299981,100000,0
jSO,F26,10,7,0.0,23.35285967100026,100000,0
jSO,F26,10,8,467.2704661875837,23.99302307800008,100000,0
jSO,F26,10,9,457.5002286234917,23.87787830600064,100000,0
jSO,F26,10,10,0.0,23.137652737999815,100000,0
jSO,F26,10,11,467.2704661875837,23.60223662699991,100000,0
jSO,F26,10,12,467.2704661875837,23.6805389809997,100000,0
jSO,F26,10,13,467.2704661875837,23.80497876499976,100000,0
jSO,F26,10,14,467.2704661875837,23.934188077000726,100000,0
jSO,F26,10,15,457.2134433474753,23.89067649000026,100000,0
jSO,F26,10,16,457.5002286234917,23.63020148400028,100000,0
jSO,F26,10,17,467.2704661875837,23.861822521999784,100000,0
jSO,F26,10,18,467.2704661875837,24.019542168000044,100000,0
jSO,F26,10,19,467.2704661875837,24.08532329799982,100000,0
jSO,F26,10,20,467.2704661875837,23.847731701000157,100000,0
jSO,F26,10,21,467.2704661875837,23.792845744999795,100000,0
jSO,F26,10,22,467.2704661875837,23.69048205299987,100000,0
jSO,F26,10,23,467.2704661875837,23.76014061099977,100000,0
jSO,F26,10,24,467.2704661875837,23.726596346000406,100000,0
jSO,F26,10,25,467.2704661875837,23.68717872200068,100000,0
jSO,F26,10,26,467.2704661875837,23.585494554000434,100000,0
jSO,F26,10,27,0.0,23.206006415000047,100000,0
jSO,F26,10,28,457.5002286234917,23.374879107000197,100000,0
jSO,F26,10,29,467.2704661875837,23.486567533000198,100000,0
jSO,F26,10,30,467.2704661875837,23.496078547999787,100000,0
jSO,F26,10,31,467.2704661875837,23.50178845299979,100000,0
jSO,F26,10,32,467.2704661875837,23.443054652999308,100000,0
jSO,F26,10,33,467.2704661875837,23.497386719000133,100000,0
jSO,F26,10,34,467.2704661875837,23.478585501999987,100000,0
jSO,F26,10,35,467.2704661875837,23.487545871999828,100000,0
jSO,F26,10,36,467.2704661875837,23.535017508999772,100000,0
jSO,F26,10,37,467.2704661875837,23.65942372399968,100000,0
jSO,F26,10,38,0.0,22.80423746499946,100000,0
jSO,F26,10,39,467.2704661875837,23.686761656999806,100000,0
jSO,F26,10,40,458.85718605214515,23.532380492999437,100000,0
jSO,F26,10,41,467.2704661875837,23.627716733000852,100000,0
jSO,F26,10,42,0.0,22.97738698500052,100000,0
jSO,F26,10,43,467.2704661875837,23.75546336499974,100000,0
jSO,F26,10,44,467.2704661875837,23.69179551400066,100000,0
jSO,F26,10,45,458.16309404258436,23.401737309000055,100000,0
jSO,F26,10,46,467.2704661875837,23.68131497000013,100000,0
jSO,F26,10,47,467.2704661875837,23.63793935600006,100000,0
jSO,F26,10,48,467.2704661875837,23.67311743099981,100000,0
jSO,F26,10,49,467.2704661875837,23.692649130999598,100000,0
jSO,F26,10,50,467.2704661875837,23.695518034000088,100000,0
sepCMAES,F26,10,0,456.4267944805829,34.91951639599938,100000,0
sepCMAES,F26,10,1,457.46266478196594,35.0455885650008,100000,0
sepCMAES,F26,10,2,457.59266939889767,35.169929230998605,100000,0
sepCMAES,F26,10,3,460.6467353136168,35.385917718998826,100000,0
sepCMAES,F26,10,4,457.47855613123056,35.23761878000005,100000,0
sepCMAES,F26,10,5,457.51629938381075,35.20621490200028,100000,0
sepCMAES,F26,10,6,457.5006834712012,35.329893582000295,100000,0
sepCMAES,F26,10,7,457.50755359436425,34.87946389799981,100000,0
sepCMAES,F26,10,8,456.2132034238721,34.553679845999795,100000,0
sepCMAES,F26,10,9,461.85171355554485,35.06418191599914,100000,0
sepCMAES,F26,10,10,457.5926469353435,35.15054681399852,100000,0
sepCMAES,F26,10,11,457.2211905577551,36.03443416999835,100000,0
sepCMAES,F26,10,12,461.97803024516134,37.58292990099835,100000,0
sepCMAES,F26,10,13,456.4313599443235,37.59671329599951,100000,0
sepCMAES,F26,10,14,457.5926472181377,37.44574279799963,100000,0
sepCMAES,F26,10,15,456.4216187408724,36.6730182980009,100000,0
sepCMAES,F26,10,16,456.6839389389738,34.86142772200037,100000,0
sepCMAES,F26,10,17,456.4575381934483,34.95169383800021,100000,0
sepCMAES,F26,10,18,457.5067798529458,35.17848199800028,100000,0
sepCMAES,F26,10,19,457.5065142176254,35.33356632300092,100000,0
sepCMAES,F26,10,20,457.53671893120963,35.31585108099898,100000,0
sepCMAES,F26,10,21,457.50033998069284,36.90429647200108,100000,0
sepCMAES,F26,10,22,457.5098429059299,37.25330995399963,100000,0
sepCMAES,F26,10,23,458.6855454959882,36.56738442799906,100000,0
sepCMAES,F26,10,24,457.53388394689455,37.32851647100142,100000,0
sepCMAES,F26,10,25,456.73657776617847,37.822152323999035,100000,0
sepCMAES,F26,10,26,457.53319188827845,37.238619005000146,100000,0
sepCMAES,F26,10,27,457.5046338812108,36.183779335999134,100000,0
sepCMAES,F26,10,28,457.45681029825573,35.13188297899978,100000,0
sepCMAES,F26,10,29,457.5929945953985,34.818416679998336,100000,0
sepCMAES,F26,10,30,461.85171355554485,35.084605189000285,100000,0
sepCMAES,F26,10,31,458.69992684761155,34.59641421900051,100000,0
sepCMAES,F26,10,32,457.53644940810455,34.7915096050001,100000,0
sepCMAES,F26,10,33,457.2323089990641,34.68474203400001,100000,0
sepCMAES,F26,10,34,457.45234591027247,34.82780521300083,100000,0
sepCMAES,F26,10,35,457.5023589894672,34.87585075499919,100000,0
sepCMAES,F26,10,36,457.50203760902014,34.84161131300061,100000,0
sepCMAES,F26,10,37,458.70000449967984,35.042258338000465,100000,0
sepCMAES,F26,10,38,456.4216187408724,34.99494356000105,100000,0
sepCMAES,F26,10,39,459.1290325930331,35.08291405500131,100000,0
sepCMAES,F26,10,40,457.4586991281576,34.92261981699994,100000,0
sepCMAES,F26,10,41,457.5603070004436,34.803962335001415,100000,0
sepCMAES,F26,10,42,455.96770032729046,34.65428107599837,100000,0
sepCMAES,F26,10,43,457.50553230194237,34.53187735100073,100000,0
sepCMAES,F26,10,44,457.53353357143715,34.98726857300062,100000,0
sepCMAES,F26,10,45,457.5075921814505,34.91032149000057,100000,0
sepCMAES,F26,10,46,456.4216187408724,34.75886320599966,100000,0
sepCMAES,F26,10,47,457.5627165230462,34.818719546001375,100000,0
sepCMAES,F26,10,48,458.7478049458273,34.77402311500009,100000,0
sepCMAES,F26,10,49,457.59411487829357,34.712695788999554,100000,0
sepCMAES,F26,10,50,457.5048046805782,34.61946938800065,100000,0
BIPOP_CMAES,F27,10,0,393.1555769405395,15.419842553000308,100000,0
BIPOP_CMAES,F27,10,1,393.1555769405504,14.318920186000014,100000,0
BIPOP_CMAES,F27,10,2,390.51703257983445,14.429528860000119,100000,0
BIPOP_CMAES,F27,10,3,393.15557694053587,14.987545487000261,100000,0
BIPOP_CMAES,F27,10,4,390.51703258085354,15.051157280000098,100000,0
BIPOP_CMAES,F27,10,5,390.51703257983445,15.040658603999873,100000,0
BIPOP_CMAES,F27,10,6,390.51703257983445,15.103316303000156,100000,0
BIPOP_CMAES,F27,10,7,393.86197644078857,15.543470535999859,100000,0
BIPOP_CMAES,F27,10,8,395.59351860181096,15.144502898000155,100000,0
BIPOP_CMAES,F27,10,9,393.15557694052814,15.003938818999814,100000,0
BIPOP_CMAES,F27,10,10,390.51703257983445,14.968575119999969,100000,0
BIPOP_CMAES,F27,10,11,390.51703257983445,14.537941018999845,100000,0
BIPOP_CMAES,F27,10,12,390.51703257991676,14.954306613999961,100000,0
BIPOP_CMAES,F27,10,13,394.5858121865058,14.678933361999952,100000,0
BIPOP_CMAES,F27,10,14,393.1555769405304,14.869060832000287,100000,0
BIPOP_CMAES,F27,10,15,393.15557694053405,15.441746991999935,100000,0
BIPOP_CMAES,F27,10,16,389.513873535961,14.845677786999659,100000,0
BIPOP_CMAES,F27,10,17,390.51703257983445,14.71794433199966,100000,0
BIPOP_CMAES,F27,10,18,0.15840490862137813,14.507791309999902,100000,0
BIPOP_CMAES,F27,10,19,390.51703257983445,14.356611207999777,100000,0
BIPOP_CMAES,F27,10,20,394.58581218651034,14.962690038000346,100000,0
BIPOP_CMAES,F27,10,21,390.51703257983445,14.595787441000084,100000,0
BIPOP_CMAES,F27,10,22,393.1555769405336,14.84001441800001,100000,0
BIPOP_CMAES,F27,10,23,390.51703257983445,15.14496958000018,100000,0
BIPOP_CMAES,F27,10,24,389.51387350296454,14.735959966999872,100000,0
BIPOP_CMAES,F27,10,25,390.51703257984127,14.723362525000084,100000,0
BIPOP_CMAES,F27,10,26,394.58581218650625,14.880688470999758,100000,0
BIPOP_CMAES,F27,10,27,394.3637867373882,14.317408396000246,100000,0
BIPOP_CMAES,F27,10,28,390.51703257983445,14.392932402000042,100000,0
BIPOP_CMAES,F27,10,29,393.15557694053314,15.217241309000201,100000,0
BIPOP_CMAES,F27,10,30,390.517036852385,14.822696876999998,100000,0
BIPOP_CMAES,F27,10,31,390.51703257983445,14.740335284000139,100000,0
BIPOP_CMAES,F27,10,32,393.8619764407863,14.926698186000067,100000,0
BIPOP_CMAES,F27,10,33,390.51703257983445,14.60607311099966,100000,0
BIPOP_CMAES,F27,10,34,394.4103504104214,15.061621391000244,100000,0
BIPOP_CMAES,F27,10,35,393.1555769405318,15.3572858550001,100000,0
BIPOP_CMAES,F27,10,36,394.39399926452825,14.610003645000234,100000,0
BIPOP_CMAES,F27,10,37,389.5138735029677,14.653825631000018,100000,0
BIPOP_CMAES,F27,10,38,390.51703257983445,14.33945456299989,100000,0
BIPOP_CMAES,F27,10,39,390.51703257983445,14.47686916900011,100000,0
BIPOP_CMAES,F27,10,40,389.5138735029732,14.763300206000167,100000,0
BIPOP_CMAES,F27,10,41,393.15557694053405,14.770207507000123,100000,0
BIPOP_CMAES,F27,10,42,393.1555769407287,14.76280434399996,100000,0
BIPOP_CMAES,F27,10,43,390.51703257983445,15.404284235999967,100000,0
BIPOP_CMAES,F27,10,44,390.5171186728294,14.739394917000027,100000,0
BIPOP_CMAES,F27,10,45,393.15557694053314,15.054706971999622,100000,0
BIPOP_CMAES,F27,10,46,389.51387350296227,14.72096728500037,100000,0
BIPOP_CMAES,F27,10,47,390.51703257983445,14.713889425999696,100000,0
BIPOP_CMAES,F27,10,48,221.6179381111524,14.798800042000039,100000,0
BIPOP_CMAES,F27,10,49,390.51703257983445,14.64673654499984,100000,0
BIPOP_CMAES,F27,10,50,390.5170327241199,14.910846226000103,100000,0
CMAES,F27,10,0,390.51703257983445,16.24441291199946,100000,0
CMAES,F27,10,1,394.36378673739546,16.337469222000436,100000,0
CMAES,F27,10,2,389.51387350296136,16.159746370999528,100000,0
CMAES,F27,10,3,395.5935186018114,15.916093001000263,100000,0
CMAES,F27,10,4,394.3637867373909,16.16272147700056,100000,0
CMAES,F27,10,5,394.3637867381194,16.485589419999997,100000,0
CMAES,F27,10,6,389.51387350295954,16.438192864000484,100000,0
CMAES,F27,10,7,393.1555769405318,16.38323055299952,100000,0
CMAES,F27,10,8,393.15557694532527,16.507294087000446,100000,0
CMAES,F27,10,9,394.3939992645278,16.360961512000358,100000,0
CMAES,F27,10,10,390.51703257983445,16.306807683999978,100000,0
CMAES,F27,10,11,390.51703257983445,16.263137003999873,100000,0
CMAES,F27,10,12,394.58581218650534,16.08045814899924,100000,0
CMAES,F27,10,13,393.8619764407845,16.41387653200036,100000,0
CMAES,F27,10,14,394.72350373416975,16.313901532999807,100000,0
CMAES,F27,10,15,395.5935362121859,16.274013238000407,100000,0
CMAES,F27,10,16,393.15557694053723,16.347260893000566,100000,0
CMAES,F27,10,17,390.51703257983445,16.19584870900053,100000,0
CMAES,F27,10,18,394.39399926452825,16.32346758299991,100000,0
CMAES,F27,10,19,393.15557694054814,16.12865497600069,100000,0
CMAES,F27,10,20,0.10983075534613818,16.314001923999967,100000,0
CMAES,F27,10,21,393.15557694052904,16.2440787430005,100000,0
CMAES,F27,10,22,393.15557694055497,16.0141532180005,100000,0
CMAES,F27,10,23,393.86197644078493,16.209775594999883,100000,0
CMAES,F27,10,24,394.58581218650534,16.21119837399965,100000,0
CMAES,F27,10,25,393.86197644078356,16.325032387999272,100000,0
CMAES,F27,10,26,394.58581218650534,16.420645322999917,100000,0
CMAES,F27,10,27,394.3637867373891,16.28146644000026,100000,0
CMAES,F27,10,28,390.51703257983445,16.223019103000297,100000,0
CMAES,F27,10,29,393.15557694053405,16.339703912000004,100000,0
CMAES,F27,10,30,393.15557694053496,16.328392342999905,100000,0
CMAES,F27,10,31,393.15557694053496,16.322082292999767,100000,0
CMAES,F27,10,32,393.1555769405295,16.365758095000274,100000,0
CMAES,F27,10,33,393.15557694053314,16.360922813999423,100000,0
CMAES,F27,10,34,390.51703257983445,16.146556212999712,100000,0
CMAES,F27,10,35,394.58581218650534,16.485070654000083,100000,0
CMAES,F27,10,36,390.517032579904,16.232314660000156,100000,0
CMAES,F27,10,37,393.1555769553888,16.3020610450003,100000,0
CMAES,F27,10,38,393.15557694053496,16.629280799999833,100000,0
CMAES,F27,10,39,389.513873502965,16.409928160000163,100000,0
CMAES,F27,10,40,394.3939992645319,16.19968258500012,100000,0
CMAES,F27,10,41,394.39399926453143,16.184211800000412,100000,0
CMAES,F27,10,42,393.15557694053996,16.04324086699944,100000,0
CMAES,F27,10,43,390.51703257983445,16.40993997500027,100000,0
CMAES,F27,10,44,394.393999264531,16.066753652000443,100000,0
CMAES,F27,10,45,2.1331547413942644,16.152882319999662,100000,0
CMAES,F27,10,46,389.5138735029609,16.33323595099955,100000,0
CMAES,F27,10,47,390.51703257983445,16.256482741000582,100000,0
CMAES,F27,10,48,392.5119750664885,16.293065903999377,100000,0
CMAES,F27,10,49,389.513873502965,16.33706257099948,100000,0
CMAES,F27,10,50,394.58581218650534,16.093565896000655,100000,0
IPOP_CMAES,F27,10,0,393.1555769405877,14.984447120000368,100000,0
IPOP_CMAES,F27,10,1,390.51703257983445,14.508693812000274,100000,0
IPOP_CMAES,F27,10,2,390.51703257983445,14.122727857999962,100000,0
IPOP_CMAES,F27,10,3,389.51387350296454,14.300649739000619,100000,0
IPOP_CMAES,F27,10,4,390.51703257983445,14.543284825999763,100000,0
IPOP_CMAES,F27,10,5,393.1555769405445,14.648786666999513,100000,0
IPOP_CMAES,F27,10,6,390.51703257983445,14.182266146000075,100000,0
IPOP_CMAES,F27,10,7,390.51703257983445,14.374096114000167,100000,0
IPOP_CMAES,F27,10,8,389.51387350297364,14.26254216199959,100000,0
IPOP_CMAES,F27,10,9,394.3939992645319,14.433938797999872,100000,0
IPOP_CMAES,F27,10,10,389.51387350296545,14.053156252000008,100000,0
IPOP_CMAES,F27,10,11,390.51703257983445,14.019650449000437,100000,0
IPOP_CMAES,F27,10,12,390.51703257983445,14.176122149999173,100000,0
IPOP_CMAES,F27,10,13,393.15557694053314,14.220919985999899,100000,0
IPOP_CMAES,F27,10,14,390.51703257983445,14.3439661350003,100000,0
IPOP_CMAES,F27,10,15,390.51703257983445,14.101372224999977,100000,0
IPOP_CMAES,F27,10,16,390.51703257983445,14.31046112400054,100000,0
IPOP_CMAES,F27,10,17,392.67401569340973,14.900048147000234,100000,0
IPOP_CMAES,F27,10,18,390.51703257983445,14.096865097999398,100000,0
IPOP_CMAES,F27,10,19,390.51703257983445,14.365188668999508,100000,0
IPOP_CMAES,F27,10,20,390.51703257983445,14.189965070999278,100000,0
IPOP_CMAES,F27,10,21,393.1555769405327,14.414039399999638,100000,0
IPOP_CMAES,F27,10,22,390.51703360998135,14.152949774000263,100000,0
IPOP_CMAES,F27,10,23,393.1555769405845,14.60602650600049,100000,0
IPOP_CMAES,F27,10,24,390.7008513052442,14.226689695999994,100000,0
IPOP_CMAES,F27,10,25,390.51703257983445,14.238817319999725,100000,0
IPOP_CMAES,F27,10,26,394.36378673738955,14.229032955000548,100000,0
IPOP_CMAES,F27,10,27,393.1555769405327,14.037733022000793,100000,0
IPOP_CMAES,F27,10,28,390.51703257983445,14.283346893999806,100000,0
IPOP_CMAES,F27,10,29,390.51703257983445,13.801536488000238,100000,0
IPOP_CMAES,F27,10,30,393.1555769405395,14.468765660999452,100000,0
IPOP_CMAES,F27,10,31,390.51703257983445,14.164626985000723,100000,0
IPOP_CMAES,F27,10,32,390.51703257983445,13.746496531999583,100000,0
IPOP_CMAES,F27,10,33,323.8044635588153,14.46812494400001,100000,0
IPOP_CMAES,F27,10,34,390.51703257983445,14.16059861100075,100000,0
IPOP_CMAES,F27,10,35,390.51703257983445,14.301823083000272,100000,0
IPOP_CMAES,F27,10,36,390.51703257983445,14.560048620999623,100000,0
IPOP_CMAES,F27,10,37,390.51703257983445,14.146534227999837,100000,0
IPOP_CMAES,F27,10,38,390.51703257983445,14.231888864999746,100000,0
IPOP_CMAES,F27,10,39,390.51703257983445,14.077325762000328,100000,0
IPOP_CMAES,F27,10,40,397.0779757593332,14.35494177199962,100000,0
IPOP_CMAES,F27,10,41,390.51703257983445,14.104733139000018,100000,0
IPOP_CMAES,F27,10,42,390.51703257983445,14.080916885000079,100000,0
IPOP_CMAES,F27,10,43,390.51703257983445,14.478703688999303,100000,0
IPOP_CMAES,F27,10,44,393.1555769405322,14.186613887000021,100000,0
IPOP_CMAES,F27,10,45,390.51703257983445,14.21726246199978,100000,0
IPOP_CMAES,F27,10,46,393.15557694054496,14.642575273000148,100000,0
IPOP_CMAES,F27,10,47,389.5138735029641,14.169061906000024,100000,0
IPOP_CMAES,F27,10,48,390.51703257983445,14.540595778000352,100000,0
IPOP_CMAES,F27,10,49,397.07797575928316,14.16934044699974,100000,0
IPOP_CMAES,F27,10,50,390.51703282968674,14.289132756000072,100000,0
L-SHADE-DGR,F27,10,0,397.48723524643447,10.811558196999997,100000,0
L-SHADE-DGR,F27,10,1,390.51703257983445,10.807856698999998,100000,0
L-SHADE-DGR,F27,10,2,397.48723524643447,10.976714626000017,100000,0
L-SHADE-DGR,F27,10,3,391.7369822321825,10.800867302,100000,0
L-SHADE-DGR,F27,10,4,390.51703257983445,10.745784694999998,100000,0
L-SHADE-DGR,F27,10,5,390.51703257983445,10.665287739999997,100000,0
L-SHADE-DGR,F27,10,6,397.96059935576795,10.738070228999987,100000,0
L-SHADE-DGR,F27,10,7,389.5138735029591,10.784867125999995,100000,0
L-SHADE-DGR,F27,10,8,390.51703257983445,10.719401008000006,100000,0
L-SHADE-DGR,F27,10,9,390.51703257983445,10.790147892000022,100000,0
L-SHADE-DGR,F27,10,10,389.5138735029591,10.721763150999976,100000,0
L-SHADE-DGR,F27,10,11,389.5138735029591,10.752329298999996,100000,0
L-SHADE-DGR,F27,10,12,394.39399926452734,10.72921653200001,100000,0
L-SHADE-DGR,F27,10,13,389.51387350297864,10.755430356999995,100000,0
L-SHADE-DGR,F27,10,14,390.51703257983445,10.619694256999992,100000,0
L-SHADE-DGR,F27,10,15,389.5138735029591,10.752448034999986,100000,0
L-SHADE-DGR,F27,10,16,397.48723524643447,10.64369469799999,100000,0
L-SHADE-DGR,F27,10,17,389.5138735029591,10.70813302199997,100000,0
L-SHADE-DGR,F27,10,18,390.51703257983445,10.61614846599997,100000,0
L-SHADE-DGR,F27,10,19,389.5138735029591,10.777982108999993,100000,0
L-SHADE-DGR,F27,10,20,390.51703257983445,10.673941547000027,100000,0
L-SHADE-DGR,F27,10,21,397.3638536603107,10.721627688999945,100000,0
L-SHADE-DGR,F27,10,22,394.3939992645278,10.780705178999995,100000,0
L-SHADE-DGR,F27,10,23,394.3637867373859,10.704718378999985,100000,0
L-SHADE-DGR,F27,10,24,390.51703257983445,10.739320852999981,100000,0
L-SHADE-DGR,F27,10,25,390.5170325991071,10.705742513000018,100000,0
L-SHADE-DGR,F27,10,26,390.51703257983445,10.774286716999995,100000,0
L-SHADE-DGR,F27,10,27,390.51703263131003,10.566575122000017,100000,0
L-SHADE-DGR,F27,10,28,389.51387367204734,10.699175490000016,100000,0
L-SHADE-DGR,F27,10,29,389.5138735029591,10.777913378999983,100000,0
L-SHADE-DGR,F27,10,30,397.56589924798664,10.776522124999985,100000,0
L-SHADE-DGR,F27,10,31,397.7554566444055,10.656099751,100000,0
L-SHADE-DGR,F27,10,32,397.5658992479862,10.714205540000023,100000,0
L-SHADE-DGR,F27,10,33,389.5138735029591,10.668760459999987,100000,0
L-SHADE-DGR,F27,10,34,389.5138735029591,10.631585346000008,100000,0
L-SHADE-DGR,F27,10,35,394.3637867373859,10.614944659000003,100000,0
L-SHADE-DGR,F27,10,36,394.58581218650534,10.684326270999975,100000,0
L-SHADE-DGR,F27,10,37,390.51703257983445,10.75008421299998,100000,0
L-SHADE-DGR,F27,10,38,389.5138735029591,10.666632440000058,100000,0
L-SHADE-DGR,F27,10,39,390.51703257983445,10.797487377000039,100000,0
L-SHADE-DGR,F27,10,40,389.5139037029903,10.691096067999979,100000,0
L-SHADE-DGR,F27,10,41,394.58581218650534,10.607411776000049,100000,0
L-SHADE-DGR,F27,10,42,396.6470017104375,10.643986018999954,100000,0
L-SHADE-DGR,F27,10,43,390.51703257983445,10.597833869000056,100000,0
L-SHADE-DGR,F27,10,44,389.5138735029591,10.611740778000012,100000,0
L-SHADE-DGR,F27,10,45,390.51703257983445,10.734250877000022,100000,0
L-SHADE-DGR,F27,10,46,394.39399926452734,10.834134711000047,100000,0
L-SHADE-DGR,F27,10,47,394.58581218650534,10.759574364999935,100000,0
L-SHADE-DGR,F27,10,48,390.51703257983445,10.57473302599999,100000,0
L-SHADE-DGR,F27,10,49,389.51387350295863,10.712741547000064,100000,0
L-SHADE-DGR,F27,10,50,395.6754183518183,10.642375693000076,100000,0
LSHADE,F27,10,0,390.51703257983445,10.601034604000233,100000,0
LSHADE,F27,10,1,390.51703257983445,10.601292649999777,100000,0
LSHADE,F27,10,2,389.5138735029591,10.51104201499993,100000,0
LSHADE,F27,10,3,389.5138735029591,10.606501430000208,100000,0
LSHADE,F27,10,4,389.5138735029591,10.629205490999993,100000,0
LSHADE,F27,10,5,389.51387350295863,10.535736789000111,100000,0
LSHADE,F27,10,6,390.51703257983445,10.51427082500004,100000,0
LSHADE,F27,10,7,390.51703257983445,10.63544206000006,100000,0
LSHADE,F27,10,8,390.51703257983445,10.597168976000376,100000,0
LSHADE,F27,10,9,390.51703257983445,10.550776241999756,100000,0
LSHADE,F27,10,10,390.51703257983445,10.691682168999705,100000,0
LSHADE,F27,10,11,390.51703257983445,10.681297631000234,100000,0
LSHADE,F27,10,12,389.5138735029591,10.617611871999998,100000,0
LSHADE,F27,10,13,389.51387350295863,10.650861920999887,100000,0
LSHADE,F27,10,14,390.51703257983445,10.592004909000025,100000,0
LSHADE,F27,10,15,390.51703257983445,10.66398908500014,100000,0
LSHADE,F27,10,16,389.51387350295863,10.493249168999682,100000,0
LSHADE,F27,10,17,389.51387350295863,10.623306307000348,100000,0
LSHADE,F27,10,18,389.51387350295863,10.579692582999996,100000,0
LSHADE,F27,10,19,390.51703257983445,10.544043532999694,100000,0
LSHADE,F27,10,20,390.51703257983445,10.50124867400018,100000,0
LSHADE,F27,10,21,390.51703257983445,10.538485843000217,100000,0
LSHADE,F27,10,22,390.51703257983445,10.526931762999993,100000,0
LSHADE,F27,10,23,390.51703257983445,10.57580790799966,100000,0
LSHADE,F27,10,24,390.51703257983445,10.472162644000036,100000,0
LSHADE,F27,10,25,390.51703257983445,10.527485864000028,100000,0
LSHADE,F27,10,26,390.51703257983445,10.54947081399996,100000,0
LSHADE,F27,10,27,390.51703257983445,10.559385676000147,100000,0
LSHADE,F27,10,28,390.51703257983445,10.519573304000005,100000,0
LSHADE,F27,10,29,389.51387350295863,10.586981252999976,100000,0
LSHADE,F27,10,30,390.51703257983445,10.729536176000238,100000,0
LSHADE,F27,10,31,390.51703257983445,10.513605282999833,100000,0
LSHADE,F27,10,32,390.51703257983445,10.588600264999968,100000,0
LSHADE,F27,10,33,390.51703257983445,10.536503739999716,100000,0
LSHADE,F27,10,34,389.51387350295863,10.62747333399966,100000,0
LSHADE,F27,10,35,389.51387350295863,10.645289252000111,100000,0
LSHADE,F27,10,36,390.51703257983445,10.533372756000063,100000,0
LSHADE,F27,10,37,390.51703257983445,10.57205184600025,100000,0
LSHADE,F27,10,38,389.5138735029591,10.428933875999974,100000,0
LSHADE,F27,10,39,390.51703257983445,10.684740694000084,100000,0
LSHADE,F27,10,40,390.51703257983445,10.696639453999978,100000,0
LSHADE,F27,10,41,390.517032579834,10.551716867000323,100000,0
LSHADE,F27,10,42,390.51703257983445,10.630611225999928,100000,0
LSHADE,F27,10,43,390.51703257983445,10.75861704700037,100000,0
LSHADE,F27,10,44,390.51703257983445,10.509922123999786,100000,0
LSHADE,F27,10,45,390.51703257983445,10.578897890000007,100000,0
LSHADE,F27,10,46,389.5138735029591,10.554680481000105,100000,0
LSHADE,F27,10,47,390.51703257983445,10.616228159000002,100000,0
LSHADE,F27,10,48,390.51703257983445,10.419402400999843,100000,0
LSHADE,F27,10,49,390.51703257983445,10.472669802999917,100000,0
LSHADE,F27,10,50,390.51703257983445,10.602902446000371,100000,0
TEMOA_V10,F27,10,0,397.7554566444055,11.332184680000069,100000,0
TEMOA_V10,F27,10,1,397.7554566444055,11.384748502999969,100000,0
TEMOA_V10,F27,10,2,396.33004871958246,11.428992118999986,100000,0
TEMOA_V10,F27,10,3,397.96059935576795,11.391303117999996,100000,0
TEMOA_V10,F27,10,4,396.86762343202963,11.383496845999957,100000,0
TEMOA_V10,F27,10,5,399.5953347210684,11.372013950999985,100000,0
TEMOA_V10,F27,10,6,397.48723524643447,11.282845724999902,100000,0
TEMOA_V10,F27,10,7,397.96059935576795,11.397575777999919,100000,0
TEMOA_V10,F27,10,8,396.79972444210216,11.347884915000009,100000,0
TEMOA_V10,F27,10,9,397.5658992479862,11.345415364000019,100000,0
TEMOA_V10,F27,10,10,389.5138735029591,11.239803668000036,100000,0
TEMOA_V10,F27,10,11,396.86762343202963,11.37850641500006,100000,0
TEMOA_V10,F27,10,12,396.6470017104375,11.375419843999907,100000,0
TEMOA_V10,F27,10,13,397.96059935576795,11.278930088999914,100000,0
TEMOA_V10,F27,10,14,389.5138735029591,11.29349116100002,100000,0
TEMOA_V10,F27,10,15,397.3911536921173,11.411151968000013,100000,0
TEMOA_V10,F27,10,16,395.5935186018105,11.375186378999956,100000,0
TEMOA_V10,F27,10,17,396.86762343202963,11.362354810000056,100000,0
TEMOA_V10,F27,10,18,397.48723524643447,11.345154106999985,100000,0
TEMOA_V10,F27,10,19,397.96059935576795,11.431792246999976,100000,0
TEMOA_V10,F27,10,20,396.79972444210216,11.419281060000003,100000,0
TEMOA_V10,F27,10,21,397.48723524643447,11.325627673000099,100000,0
TEMOA_V10,F27,10,22,389.5138735029591,11.318776364000087,100000,0
TEMOA_V10,F27,10,23,395.42731790706875,11.431247710999969,100000,0
TEMOA_V10,F27,10,24,395.42731790706875,11.41606557099999,100000,0
TEMOA_V10,F27,10,25,389.5138735029591,11.304690529000027,100000,0
TEMOA_V10,F27,10,26,397.7554566444055,11.367920169999934,100000,0
TEMOA_V10,F27,10,27,399.5953347210684,11.381689155000004,100000,0
TEMOA_V10,F27,10,28,397.4955337611136,11.400036936999982,100000,0
TEMOA_V10,F27,10,29,397.96059935576795,11.500121037999975,100000,0
TEMOA_V10,F27,10,30,396.33004871958246,11.403879586999892,100000,0
TEMOA_V10,F27,10,31,394.18459469866775,11.196622768999987,100000,0
TEMOA_V10,F27,10,32,389.5138735029591,11.400198454000133,100000,0
TEMOA_V10,F27,10,33,397.5658992479862,11.371001860999968,100000,0
TEMOA_V10,F27,10,34,394.0934584022034,11.411436088000073,100000,0
TEMOA_V10,F27,10,35,399.97946187442267,11.387409027000103,100000,0
TEMOA_V10,F27,10,36,389.51387350295863,11.33480362299997,100000,0
TEMOA_V10,F27,10,37,394.58581218650534,11.370519844,100000,0
TEMOA_V10,F27,10,38,397.7554566444055,11.337951741000097,100000,0
TEMOA_V10,F27,10,39,399.5953347210684,11.245373911999877,100000,0
TEMOA_V10,F27,10,40,397.7554566444055,11.439309420999962,100000,0
TEMOA_V10,F27,10,41,394.17810185196413,11.345325670999955,100000,0
TEMOA_V10,F27,10,42,396.6470017104375,11.275738947000036,100000,0
TEMOA_V10,F27,10,43,398.4793684567144,11.321818804000031,100000,0
TEMOA_V10,F27,10,44,397.7554566444055,11.272554926000112,100000,0
TEMOA_V10,F27,10,45,394.3637867373859,11.366344301000026,100000,0
TEMOA_V10,F27,10,46,399.60252496355133,11.287581604000025,100000,0
TEMOA_V10,F27,10,47,397.5658992479862,11.425461316999872,100000,0
TEMOA_V10,F27,10,48,394.39399926452734,11.433635570999968,100000,0
TEMOA_V10,F27,10,49,396.33004871958246,11.430351817999963,100000,0
TEMOA_V10,F27,10,50,399.97946187442267,11.364439148000201,100000,0
TEMOA_V11,F27,10,0,397.48723524643447,10.878888710999945,100000,0
TEMOA_V11,F27,10,1,397.48723524643447,10.938808029000029,100000,0
TEMOA_V11,F27,10,2,389.51387350295863,10.885350680999863,100000,0
TEMOA_V11,F27,10,3,397.7554566444055,11.062385551000034,100000,0
TEMOA_V11,F27,10,4,397.5658992479862,10.913466423000045,100000,0
TEMOA_V11,F27,10,5,397.5658992479862,10.925531329999785,100000,0
TEMOA_V11,F27,10,6,394.58581218650534,10.936933802000112,100000,0
TEMOA_V11,F27,10,7,396.86762343202963,10.913839823999979,100000,0
TEMOA_V11,F27,10,8,390.51703257983445,10.87476902000003,100000,0
TEMOA_V11,F27,10,9,397.7554566444055,11.03765637399988,100000,0
TEMOA_V11,F27,10,10,389.5138735029591,11.046359431999917,100000,0
TEMOA_V11,F27,10,11,389.5138735029591,10.986273929999925,100000,0
TEMOA_V11,F27,10,12,397.5658992479862,10.936197057999834,100000,0
TEMOA_V11,F27,10,13,397.5658992479862,10.949157915999876,100000,0
TEMOA_V11,F27,10,14,389.5138735029591,11.002648636999993,100000,0
TEMOA_V11,F27,10,15,390.51703257983445,11.006743084999925,100000,0
TEMOA_V11,F27,10,16,389.5138735029591,10.917573464000043,100000,0
TEMOA_V11,F27,10,17,396.86762343202963,10.92410202300016,100000,0
TEMOA_V11,F27,10,18,390.51703257983445,11.000962725999898,100000,0
TEMOA_V11,F27,10,19,389.5138735029591,10.917274416000055,100000,0
TEMOA_V11,F27,10,20,390.51703257983445,10.929648823999969,100000,0
TEMOA_V11,F27,10,21,397.96059935576795,10.911059156999954,100000,0
TEMOA_V11,F27,10,22,389.51387350295863,11.02696863999995,100000,0
TEMOA_V11,F27,10,23,397.7554566444055,11.260057826000093,100000,0
TEMOA_V11,F27,10,24,397.8715890698695,11.004258460000074,100000,0
TEMOA_V11,F27,10,25,397.96059935576795,11.122956035000016,100000,0
TEMOA_V11,F27,10,26,396.79972444210216,11.013379935000103,100000,0
TEMOA_V11,F27,10,27,397.7554566444055,11.029904587999908,100000,0
TEMOA_V11,F27,10,28,389.5138735029591,10.908256316999996,100000,0
TEMOA_V11,F27,10,29,397.96059935576795,10.986395852999976,100000,0
TEMOA_V11,F27,10,30,397.36385366104787,11.035676659000046,100000,0
TEMOA_V11,F27,10,31,395.5935186018105,10.965309583999897,100000,0
TEMOA_V11,F27,10,32,394.58581218650534,11.043564251999896,100000,0
TEMOA_V11,F27,10,33,397.7554566444055,11.016424723,100000,0
TEMOA_V11,F27,10,34,397.7554566444055,11.006218686000011,100000,0
TEMOA_V11,F27,10,35,390.51703257983445,10.98171309899999,100000,0
TEMOA_V11,F27,10,36,389.5138735029591,10.978656673999922,100000,0
TEMOA_V11,F27,10,37,389.51387350295863,10.950242735000074,100000,0
TEMOA_V11,F27,10,38,397.48723524643447,10.960760473999926,100000,0
TEMOA_V11,F27,10,39,394.5858121865049,11.101710279999907,100000,0
TEMOA_V11,F27,10,40,390.51703257983445,10.913549986999897,100000,0
TEMOA_V11,F27,10,41,389.51387350295863,11.09984541300014,100000,0
TEMOA_V11,F27,10,42,394.3637867373859,11.009150382000144,100000,0
TEMOA_V11,F27,10,43,389.5138735029591,11.002867541000114,100000,0
TEMOA_V11,F27,10,44,390.51703257983445,10.94255500600002,100000,0
TEMOA_V11,F27,10,45,390.51703257983445,11.026135822000015,100000,0
TEMOA_V11,F27,10,46,389.5138735029591,11.050247793999915,100000,0
TEMOA_V11,F27,10,47,390.51703257983445,11.04711261400007,100000,0
TEMOA_V11,F27,10,48,390.51703257983445,10.88747803299998,100000,0
TEMOA_V11,F27,10,49,396.86762343202963,11.041867152999885,100000,0
TEMOA_V11,F27,10,50,397.5658992479862,10.930184155000006,100000,0
TEMOA_V12,F27,10,0,389.5138735029591,10.657018507999965,100000,0
TEMOA_V12,F27,10,1,394.58581218650534,10.79376130300011,100000,0
TEMOA_V12,F27,10,2,390.51703257983445,10.7989523130002,100000,0
TEMOA_V12,F27,10,3,389.5138735029591,10.787666196000146,100000,0
TEMOA_V12,F27,10,4,390.5170355592704,10.684020982999982,100000,0
TEMOA_V12,F27,10,5,397.48723524643447,10.746922941000093,100000,0
TEMOA_V12,F27,10,6,390.51703257983445,10.694325324999909,100000,0
TEMOA_V12,F27,10,7,389.5138735029591,10.66835293500003,100000,0
TEMOA_V12,F27,10,8,389.5138735029591,10.689472239999986,100000,0
TEMOA_V12,F27,10,9,390.51703257983445,10.65725627400002,100000,0
TEMOA_V12,F27,10,10,389.5138735029591,10.629713752000043,100000,0
TEMOA_V12,F27,10,11,389.5138735029591,10.778795298999967,100000,0
TEMOA_V12,F27,10,12,389.51396533423076,10.684930677000011,100000,0
TEMOA_V12,F27,10,13,390.51703257983445,10.605480250000028,100000,0
TEMOA_V12,F27,10,14,390.51703257983445,10.813811266999892,100000,0
TEMOA_V12,F27,10,15,395.6754183518183,10.737288766999882,100000,0
TEMOA_V12,F27,10,16,389.5138735029591,10.707509294999909,100000,0
TEMOA_V12,F27,10,17,389.5138735029591,10.674982670999952,100000,0
TEMOA_V12,F27,10,18,389.5138735029591,10.776434052000013,100000,0
TEMOA_V12,F27,10,19,390.51703257983763,10.956990282000106,100000,0
TEMOA_V12,F27,10,20,389.5138735029591,10.926013895999859,100000,0
TEMOA_V12,F27,10,21,393.15557694052586,10.736118710000028,100000,0
TEMOA_V12,F27,10,22,389.5138735029591,10.683548001999952,100000,0
TEMOA_V12,F27,10,23,390.5170592124905,10.725023544999885,100000,0
TEMOA_V12,F27,10,24,389.5138735029591,10.672462993999943,100000,0
TEMOA_V12,F27,10,25,394.39399926452734,10.730891266999606,100000,0
TEMOA_V12,F27,10,26,390.51703257983445,10.709770042999935,100000,0
TEMOA_V12,F27,10,27,390.51703257983445,10.737919316999978,100000,0
TEMOA_V12,F27,10,28,390.51703257983445,10.743170616000043,100000,0
TEMOA_V12,F27,10,29,390.51703257983445,10.905586636999942,100000,0
TEMOA_V12,F27,10,30,390.51703257983445,11.059142424000129,100000,0
TEMOA_V12,F27,10,31,390.51703257983445,10.778894867999952,100000,0
TEMOA_V12,F27,10,32,389.5138735029591,10.76136444399981,100000,0
TEMOA_V12,F27,10,33,390.51703257983445,10.813087590000123,100000,0
TEMOA_V12,F27,10,34,390.51703257983445,10.782604644999992,100000,0
TEMOA_V12,F27,10,35,389.5138735029591,10.736438217999876,100000,0
TEMOA_V12,F27,10,36,390.5176418833362,10.707622755000102,100000,0
TEMOA_V12,F27,10,37,389.5138735029591,10.754808939000213,100000,0
TEMOA_V12,F27,10,38,397.48723524643447,10.872164980000434,100000,0
TEMOA_V12,F27,10,39,389.5138735029591,10.930354668999826,100000,0
TEMOA_V12,F27,10,40,389.5140361221502,10.749802845999966,100000,0
TEMOA_V12,F27,10,41,389.5138735029591,10.693888304000211,100000,0
TEMOA_V12,F27,10,42,389.5138735029591,10.68679208200001,100000,0
TEMOA_V12,F27,10,43,396.33004871958246,10.768270862000008,100000,0
TEMOA_V12,F27,10,44,389.5284534748871,10.637952426000084,100000,0
TEMOA_V12,F27,10,45,395.5935186018105,10.79306399799998,100000,0
TEMOA_V12,F27,10,46,389.5147518804465,10.713672124999903,100000,0
TEMOA_V12,F27,10,47,389.51387350295954,10.958913472999939,100000,0
TEMOA_V12,F27,10,48,390.51703257983445,10.857510380999884,100000,0
TEMOA_V12,F27,10,49,389.5138735029591,10.737174715000037,100000,0
TEMOA_V12,F27,10,50,389.5139282061168,10.678690320999976,100000,0
jSO,F27,10,0,390.51703257983445,10.783046987000034,100000,0
jSO,F27,10,1,390.51703257983445,10.670127728999887,100000,0
jSO,F27,10,2,397.5658992479862,10.569203920000291,100000,0
jSO,F27,10,3,389.5138735029591,10.557090856999821,100000,0
jSO,F27,10,4,390.51703257983445,10.466292677999718,100000,0
jSO,F27,10,5,390.51703257983445,10.533202179,100000,0
jSO,F27,10,6,389.51387350295863,10.488190049999957,100000,0
jSO,F27,10,7,390.51703257983445,10.529308158000276,100000,0
jSO,F27,10,8,390.51703257983445,10.527703073999874,100000,0
jSO,F27,10,9,389.51387350295863,10.435546133000116,100000,0
jSO,F27,10,10,394.58581218650534,10.581281635999858,100000,0
jSO,F27,10,11,389.51387350295863,10.461377671999799,100000,0
jSO,F27,10,12,389.5138735029591,10.520053837999967,100000,0
jSO,F27,10,13,390.51703257983445,10.620161031999942,100000,0
jSO,F27,10,14,390.51703257983445,10.66019402799975,100000,0
jSO,F27,10,15,390.51703257983445,10.539163088999885,100000,0
jSO,F27,10,16,396.86762343202963,10.521295451000242,100000,0
jSO,F27,10,17,389.51387350295863,10.600845948999904,100000,0
jSO,F27,10,18,389.51387350295863,10.481548806000319,100000,0
jSO,F27,10,19,397.5658992479862,10.679963210000096,100000,0
jSO,F27,10,20,389.5138735029591,10.530531084999893,100000,0
jSO,F27,10,21,390.51703257983445,10.74979300599989,100000,0
jSO,F27,10,22,396.86762343202963,10.522127518999696,100000,0
jSO,F27,10,23,389.51387350295863,10.492932954000025,100000,0
jSO,F27,10,24,390.51703257983445,10.481553515000087,100000,0
jSO,F27,10,25,390.51703257983445,10.662977721000061,100000,0
jSO,F27,10,26,390.51703257983445,10.614987225999812,100000,0
jSO,F27,10,27,390.51703257983445,10.639328363999994,100000,0
jSO,F27,10,28,390.51703257983445,10.709517195999979,100000,0
jSO,F27,10,29,389.51387350295863,10.540588598999875,100000,0
jSO,F27,10,30,390.51703257983445,10.505242230000022,100000,0
jSO,F27,10,31,390.51703257983445,10.49520844699964,100000,0
jSO,F27,10,32,390.51703257983445,10.475326852999842,100000,0
jSO,F27,10,33,390.51703257983445,10.706371379000302,100000,0
jSO,F27,10,34,390.51703257983445,10.579625490000126,100000,0
jSO,F27,10,35,396.86762343202963,10.552210181000191,100000,0
jSO,F27,10,36,389.51387350295863,10.559762417999991,100000,0
jSO,F27,10,37,389.51387350295863,10.539719265999793,100000,0
jSO,F27,10,38,390.51703257983445,10.704137986000205,100000,0
jSO,F27,10,39,397.7554566444055,10.54159196799992,100000,0
jSO,F27,10,40,389.51387350295863,10.523386812000354,100000,0
jSO,F27,10,41,390.51703257983445,10.61896283399983,100000,0
jSO,F27,10,42,390.51703257983445,10.592146923999735,100000,0
jSO,F27,10,43,394.58581218650534,10.6387136809999,100000,0
jSO,F27,10,44,390.51703257983445,10.479309845999978,100000,0
jSO,F27,10,45,390.51703257983445,10.526800603000083,100000,0
jSO,F27,10,46,390.51703257983445,10.600243586000033,100000,0
jSO,F27,10,47,394.58581218650534,10.516187008000088,100000,0
jSO,F27,10,48,390.51703257983445,10.505498737999915,100000,0
jSO,F27,10,49,389.51387350295863,10.512107761999687,100000,0
jSO,F27,10,50,389.51387350295863,10.461753117000171,100000,0
sepCMAES,F27,10,0,393.21832230353357,15.428516691000368,100000,0
sepCMAES,F27,10,1,393.29393494092164,15.38705447800021,100000,0
sepCMAES,F27,10,2,395.992491085397,15.451238562000071,100000,0
sepCMAES,F27,10,3,395.992491085397,15.253833906000182,100000,0
sepCMAES,F27,10,4,394.4564880287917,15.443712330999915,100000,0
sepCMAES,F27,10,5,394.4117455254259,15.478618115000245,100000,0
sepCMAES,F27,10,6,394.58581218650534,15.528874528000415,100000,0
sepCMAES,F27,10,7,393.9534486096968,15.377642104999723,100000,0
sepCMAES,F27,10,8,394.48563958297063,15.400867176000247,100000,0
sepCMAES,F27,10,9,394.4564567552684,15.412068642000122,100000,0
sepCMAES,F27,10,10,394.46427988411824,15.352971465000337,100000,0
sepCMAES,F27,10,11,394.45210349413946,15.452347731999907,100000,0
sepCMAES,F27,10,12,394.44770257197615,15.369682395000382,100000,0
sepCMAES,F27,10,13,394.4314741433036,15.433784254000784,100000,0
sepCMAES,F27,10,14,389.57976187871054,15.530687939000018,100000,0
sepCMAES,F27,10,15,395.59597980179205,15.349678595000114,100000,0
sepCMAES,F27,10,16,389.6265401350861,15.285004755000045,100000,0
sepCMAES,F27,10,17,393.3799944200082,15.43481738399987,100000,0
sepCMAES,F27,10,18,2.3799225783445763,15.49395717600055,100000,0
sepCMAES,F27,10,19,393.99277836735655,15.499273923000146,100000,0
sepCMAES,F27,10,20,389.631325481093,15.59704285800035,100000,0
sepCMAES,F27,10,21,394.4844103302121,15.569266553000489,100000,0
sepCMAES,F27,10,22,394.1321768417897,15.43128499299928,100000,0
sepCMAES,F27,10,23,394.0846970498019,15.57848470800036,100000,0
sepCMAES,F27,10,24,390.3863835938837,15.658985314000347,100000,0
sepCMAES,F27,10,25,394.52918557453586,15.640221631999339,100000,0
sepCMAES,F27,10,26,389.8236947295909,15.219126160000087,100000,0
sepCMAES,F27,10,27,397.49570925109356,15.421765050000431,100000,0
sepCMAES,F27,10,28,389.5287938768515,15.2983099460007,100000,0
sepCMAES,F27,10,29,393.157288546633,15.75334636900061,100000,0
sepCMAES,F27,10,30,395.59527489928223,15.462381897000341,100000,0
sepCMAES,F27,10,31,395.992491085397,15.593406529999811,100000,0
sepCMAES,F27,10,32,396.181698992561,15.536935901999641,100000,0
sepCMAES,F27,10,33,394.4622477188236,15.473013634999916,100000,0
sepCMAES,F27,10,34,394.39162452767505,15.321332987999995,100000,0
sepCMAES,F27,10,35,393.18497259288506,15.518547290999777,100000,0
sepCMAES,F27,10,36,390.51703257983445,15.588210652999805,100000,0
sepCMAES,F27,10,37,390.51703257983445,15.439236555000207,100000,0
sepCMAES,F27,10,38,394.1052984212847,15.483028312999522,100000,0
sepCMAES,F27,10,39,394.4150898949647,15.75433967400022,100000,0
sepCMAES,F27,10,40,395.992491085397,15.362734573000125,100000,0
sepCMAES,F27,10,41,393.45178568941355,15.492777690999901,100000,0
sepCMAES,F27,10,42,395.5968107290373,15.490314094000496,100000,0
sepCMAES,F27,10,43,394.45234160859764,15.484778736999942,100000,0
sepCMAES,F27,10,44,389.59970979421405,15.50538175499969,100000,0
sepCMAES,F27,10,45,394.4616015639658,15.425833586000408,100000,0
sepCMAES,F27,10,46,393.1719699918731,15.580121717000111,100000,0
sepCMAES,F27,10,47,393.41235970987873,15.39870112799963,100000,0
sepCMAES,F27,10,48,394.7334387204064,15.563406768000277,100000,0
sepCMAES,F27,10,49,390.51703257983445,15.408859678999761,100000,0
sepCMAES,F27,10,50,389.76055669000834,15.655527398000231,100000,0
BIPOP_CMAES,F28,10,0,0.0,25.22810647499955,100000,0
BIPOP_CMAES,F28,10,1,0.0,25.011414414000683,100000,0
BIPOP_CMAES,F28,10,2,0.0,25.21073215999968,100000,0
BIPOP_CMAES,F28,10,3,0.0,24.776686957000493,100000,0
BIPOP_CMAES,F28,10,4,0.0,24.12285243199949,100000,0
BIPOP_CMAES,F28,10,5,0.0,24.430182544999298,100000,0
BIPOP_CMAES,F28,10,6,0.0,24.188756962000298,100000,0
BIPOP_CMAES,F28,10,7,0.0,24.936505959999522,100000,0
BIPOP_CMAES,F28,10,8,0.0,24.754788988000655,100000,0
BIPOP_CMAES,F28,10,9,0.0,24.983020645999204,100000,0
BIPOP_CMAES,F28,10,10,0.0,24.249755438000648,100000,0
BIPOP_CMAES,F28,10,11,0.0,23.97516441100015,100000,0
BIPOP_CMAES,F28,10,12,0.0,24.35185836399978,100000,0
BIPOP_CMAES,F28,10,13,0.0,24.730287481000232,100000,0
BIPOP_CMAES,F28,10,14,0.0,24.901056117000735,100000,0
BIPOP_CMAES,F28,10,15,0.0,24.437636129000566,100000,0
BIPOP_CMAES,F28,10,16,0.0,24.99818143399989,100000,0
BIPOP_CMAES,F28,10,17,0.0,24.706024816000536,100000,0
BIPOP_CMAES,F28,10,18,0.0,24.75749554899994,100000,0
BIPOP_CMAES,F28,10,19,0.0,24.631838244999926,100000,0
BIPOP_CMAES,F28,10,20,0.0,25.197904444000415,100000,0
BIPOP_CMAES,F28,10,21,0.0,24.118550698000035,100000,0
BIPOP_CMAES,F28,10,22,0.0,25.026200992000668,100000,0
BIPOP_CMAES,F28,10,23,0.0,24.801113444999828,100000,0
BIPOP_CMAES,F28,10,24,0.0,24.347778062000543,100000,0
BIPOP_CMAES,F28,10,25,0.0,25.086063679999825,100000,0
BIPOP_CMAES,F28,10,26,0.0,24.819020018999254,100000,0
BIPOP_CMAES,F28,10,27,0.0,25.075663763999728,100000,0
BIPOP_CMAES,F28,10,28,0.0,24.00146963899988,100000,0
BIPOP_CMAES,F28,10,29,0.0,24.507291709999663,100000,0
BIPOP_CMAES,F28,10,30,0.0,24.89189253299992,100000,0
BIPOP_CMAES,F28,10,31,0.0,25.188013898999998,100000,0
BIPOP_CMAES,F28,10,32,0.0,24.255725824000365,100000,0
BIPOP_CMAES,F28,10,33,0.0,24.37207240599946,100000,0
BIPOP_CMAES,F28,10,34,0.0,24.954200533999938,100000,0
BIPOP_CMAES,F28,10,35,0.0,24.731572171000153,100000,0
BIPOP_CMAES,F28,10,36,0.0,24.889875312000186,100000,0
BIPOP_CMAES,F28,10,37,0.0,24.519447171999673,100000,0
BIPOP_CMAES,F28,10,38,0.0,24.912682002999645,100000,0
BIPOP_CMAES,F28,10,39,0.0,24.84793198599982,100000,0
BIPOP_CMAES,F28,10,40,0.0,25.45299566199992,100000,0
BIPOP_CMAES,F28,10,41,0.0,24.50668498699997,100000,0
BIPOP_CMAES,F28,10,42,0.0,24.559961653000755,100000,0
BIPOP_CMAES,F28,10,43,0.0,24.4804740590007,100000,0
BIPOP_CMAES,F28,10,44,0.0,24.820910705000642,100000,0
BIPOP_CMAES,F28,10,45,0.0,25.143859808999878,100000,0
BIPOP_CMAES,F28,10,46,0.0,23.701790004999566,100000,0
BIPOP_CMAES,F28,10,47,0.0,24.245573553000213,100000,0
BIPOP_CMAES,F28,10,48,0.0,24.773741394999888,100000,0
BIPOP_CMAES,F28,10,49,0.0,24.956676013000106,100000,0
BIPOP_CMAES,F28,10,50,0.0,24.6848659820007,100000,0
CMAES,F28,10,0,0.0,28.189968541999406,100000,0
CMAES,F28,10,1,0.0,28.07297001400002,100000,0
CMAES,F28,10,2,0.0,28.093183221999425,100000,0
CMAES,F28,10,3,0.0,28.03594889699889,100000,0
CMAES,F28,10,4,0.0,27.923097767999934,100000,0
CMAES,F28,10,5,0.0,28.108329998000045,100000,0
CMAES,F28,10,6,0.0,28.09746420400006,100000,0
CMAES,F28,10,7,0.0,28.00331414899847,100000,0
CMAES,F28,10,8,0.0,28.22761923700091,100000,0
CMAES,F28,10,9,0.0,28.022189798999534,100000,0
CMAES,F28,10,10,0.0,28.025383903001057,100000,0
CMAES,F28,10,11,0.0,27.672233281000445,100000,0
CMAES,F28,10,12,0.0,28.165643921998708,100000,0
CMAES,F28,10,13,0.0,28.100224215999333,100000,0
CMAES,F28,10,14,0.0,28.086411223999676,100000,0
CMAES,F28,10,15,0.0,28.04045310299989,100000,0
CMAES,F28,10,16,0.0,28.125012926000636,100000,0
CMAES,F28,10,17,0.0,27.924023468000087,100000,0
CMAES,F28,10,18,0.0,28.066386471000442,100000,0
CMAES,F28,10,19,0.0,28.04204451500118,100000,0
CMAES,F28,10,20,0.0,28.157835154999702,100000,0
CMAES,F28,10,21,0.0,28.22964784100077,100000,0
CMAES,F28,10,22,0.0,28.044825461000073,100000,0
CMAES,F28,10,23,0.0,28.012140745999204,100000,0
CMAES,F28,10,24,0.0,28.14051709299929,100000,0
CMAES,F28,10,25,0.0,28.11814490500001,100000,0
CMAES,F28,10,26,0.0,28.13466635199984,100000,0
CMAES,F28,10,27,0.0,28.018970652999997,100000,0
CMAES,F28,10,28,0.0,28.146284725999067,100000,0
CMAES,F28,10,29,0.0,28.047455034999075,100000,0
CMAES,F28,10,30,0.0,28.116609814000185,100000,0
CMAES,F28,10,31,0.0,28.11024835399985,100000,0
CMAES,F28,10,32,0.0,28.355575862000478,100000,0
CMAES,F28,10,33,0.0,28.26343136200012,100000,0
CMAES,F28,10,34,0.0,28.17329262599924,100000,0
CMAES,F28,10,35,0.0,28.107267642000807,100000,0
CMAES,F28,10,36,0.0,28.327286608999202,100000,0
CMAES,F28,10,37,0.0,28.240133315001003,100000,0
CMAES,F28,10,38,0.0,28.090923533000023,100000,0
CMAES,F28,10,39,0.0,28.271015305999754,100000,0
CMAES,F28,10,40,0.0,28.271293735000654,100000,0
CMAES,F28,10,41,0.0,28.27329179299886,100000,0
CMAES,F28,10,42,0.0,28.119758381999418,100000,0
CMAES,F28,10,43,0.0,28.194150395998804,100000,0
CMAES,F28,10,44,0.0,28.269974718999947,100000,0
CMAES,F28,10,45,0.0,28.250544766999155,100000,0
CMAES,F28,10,46,0.0,28.013453507999657,100000,0
CMAES,F28,10,47,0.0,28.25037388900091,100000,0
CMAES,F28,10,48,0.0,28.21546448800109,100000,0
CMAES,F28,10,49,0.0,28.06244153300031,100000,0
CMAES,F28,10,50,0.0,28.280171099000654,100000,0
IPOP_CMAES,F28,10,0,0.0,23.6578605779996,100000,0
IPOP_CMAES,F28,10,1,0.0,23.16367586999968,100000,0
IPOP_CMAES,F28,10,2,0.0,23.179260545000034,100000,0
IPOP_CMAES,F28,10,3,0.0,23.431011108000348,100000,0
IPOP_CMAES,F28,10,4,0.0,23.487981117000345,100000,0
IPOP_CMAES,F28,10,5,0.0,23.567631883000104,100000,0
IPOP_CMAES,F28,10,6,0.0,23.435845967000205,100000,0
IPOP_CMAES,F28,10,7,0.0,23.82407289299954,100000,0
IPOP_CMAES,F28,10,8,0.0,23.8382741610003,100000,0
IPOP_CMAES,F28,10,9,0.0,23.942312983000193,100000,0
IPOP_CMAES,F28,10,10,0.0,23.19024260599963,100000,0
IPOP_CMAES,F28,10,11,0.0,23.900303213999905,100000,0
IPOP_CMAES,F28,10,12,0.0,23.69232141900011,100000,0
IPOP_CMAES,F28,10,13,0.0,23.896470710999893,100000,0
IPOP_CMAES,F28,10,14,0.0,23.884207330999743,100000,0
IPOP_CMAES,F28,10,15,0.0,23.833475171999453,100000,0
IPOP_CMAES,F28,10,16,0.0,23.77399351799977,100000,0
IPOP_CMAES,F28,10,17,0.0,23.160614727999928,100000,0
IPOP_CMAES,F28,10,18,0.0,23.47629495700039,100000,0
IPOP_CMAES,F28,10,19,0.0,23.06654847200025,100000,0
IPOP_CMAES,F28,10,20,0.0,23.620360261000314,100000,0
IPOP_CMAES,F28,10,21,0.0,23.48758236499998,100000,0
IPOP_CMAES,F28,10,22,0.0,23.435372311999345,100000,0
IPOP_CMAES,F28,10,23,0.0,24.11378638699989,100000,0
IPOP_CMAES,F28,10,24,0.0,23.761664335000205,100000,0
IPOP_CMAES,F28,10,25,0.0,23.35667544900025,100000,0
IPOP_CMAES,F28,10,26,0.0,23.982094828999834,100000,0
IPOP_CMAES,F28,10,27,0.0,23.969145068000216,100000,0
IPOP_CMAES,F28,10,28,0.0,23.901422231999277,100000,0
IPOP_CMAES,F28,10,29,0.0,23.985159838999607,100000,0
IPOP_CMAES,F28,10,30,0.0,23.97864538199974,100000,0
IPOP_CMAES,F28,10,31,0.0,23.717645844999424,100000,0
IPOP_CMAES,F28,10,32,0.0,23.605356530999416,100000,0
IPOP_CMAES,F28,10,33,0.0,23.533903692999957,100000,0
IPOP_CMAES,F28,10,34,0.0,23.67370087800009,100000,0
IPOP_CMAES,F28,10,35,0.0,22.899609748999865,100000,0
IPOP_CMAES,F28,10,36,0.0,23.837296492999485,100000,0
IPOP_CMAES,F28,10,37,0.0,23.462355843000296,100000,0
IPOP_CMAES,F28,10,38,0.0,24.017329176000203,100000,0
IPOP_CMAES,F28,10,39,0.0,23.9027295650003,100000,0
IPOP_CMAES,F28,10,40,0.0,23.92317703200024,100000,0
IPOP_CMAES,F28,10,41,0.0,23.5723699199998,100000,0
IPOP_CMAES,F28,10,42,0.0,23.646773790000225,100000,0
IPOP_CMAES,F28,10,43,0.0,23.237338482999803,100000,0
IPOP_CMAES,F28,10,44,0.0,23.101942590000363,100000,0
IPOP_CMAES,F28,10,45,0.0,23.729054403999726,100000,0
IPOP_CMAES,F28,10,46,0.0,23.84258778399999,100000,0
IPOP_CMAES,F28,10,47,0.0,23.717901242000153,100000,0
IPOP_CMAES,F28,10,48,0.0,23.064350672000728,100000,0
IPOP_CMAES,F28,10,49,0.0,23.033690988999297,100000,0
IPOP_CMAES,F28,10,50,0.0,23.80576898899926,100000,0
L-SHADE-DGR,F28,10,0,0.0,18.820916355999984,100000,0
L-SHADE-DGR,F28,10,1,0.0,18.90858987499999,100000,0
L-SHADE-DGR,F28,10,2,0.0,18.981482784000008,100000,0
L-SHADE-DGR,F28,10,3,0.0,19.036695315999992,100000,0
L-SHADE-DGR,F28,10,4,0.0,18.952135322999993,100000,0
L-SHADE-DGR,F28,10,5,0.0,18.87732930499999,100000,0
L-SHADE-DGR,F28,10,6,0.0,18.68774165900001,100000,0
L-SHADE-DGR,F28,10,7,0.0,18.715445465000016,100000,0
L-SHADE-DGR,F28,10,8,0.0,18.749690791000035,100000,0
L-SHADE-DGR,F28,10,9,0.0,18.78989999600003,100000,0
L-SHADE-DGR,F28,10,10,0.0,18.84992429900001,100000,0
L-SHADE-DGR,F28,10,11,0.0,18.741731944000037,100000,0
L-SHADE-DGR,F28,10,12,0.0,18.524239600999977,100000,0
L-SHADE-DGR,F28,10,13,0.0,18.680788364000023,100000,0
L-SHADE-DGR,F28,10,14,0.0,18.517944961000012,100000,0
L-SHADE-DGR,F28,10,15,0.0,18.429053699000008,100000,0
L-SHADE-DGR,F28,10,16,0.0,18.532314040000017,100000,0
L-SHADE-DGR,F28,10,17,0.0,18.45735094700001,100000,0
L-SHADE-DGR,F28,10,18,0.0,18.548247549999985,100000,0
L-SHADE-DGR,F28,10,19,0.0,18.65952747,100000,0
L-SHADE-DGR,F28,10,20,0.0,18.64811936800004,100000,0
L-SHADE-DGR,F28,10,21,0.0,18.565806543000008,100000,0
L-SHADE-DGR,F28,10,22,0.0,18.528837334999935,100000,0
L-SHADE-DGR,F28,10,23,0.0,18.513511196999957,100000,0
L-SHADE-DGR,F28,10,24,0.0,18.563801113999943,100000,0
L-SHADE-DGR,F28,10,25,0.0,18.53994164700009,100000,0
L-SHADE-DGR,F28,10,26,0.0,18.57471285099996,100000,0
L-SHADE-DGR,F28,10,27,0.0,18.551643730000023,100000,0
L-SHADE-DGR,F28,10,28,0.0,18.538800259000027,100000,0
L-SHADE-DGR,F28,10,29,0.0,18.563390007999942,100000,0
L-SHADE-DGR,F28,10,30,0.0,18.57358609100004,100000,0
L-SHADE-DGR,F28,10,31,0.0,18.55595628499998,100000,0
L-SHADE-DGR,F28,10,32,0.0,18.628483849999952,100000,0
L-SHADE-DGR,F28,10,33,0.0,18.610190924999984,100000,0
L-SHADE-DGR,F28,10,34,0.0,18.687662228000022,100000,0
L-SHADE-DGR,F28,10,35,0.0,18.651250327999946,100000,0
L-SHADE-DGR,F28,10,36,0.0,18.58637352700009,100000,0
L-SHADE-DGR,F28,10,37,0.0,18.622938009999984,100000,0
L-SHADE-DGR,F28,10,38,0.0,18.63568830300005,100000,0
L-SHADE-DGR,F28,10,39,0.0,18.621574417000033,100000,0
L-SHADE-DGR,F28,10,40,0.0,18.65666149900005,100000,0
L-SHADE-DGR,F28,10,41,0.0,18.604229956999916,100000,0
L-SHADE-DGR,F28,10,42,0.0,18.618262163000054,100000,0
L-SHADE-DGR,F28,10,43,0.0,18.600308298000073,100000,0
L-SHADE-DGR,F28,10,44,0.0,18.678344476000007,100000,0
L-SHADE-DGR,F28,10,45,0.0,18.67669377300001,100000,0
L-SHADE-DGR,F28,10,46,0.0,18.60742784399997,100000,0
L-SHADE-DGR,F28,10,47,0.0,18.61244788700003,100000,0
L-SHADE-DGR,F28,10,48,0.0,18.66077420700003,100000,0
L-SHADE-DGR,F28,10,49,0.0,18.711334738999994,100000,0
L-SHADE-DGR,F28,10,50,0.0,18.717250663000186,100000,0
LSHADE,F28,10,0,0.0,18.06902931400009,100000,0
LSHADE,F28,10,1,0.0,18.101704461999816,100000,0
LSHADE,F28,10,2,0.0,18.152220169999964,100000,0
LSHADE,F28,10,3,0.0,18.134320103999926,100000,0
LSHADE,F28,10,4,0.0,18.074530669000524,100000,0
LSHADE,F28,10,5,0.0,18.100124617999427,100000,0
LSHADE,F28,10,6,0.0,18.11281674899965,100000,0
LSHADE,F28,10,7,0.0,17.984325868999804,100000,0
LSHADE,F28,10,8,0.0,17.85837410699969,100000,0
LSHADE,F28,10,9,0.0,18.048168844999964,100000,0
LSHADE,F28,10,10,0.0,18.07605388199954,100000,0
LSHADE,F28,10,11,0.0,18.09005466600047,100000,0
LSHADE,F28,10,12,0.0,18.01927289699961,100000,0
LSHADE,F28,10,13,0.0,18.072472477999327,100000,0
LSHADE,F28,10,14,0.0,18.13540251900031,100000,0
LSHADE,F28,10,15,0.0,18.054890731999876,100000,0
LSHADE,F28,10,16,0.0,18.093248815999686,100000,0
LSHADE,F28,10,17,0.0,18.00051031900057,100000,0
LSHADE,F28,10,18,0.0,18.029098170999532,100000,0
LSHADE,F28,10,19,0.0,18.02828021499954,100000,0
LSHADE,F28,10,20,0.0,18.115374199000144,100000,0
LSHADE,F28,10,21,0.0,18.123558229000082,100000,0
LSHADE,F28,10,22,0.0,18.081677676000254,100000,0
LSHADE,F28,10,23,0.0,18.113360582000496,100000,0
LSHADE,F28,10,24,0.0,18.07856185499986,100000,0
LSHADE,F28,10,25,0.0,18.09335234900027,100000,0
LSHADE,F28,10,26,0.0,18.101944105000257,100000,0
LSHADE,F28,10,27,0.0,18.130572243999268,100000,0
LSHADE,F28,10,28,0.0,18.030051452999942,100000,0
LSHADE,F28,10,29,0.0,18.031300349999583,100000,0
LSHADE,F28,10,30,0.0,18.10904945599941,100000,0
LSHADE,F28,10,31,0.0,18.020100189000004,100000,0
LSHADE,F28,10,32,0.0,18.025176478000503,100000,0
LSHADE,F28,10,33,0.0,18.2061212790004,100000,0
LSHADE,F28,10,34,0.0,18.217532498000764,100000,0
LSHADE,F28,10,35,0.0,18.281645177999962,100000,0
LSHADE,F28,10,36,0.0,18.273409610999806,100000,0
LSHADE,F28,10,37,0.0,18.355739573999927,100000,0
LSHADE,F28,10,38,0.0,18.342050184000072,100000,0
LSHADE,F28,10,39,0.0,18.085986375000175,100000,0
LSHADE,F28,10,40,0.0,17.90758142999948,100000,0
LSHADE,F28,10,41,0.0,18.009099404999688,100000,0
LSHADE,F28,10,42,0.0,18.058599162000064,100000,0
LSHADE,F28,10,43,0.0,18.1052290560001,100000,0
LSHADE,F28,10,44,0.0,18.081341505000637,100000,0
LSHADE,F28,10,45,0.0,18.123965551000765,100000,0
LSHADE,F28,10,46,0.0,18.102779284999997,100000,0
LSHADE,F28,10,47,0.0,18.08282483000039,100000,0
LSHADE,F28,10,48,0.0,18.08122284900037,100000,0
LSHADE,F28,10,49,0.0,18.069337528000688,100000,0
LSHADE,F28,10,50,0.0,18.088696519999758,100000,0
TEMOA_V10,F28,10,0,0.0,19.95697958200003,100000,0
TEMOA_V10,F28,10,1,0.0,19.950393689000066,100000,0
TEMOA_V10,F28,10,2,0.0,19.96783137700004,100000,0
TEMOA_V10,F28,10,3,0.0,19.997799619000034,100000,0
TEMOA_V10,F28,10,4,0.0,20.08556378000003,100000,0
TEMOA_V10,F28,10,5,0.0,19.923606141000164,100000,0
TEMOA_V10,F28,10,6,0.0,19.921564915999852,100000,0
TEMOA_V10,F28,10,7,0.0,19.934035051000137,100000,0
TEMOA_V10,F28,10,8,0.0,19.94099096900004,100000,0
TEMOA_V10,F28,10,9,0.0,19.95054865799989,100000,0
TEMOA_V10,F28,10,10,0.0,19.972537756000065,100000,0
TEMOA_V10,F28,10,11,0.0,19.891221157000018,100000,0
TEMOA_V10,F28,10,12,0.0,19.935778497,100000,0
TEMOA_V10,F28,10,13,0.0,19.958744704999845,100000,0
TEMOA_V10,F28,10,14,0.0,19.907457054000133,100000,0
TEMOA_V10,F28,10,15,0.0,19.94355528699998,100000,0
TEMOA_V10,F28,10,16,0.0,19.829296227999976,100000,0
TEMOA_V10,F28,10,17,0.0,19.86565395300022,100000,0
TEMOA_V10,F28,10,18,0.0,19.86449887399999,100000,0
TEMOA_V10,F28,10,19,0.0,19.872901416000104,100000,0
TEMOA_V10,F28,10,20,0.0,19.903273938999973,100000,0
TEMOA_V10,F28,10,21,0.0,19.942290003999915,100000,0
TEMOA_V10,F28,10,22,0.0,19.815094329999965,100000,0
TEMOA_V10,F28,10,23,0.0,20.012840352000012,100000,0
TEMOA_V10,F28,10,24,0.0,19.88392690899991,100000,0
TEMOA_V10,F28,10,25,0.0,19.936244000999977,100000,0
TEMOA_V10,F28,10,26,0.0,19.88676165699985,100000,0
TEMOA_V10,F28,10,27,0.0,19.859001804999934,100000,0
TEMOA_V10,F28,10,28,0.0,19.83263196000007,100000,0
TEMOA_V10,F28,10,29,0.0,19.905521386999908,100000,0
TEMOA_V10,F28,10,30,0.0,19.840687850999984,100000,0
TEMOA_V10,F28,10,31,0.0,19.868557994999946,100000,0
TEMOA_V10,F28,10,32,0.0,19.91583642699993,100000,0
TEMOA_V10,F28,10,33,0.0,19.92351564600017,100000,0
TEMOA_V10,F28,10,34,0.0,19.924450618000037,100000,0
TEMOA_V10,F28,10,35,0.0,19.92263756400007,100000,0
TEMOA_V10,F28,10,36,0.0,19.86065377900013,100000,0
TEMOA_V10,F28,10,37,0.0,19.822770681999828,100000,0
TEMOA_V10,F28,10,38,0.0,19.854239129999996,100000,0
TEMOA_V10,F28,10,39,0.0,19.906622394999886,100000,0
TEMOA_V10,F28,10,40,0.0,19.854684887000076,100000,0
TEMOA_V10,F28,10,41,0.0,19.88512298400019,100000,0
TEMOA_V10,F28,10,42,0.0,19.83802264100018,100000,0
TEMOA_V10,F28,10,43,0.0,19.887154808000105,100000,0
TEMOA_V10,F28,10,44,0.0,19.901267605000157,100000,0
TEMOA_V10,F28,10,45,0.0,19.875657604000025,100000,0
TEMOA_V10,F28,10,46,0.0,19.8265642880001,100000,0
TEMOA_V10,F28,10,47,0.0,19.83933607600011,100000,0
TEMOA_V10,F28,10,48,0.0,19.8141013930001,100000,0
TEMOA_V10,F28,10,49,0.0,19.807540895000102,100000,0
TEMOA_V10,F28,10,50,0.0,19.93582728699994,100000,0
TEMOA_V11,F28,10,0,0.0,19.274283795999963,100000,0
TEMOA_V11,F28,10,1,0.0,19.302764026000204,100000,0
TEMOA_V11,F28,10,2,0.0,19.19697895499985,100000,0
TEMOA_V11,F28,10,3,0.0,19.136638422000033,100000,0
TEMOA_V11,F28,10,4,0.0,19.228805723000278,100000,0
TEMOA_V11,F28,10,5,0.0,19.122376097000142,100000,0
TEMOA_V11,F28,10,6,0.0,19.18151247700007,100000,0
TEMOA_V11,F28,10,7,0.0,19.225191810999604,100000,0
TEMOA_V11,F28,10,8,0.0,19.101737297,100000,0
TEMOA_V11,F28,10,9,0.0,19.06625975199995,100000,0
TEMOA_V11,F28,10,10,0.0,19.174184466000042,100000,0
TEMOA_V11,F28,10,11,0.0,19.12212034500044,100000,0
TEMOA_V11,F28,10,12,0.0,19.177176344000145,100000,0
TEMOA_V11,F28,10,13,0.0,19.12189149400001,100000,0
TEMOA_V11,F28,10,14,0.0,19.129036329999963,100000,0
TEMOA_V11,F28,10,15,0.0,19.14014192600007,100000,0
TEMOA_V11,F28,10,16,0.0,19.227776015000018,100000,0
TEMOA_V11,F28,10,17,0.0,19.23385098100016,100000,0
TEMOA_V11,F28,10,18,0.0,19.25376706599991,100000,0
TEMOA_V11,F28,10,19,0.0,19.135889773000144,100000,0
TEMOA_V11,F28,10,20,0.0,19.14001630799976,100000,0
TEMOA_V11,F28,10,21,0.0,19.08858984299968,100000,0
TEMOA_V11,F28,10,22,0.0,19.134465399999954,100000,0
TEMOA_V11,F28,10,23,0.0,19.060976045999723,100000,0
TEMOA_V11,F28,10,24,0.0,19.131649102999745,100000,0
TEMOA_V11,F28,10,25,0.0,19.112299026000073,100000,0
TEMOA_V11,F28,10,26,0.0,19.17681383700028,100000,0
TEMOA_V11,F28,10,27,0.0,19.196349316000124,100000,0
TEMOA_V11,F28,10,28,0.0,19.086736958000074,100000,0
TEMOA_V11,F28,10,29,0.0,19.09760874099993,100000,0
TEMOA_V11,F28,10,30,0.0,19.183028396999816,100000,0
TEMOA_V11,F28,10,31,0.0,19.149509897999906,100000,0
TEMOA_V11,F28,10,32,0.0,19.122567358000197,100000,0
TEMOA_V11,F28,10,33,0.0,19.22501063599975,100000,0
TEMOA_V11,F28,10,34,0.0,19.072205967000173,100000,0
TEMOA_V11,F28,10,35,0.0,19.148266734000117,100000,0
TEMOA_V11,F28,10,36,0.0,19.040046054000413,100000,0
TEMOA_V11,F28,10,37,0.0,19.095919215999857,100000,0
TEMOA_V11,F28,10,38,0.0,19.059866014999898,100000,0
TEMOA_V11,F28,10,39,0.0,19.116583806000108,100000,0
TEMOA_V11,F28,10,40,0.0,19.089745668999967,100000,0
TEMOA_V11,F28,10,41,0.0,19.076261895000243,100000,0
TEMOA_V11,F28,10,42,0.0,19.148092584000096,100000,0
TEMOA_V11,F28,10,43,0.0,19.210907255000166,100000,0
TEMOA_V11,F28,10,44,0.0,19.217030387999785,100000,0
TEMOA_V11,F28,10,45,0.0,19.15730021399986,100000,0
TEMOA_V11,F28,10,46,0.0,19.15108436899982,100000,0
TEMOA_V11,F28,10,47,0.0,19.02215847699972,100000,0
TEMOA_V11,F28,10,48,0.0,19.164376889000323,100000,0
TEMOA_V11,F28,10,49,0.0,19.21003964199963,100000,0
TEMOA_V11,F28,10,50,0.0,19.147234390999984,100000,0
TEMOA_V12,F28,10,0,0.0,18.578574506000223,100000,0
TEMOA_V12,F28,10,1,0.0,18.575563367000086,100000,0
TEMOA_V12,F28,10,2,0.0,18.528770546000032,100000,0
TEMOA_V12,F28,10,3,0.0,18.57822373399995,100000,0
TEMOA_V12,F28,10,4,0.0,18.627926203999777,100000,0
TEMOA_V12,F28,10,5,0.0,18.617916917000002,100000,0
TEMOA_V12,F28,10,6,0.0,18.56803116800029,100000,0
TEMOA_V12,F28,10,7,0.0,18.641519921000054,100000,0
TEMOA_V12,F28,10,8,0.0,18.67434121799988,100000,0
TEMOA_V12,F28,10,9,0.0,18.675408868999966,100000,0
TEMOA_V12,F28,10,10,0.0,18.676691991000098,100000,0
TEMOA_V12,F28,10,11,0.0,18.71828044100039,100000,0
TEMOA_V12,F28,10,12,0.0,18.757955112000218,100000,0
TEMOA_V12,F28,10,13,0.0,18.651088152000284,100000,0
TEMOA_V12,F28,10,14,0.0,18.672297038000124,100000,0
TEMOA_V12,F28,10,15,0.0,18.62121284700015,100000,0
TEMOA_V12,F28,10,16,0.0,18.69705639599988,100000,0
TEMOA_V12,F28,10,17,0.0,18.625454956999874,100000,0
TEMOA_V12,F28,10,18,0.0,18.666414966000048,100000,0
TEMOA_V12,F28,10,19,0.0,18.634668669999883,100000,0
TEMOA_V12,F28,10,20,0.0,18.631900107000092,100000,0
TEMOA_V12,F28,10,21,0.0,18.548180906999733,100000,0
TEMOA_V12,F28,10,22,0.0,18.531100612000046,100000,0
TEMOA_V12,F28,10,23,0.0,18.53473154600033,100000,0
TEMOA_V12,F28,10,24,0.0,18.602623566999682,100000,0
TEMOA_V12,F28,10,25,0.0,18.579895545,100000,0
TEMOA_V12,F28,10,26,0.0,18.561000045000128,100000,0
TEMOA_V12,F28,10,27,0.0,18.51466045899997,100000,0
TEMOA_V12,F28,10,28,0.0,18.53350949500009,100000,0
TEMOA_V12,F28,10,29,0.0,18.545276099999683,100000,0
TEMOA_V12,F28,10,30,0.0,18.502829248000126,100000,0
TEMOA_V12,F28,10,31,0.0,18.507960921000176,100000,0
TEMOA_V12,F28,10,32,0.0,18.539628458000152,100000,0
TEMOA_V12,F28,10,33,0.0,18.454330583999763,100000,0
TEMOA_V12,F28,10,34,0.0,18.525203910000073,100000,0
TEMOA_V12,F28,10,35,0.0,18.483794927999952,100000,0
TEMOA_V12,F28,10,36,0.0,18.475160313999822,100000,0
TEMOA_V12,F28,10,37,0.0,18.45471142500037,100000,0
TEMOA_V12,F28,10,38,0.0,18.489551552000194,100000,0
TEMOA_V12,F28,10,39,0.0,18.502893619000133,100000,0
TEMOA_V12,F28,10,40,0.0,18.47244609900008,100000,0
TEMOA_V12,F28,10,41,0.0,18.556442372999754,100000,0
TEMOA_V12,F28,10,42,0.0,18.507675930999994,100000,0
TEMOA_V12,F28,10,43,0.0,18.516475710000122,100000,0
TEMOA_V12,F28,10,44,0.0,18.55171165999991,100000,0
TEMOA_V12,F28,10,45,0.0,18.52228750600034,100000,0
TEMOA_V12,F28,10,46,0.0,18.609430771999996,100000,0
TEMOA_V12,F28,10,47,0.0,18.557500479999817,100000,0
TEMOA_V12,F28,10,48,0.0,18.52280147500005,100000,0
TEMOA_V12,F28,10,49,0.0,18.52899104500011,100000,0
TEMOA_V12,F28,10,50,0.0,18.58447203700007,100000,0
jSO,F28,10,0,0.0,18.026150276000408,100000,0
jSO,F28,10,1,0.0,17.963114861000577,100000,0
jSO,F28,10,2,0.0,18.03516503999981,100000,0
jSO,F28,10,3,0.0,18.127539285999774,100000,0
jSO,F28,10,4,0.0,18.133965994999926,100000,0
jSO,F28,10,5,0.0,18.133674881000843,100000,0
jSO,F28,10,6,0.0,18.111846592999427,100000,0
jSO,F28,10,7,0.0,17.962367100999472,100000,0
jSO,F28,10,8,0.0,18.103378851000343,100000,0
jSO,F28,10,9,0.0,18.128812322999693,100000,0
jSO,F28,10,10,0.0,18.075610167000377,100000,0
jSO,F28,10,11,0.0,18.020609416000298,100000,0
jSO,F28,10,12,0.0,18.109784311999647,100000,0
jSO,F28,10,13,0.0,18.13542813100048,100000,0
jSO,F28,10,14,0.0,18.057637488999717,100000,0
jSO,F28,10,15,0.0,18.03829780900014,100000,0
jSO,F28,10,16,0.0,18.112813771999754,100000,0
jSO,F28,10,17,0.0,18.01648811599989,100000,0
jSO,F28,10,18,0.0,18.096783596999558,100000,0
jSO,F28,10,19,0.0,18.121448465999492,100000,0
jSO,F28,10,20,0.0,18.13607408000007,100000,0
jSO,F28,10,21,0.0,18.038687082999786,100000,0
jSO,F28,10,22,0.0,18.172898747000545,100000,0
jSO,F28,10,23,0.0,18.060784811000303,100000,0
jSO,F28,10,24,0.0,18.05794734200026,100000,0
jSO,F28,10,25,0.0,18.131822665000072,100000,0
jSO,F28,10,26,0.0,18.14189208300013,100000,0
jSO,F28,10,27,0.0,17.985720212999695,100000,0
jSO,F28,10,28,0.0,18.114445266000075,100000,0
jSO,F28,10,29,0.0,18.12661838799977,100000,0
jSO,F28,10,30,0.0,18.140409650999572,100000,0
jSO,F28,10,31,0.0,18.195739239999966,100000,0
jSO,F28,10,32,0.0,18.052411192999898,100000,0
jSO,F28,10,33,0.0,18.101482396000392,100000,0
jSO,F28,10,34,0.0,18.199482164000074,100000,0
jSO,F28,10,35,0.0,18.190050840999902,100000,0
jSO,F28,10,36,0.0,18.060642660999292,100000,0
jSO,F28,10,37,0.0,18.151669799000047,100000,0
jSO,F28,10,38,0.0,18.065818078999655,100000,0
jSO,F28,10,39,0.0,18.053638284000044,100000,0
jSO,F28,10,40,0.0,18.013278696999805,100000,0
jSO,F28,10,41,0.0,18.15503163700032,100000,0
jSO,F28,10,42,0.0,18.204317198000354,100000,0
jSO,F28,10,43,0.0,18.16598342799989,100000,0
jSO,F28,10,44,0.0,18.189847085999645,100000,0
jSO,F28,10,45,0.0,18.03837991600085,100000,0
jSO,F28,10,46,0.0,18.05926193200048,100000,0
jSO,F28,10,47,0.0,18.03289726299954,100000,0
jSO,F28,10,48,0.0,18.02137118199971,100000,0
jSO,F28,10,49,0.0,18.129264090000106,100000,0
jSO,F28,10,50,0.0,17.984274321999692,100000,0
sepCMAES,F28,10,0,0.0,26.787766642999486,100000,0
sepCMAES,F28,10,1,0.0,26.86781765500018,100000,0
sepCMAES,F28,10,2,0.0,26.77816407299906,100000,0
sepCMAES,F28,10,3,0.0,26.763661421000506,100000,0
sepCMAES,F28,10,4,0.0,26.684521132001464,100000,0
sepCMAES,F28,10,5,0.0,26.571233384000152,100000,0
sepCMAES,F28,10,6,0.0,26.639316237000457,100000,0
sepCMAES,F28,10,7,0.0,26.666041607999432,100000,0
sepCMAES,F28,10,8,0.0,26.715027435999218,100000,0
sepCMAES,F28,10,9,0.0,26.392086369000026,100000,0
sepCMAES,F28,10,10,0.0,26.69887168599962,100000,0
sepCMAES,F28,10,11,0.0,26.787653906998457,100000,0
sepCMAES,F28,10,12,0.0,26.80862563499977,100000,0
sepCMAES,F28,10,13,0.0,26.8250729880001,100000,0
sepCMAES,F28,10,14,0.0,26.73257845599983,100000,0
sepCMAES,F28,10,15,0.0,26.671651979999297,100000,0
sepCMAES,F28,10,16,0.0,26.812025453000388,100000,0
sepCMAES,F28,10,17,0.0,26.54679188099908,100000,0
sepCMAES,F28,10,18,0.0,26.662535337998634,100000,0
sepCMAES,F28,10,19,0.0,26.770222043000103,100000,0
sepCMAES,F28,10,20,0.0,26.884602860000086,100000,0
sepCMAES,F28,10,21,0.0,26.77722053099933,100000,0
sepCMAES,F28,10,22,0.0,26.8646625270012,100000,0
sepCMAES,F28,10,23,0.0,26.81140955199953,100000,0
sepCMAES,F28,10,24,0.0,26.742097889000433,100000,0
sepCMAES,F28,10,25,0.0,26.821598986000026,100000,0
sepCMAES,F28,10,26,0.0,26.756734873000823,100000,0
sepCMAES,F28,10,27,0.0,26.88542905599934,100000,0
sepCMAES,F28,10,28,0.0,26.58463131999997,100000,0
sepCMAES,F28,10,29,0.0,26.789141059998656,100000,0
sepCMAES,F28,10,30,0.0,26.69682602499961,100000,0
sepCMAES,F28,10,31,0.0,26.69043553099982,100000,0
sepCMAES,F28,10,32,0.0,26.744605841999146,100000,0
sepCMAES,F28,10,33,0.0,26.61336657600077,100000,0
sepCMAES,F28,10,34,0.0,26.796156902000803,100000,0
sepCMAES,F28,10,35,0.0,26.86845403100051,100000,0
sepCMAES,F28,10,36,0.0,26.666316584000015,100000,0
sepCMAES,F28,10,37,0.0,26.743998603000364,100000,0
sepCMAES,F28,10,38,0.0,26.762416449999364,100000,0
sepCMAES,F28,10,39,0.0,26.63003484699948,100000,0
sepCMAES,F28,10,40,0.0,26.65704046599967,100000,0
sepCMAES,F28,10,41,0.0,26.542336123000496,100000,0
sepCMAES,F28,10,42,0.0,26.70499229000052,100000,0
sepCMAES,F28,10,43,0.0,26.790256549000333,100000,0
sepCMAES,F28,10,44,0.0,26.518482072000552,100000,0
sepCMAES,F28,10,45,0.0,26.804971468000076,100000,0
sepCMAES,F28,10,46,0.0,26.81256448199929,100000,0
sepCMAES,F28,10,47,0.0,26.80234089899932,100000,0
sepCMAES,F28,10,48,0.0,26.637652862000323,100000,0
sepCMAES,F28,10,49,0.0,26.75169765100145,100000,0
sepCMAES,F28,10,50,0.0,26.61134548100017,100000,0
BIPOP_CMAES,F29,10,0,1047.1107832677399,27.713658991000557,100000,0
BIPOP_CMAES,F29,10,1,1002.1132139194478,28.124777193000227,100000,0
BIPOP_CMAES,F29,10,2,990.0595196292657,28.445690229999855,100000,0
BIPOP_CMAES,F29,10,3,1044.366092428485,27.04435133700008,100000,0
BIPOP_CMAES,F29,10,4,1055.971490584383,27.24497096399955,100000,0
BIPOP_CMAES,F29,10,5,1037.4507528213217,26.498363808999784,100000,0
BIPOP_CMAES,F29,10,6,996.5189531980905,26.96856473800017,100000,0
BIPOP_CMAES,F29,10,7,986.1689441496364,27.462647852999908,100000,0
BIPOP_CMAES,F29,10,8,989.7012245791416,27.746002411000518,100000,0
BIPOP_CMAES,F29,10,9,1045.7317535373513,26.828296971999407,100000,0
BIPOP_CMAES,F29,10,10,986.4559542188963,27.194607810999514,100000,0
BIPOP_CMAES,F29,10,11,1044.7696107585725,27.386776264999753,100000,0
BIPOP_CMAES,F29,10,12,984.7101754392161,27.221596674000466,100000,0
BIPOP_CMAES,F29,10,13,1052.4595511204634,27.461196400999142,100000,0
BIPOP_CMAES,F29,10,14,984.0130123686108,27.917214508000143,100000,0
BIPOP_CMAES,F29,10,15,1013.4409089995115,27.22593908500039,100000,0
BIPOP_CMAES,F29,10,16,1032.1243875362788,28.24443400799919,100000,0
BIPOP_CMAES,F29,10,17,1057.8078347937176,29.05674114700014,100000,0
BIPOP_CMAES,F29,10,18,1043.3392263565993,28.59916160100056,100000,0
BIPOP_CMAES,F29,10,19,1040.616412248114,26.809739897000327,100000,0
BIPOP_CMAES,F29,10,20,983.7087772854202,27.315298964999783,100000,0
BIPOP_CMAES,F29,10,21,986.1103566151969,27.683573627999976,100000,0
BIPOP_CMAES,F29,10,22,987.0138552951848,26.949059587000193,100000,0
BIPOP_CMAES,F29,10,23,1037.7663452653396,27.610675787999753,100000,0
BIPOP_CMAES,F29,10,24,1004.4418651241031,29.06852220500059,100000,0
BIPOP_CMAES,F29,10,25,985.4717977916584,26.510634782000125,100000,0
BIPOP_CMAES,F29,10,26,1037.7361164910203,26.151411620000545,100000,0
BIPOP_CMAES,F29,10,27,1048.6440177266222,27.66246104200036,100000,0
BIPOP_CMAES,F29,10,28,1054.0814677781736,26.893134876999284,100000,0
BIPOP_CMAES,F29,10,29,1004.0385901902769,27.309165709999434,100000,0
BIPOP_CMAES,F29,10,30,1029.7433657896026,26.680918809000104,100000,0
BIPOP_CMAES,F29,10,31,984.2126587164885,26.839404583999567,100000,0
BIPOP_CMAES,F29,10,32,1047.317777877197,26.888599779000288,100000,0
BIPOP_CMAES,F29,10,33,20.513635828587212,27.236272633000226,100000,0
BIPOP_CMAES,F29,10,34,1044.9907882995972,27.3244048760007,100000,0
BIPOP_CMAES,F29,10,35,1035.4752316553004,27.65085972399993,100000,0
BIPOP_CMAES,F29,10,36,1350.3546617826705,30.44677194399992,100000,0
BIPOP_CMAES,F29,10,37,1043.765295534965,26.64945985600025,100000,0
BIPOP_CMAES,F29,10,38,986.9470728105639,27.05916441499994,100000,0
BIPOP_CMAES,F29,10,39,1022.8363963733491,26.83787759200004,100000,0
BIPOP_CMAES,F29,10,40,999.9078567412053,27.25593724400005,100000,0
BIPOP_CMAES,F29,10,41,991.7877992074523,27.87153318500077,100000,0
BIPOP_CMAES,F29,10,42,983.3953950020041,26.74840698799926,100000,0
BIPOP_CMAES,F29,10,43,1041.2927648061068,28.273331352999776,100000,0
BIPOP_CMAES,F29,10,44,1050.0417422188411,26.638199539999732,100000,0
BIPOP_CMAES,F29,10,45,1030.4697721866214,28.145642550000048,100000,0
BIPOP_CMAES,F29,10,46,1035.1717281347005,27.825022365999757,100000,0
BIPOP_CMAES,F29,10,47,13.7672534668568,27.061514375000115,100000,0
BIPOP_CMAES,F29,10,48,1040.4901178176196,27.58871529499993,100000,0
BIPOP_CMAES,F29,10,49,996.4244685202384,27.248841014999925,100000,0
BIPOP_CMAES,F29,10,50,1059.7674616438171,27.02979098800006,100000,0
CMAES,F29,10,0,10.553678740064242,28.765129284000068,100000,0
CMAES,F29,10,1,989.0046158023497,29.525677447998532,100000,0
CMAES,F29,10,2,1081.7701435318486,29.373284560000684,100000,0
CMAES,F29,10,3,1059.0305877761557,28.80547874200056,100000,0
CMAES,F29,10,4,1019.0904667202058,29.73947105299885,100000,0
CMAES,F29,10,5,1117.1304481006973,28.683461409998927,100000,0
CMAES,F29,10,6,1051.858644594026,29.17805401500118,100000,0
CMAES,F29,10,7,1292.8148323633545,28.79664834199866,100000,0
CMAES,F29,10,8,278.8087218300752,28.584653951998916,100000,0
CMAES,F29,10,9,1077.9328359372048,28.694576772999426,100000,0
CMAES,F29,10,10,68.92491031034433,29.00095293599952,100000,0
CMAES,F29,10,11,989.9813595174865,29.041038604998903,100000,0
CMAES,F29,10,12,110.00298685262032,28.38773508200029,100000,0
CMAES,F29,10,13,1079.1535977543344,29.39672217000043,100000,0
CMAES,F29,10,14,1035.0810989594293,29.238686171000154,100000,0
CMAES,F29,10,15,83.17090325465006,28.84053667399894,100000,0
CMAES,F29,10,16,1042.2693943782588,28.88620575999994,100000,0
CMAES,F29,10,17,1030.1455064514012,29.28852947700034,100000,0
CMAES,F29,10,18,1204.377583305582,29.552386273000593,100000,0
CMAES,F29,10,19,1003.8618660912434,29.1929637989997,100000,0
CMAES,F29,10,20,998.1850247728262,29.29452971700084,100000,0
CMAES,F29,10,21,1216.9547703460048,29.35243535399968,100000,0
CMAES,F29,10,22,35.67235544728828,29.27662806099943,100000,0
CMAES,F29,10,23,1055.1848402150622,29.44905278099941,100000,0
CMAES,F29,10,24,364.82137897747,29.338093352000215,100000,0
CMAES,F29,10,25,1086.6338660248957,29.046239728000728,100000,0
CMAES,F29,10,26,308.8182504488577,28.70873381599995,100000,0
CMAES,F29,10,27,1044.2865442188158,28.864694697000232,100000,0
CMAES,F29,10,28,1347.1226826799066,29.441842479000115,100000,0
CMAES,F29,10,29,1052.7127337828115,29.384550785998726,100000,0
CMAES,F29,10,30,1013.3203640676056,29.61194682399946,100000,0
CMAES,F29,10,31,987.1672292932503,29.998856942000202,100000,0
CMAES,F29,10,32,4.329395132989248,29.89192306000041,100000,0
CMAES,F29,10,33,1021.4934535349416,30.601385518000825,100000,0
CMAES,F29,10,34,1202.9323574243754,30.096181967999655,100000,0
CMAES,F29,10,35,1265.2394216662328,24.383499298999595,79441,0
CMAES,F29,10,36,1063.459207130264,29.49399139199886,100000,0
CMAES,F29,10,37,995.9135956932478,28.988160241000514,100000,0
CMAES,F29,10,38,1102.317875657035,29.302343036999446,100000,0
CMAES,F29,10,39,1168.4888221546307,29.686185402000774,100000,0
CMAES,F29,10,40,1121.479367152665,29.07470385200031,100000,0
CMAES,F29,10,41,1206.4311809878068,29.125191980001546,100000,0
CMAES,F29,10,42,1074.953534211938,29.75213551500019,100000,0
CMAES,F29,10,43,1093.7658158612867,29.449159032999887,100000,0
CMAES,F29,10,44,1048.7481674769415,29.629623197999535,100000,0
CMAES,F29,10,45,1262.155635086494,29.465041854999072,97811,0
CMAES,F29,10,46,1101.3718039684372,29.88022353300039,100000,0
CMAES,F29,10,47,1068.6420258895346,29.37691157200061,100000,0
CMAES,F29,10,48,1046.7723499431759,29.814329883998653,100000,0
CMAES,F29,10,49,1025.422822837931,28.714109021000695,100000,0
CMAES,F29,10,50,1020.4309537705999,29.178244488000928,100000,0
IPOP_CMAES,F29,10,0,1014.8590197836197,27.560663234999993,100000,0
IPOP_CMAES,F29,10,1,1037.7561667316404,26.926718263999646,100000,0
IPOP_CMAES,F29,10,2,995.2549613718502,27.304878932000065,100000,0
IPOP_CMAES,F29,10,3,1044.4727417578306,26.901613609999913,100000,0
IPOP_CMAES,F29,10,4,986.5295813914481,26.269947855000282,100000,0
IPOP_CMAES,F29,10,5,991.8274007684627,28.2713493629999,100000,0
IPOP_CMAES,F29,10,6,978.5855619535696,27.283600843000386,100000,0
IPOP_CMAES,F29,10,7,1050.8993519500336,27.193347882000126,100000,0
IPOP_CMAES,F29,10,8,992.0596063131779,27.38631803899989,100000,0
IPOP_CMAES,F29,10,9,1013.5350442782847,26.10351431699928,100000,0
IPOP_CMAES,F29,10,10,993.293021910366,26.449445264999667,100000,0
IPOP_CMAES,F29,10,11,1036.8675777114222,25.8210085110004,100000,0
IPOP_CMAES,F29,10,12,1053.001175913112,27.534320497001318,100000,0
IPOP_CMAES,F29,10,13,1107.4424161310735,28.10115140600101,100000,0
IPOP_CMAES,F29,10,14,1043.9569010752657,26.979310394001004,100000,0
IPOP_CMAES,F29,10,15,1038.411419499474,26.93254635500125,100000,0
IPOP_CMAES,F29,10,16,979.9434443152563,27.461920132998785,100000,0
IPOP_CMAES,F29,10,17,985.9677207592331,26.491844751000826,100000,0
IPOP_CMAES,F29,10,18,1030.6539756810917,27.168635363999783,100000,0
IPOP_CMAES,F29,10,19,1039.8349906803069,27.73872741699961,100000,0
IPOP_CMAES,F29,10,20,990.0001168560066,27.99943501300004,100000,0
IPOP_CMAES,F29,10,21,1066.860461744901,28.725599866000266,100000,0
IPOP_CMAES,F29,10,22,1036.3613704748013,27.268086935999236,100000,0
IPOP_CMAES,F29,10,23,1075.3736177572437,28.274821246999636,100000,0
IPOP_CMAES,F29,10,24,1008.3304656344417,28.008359565999854,100000,0
IPOP_CMAES,F29,10,25,1035.7279392063824,27.063743553000677,100000,0
IPOP_CMAES,F29,10,26,1010.3226213982662,26.354910483998538,100000,0
IPOP_CMAES,F29,10,27,1004.2634558403925,28.3004370009985,100000,0
IPOP_CMAES,F29,10,28,984.428767514341,27.430698838999888,100000,0
IPOP_CMAES,F29,10,29,1053.6383590128362,27.017238534999706,100000,0
IPOP_CMAES,F29,10,30,1031.4295552405124,27.043077983998955,100000,0
IPOP_CMAES,F29,10,31,1043.9425321780955,27.56740581700069,100000,0
IPOP_CMAES,F29,10,32,1024.5949823555502,28.05586054699961,100000,0
IPOP_CMAES,F29,10,33,980.3638366531968,26.793359250999856,100000,0
IPOP_CMAES,F29,10,34,1044.8375325602547,27.224843964000684,100000,0
IPOP_CMAES,F29,10,35,1051.0187963033118,27.596606772000086,100000,0
IPOP_CMAES,F29,10,36,1027.4027376789682,27.266702581999198,100000,0
IPOP_CMAES,F29,10,37,1026.2059648024497,28.256691421998767,100000,0
IPOP_CMAES,F29,10,38,1047.2664734284863,26.598348097999406,100000,0
IPOP_CMAES,F29,10,39,1077.1042927148978,27.060134471999845,100000,0
IPOP_CMAES,F29,10,40,1027.6327775931336,27.39872612200088,100000,0
IPOP_CMAES,F29,10,41,1044.4715066548365,26.859254781000345,100000,0
IPOP_CMAES,F29,10,42,1038.3347151973094,27.59888371099987,100000,0
IPOP_CMAES,F29,10,43,995.1219120329833,27.743504187001236,100000,0
IPOP_CMAES,F29,10,44,987.2909772601815,26.534378708000077,100000,0
IPOP_CMAES,F29,10,45,1032.2328618788242,27.100736414000494,100000,0
IPOP_CMAES,F29,10,46,1040.537515162412,26.45765393399961,100000,0
IPOP_CMAES,F29,10,47,1039.742146426278,27.343688805000056,100000,0
IPOP_CMAES,F29,10,48,991.0014401333447,26.86987917999977,100000,0
IPOP_CMAES,F29,10,49,1079.8848205642225,27.55145830500078,100000,0
IPOP_CMAES,F29,10,50,1043.5244304477665,27.08801114400012,100000,0
L-SHADE-DGR,F29,10,0,1049.6661324983825,21.878299634000008,100000,0
L-SHADE-DGR,F29,10,1,1043.3386046628775,21.547869504999994,100000,0
L-SHADE-DGR,F29,10,2,982.0690134278884,21.96071676599999,100000,0
L-SHADE-DGR,F29,10,3,1043.970625777546,21.885013408999995,100000,0
L-SHADE-DGR,F29,10,4,1042.3532942158336,21.650776549,100000,0
L-SHADE-DGR,F29,10,5,1045.8845931866435,22.012557531999988,100000,0
L-SHADE-DGR,F29,10,6,1039.408545387596,21.86123484799998,100000,0
L-SHADE-DGR,F29,10,7,982.2428989247101,21.534960415,100000,0
L-SHADE-DGR,F29,10,8,1047.8116229332531,21.96039299399999,100000,0
L-SHADE-DGR,F29,10,9,979.6233394393721,21.74627281300002,100000,0
L-SHADE-DGR,F29,10,10,981.7346705709274,21.758692413000006,100000,0
L-SHADE-DGR,F29,10,11,982.9024707449707,21.534773436999956,100000,0
L-SHADE-DGR,F29,10,12,1052.8646727331861,21.542821220000008,100000,0
L-SHADE-DGR,F29,10,13,986.4155463305215,20.997201470999983,100000,0
L-SHADE-DGR,F29,10,14,1004.2038860149205,21.183061285999997,100000,0
L-SHADE-DGR,F29,10,15,1040.765951180682,21.316840273999958,100000,0
L-SHADE-DGR,F29,10,16,980.3140179021912,21.22294138699999,100000,0
L-SHADE-DGR,F29,10,17,1043.1338144094552,21.468708090999996,100000,0
L-SHADE-DGR,F29,10,18,983.2088585023471,21.492657930999997,100000,0
L-SHADE-DGR,F29,10,19,1043.844903610243,21.419285074000015,100000,0
L-SHADE-DGR,F29,10,20,1052.8899422750824,21.53827573899997,100000,0
L-SHADE-DGR,F29,10,21,1044.6179798245375,21.56202242400002,100000,0
L-SHADE-DGR,F29,10,22,980.1605383226515,21.348447505999957,100000,0
L-SHADE-DGR,F29,10,23,1040.5252383648117,21.30821717599997,100000,0
L-SHADE-DGR,F29,10,24,980.2849202301359,21.275942138000005,100000,0
L-SHADE-DGR,F29,10,25,990.9599555657514,20.746296771999937,100000,0
L-SHADE-DGR,F29,10,26,1048.0057036295789,21.174011067999913,100000,0
L-SHADE-DGR,F29,10,27,1043.8563231374123,21.359824842999956,100000,0
L-SHADE-DGR,F29,10,28,981.6050610683465,21.42209875200001,100000,0
L-SHADE-DGR,F29,10,29,980.8250443456159,21.083227467999905,100000,0
L-SHADE-DGR,F29,10,30,984.2431211288585,21.498801667999942,100000,0
L-SHADE-DGR,F29,10,31,1018.9766942412384,21.36490643000002,100000,0
L-SHADE-DGR,F29,10,32,1041.8106421663333,21.22733624099999,100000,0
L-SHADE-DGR,F29,10,33,1042.1697503226587,21.215970734999928,100000,0
L-SHADE-DGR,F29,10,34,983.62581311142,21.240159593000044,100000,0
L-SHADE-DGR,F29,10,35,993.7940624037965,20.802952993999952,100000,0
L-SHADE-DGR,F29,10,36,982.7338189587772,21.249264478999976,100000,0
L-SHADE-DGR,F29,10,37,1044.9600917479356,21.46169016400006,100000,0
L-SHADE-DGR,F29,10,38,1045.2366502550062,21.52122724800006,100000,0
L-SHADE-DGR,F29,10,39,1056.7052382116062,21.567186066999966,100000,0
L-SHADE-DGR,F29,10,40,1046.1734197295946,21.66979450300005,100000,0
L-SHADE-DGR,F29,10,41,1041.847091562137,21.490830574999904,100000,0
L-SHADE-DGR,F29,10,42,980.1611171050308,21.60321120200001,100000,0
L-SHADE-DGR,F29,10,43,1044.3498564532129,21.539261922000037,100000,0
L-SHADE-DGR,F29,10,44,996.6651579488052,21.249166641999977,100000,0
L-SHADE-DGR,F29,10,45,1050.1825245749255,21.422910474999867,100000,0
L-SHADE-DGR,F29,10,46,981.1238372091902,21.02224598199996,100000,0
L-SHADE-DGR,F29,10,47,1044.817531198879,21.44399224699987,100000,0
L-SHADE-DGR,F29,10,48,1043.3430591525812,21.461681881999993,100000,0
L-SHADE-DGR,F29,10,49,1040.3876029349985,20.9884201939999,100000,0
L-SHADE-DGR,F29,10,50,1043.4465294921915,21.53324990400006,100000,0
LSHADE,F29,10,0,1043.1103119009636,20.429643878000206,100000,0
LSHADE,F29,10,1,1050.348450695732,20.41677747599988,100000,0
LSHADE,F29,10,2,1045.343364492911,20.614002833000086,100000,0
LSHADE,F29,10,3,1046.3376072005044,20.36372997699982,100000,0
LSHADE,F29,10,4,982.2595482284892,20.430311019000328,100000,0
LSHADE,F29,10,5,1046.3304776343853,20.399908346999837,100000,0
LSHADE,F29,10,6,1052.9623507132897,20.466043053999783,100000,0
LSHADE,F29,10,7,1049.8346913747164,20.36425690299984,100000,0
LSHADE,F29,10,8,1050.300695185876,20.365117543999986,100000,0
LSHADE,F29,10,9,981.4237017993155,20.321983259999797,100000,0
LSHADE,F29,10,10,985.3420384320907,20.47715654700005,100000,0
LSHADE,F29,10,11,983.8250124963483,20.334150476000104,100000,0
LSHADE,F29,10,12,982.3930527253383,20.58602567900016,100000,0
LSHADE,F29,10,13,986.3991011371227,20.461735128000328,100000,0
LSHADE,F29,10,14,1042.5581678081371,20.70232194699929,100000,0
LSHADE,F29,10,15,983.0853700174448,20.76206899800036,100000,0
LSHADE,F29,10,16,1045.8077694716585,20.789883991999886,100000,0
LSHADE,F29,10,17,979.5307157725297,20.813492430000224,100000,0
LSHADE,F29,10,18,985.2626925644918,20.919895340999574,100000,0
LSHADE,F29,10,19,987.7854683261116,20.94083343800048,100000,0
LSHADE,F29,10,20,979.8249027111156,20.98196248899967,100000,0
LSHADE,F29,10,21,1051.7274267552002,20.83803212699968,100000,0
LSHADE,F29,10,22,1045.4423374588246,20.896008287999393,100000,0
LSHADE,F29,10,23,1044.7257682875706,20.98614842799998,100000,0
LSHADE,F29,10,24,1045.7738198833613,20.997076165999715,100000,0
LSHADE,F29,10,25,1046.0483140650285,20.892752571999154,100000,0
LSHADE,F29,10,26,981.7268092898098,20.981939821000196,100000,0
LSHADE,F29,10,27,1042.2554553260056,20.821512728000016,100000,0
LSHADE,F29,10,28,1043.3917422253007,20.906811478000236,100000,0
LSHADE,F29,10,29,978.9881017339794,20.798840482999367,100000,0
LSHADE,F29,10,30,981.2136578271643,20.971509685000456,100000,0
LSHADE,F29,10,31,1040.1766246383072,20.691855606999525,100000,0
LSHADE,F29,10,32,985.4346383352031,20.97302847100036,100000,0
LSHADE,F29,10,33,985.671853267103,20.862234861000616,100000,0
LSHADE,F29,10,34,1040.20856292183,20.862491040999885,100000,0
LSHADE,F29,10,35,983.9579544989306,20.84628400800011,100000,0
LSHADE,F29,10,36,1041.6981368223423,20.841492335999646,100000,0
LSHADE,F29,10,37,1045.3101126776219,20.79106596800011,100000,0
LSHADE,F29,10,38,979.8728857377573,21.038510813000357,100000,0
LSHADE,F29,10,39,983.9221363525776,20.73078103899934,100000,0
LSHADE,F29,10,40,979.5725781044644,20.77715419299966,100000,0
LSHADE,F29,10,41,1043.5537713690974,20.679731232999984,100000,0
LSHADE,F29,10,42,1043.889125952648,20.65306146399962,100000,0
LSHADE,F29,10,43,982.4031311211229,20.674252520000664,100000,0
LSHADE,F29,10,44,979.3106875587573,20.642942296,100000,0
LSHADE,F29,10,45,980.0657667300529,20.565764961999776,100000,0
LSHADE,F29,10,46,1043.8918039427194,20.675389985000038,100000,0
LSHADE,F29,10,47,1044.4103399622313,20.554517628999747,100000,0
LSHADE,F29,10,48,1042.5743874790896,20.591414213999997,100000,0
LSHADE,F29,10,49,1041.0929039128514,20.571257341999626,100000,0
LSHADE,F29,10,50,981.4170590560784,20.698948538999502,100000,0
TEMOA_V10,F29,10,0,1051.7594543761707,22.232580180000014,100000,0
TEMOA_V10,F29,10,1,1054.1152652953351,22.07419823400005,100000,0
TEMOA_V10,F29,10,2,1054.9234190789557,22.118012972000088,100000,0
TEMOA_V10,F29,10,3,1066.6467070945955,22.31099093099988,100000,0
TEMOA_V10,F29,10,4,1104.3340610282266,22.2994440330001,100000,0
TEMOA_V10,F29,10,5,989.605558907223,22.22799158199996,100000,0
TEMOA_V10,F29,10,6,1012.968413179291,22.215370124999936,100000,0
TEMOA_V10,F29,10,7,981.6402480191541,22.26339847899999,100000,0
TEMOA_V10,F29,10,8,1146.4105920477905,22.253041288000077,100000,0
TEMOA_V10,F29,10,9,1087.324323651147,22.16110800799993,100000,0
TEMOA_V10,F29,10,10,1047.7277666628497,22.163442428000053,100000,0
TEMOA_V10,F29,10,11,1108.759520127881,22.004298542000015,100000,0
TEMOA_V10,F29,10,12,984.3172725865861,22.042967898999905,100000,0
TEMOA_V10,F29,10,13,1052.3546302087307,22.122996093999973,100000,0
TEMOA_V10,F29,10,14,987.5475132365673,21.99509659599994,100000,0
TEMOA_V10,F29,10,15,1087.8187129322196,21.9905900440001,100000,0
TEMOA_V10,F29,10,16,1057.721892365491,21.812630563000084,100000,0
TEMOA_V10,F29,10,17,1061.126687763383,21.96498597799996,100000,0
TEMOA_V10,F29,10,18,982.8146054119215,21.915525462999994,100000,0
TEMOA_V10,F29,10,19,1063.819494684939,22.02404665699987,100000,0
TEMOA_V10,F29,10,20,1042.5236270495052,21.99229610799989,100000,0
TEMOA_V10,F29,10,21,1035.199015253912,21.943459288999975,100000,0
TEMOA_V10,F29,10,22,16418.905118699386,22.261496416,100000,0
TEMOA_V10,F29,10,23,1094.3024495984437,22.12733434100005,100000,0
TEMOA_V10,F29,10,24,1049.5130458778567,22.03606764999995,100000,0
TEMOA_V10,F29,10,25,1055.3989864855885,22.149607238000044,100000,0
TEMOA_V10,F29,10,26,1042.0539617986542,22.1970413009999,100000,0
TEMOA_V10,F29,10,27,997.0730215948774,22.414469069000006,100000,0
TEMOA_V10,F29,10,28,1023.8769682376346,22.56199178299994,100000,0
TEMOA_V10,F29,10,29,1063.0107322094154,22.781628213999966,100000,0
TEMOA_V10,F29,10,30,983.428766511543,22.15668124800004,100000,0
TEMOA_V10,F29,10,31,1088.0944682699628,22.104591185000118,100000,0
TEMOA_V10,F29,10,32,1038.9186073222836,22.022826572999975,100000,0
TEMOA_V10,F29,10,33,988.0097393473484,22.277663226000186,100000,0
TEMOA_V10,F29,10,34,1095.074722765974,22.235497288000033,100000,0
TEMOA_V10,F29,10,35,1051.5680202786825,22.186127076000048,100000,0
TEMOA_V10,F29,10,36,1056.4184872181277,22.135309420000112,100000,0
TEMOA_V10,F29,10,37,1070.7397624962923,22.08926505499994,100000,0
TEMOA_V10,F29,10,38,1091.8949696318523,22.101137567000023,100000,0
TEMOA_V10,F29,10,39,1031.7570074483074,22.243996315999993,100000,0
TEMOA_V10,F29,10,40,1061.0308247152852,21.975615874999903,100000,0
TEMOA_V10,F29,10,41,997.516995907873,22.242874641999833,100000,0
TEMOA_V10,F29,10,42,1068.0092872652194,22.438593842000046,100000,0
TEMOA_V10,F29,10,43,1041.0222425682732,22.333698706000177,100000,0
TEMOA_V10,F29,10,44,1106.4594892338273,21.914341004000107,100000,0
TEMOA_V10,F29,10,45,1061.2841651899753,22.225474561000283,100000,0
TEMOA_V10,F29,10,46,1052.0158550919496,21.923978740000166,100000,0
TEMOA_V10,F29,10,47,1065.6038146895808,22.196115706,100000,0
TEMOA_V10,F29,10,48,1104.3776625904793,22.258740107999984,100000,0
TEMOA_V10,F29,10,49,1085.484688821236,22.128173787000378,100000,0
TEMOA_V10,F29,10,50,1069.5806318334298,21.997420936000253,100000,0
TEMOA_V11,F29,10,0,980.1487977309707,21.494991264999953,100000,0
TEMOA_V11,F29,10,1,1042.8729313792733,21.613891660000263,100000,0
TEMOA_V11,F29,10,2,981.1003023700641,21.546572825000112,100000,0
TEMOA_V11,F29,10,3,1045.9339323966633,21.372494275999998,100000,0
TEMOA_V11,F29,10,4,984.4278577143841,21.30462488000012,100000,0
TEMOA_V11,F29,10,5,1054.233195522218,21.520369644999846,100000,0
TEMOA_V11,F29,10,6,1054.0524007680633,21.602149416999964,100000,0
TEMOA_V11,F29,10,7,980.6825445423201,21.591600354000093,100000,0
TEMOA_V11,F29,10,8,1040.2220940809684,21.452503657000307,100000,0
TEMOA_V11,F29,10,9,1041.742806117064,21.491183347999595,100000,0
TEMOA_V11,F29,10,10,979.5299446206636,21.502709636999953,100000,0
TEMOA_V11,F29,10,11,1045.5356386856693,21.43005745099981,100000,0
TEMOA_V11,F29,10,12,1050.70532635382,21.461974763999933,100000,0
TEMOA_V11,F29,10,13,983.6762289856911,21.500186103999567,100000,0
TEMOA_V11,F29,10,14,1042.337485577289,21.633241886000178,100000,0
TEMOA_V11,F29,10,15,1041.4390919945185,21.425446400000055,100000,0
TEMOA_V11,F29,10,16,1040.687378049564,21.370020692999788,100000,0
TEMOA_V11,F29,10,17,1043.0873186283661,21.499798650999765,100000,0
TEMOA_V11,F29,10,18,1040.4865936733931,21.473917338999854,100000,0
TEMOA_V11,F29,10,19,1041.7652703003796,21.410605124000085,100000,0
TEMOA_V11,F29,10,20,982.745718855389,21.557552382999802,100000,0
TEMOA_V11,F29,10,21,1041.7595968067872,21.400581305999822,100000,0
TEMOA_V11,F29,10,22,982.0573766433445,21.477302962000067,100000,0
TEMOA_V11,F29,10,23,1041.6306319517207,21.31384501399998,100000,0
TEMOA_V11,F29,10,24,981.8934404914803,21.560499764999804,100000,0
TEMOA_V11,F29,10,25,983.9838439307396,21.398881034999704,100000,0
TEMOA_V11,F29,10,26,980.9536563210045,21.2699886219998,100000,0
TEMOA_V11,F29,10,27,982.4697171672383,21.125033613999676,100000,0
TEMOA_V11,F29,10,28,981.6335717343354,21.3192892510001,100000,0
TEMOA_V11,F29,10,29,1042.901331910518,21.454612670999722,100000,0
TEMOA_V11,F29,10,30,1049.9966398587849,21.550969954000266,100000,0
TEMOA_V11,F29,10,31,984.0052754298076,21.587591124000028,100000,0
TEMOA_V11,F29,10,32,983.2874958919051,21.692765098999644,100000,0
TEMOA_V11,F29,10,33,1048.8038404265571,21.966239544000018,100000,0
TEMOA_V11,F29,10,34,1042.3199425969256,21.483086633999847,100000,0
TEMOA_V11,F29,10,35,981.0519302998209,21.43680041899961,100000,0
TEMOA_V11,F29,10,36,983.3278399458541,21.590107365999756,100000,0
TEMOA_V11,F29,10,37,983.6406260394033,21.51454235500023,100000,0
TEMOA_V11,F29,10,38,1040.4820098030682,21.70756214899984,100000,0
TEMOA_V11,F29,10,39,1042.8827803130744,21.500373183000193,100000,0
TEMOA_V11,F29,10,40,1041.6543640822729,21.632943705000343,100000,0
TEMOA_V11,F29,10,41,981.4406448274412,21.71146320800017,100000,0
TEMOA_V11,F29,10,42,1041.7013846146774,21.559857958000066,100000,0
TEMOA_V11,F29,10,43,1042.8827803130807,21.61263782700007,100000,0
TEMOA_V11,F29,10,44,981.4405522906209,21.86881343899995,100000,0
TEMOA_V11,F29,10,45,1042.1003201853955,21.889308280999558,100000,0
TEMOA_V11,F29,10,46,1049.5640900652797,21.906407605999902,100000,0
TEMOA_V11,F29,10,47,981.5545722785191,21.88572985000019,100000,0
TEMOA_V11,F29,10,48,1043.522288366485,21.647464622999905,100000,0
TEMOA_V11,F29,10,49,978.5482091489994,21.509899357999984,100000,0
TEMOA_V11,F29,10,50,1050.9229257171382,21.605423449000227,100000,0
TEMOA_V12,F29,10,0,1041.8145575751737,21.442731863000063,100000,0
TEMOA_V12,F29,10,1,1051.761270345326,21.410772035000264,100000,0
TEMOA_V12,F29,10,2,1074.0782805834378,21.467653059999975,100000,0
TEMOA_V12,F29,10,3,1041.7908328751219,21.31708929999968,100000,0
TEMOA_V12,F29,10,4,1050.85479769807,21.292915357999846,100000,0
TEMOA_V12,F29,10,5,1044.8580571505381,21.402013113000066,100000,0
TEMOA_V12,F29,10,6,1050.0138586099997,21.242001174000052,100000,0
TEMOA_V12,F29,10,7,1041.1875055977662,21.135993375999988,100000,0
TEMOA_V12,F29,10,8,994.8124833756501,20.83255084199982,100000,0
TEMOA_V12,F29,10,9,1103.0526510105637,21.05130770599999,100000,0
TEMOA_V12,F29,10,10,985.488702986826,21.315981913000087,100000,0
TEMOA_V12,F29,10,11,1044.9043179655705,21.33961452800031,100000,0
TEMOA_V12,F29,10,12,1046.80126468125,21.375465857999643,100000,0
TEMOA_V12,F29,10,13,1052.2166148992105,21.1364520799998,100000,0
TEMOA_V12,F29,10,14,1051.2084718320439,21.26593429100012,100000,0
TEMOA_V12,F29,10,15,982.4627189809162,21.055520311000237,100000,0
TEMOA_V12,F29,10,16,982.0850603788726,21.182597816999987,100000,0
TEMOA_V12,F29,10,17,1043.8061917835316,21.159950580999976,100000,0
TEMOA_V12,F29,10,18,1044.764037509312,21.126873741000054,100000,0
TEMOA_V12,F29,10,19,982.596546042686,21.17435924199981,100000,0
TEMOA_V12,F29,10,20,1045.0606624886236,21.16186083299999,100000,0
TEMOA_V12,F29,10,21,1053.729624217789,21.219509951999953,100000,0
TEMOA_V12,F29,10,22,995.2667535994974,20.890907164000055,100000,0
TEMOA_V12,F29,10,23,1052.8363899366013,21.27416561600012,100000,0
TEMOA_V12,F29,10,24,983.0792763333302,21.14967926700001,100000,0
TEMOA_V12,F29,10,25,1042.2744914610835,21.271700766999857,100000,0
TEMOA_V12,F29,10,26,979.0284477438822,21.028363915999762,100000,0
TEMOA_V12,F29,10,27,1045.7724217096502,21.23363166199988,100000,0
TEMOA_V12,F29,10,28,1045.367008867283,20.771862878999855,100000,0
TEMOA_V12,F29,10,29,1052.0311402876523,21.059214295999936,100000,0
TEMOA_V12,F29,10,30,980.4175613747889,20.932868419999977,100000,0
TEMOA_V12,F29,10,31,1048.1662289941069,21.157232378000117,100000,0
TEMOA_V12,F29,10,32,979.8410345823486,21.23041864200013,100000,0
TEMOA_V12,F29,10,33,985.8303122547272,21.164803871999993,100000,0
TEMOA_V12,F29,10,34,1050.668358866646,20.764788834999763,100000,0
TEMOA_V12,F29,10,35,985.9580420518059,20.935091741999713,100000,0
TEMOA_V12,F29,10,36,1004.5758944189997,20.925567580999996,100000,0
TEMOA_V12,F29,10,37,988.0340732456061,21.06150722899929,100000,0
TEMOA_V12,F29,10,38,1055.0671383063764,21.17044165600055,100000,0
TEMOA_V12,F29,10,39,979.3404147142269,21.06479453599968,100000,0
TEMOA_V12,F29,10,40,1042.2770644813036,20.994178945000385,100000,0
TEMOA_V12,F29,10,41,1042.7827557375158,21.196886896999786,100000,0
TEMOA_V12,F29,10,42,985.2784579123991,20.99810079100007,100000,0
TEMOA_V12,F29,10,43,983.0021770909393,21.023376207999718,100000,0
TEMOA_V12,F29,10,44,1051.5753843196817,21.029496442999516,100000,0
TEMOA_V12,F29,10,45,1041.7778481931255,21.048472331000085,100000,0
TEMOA_V12,F29,10,46,984.137325111069,21.011324201000207,100000,0
TEMOA_V12,F29,10,47,1050.2176942951892,21.06780838099985,100000,0
TEMOA_V12,F29,10,48,982.3927542863312,20.95005700999991,100000,0
TEMOA_V12,F29,10,49,1051.5494661226458,20.963938306000273,100000,0
TEMOA_V12,F29,10,50,1052.0582022748622,20.988336633000472,100000,0
jSO,F29,10,0,1040.3082343281012,20.353073449000476,100000,0
jSO,F29,10,1,1043.5293504947876,20.49205326399988,100000,0
jSO,F29,10,2,1043.444399724005,20.598378206000234,100000,0
jSO,F29,10,3,1041.6306319516498,20.542693059000158,100000,0
jSO,F29,10,4,983.4514245043283,20.334859192000295,100000,0
jSO,F29,10,5,1041.7108486475308,20.606769513000472,100000,0
jSO,F29,10,6,1042.3534176243516,20.468301222000264,100000,0
jSO,F29,10,7,982.7032404985171,20.637934012000187,100000,0
jSO,F29,10,8,981.1699777114136,20.58936707599969,100000,0
jSO,F29,10,9,985.9949913856772,20.92392183099946,100000,0
jSO,F29,10,10,1046.849470005318,20.739623199999187,100000,0
jSO,F29,10,11,1040.6169440311833,20.782452409000143,100000,0
jSO,F29,10,12,1040.0782744232856,20.619450068999868,100000,0
jSO,F29,10,13,1043.7834535736156,20.48259569899983,100000,0
jSO,F29,10,14,986.6915318137912,20.429658783000377,100000,0
jSO,F29,10,15,1045.1932466459962,20.310870501000863,100000,0
jSO,F29,10,16,1046.3988721784544,20.651203659000203,100000,0
jSO,F29,10,17,1042.2266353442956,20.587145561000398,100000,0
jSO,F29,10,18,984.6515242288046,20.51685038300002,100000,0
jSO,F29,10,19,1043.101076141661,20.491056023000056,100000,0
jSO,F29,10,20,1041.6753344046374,20.579151735000778,100000,0
jSO,F29,10,21,980.2013844461635,20.648030368000036,100000,0
jSO,F29,10,22,1045.208968024146,20.661959534000744,100000,0
jSO,F29,10,23,1041.690452801453,20.60339160499916,100000,0
jSO,F29,10,24,1042.0366979987894,20.797338922000563,100000,0
jSO,F29,10,25,982.081199533277,20.596119050000198,100000,0
jSO,F29,10,26,1044.7052089322697,20.83127308799976,100000,0
jSO,F29,10,27,1042.1140743907663,20.7179671089998,100000,0
jSO,F29,10,28,1046.920346065102,20.754322294000303,100000,0
jSO,F29,10,29,1041.848416475138,20.823086805999992,100000,0
jSO,F29,10,30,1041.4437457588392,20.880511631000445,100000,0
jSO,F29,10,31,980.4863666961746,20.942880073000197,100000,0
jSO,F29,10,32,1046.555073028262,20.826278730000013,100000,0
jSO,F29,10,33,1045.360974183871,20.87821654599975,100000,0
jSO,F29,10,34,989.5178267232291,20.71774725599971,100000,0
jSO,F29,10,35,1041.6306372949043,20.710054813999704,100000,0
jSO,F29,10,36,1042.1949394471822,20.37827055100024,100000,0
jSO,F29,10,37,1046.3799203452127,20.321475396000096,100000,0
jSO,F29,10,38,1041.630631972012,20.29702872800044,100000,0
jSO,F29,10,39,1043.003600665399,20.351786811999773,100000,0
jSO,F29,10,40,1046.4679479062938,20.5903144670001,100000,0
jSO,F29,10,41,1043.0535052696619,20.605049619000056,100000,0
jSO,F29,10,42,985.3118377384417,20.54419987199981,100000,0
jSO,F29,10,43,1045.4240821705998,20.669610586999625,100000,0
jSO,F29,10,44,986.1205937873483,20.51650019599947,100000,0
jSO,F29,10,45,1042.1065893781952,20.50427500999922,100000,0
jSO,F29,10,46,1042.3227649355176,20.450000034000368,100000,0
jSO,F29,10,47,1042.8927927537407,20.418413534999672,100000,0
jSO,F29,10,48,980.8571262545802,20.49368583500018,100000,0
jSO,F29,10,49,984.0696913805896,20.380274510999698,100000,0
jSO,F29,10,50,1041.779871727586,20.538691681000273,100000,0
sepCMAES,F29,10,0,1063.4993693660717,27.693186833001164,100000,0
sepCMAES,F29,10,1,1311.2145988429675,27.9622026800007,100000,0
sepCMAES,F29,10,2,1034.990955745654,27.54453894100152,100000,0
sepCMAES,F29,10,3,1372.432004377777,27.464005420999456,100000,0
sepCMAES,F29,10,4,986.292920601591,27.832956373000343,100000,0
sepCMAES,F29,10,5,1096.5079376548738,27.082992755000305,100000,0
sepCMAES,F29,10,6,1072.6965949254127,27.544462363001003,100000,0
sepCMAES,F29,10,7,1465.7320699201828,28.139564625000276,100000,0
sepCMAES,F29,10,8,1397.3645496049649,27.817163096000513,100000,0
sepCMAES,F29,10,9,1063.4495239124608,27.662893646000157,100000,0
sepCMAES,F29,10,10,1421.5826929973027,27.43904956499864,100000,0
sepCMAES,F29,10,11,1146.155829914981,28.235654735000935,100000,0
sepCMAES,F29,10,12,1022.5209928681215,27.876790805001292,100000,0
sepCMAES,F29,10,13,1267.5641281883836,27.923634032000336,100000,0
sepCMAES,F29,10,14,993.7671299051981,27.702670976999798,100000,0
sepCMAES,F29,10,15,994.0756584046503,27.616118623000148,100000,0
sepCMAES,F29,10,16,1888.8309761292367,27.177863826998873,100000,0
sepCMAES,F29,10,17,1180.680881340546,27.738383153999166,100000,0
sepCMAES,F29,10,18,1108.270940128743,27.6530242810004,100000,0
sepCMAES,F29,10,19,1247.292185940275,27.062623936999444,100000,0
sepCMAES,F29,10,20,1150.28723032492,26.80295975199988,100000,0
sepCMAES,F29,10,21,1342.9996388852014,27.654184506000092,100000,0
sepCMAES,F29,10,22,997.3087845857085,27.476078844998483,100000,0
sepCMAES,F29,10,23,1074.9712387000054,27.735557001000416,100000,0
sepCMAES,F29,10,24,1005.9229829963979,27.666555932000847,100000,0
sepCMAES,F29,10,25,998.3105133788508,27.899875350000002,100000,0
sepCMAES,F29,10,26,1042.1588517666873,27.34397198700026,100000,0
sepCMAES,F29,10,27,1151.544878129711,27.651214099001663,100000,0
sepCMAES,F29,10,28,1374.6086726879403,27.408791570000176,100000,0
sepCMAES,F29,10,29,1067.3519955476968,27.88171765900006,100000,0
sepCMAES,F29,10,30,1183.9404461728886,27.658526805000292,100000,0
sepCMAES,F29,10,31,1341.6147013255686,28.116098686999976,100000,0
sepCMAES,F29,10,32,1066.8805149196814,28.077452526998968,100000,0
sepCMAES,F29,10,33,1366.0661035813064,28.016844291998495,100000,0
sepCMAES,F29,10,34,1086.4054284156582,28.29663071899995,100000,0
sepCMAES,F29,10,35,1155.757690109212,27.974061143000654,100000,0
sepCMAES,F29,10,36,1029.2464347336363,27.619999776999975,100000,0
sepCMAES,F29,10,37,1052.513153842966,27.976485683000647,100000,0
sepCMAES,F29,10,38,1226.8300446849016,27.721351172998766,100000,0
sepCMAES,F29,10,39,1033.6941786067455,27.942572661000668,100000,0
sepCMAES,F29,10,40,1048.20281536114,27.979272434999075,100000,0
sepCMAES,F29,10,41,2573.131446542544,27.557973049000793,100000,0
sepCMAES,F29,10,42,1144.0967551264994,28.168711612999687,100000,0
sepCMAES,F29,10,43,1225.0962105007484,27.90963333000036,100000,0
sepCMAES,F29,10,44,1042.1862187887973,28.36019854799997,100000,0
sepCMAES,F29,10,45,1355.7667940931178,27.105544289001045,100000,0
sepCMAES,F29,10,46,1021.7842979291181,27.57051682400015,100000,0
sepCMAES,F29,10,47,1414.6311250473736,27.49000589699972,100000,0
sepCMAES,F29,10,48,1148.835893850694,27.25378188799914,100000,0
sepCMAES,F29,10,49,1000.7230844866694,28.17700432700076,100000,0
sepCMAES,F29,10,50,1138.1035065436868,28.18773688100009,100000,0
BIPOP_CMAES,F3,10,0,0.0,4.6589170469999885,100000,0
BIPOP_CMAES,F3,10,1,0.0,3.9082565550000368,100000,0
BIPOP_CMAES,F3,10,2,0.0,3.82612282599996,100000,0
BIPOP_CMAES,F3,10,3,0.0,3.931389789000036,100000,0
BIPOP_CMAES,F3,10,4,0.0,3.799481116000038,100000,0
BIPOP_CMAES,F3,10,5,0.0,4.317853994000018,100000,0
BIPOP_CMAES,F3,10,6,0.0,3.8668235030000346,100000,0
BIPOP_CMAES,F3,10,7,0.0,4.248006266000004,100000,0
BIPOP_CMAES,F3,10,8,0.0,3.6117493709999735,100000,0
BIPOP_CMAES,F3,10,9,0.0,3.821187417000033,100000,0
BIPOP_CMAES,F3,10,10,0.0,3.8965198160000227,100000,0
BIPOP_CMAES,F3,10,11,0.0,3.668365587999972,100000,0
BIPOP_CMAES,F3,10,12,0.0,3.846132597999997,100000,0
BIPOP_CMAES,F3,10,13,0.0,3.546650870999997,100000,0
BIPOP_CMAES,F3,10,14,0.0,4.030984297999964,100000,0
BIPOP_CMAES,F3,10,15,0.0,3.5500544389999504,100000,0
BIPOP_CMAES,F3,10,16,0.0,4.134793724999952,100000,0
BIPOP_CMAES,F3,10,17,0.0,3.693102687000021,100000,0
BIPOP_CMAES,F3,10,18,0.0,4.062402841000051,100000,0
BIPOP_CMAES,F3,10,19,0.0,3.820596641999998,100000,0
BIPOP_CMAES,F3,10,20,0.0,3.943882217999999,100000,0
BIPOP_CMAES,F3,10,21,0.0,3.815788701000031,100000,0
BIPOP_CMAES,F3,10,22,0.0,3.780429225999967,100000,0
BIPOP_CMAES,F3,10,23,0.0,3.8320872209999948,100000,0
BIPOP_CMAES,F3,10,24,0.0,3.780921224999986,100000,0
BIPOP_CMAES,F3,10,25,0.0,4.105593416999966,100000,0
BIPOP_CMAES,F3,10,26,0.0,3.917178528999955,100000,0
BIPOP_CMAES,F3,10,27,0.0,3.867253065,100000,0
BIPOP_CMAES,F3,10,28,0.0,3.399259024999992,100000,0
BIPOP_CMAES,F3,10,29,0.0,3.993309662999991,100000,0
BIPOP_CMAES,F3,10,30,0.0,3.522365495000031,100000,0
BIPOP_CMAES,F3,10,31,0.0,3.816639564999946,100000,0
BIPOP_CMAES,F3,10,32,0.0,3.595796727999982,100000,0
BIPOP_CMAES,F3,10,33,0.0,4.016314345000069,100000,0
BIPOP_CMAES,F3,10,34,0.0,4.094294395999896,100000,0
BIPOP_CMAES,F3,10,35,0.0,3.3889545850000786,100000,0
BIPOP_CMAES,F3,10,36,0.0,3.518917014000067,100000,0
BIPOP_CMAES,F3,10,37,0.0,3.440870143999973,100000,0
BIPOP_CMAES,F3,10,38,0.0,3.4587838950000105,100000,0
BIPOP_CMAES,F3,10,39,0.0,3.874466595999934,100000,0
BIPOP_CMAES,F3,10,40,0.0,4.348249348000081,100000,0
BIPOP_CMAES,F3,10,41,0.0,4.060677499000008,100000,0
BIPOP_CMAES,F3,10,42,0.0,3.868323780999958,100000,0
BIPOP_CMAES,F3,10,43,0.0,3.7825184409999792,100000,0
BIPOP_CMAES,F3,10,44,0.0,3.973084725999911,100000,0
BIPOP_CMAES,F3,10,45,0.0,3.7238257989999966,100000,0
BIPOP_CMAES,F3,10,46,0.0,4.299422506000042,100000,0
BIPOP_CMAES,F3,10,47,0.0,4.174792511999954,100000,0
BIPOP_CMAES,F3,10,48,0.0,3.3931508050000048,100000,0
BIPOP_CMAES,F3,10,49,0.0,4.119711210999981,100000,0
BIPOP_CMAES,F3,10,50,0.0,3.787626939000006,100000,0
CMAES,F3,10,0,0.0,6.199620853999932,100000,0
CMAES,F3,10,1,0.0,6.063256408999905,100000,0
CMAES,F3,10,2,0.0,5.906968703999951,100000,0
CMAES,F3,10,3,0.0,5.970487171999935,100000,0
CMAES,F3,10,4,0.0,6.026337238999986,100000,0
CMAES,F3,10,5,0.0,6.060256931000026,100000,0
CMAES,F3,10,6,0.0,6.254370720999987,100000,0
CMAES,F3,10,7,0.0,6.199018430000024,100000,0
CMAES,F3,10,8,0.0,6.19543277799994,100000,0
CMAES,F3,10,9,0.0,6.080372232000059,100000,0
CMAES,F3,10,10,0.0,5.966182849999996,100000,0
CMAES,F3,10,11,0.0,6.0952817319999895,100000,0
CMAES,F3,10,12,0.0,6.031655525000019,100000,0
CMAES,F3,10,13,0.0,6.017149683000071,100000,0
CMAES,F3,10,14,0.0,6.074361786000054,100000,0
CMAES,F3,10,15,0.0,6.446678605999978,100000,0
CMAES,F3,10,16,0.0,6.129918180999994,100000,0
CMAES,F3,10,17,0.0,6.282898837999937,100000,0
CMAES,F3,10,18,0.0,6.055509957000027,100000,0
CMAES,F3,10,19,0.0,6.096865733000072,100000,0
CMAES,F3,10,20,0.0,5.954274814000087,100000,0
CMAES,F3,10,21,0.0,6.03524749799999,100000,0
CMAES,F3,10,22,0.0,6.119700781000006,100000,0
CMAES,F3,10,23,0.0,6.176306814999975,100000,0
CMAES,F3,10,24,0.0,6.1256930130000455,100000,0
CMAES,F3,10,25,0.0,6.144659751000063,100000,0
CMAES,F3,10,26,0.0,6.042099244000042,100000,0
CMAES,F3,10,27,0.0,6.075831607000055,100000,0
CMAES,F3,10,28,0.0,6.295799856000031,100000,0
CMAES,F3,10,29,0.0,6.093888489999927,100000,0
CMAES,F3,10,30,0.0,6.110135806000017,100000,0
CMAES,F3,10,31,0.0,6.0919925449999255,100000,0
CMAES,F3,10,32,0.0,6.185912056999996,100000,0
CMAES,F3,10,33,0.0,6.1612730939999665,100000,0
CMAES,F3,10,34,0.0,6.210014768000065,100000,0
CMAES,F3,10,35,0.0,6.169889280999996,100000,0
CMAES,F3,10,36,0.0,6.196650169000009,100000,0
CMAES,F3,10,37,0.0,6.054714536000006,100000,0
CMAES,F3,10,38,0.0,6.019805206000001,100000,0
CMAES,F3,10,39,0.0,6.2012208410000085,100000,0
CMAES,F3,10,40,0.0,6.131435232999934,100000,0
CMAES,F3,10,41,0.0,6.031761085000198,100000,0
CMAES,F3,10,42,0.0,6.1876437639998585,100000,0
CMAES,F3,10,43,0.0,6.2982990080001855,100000,0
CMAES,F3,10,44,0.0,5.973355499999798,100000,0
CMAES,F3,10,45,0.0,6.322305992000111,100000,0
CMAES,F3,10,46,0.0,6.0548925289999715,100000,0
CMAES,F3,10,47,0.0,6.084242411999867,100000,0
CMAES,F3,10,48,0.0,6.072618321000164,100000,0
CMAES,F3,10,49,0.0,6.158699966000086,100000,0
CMAES,F3,10,50,0.0,6.176540128999932,100000,0
IPOP_CMAES,F3,10,0,0.0,3.7054957579999837,100000,0
IPOP_CMAES,F3,10,1,0.0,3.4552310739999257,100000,0
IPOP_CMAES,F3,10,2,0.0,3.1944969840000113,100000,0
IPOP_CMAES,F3,10,3,0.0,3.1576197220000495,100000,0
IPOP_CMAES,F3,10,4,0.0,3.719723694000095,100000,0
IPOP_CMAES,F3,10,5,0.0,3.382797738000022,100000,0
IPOP_CMAES,F3,10,6,0.0,3.1075239880000254,100000,0
IPOP_CMAES,F3,10,7,0.0,3.522076760999994,100000,0
IPOP_CMAES,F3,10,8,0.0,3.3236528070000304,100000,0
IPOP_CMAES,F3,10,9,0.0,3.030700986000056,100000,0
IPOP_CMAES,F3,10,10,0.0,3.045886185000086,100000,0
IPOP_CMAES,F3,10,11,0.0,3.3126325119999365,100000,0
IPOP_CMAES,F3,10,12,0.0,3.2669275409999727,100000,0
IPOP_CMAES,F3,10,13,0.0,3.4942587619999586,100000,0
IPOP_CMAES,F3,10,14,0.0,3.2931046859999924,100000,0
IPOP_CMAES,F3,10,15,0.0,3.290984760000015,100000,0
IPOP_CMAES,F3,10,16,0.0,3.512692816999902,100000,0
IPOP_CMAES,F3,10,17,0.0,3.308510589999969,100000,0
IPOP_CMAES,F3,10,18,0.0,3.3021129010001005,100000,0
IPOP_CMAES,F3,10,19,0.0,3.531747127000017,100000,0
IPOP_CMAES,F3,10,20,0.0,3.4764885710000044,100000,0
IPOP_CMAES,F3,10,21,0.0,3.486803098999985,100000,0
IPOP_CMAES,F3,10,22,0.0,3.0815207319999445,100000,0
IPOP_CMAES,F3,10,23,0.0,3.312027621000084,100000,0
IPOP_CMAES,F3,10,24,0.0,3.191611910000006,100000,0
IPOP_CMAES,F3,10,25,0.0,3.3869201710000425,100000,0
IPOP_CMAES,F3,10,26,0.0,3.191925201999993,100000,0
IPOP_CMAES,F3,10,27,0.0,3.755852707000031,100000,0
IPOP_CMAES,F3,10,28,0.0,3.2276688199999626,100000,0
IPOP_CMAES,F3,10,29,0.0,3.1959692689999883,100000,0
IPOP_CMAES,F3,10,30,0.0,3.464407356000038,100000,0
IPOP_CMAES,F3,10,31,0.0,3.1008757130000504,100000,0
IPOP_CMAES,F3,10,32,0.0,3.237268110000059,100000,0
IPOP_CMAES,F3,10,33,0.0,3.4426221259999465,100000,0
IPOP_CMAES,F3,10,34,0.0,3.526616374000014,100000,0
IPOP_CMAES,F3,10,35,0.0,3.2368766710000045,100000,0
IPOP_CMAES,F3,10,36,0.0,3.6943046910000703,100000,0
IPOP_CMAES,F3,10,37,0.0,3.5385144800000035,100000,0
IPOP_CMAES,F3,10,38,0.0,3.682279891999997,100000,0
IPOP_CMAES,F3,10,39,0.0,3.405224543999907,100000,0
IPOP_CMAES,F3,10,40,0.0,3.718603925000025,100000,0
IPOP_CMAES,F3,10,41,0.0,3.4755799040000284,100000,0
IPOP_CMAES,F3,10,42,0.0,3.1460114169999542,100000,0
IPOP_CMAES,F3,10,43,0.0,3.243385697000008,100000,0
IPOP_CMAES,F3,10,44,0.0,3.480101115000025,100000,0
IPOP_CMAES,F3,10,45,0.0,3.519641094999997,100000,0
IPOP_CMAES,F3,10,46,0.0,3.120759141999997,100000,0
IPOP_CMAES,F3,10,47,0.0,3.243276440000045,100000,0
IPOP_CMAES,F3,10,48,0.0,3.786111820999963,100000,0
IPOP_CMAES,F3,10,49,0.0,3.051646921999918,100000,0
IPOP_CMAES,F3,10,50,0.0,3.3435225630000787,100000,0
L-SHADE-DGR,F3,10,0,0.0,0.993491320000004,100000,0
L-SHADE-DGR,F3,10,1,0.0,0.8991167220000023,100000,0
L-SHADE-DGR,F3,10,2,0.0,0.8924212240000031,100000,0
L-SHADE-DGR,F3,10,3,0.0,0.8956238499999927,100000,0
L-SHADE-DGR,F3,10,4,0.0,0.9088432369999992,100000,0
L-SHADE-DGR,F3,10,5,0.0,0.9115498989999935,100000,0
L-SHADE-DGR,F3,10,6,0.0,0.9093807919999932,100000,0
L-SHADE-DGR,F3,10,7,0.0,0.9033831480000032,100000,0
L-SHADE-DGR,F3,10,8,0.0,0.8963336970000029,100000,0
L-SHADE-DGR,F3,10,9,0.0,0.8931949879999905,100000,0
L-SHADE-DGR,F3,10,10,0.0,0.8967992350000031,100000,0
L-SHADE-DGR,F3,10,11,0.0,0.8956682609999973,100000,0
L-SHADE-DGR,F3,10,12,0.0,0.9188918109999946,100000,0
L-SHADE-DGR,F3,10,13,0.0,0.9017876959999995,100000,0
L-SHADE-DGR,F3,10,14,0.0,0.9865232180000021,100000,0
L-SHADE-DGR,F3,10,15,0.0,0.9610666330000015,100000,0
L-SHADE-DGR,F3,10,16,0.0,0.8919760189999977,100000,0
L-SHADE-DGR,F3,10,17,0.0,0.8979284140000061,100000,0
L-SHADE-DGR,F3,10,18,0.0,0.891135477000006,100000,0
L-SHADE-DGR,F3,10,19,0.0,0.8931392159999945,100000,0
L-SHADE-DGR,F3,10,20,0.0,0.8938809490000068,100000,0
L-SHADE-DGR,F3,10,21,0.0,0.892000663999994,100000,0
L-SHADE-DGR,F3,10,22,0.0,0.8915670190000071,100000,0
L-SHADE-DGR,F3,10,23,0.0,0.8995149670000018,100000,0
L-SHADE-DGR,F3,10,24,0.0,0.8892655759999997,100000,0
L-SHADE-DGR,F3,10,25,0.0,0.8887558779999978,100000,0
L-SHADE-DGR,F3,10,26,0.0,0.8987061560000029,100000,0
L-SHADE-DGR,F3,10,27,0.0,0.9024172999999962,100000,0
L-SHADE-DGR,F3,10,28,0.0,1.0094043149999976,100000,0
L-SHADE-DGR,F3,10,29,0.0,0.8905581429999927,100000,0
L-SHADE-DGR,F3,10,30,0.0,0.8925723960000056,100000,0
L-SHADE-DGR,F3,10,31,0.0,0.9948565239999994,100000,0
L-SHADE-DGR,F3,10,32,0.0,0.8895974759999916,100000,0
L-SHADE-DGR,F3,10,33,0.0,0.8908750740000073,100000,0
L-SHADE-DGR,F3,10,34,0.0,0.8919124709999977,100000,0
L-SHADE-DGR,F3,10,35,0.0,0.8952678120000002,100000,0
L-SHADE-DGR,F3,10,36,0.0,0.8987124399999971,100000,0
L-SHADE-DGR,F3,10,37,0.0,0.900258337000011,100000,0
L-SHADE-DGR,F3,10,38,0.0,0.902803832999993,100000,0
L-SHADE-DGR,F3,10,39,0.0,0.9033178020000037,100000,0
L-SHADE-DGR,F3,10,40,0.0,0.9458172119999944,100000,0
L-SHADE-DGR,F3,10,41,0.0,1.0208425400000039,100000,0
L-SHADE-DGR,F3,10,42,0.0,0.8938696809999982,100000,0
L-SHADE-DGR,F3,10,43,0.0,0.8994576550000062,100000,0
L-SHADE-DGR,F3,10,44,0.0,0.8900033809999996,100000,0
L-SHADE-DGR,F3,10,45,0.0,0.8949752099999841,100000,0
L-SHADE-DGR,F3,10,46,0.0,0.8916746419999981,100000,0
L-SHADE-DGR,F3,10,47,0.0,0.894295378999999,100000,0
L-SHADE-DGR,F3,10,48,0.0,0.9275173910000092,100000,0
L-SHADE-DGR,F3,10,49,0.0,0.8974071849999916,100000,0
L-SHADE-DGR,F3,10,50,0.0,0.8917756970000141,100000,0
LSHADE,F3,10,0,0.0,0.8430169950000277,100000,0
LSHADE,F3,10,1,0.0,0.8166225950000126,100000,0
LSHADE,F3,10,2,0.0,0.8148757870000054,100000,0
LSHADE,F3,10,3,0.0,0.7718283439999709,100000,0
LSHADE,F3,10,4,0.0,0.7642764160000297,100000,0
LSHADE,F3,10,5,0.0,0.7663290389999702,100000,0
LSHADE,F3,10,6,0.0,0.7645988119999743,100000,0
LSHADE,F3,10,7,0.0,0.8726054419999514,100000,0
LSHADE,F3,10,8,0.0,0.7705628460000185,100000,0
LSHADE,F3,10,9,0.0,0.7964776480000069,100000,0
LSHADE,F3,10,10,0.0,0.7771537560000183,100000,0
LSHADE,F3,10,11,0.0,0.7723074329999804,100000,0
LSHADE,F3,10,12,0.0,0.762838639999984,100000,0
LSHADE,F3,10,13,0.0,0.765368565000017,100000,0
LSHADE,F3,10,14,0.0,0.7698684719999846,100000,0
LSHADE,F3,10,15,0.0,0.7701405239999985,100000,0
LSHADE,F3,10,16,0.0,0.7598991010000304,100000,0
LSHADE,F3,10,17,0.0,0.8183647900000324,100000,0
LSHADE,F3,10,18,0.0,0.8299545460000104,100000,0
LSHADE,F3,10,19,0.0,0.8220996310000146,100000,0
LSHADE,F3,10,20,0.0,0.8845602309999663,100000,0
LSHADE,F3,10,21,0.0,0.8651895790000026,100000,0
LSHADE,F3,10,22,0.0,0.7645541769999795,100000,0
LSHADE,F3,10,23,0.0,0.7655838189999713,100000,0
LSHADE,F3,10,24,0.0,0.7593591790000005,100000,0
LSHADE,F3,10,25,0.0,0.7673433709999813,100000,0
LSHADE,F3,10,26,0.0,0.7717093239999713,100000,0
LSHADE,F3,10,27,0.0,0.7668018919999895,100000,0
LSHADE,F3,10,28,0.0,0.7652244690000316,100000,0
LSHADE,F3,10,29,0.0,0.7742117349999944,100000,0
LSHADE,F3,10,30,0.0,0.7671078550000061,100000,0
LSHADE,F3,10,31,0.0,0.7691073560000063,100000,0
LSHADE,F3,10,32,0.0,0.7949826650000205,100000,0
LSHADE,F3,10,33,0.0,0.8575926269999741,100000,0
LSHADE,F3,10,34,0.0,0.7632105590000151,100000,0
LSHADE,F3,10,35,0.0,0.7703862540000159,100000,0
LSHADE,F3,10,36,0.0,0.7688548440000318,100000,0
LSHADE,F3,10,37,0.0,0.7748210589999758,100000,0
LSHADE,F3,10,38,0.0,0.773715057000004,100000,0
LSHADE,F3,10,39,0.0,0.773192245999951,100000,0
LSHADE,F3,10,40,0.0,0.7674096329999998,100000,0
LSHADE,F3,10,41,0.0,0.7683832929999994,100000,0
LSHADE,F3,10,42,0.0,0.7685725039999625,100000,0
LSHADE,F3,10,43,0.0,0.7722827009999946,100000,0
LSHADE,F3,10,44,0.0,0.7732275249999816,100000,0
LSHADE,F3,10,45,0.0,0.8861089809999498,100000,0
LSHADE,F3,10,46,0.0,0.8811043139999697,100000,0
LSHADE,F3,10,47,0.0,0.7784083899999814,100000,0
LSHADE,F3,10,48,0.0,0.7679355220000161,100000,0
LSHADE,F3,10,49,0.0,0.7702307330000053,100000,0
LSHADE,F3,10,50,0.0,0.8066862270000001,100000,0
TEMOA_V10,F3,10,0,0.0,1.7237997870000186,100000,0
TEMOA_V10,F3,10,1,0.0,1.8405809589999933,100000,0
TEMOA_V10,F3,10,2,0.0,1.6953810519999877,100000,0
TEMOA_V10,F3,10,3,0.0,1.6655438359999835,100000,0
TEMOA_V10,F3,10,4,0.0,1.729633645000007,100000,0
TEMOA_V10,F3,10,5,0.0,1.6972389860000021,100000,0
TEMOA_V10,F3,10,6,0.0,1.6514294490000054,100000,0
TEMOA_V10,F3,10,7,0.0,1.7530332199999918,100000,0
TEMOA_V10,F3,10,8,0.0,1.6476705619999734,100000,0
TEMOA_V10,F3,10,9,0.0,1.6759345030000077,100000,0
TEMOA_V10,F3,10,10,0.0,1.7532477249999943,100000,0
TEMOA_V10,F3,10,11,0.0,1.7863632289999885,100000,0
TEMOA_V10,F3,10,12,0.0,1.680403565000006,100000,0
TEMOA_V10,F3,10,13,0.0,1.6848800940000217,100000,0
TEMOA_V10,F3,10,14,0.0,1.652617757999991,100000,0
TEMOA_V10,F3,10,15,0.0,1.6882529940000097,100000,0
TEMOA_V10,F3,10,16,0.0,1.6715497609999943,100000,0
TEMOA_V10,F3,10,17,0.0,1.7197398300000089,100000,0
TEMOA_V10,F3,10,18,0.0,1.6776637760000028,100000,0
TEMOA_V10,F3,10,19,0.0,1.679072227000006,100000,0
TEMOA_V10,F3,10,20,0.0,1.646578369999986,100000,0
TEMOA_V10,F3,10,21,0.0,1.664866733999986,100000,0
TEMOA_V10,F3,10,22,0.0,1.685320762999993,100000,0
TEMOA_V10,F3,10,23,0.0,1.6719456280000031,100000,0
TEMOA_V10,F3,10,24,0.0,1.6561598229999959,100000,0
TEMOA_V10,F3,10,25,0.0,1.6757080980000012,100000,0
TEMOA_V10,F3,10,26,0.0,1.6807224380000036,100000,0
TEMOA_V10,F3,10,27,0.0,1.8512015690000112,100000,0
TEMOA_V10,F3,10,28,0.0,1.6599792110000067,100000,0
TEMOA_V10,F3,10,29,0.0,1.6422733240000014,100000,0
TEMOA_V10,F3,10,30,0.0,1.667142867000024,100000,0
TEMOA_V10,F3,10,31,0.0,1.6857593770000108,100000,0
TEMOA_V10,F3,10,32,0.0,1.6502274849999878,100000,0
TEMOA_V10,F3,10,33,0.0,1.6688745110000127,100000,0
TEMOA_V10,F3,10,34,0.0,1.6666852059999826,100000,0
TEMOA_V10,F3,10,35,0.0,1.6531795729999885,100000,0
TEMOA_V10,F3,10,36,0.0,1.6642803250000213,100000,0
TEMOA_V10,F3,10,37,0.0,1.734513335999992,100000,0
TEMOA_V10,F3,10,38,0.0,1.8156524080000054,100000,0
TEMOA_V10,F3,10,39,0.0,1.6590032999999949,100000,0
TEMOA_V10,F3,10,40,0.0,1.6828532589999838,100000,0
TEMOA_V10,F3,10,41,0.0,1.7496700740000222,100000,0
TEMOA_V10,F3,10,42,0.0,1.6703617169999916,100000,0
TEMOA_V10,F3,10,43,0.0,1.6613631189999865,100000,0
TEMOA_V10,F3,10,44,0.0,1.6429141990000176,100000,0
TEMOA_V10,F3,10,45,0.0,1.6483344529999897,100000,0
TEMOA_V10,F3,10,46,0.0,1.6497204220000015,100000,0
TEMOA_V10,F3,10,47,0.0,1.6520893370000067,100000,0
TEMOA_V10,F3,10,48,0.0,1.6602415560000168,100000,0
TEMOA_V10,F3,10,49,0.0,1.6578491969999902,100000,0
TEMOA_V10,F3,10,50,0.0,1.6462473590000002,100000,0
TEMOA_V11,F3,10,0,0.0,1.241716010999994,100000,0
TEMOA_V11,F3,10,1,0.0,1.2313688680000041,100000,0
TEMOA_V11,F3,10,2,0.0,1.2417177699999797,100000,0
TEMOA_V11,F3,10,3,0.0,1.2488356899999928,100000,0
TEMOA_V11,F3,10,4,0.0,1.2389496149999957,100000,0
TEMOA_V11,F3,10,5,0.0,1.2449167499999874,100000,0
TEMOA_V11,F3,10,6,0.0,1.3030749149999963,100000,0
TEMOA_V11,F3,10,7,0.0,1.3261058450000007,100000,0
TEMOA_V11,F3,10,8,0.0,1.3797360229999924,100000,0
TEMOA_V11,F3,10,9,0.0,1.243793664000009,100000,0
TEMOA_V11,F3,10,10,0.0,1.239770784000001,100000,0
TEMOA_V11,F3,10,11,0.0,1.2310768879999898,100000,0
TEMOA_V11,F3,10,12,0.0,1.2386216459999844,100000,0
TEMOA_V11,F3,10,13,0.0,1.3125862819999838,100000,0
TEMOA_V11,F3,10,14,0.0,1.2432054439999831,100000,0
TEMOA_V11,F3,10,15,0.0,1.2401044369999852,100000,0
TEMOA_V11,F3,10,16,0.0,1.2789500129999851,100000,0
TEMOA_V11,F3,10,17,0.0,1.3603799120000133,100000,0
TEMOA_V11,F3,10,18,0.0,1.4242256429999998,100000,0
TEMOA_V11,F3,10,19,0.0,1.2541245749999916,100000,0
TEMOA_V11,F3,10,20,0.0,1.242901838999984,100000,0
TEMOA_V11,F3,10,21,0.0,1.2276979410000024,100000,0
TEMOA_V11,F3,10,22,0.0,1.236567210000004,100000,0
TEMOA_V11,F3,10,23,0.0,1.2934805649999817,100000,0
TEMOA_V11,F3,10,24,0.0,1.3898790579999911,100000,0
TEMOA_V11,F3,10,25,0.0,1.2367450259999941,100000,0
TEMOA_V11,F3,10,26,0.0,1.2270402750000073,100000,0
TEMOA_V11,F3,10,27,0.0,1.3562793629999987,100000,0
TEMOA_V11,F3,10,28,0.0,1.310362155000007,100000,0
TEMOA_V11,F3,10,29,0.0,1.2232842430000233,100000,0
TEMOA_V11,F3,10,30,0.0,1.2221309999999903,100000,0
TEMOA_V11,F3,10,31,0.0,1.2181033520000142,100000,0
TEMOA_V11,F3,10,32,0.0,1.2094237029999704,100000,0
TEMOA_V11,F3,10,33,0.0,1.3210171100000139,100000,0
TEMOA_V11,F3,10,34,0.0,1.2127501859999938,100000,0
TEMOA_V11,F3,10,35,0.0,1.2305318969999917,100000,0
TEMOA_V11,F3,10,36,0.0,1.2022533900000099,100000,0
TEMOA_V11,F3,10,37,0.0,1.2024068140000281,100000,0
TEMOA_V11,F3,10,38,0.0,1.2558487670000318,100000,0
TEMOA_V11,F3,10,39,0.0,1.2154274590000114,100000,0
TEMOA_V11,F3,10,40,0.0,1.20376758499998,100000,0
TEMOA_V11,F3,10,41,0.0,1.1994497459999707,100000,0
TEMOA_V11,F3,10,42,0.0,1.2355984490000083,100000,0
TEMOA_V11,F3,10,43,0.0,1.234641525000029,100000,0
TEMOA_V11,F3,10,44,0.0,1.2179515170000172,100000,0
TEMOA_V11,F3,10,45,0.0,1.2040404609999769,100000,0
TEMOA_V11,F3,10,46,0.0,1.2164971359999868,100000,0
TEMOA_V11,F3,10,47,0.0,1.207619813000008,100000,0
TEMOA_V11,F3,10,48,0.0,1.2135993250000183,100000,0
TEMOA_V11,F3,10,49,0.0,1.2041357059999882,100000,0
TEMOA_V11,F3,10,50,0.0,1.2174351819999742,100000,0
TEMOA_V12,F3,10,0,0.0,0.8811974999999848,100000,0
TEMOA_V12,F3,10,1,0.0,0.8846522370000116,100000,0
TEMOA_V12,F3,10,2,0.0,0.8781113020000362,100000,0
TEMOA_V12,F3,10,3,0.0,0.885714025000027,100000,0
TEMOA_V12,F3,10,4,0.0,0.8892941350000001,100000,0
TEMOA_V12,F3,10,5,0.0,0.9466788880000081,100000,0
TEMOA_V12,F3,10,6,0.0,0.8892195439999568,100000,0
TEMOA_V12,F3,10,7,0.0,0.8865646460000107,100000,0
TEMOA_V12,F3,10,8,0.0,0.8843482970000309,100000,0
TEMOA_V12,F3,10,9,0.0,0.9472789529999659,100000,0
TEMOA_V12,F3,10,10,0.0,1.0182031809999899,100000,0
TEMOA_V12,F3,10,11,0.0,0.9841670289999911,100000,0
TEMOA_V12,F3,10,12,0.0,0.883070465000003,100000,0
TEMOA_V12,F3,10,13,0.0,0.888430360999962,100000,0
TEMOA_V12,F3,10,14,0.0,0.8789527519999751,100000,0
TEMOA_V12,F3,10,15,0.0,0.8877326429999925,100000,0
TEMOA_V12,F3,10,16,0.0,0.8974942599999736,100000,0
TEMOA_V12,F3,10,17,0.0,0.9257350889999998,100000,0
TEMOA_V12,F3,10,18,0.0,0.8872130340000126,100000,0
TEMOA_V12,F3,10,19,0.0,0.8884787630000233,100000,0
TEMOA_V12,F3,10,20,0.0,0.8830636199999731,100000,0
TEMOA_V12,F3,10,21,0.0,0.888905383000008,100000,0
TEMOA_V12,F3,10,22,0.0,0.8815292909999926,100000,0
TEMOA_V12,F3,10,23,0.0,0.8754040580000151,100000,0
TEMOA_V12,F3,10,24,0.0,0.8810774440000273,100000,0
TEMOA_V12,F3,10,25,0.0,0.96953156699999,100000,0
TEMOA_V12,F3,10,26,0.0,0.9424890729999902,100000,0
TEMOA_V12,F3,10,27,0.0,1.0177147489999925,100000,0
TEMOA_V12,F3,10,28,0.0,1.0032271719999812,100000,0
TEMOA_V12,F3,10,29,0.0,0.9461378749999767,100000,0
TEMOA_V12,F3,10,30,0.0,0.9498174170000198,100000,0
TEMOA_V12,F3,10,31,0.0,0.8803627369999845,100000,0
TEMOA_V12,F3,10,32,0.0,0.8820506980000005,100000,0
TEMOA_V12,F3,10,33,0.0,0.8797725660000424,100000,0
TEMOA_V12,F3,10,34,0.0,0.8809109480000075,100000,0
TEMOA_V12,F3,10,35,0.0,0.8808801609999932,100000,0
TEMOA_V12,F3,10,36,0.0,0.8897693460000369,100000,0
TEMOA_V12,F3,10,37,0.0,0.8768439600000306,100000,0
TEMOA_V12,F3,10,38,0.0,0.8888535680000018,100000,0
TEMOA_V12,F3,10,39,0.0,0.8848768209999776,100000,0
TEMOA_V12,F3,10,40,0.0,0.8855152999999518,100000,0
TEMOA_V12,F3,10,41,0.0,0.8806017539999971,100000,0
TEMOA_V12,F3,10,42,0.0,0.8805267099999696,100000,0
TEMOA_V12,F3,10,43,0.0,0.8788257769999746,100000,0
TEMOA_V12,F3,10,44,0.0,0.9310680410000032,100000,0
TEMOA_V12,F3,10,45,0.0,0.8783166119999919,100000,0
TEMOA_V12,F3,10,46,0.0,0.9452970279999704,100000,0
TEMOA_V12,F3,10,47,0.0,0.884091054999999,100000,0
TEMOA_V12,F3,10,48,0.0,0.8893643270000098,100000,0
TEMOA_V12,F3,10,49,0.0,0.8917951509999966,100000,0
TEMOA_V12,F3,10,50,0.0,1.0258060040000032,100000,0
jSO,F3,10,0,0.0,0.7686738950000063,100000,0
jSO,F3,10,1,0.0,0.7594833559999756,100000,0
jSO,F3,10,2,0.0,0.7631894319999901,100000,0
jSO,F3,10,3,0.0,0.760723229000007,100000,0
jSO,F3,10,4,0.0,0.763120855000011,100000,0
jSO,F3,10,5,0.0,0.7559384930000306,100000,0
jSO,F3,10,6,0.0,0.7627861459999963,100000,0
jSO,F3,10,7,0.0,0.7618269300000406,100000,0
jSO,F3,10,8,0.0,0.7609692469999914,100000,0
jSO,F3,10,9,0.0,0.7560616499999924,100000,0
jSO,F3,10,10,0.0,0.758846946999995,100000,0
jSO,F3,10,11,0.0,0.7595292010000207,100000,0
jSO,F3,10,12,0.0,0.7573700030000055,100000,0
jSO,F3,10,13,0.0,0.7601069179999627,100000,0
jSO,F3,10,14,0.0,0.7615177889999813,100000,0
jSO,F3,10,15,0.0,0.7598406280000063,100000,0
jSO,F3,10,16,0.0,0.761077250000028,100000,0
jSO,F3,10,17,0.0,0.8449081499999807,100000,0
jSO,F3,10,18,0.0,0.7616309720000345,100000,0
jSO,F3,10,19,0.0,0.7573299689999544,100000,0
jSO,F3,10,20,0.0,0.757798207999997,100000,0
jSO,F3,10,21,0.0,0.7619755210000108,100000,0
jSO,F3,10,22,0.0,0.7637936460000105,100000,0
jSO,F3,10,23,0.0,0.7618950959999893,100000,0
jSO,F3,10,24,0.0,0.7582175710000456,100000,0
jSO,F3,10,25,0.0,0.7588216139999986,100000,0
jSO,F3,10,26,0.0,0.7678003160000344,100000,0
jSO,F3,10,27,0.0,0.7573924059999513,100000,0
jSO,F3,10,28,0.0,0.7896609870000475,100000,0
jSO,F3,10,29,0.0,0.8420047650000129,100000,0
jSO,F3,10,30,0.0,0.7642295020000347,100000,0
jSO,F3,10,31,0.0,0.7614599460000022,100000,0
jSO,F3,10,32,0.0,0.7621310499999936,100000,0
jSO,F3,10,33,0.0,0.7631667460000244,100000,0
jSO,F3,10,34,0.0,0.7632169479999789,100000,0
jSO,F3,10,35,0.0,0.7609941769999864,100000,0
jSO,F3,10,36,0.0,0.7670293049999941,100000,0
jSO,F3,10,37,0.0,0.7657192830000099,100000,0
jSO,F3,10,38,0.0,0.8485109970000053,100000,0
jSO,F3,10,39,0.0,0.7615663169999607,100000,0
jSO,F3,10,40,0.0,0.7631184389999817,100000,0
jSO,F3,10,41,0.0,0.8394400779999955,100000,0
jSO,F3,10,42,0.0,0.7765404900000021,100000,0
jSO,F3,10,43,0.0,0.8640884270000129,100000,0
jSO,F3,10,44,0.0,0.7683138489999806,100000,0
jSO,F3,10,45,0.0,0.7723405309999976,100000,0
jSO,F3,10,46,0.0,0.7582862739999996,100000,0
jSO,F3,10,47,0.0,0.7981086359999949,100000,0
jSO,F3,10,48,0.0,0.768594988000018,100000,0
jSO,F3,10,49,0.0,0.7721045159999562,100000,0
jSO,F3,10,50,0.0,0.7673356550000108,100000,0
sepCMAES,F3,10,0,0.0,5.488059701000111,100000,0
sepCMAES,F3,10,1,0.0,5.452019167999879,100000,0
sepCMAES,F3,10,2,0.0,5.563018285999988,100000,0
sepCMAES,F3,10,3,0.0,5.402703693999911,100000,0
sepCMAES,F3,10,4,0.0,5.42751975200008,100000,0
sepCMAES,F3,10,5,0.0,5.470767267000156,100000,0
sepCMAES,F3,10,6,0.0,5.369002664999925,100000,0
sepCMAES,F3,10,7,0.0,5.567239981999819,100000,0
sepCMAES,F3,10,8,0.0,5.333173272000067,100000,0
sepCMAES,F3,10,9,0.0,5.539770069999804,100000,0
sepCMAES,F3,10,10,0.0,5.464957398000024,100000,0
sepCMAES,F3,10,11,0.0,5.507300702000066,100000,0
sepCMAES,F3,10,12,0.0,5.328019055999903,100000,0
sepCMAES,F3,10,13,0.0,5.516910956000174,100000,0
sepCMAES,F3,10,14,0.0,5.422096524999915,100000,0
sepCMAES,F3,10,15,0.0,5.383656516999963,100000,0
sepCMAES,F3,10,16,0.0,5.483192946999907,100000,0
sepCMAES,F3,10,17,0.0,5.394132810000201,100000,0
sepCMAES,F3,10,18,0.0,5.477068630999838,100000,0
sepCMAES,F3,10,19,0.0,5.48761020500001,100000,0
sepCMAES,F3,10,20,0.0,5.564740747000087,100000,0
sepCMAES,F3,10,21,0.0,5.435045603000162,100000,0
sepCMAES,F3,10,22,0.0,5.434729951000008,100000,0
sepCMAES,F3,10,23,0.0,5.355391110000028,100000,0
sepCMAES,F3,10,24,0.0,5.382428235999896,100000,0
sepCMAES,F3,10,25,0.0,5.339540436000107,100000,0
sepCMAES,F3,10,26,0.0,5.4297283530002005,100000,0
sepCMAES,F3,10,27,0.0,5.426560125999913,100000,0
sepCMAES,F3,10,28,0.0,5.440875417999905,100000,0
sepCMAES,F3,10,29,0.0,5.515565120000019,100000,0
sepCMAES,F3,10,30,0.0,5.464136551000138,100000,0
sepCMAES,F3,10,31,0.0,5.395747860999791,100000,0
sepCMAES,F3,10,32,0.0,5.312315571999989,100000,0
sepCMAES,F3,10,33,0.0,5.6579787780001425,100000,0
sepCMAES,F3,10,34,0.0,5.620452890000024,100000,0
sepCMAES,F3,10,35,0.0,5.402050706000182,100000,0
sepCMAES,F3,10,36,0.0,5.453702264000185,100000,0
sepCMAES,F3,10,37,0.0,5.38565480200009,100000,0
sepCMAES,F3,10,38,0.0,5.362189622999949,100000,0
sepCMAES,F3,10,39,0.0,5.588983053999982,100000,0
sepCMAES,F3,10,40,0.0,5.461672214999908,100000,0
sepCMAES,F3,10,41,0.0,5.4065130049998515,100000,0
sepCMAES,F3,10,42,0.0,5.394969722000042,100000,0
sepCMAES,F3,10,43,0.0,5.426353279000068,100000,0
sepCMAES,F3,10,44,0.0,5.464651090999951,100000,0
sepCMAES,F3,10,45,0.0,5.442567929999996,100000,0
sepCMAES,F3,10,46,0.0,5.6329863219998515,100000,0
sepCMAES,F3,10,47,0.0,5.535132541999928,100000,0
sepCMAES,F3,10,48,0.0,5.362132008999879,100000,0
sepCMAES,F3,10,49,0.0,5.701457741000013,100000,0
sepCMAES,F3,10,50,0.0,5.476079170000048,100000,0
BIPOP_CMAES,F30,10,0,2501.694169039565,23.271176449999984,100000,0
BIPOP_CMAES,F30,10,1,1613.2911170797288,22.639024944000084,100000,0
BIPOP_CMAES,F30,10,2,11036.5588543047,23.359366712000337,100000,0
BIPOP_CMAES,F30,10,3,1613.3683590275114,21.86495857400041,100000,0
BIPOP_CMAES,F30,10,4,1628.0112086796125,22.46274637999977,100000,0
BIPOP_CMAES,F30,10,5,1611.163537862718,21.420120904000214,100000,0
BIPOP_CMAES,F30,10,6,1628.083774829669,23.121269416999894,100000,0
BIPOP_CMAES,F30,10,7,3177.105257552177,23.557899030000044,100000,0
BIPOP_CMAES,F30,10,8,1608.1147406389846,21.692500424000173,100000,0
BIPOP_CMAES,F30,10,9,1380.2737808529555,21.004896040000858,100000,0
BIPOP_CMAES,F30,10,10,1616.2756314267235,22.249576561999675,100000,0
BIPOP_CMAES,F30,10,11,54.76637383063553,22.068717711000318,100000,0
BIPOP_CMAES,F30,10,12,1629.707230123975,22.611888127000384,100000,0
BIPOP_CMAES,F30,10,13,1385.985317147858,22.075940071999867,100000,0
BIPOP_CMAES,F30,10,14,1377.3095813710634,21.79036673199971,100000,0
BIPOP_CMAES,F30,10,15,1608.3508479720667,23.02795332200003,100000,0
BIPOP_CMAES,F30,10,16,1398.8252291100398,22.480682655000237,100000,0
BIPOP_CMAES,F30,10,17,1390.5043314705208,21.011889029000486,100000,0
BIPOP_CMAES,F30,10,18,3164.5012408179045,23.97724204699989,100000,0
BIPOP_CMAES,F30,10,19,10460.889122944734,22.597941128000457,100000,0
BIPOP_CMAES,F30,10,20,2287.849670573083,22.61753397299981,100000,0
BIPOP_CMAES,F30,10,21,2502.114696191087,23.88491988900023,100000,0
BIPOP_CMAES,F30,10,22,2747.101887941317,23.268890727000326,100000,0
BIPOP_CMAES,F30,10,23,1613.3239837694491,21.788558276999538,100000,0
BIPOP_CMAES,F30,10,24,1613.1570799899646,22.13794323899947,100000,0
BIPOP_CMAES,F30,10,25,3161.7149716517197,24.07246064300034,100000,0
BIPOP_CMAES,F30,10,26,3185.6533312583906,22.913705760000084,100000,0
BIPOP_CMAES,F30,10,27,1608.7629605543316,22.466687226999966,100000,0
BIPOP_CMAES,F30,10,28,1578.3023056943039,21.67859362999934,100000,0
BIPOP_CMAES,F30,10,29,1819.1030087938743,22.602570559000014,100000,0
BIPOP_CMAES,F30,10,30,3634.4196230419548,22.540554737999628,100000,0
BIPOP_CMAES,F30,10,31,1729.7900387316422,22.826674919000652,100000,0
BIPOP_CMAES,F30,10,32,1613.2631666735115,21.112006728999404,100000,0
BIPOP_CMAES,F30,10,33,1612.9798078880303,22.766632052000205,100000,0
BIPOP_CMAES,F30,10,34,1639.8305759516952,23.73086879999937,100000,0
BIPOP_CMAES,F30,10,35,1706.9048148509391,21.92146406200027,100000,0
BIPOP_CMAES,F30,10,36,1600.7139003601205,21.767983763999837,100000,0
BIPOP_CMAES,F30,10,37,1612.4532948502383,23.702877513000203,100000,0
BIPOP_CMAES,F30,10,38,2.345757636210692,24.00004123999952,100000,0
BIPOP_CMAES,F30,10,39,1638.8723954730604,22.051468853999722,100000,0
BIPOP_CMAES,F30,10,40,3176.314938237464,23.46587014400029,100000,0
BIPOP_CMAES,F30,10,41,3175.1170433125753,22.203334576999623,100000,0
BIPOP_CMAES,F30,10,42,2519.9805332757896,22.144045705999815,100000,0
BIPOP_CMAES,F30,10,43,1556.0451075670471,22.543490128000485,100000,0
BIPOP_CMAES,F30,10,44,1588.6293600137396,22.49742349799999,100000,0
BIPOP_CMAES,F30,10,45,1635.143833076263,22.761897651000254,100000,0
BIPOP_CMAES,F30,10,46,1613.4446411527133,21.974632236000616,100000,0
BIPOP_CMAES,F30,10,47,1612.055039215059,22.435594179999498,100000,0
BIPOP_CMAES,F30,10,48,1613.4053341977997,22.685166826000568,100000,0
BIPOP_CMAES,F30,10,49,1594.868516104285,21.479069927999262,100000,0
BIPOP_CMAES,F30,10,50,1610.1198989541463,22.257714107999163,100000,0
CMAES,F30,10,0,1607.9132661911663,24.151704570999755,100000,0
CMAES,F30,10,1,1543.867133206595,23.69956284300042,100000,0
CMAES,F30,10,2,1599.9133644690428,23.48584720300005,100000,0
CMAES,F30,10,3,1617.693798468642,22.77499137599989,100000,0
CMAES,F30,10,4,1619.4399271691036,24.00794046699957,100000,0
CMAES,F30,10,5,1612.4959694756608,23.645005110000056,100000,0
CMAES,F30,10,6,2747.546652290499,24.390604352000082,100000,0
CMAES,F30,10,7,2488.2872577253966,23.50632186599978,100000,0
CMAES,F30,10,8,1665.0344355881316,24.624835566,100000,0
CMAES,F30,10,9,1726.1917973261734,24.394294714999887,100000,0
CMAES,F30,10,10,1585.6794599094992,24.14008727199962,100000,0
CMAES,F30,10,11,3169.084366771438,24.3654320859996,100000,0
CMAES,F30,10,12,2627.9583689006977,24.17240856600074,100000,0
CMAES,F30,10,13,1615.9192210039691,24.03350747100012,100000,0
CMAES,F30,10,14,1407.787165433263,23.930639684999733,100000,0
CMAES,F30,10,15,2496.588242885391,24.046450273999653,100000,0
CMAES,F30,10,16,1387.9346707722907,23.63131993099978,100000,0
CMAES,F30,10,17,1536.5376945561575,24.390642131000277,100000,0
CMAES,F30,10,18,1613.400219383917,24.375326596999912,100000,0
CMAES,F30,10,19,3167.8725457159035,24.571471510000265,100000,0
CMAES,F30,10,20,1934.1164438345122,24.041233062000174,100000,0
CMAES,F30,10,21,1626.1567425302546,24.43918337099967,100000,0
CMAES,F30,10,22,1388.1770965090782,23.677682303999973,100000,0
CMAES,F30,10,23,10507.237002578708,23.89690985499965,100000,0
CMAES,F30,10,24,1388.2182491338117,23.590614498999457,100000,0
CMAES,F30,10,25,3762.0807297912797,24.36082585799977,100000,0
CMAES,F30,10,26,3161.214717997166,23.667702873999588,100000,0
CMAES,F30,10,27,1797.3425762607167,23.838856616999692,100000,0
CMAES,F30,10,28,1605.756948999263,24.397612426000705,100000,0
CMAES,F30,10,29,1709.7729100829756,24.448084397999992,100000,0
CMAES,F30,10,30,1627.5095014262806,24.505998466000165,100000,0
CMAES,F30,10,31,14606.187903147293,24.55617968899969,100000,0
CMAES,F30,10,32,1630.3663082827097,24.02031146399986,100000,0
CMAES,F30,10,33,3.0324614446981286,23.700187670999185,100000,0
CMAES,F30,10,34,2564.879366579502,24.170437439000125,100000,0
CMAES,F30,10,35,1649.9786010678863,24.209582690999923,100000,0
CMAES,F30,10,36,1595.182773770879,24.573285394000777,100000,0
CMAES,F30,10,37,2617.6008774797974,24.70795262000047,100000,0
CMAES,F30,10,38,2786.021433476415,24.456725818999985,100000,0
CMAES,F30,10,39,2108.805504594093,24.593542453999362,100000,0
CMAES,F30,10,40,3160.490729925681,24.597409903999505,100000,0
CMAES,F30,10,41,2466.6907270580887,23.7352225730001,100000,0
CMAES,F30,10,42,1653.2081620885147,23.804054588000326,100000,0
CMAES,F30,10,43,3684.205446991894,24.564611169000273,100000,0
CMAES,F30,10,44,1676.2952374913111,23.630422589000773,100000,0
CMAES,F30,10,45,1794.4193967658866,24.29254597200088,100000,0
CMAES,F30,10,46,10.196100257942817,24.142262051000216,100000,0
CMAES,F30,10,47,2545.243020703274,24.24487106000015,100000,0
CMAES,F30,10,48,1990.7052681621262,18.006946724000954,74271,0
CMAES,F30,10,49,1939.0031296620618,24.371456089000276,100000,0
CMAES,F30,10,50,1597.807657099509,23.436762067000018,100000,0
IPOP_CMAES,F30,10,0,3161.760749307643,23.692349382999964,100000,0
IPOP_CMAES,F30,10,1,1377.2438891612455,21.350834730000315,100000,0
IPOP_CMAES,F30,10,2,1408.0751446477097,21.553865124000367,100000,0
IPOP_CMAES,F30,10,3,1582.3601888007706,23.770699536000393,100000,0
IPOP_CMAES,F30,10,4,3606.693265394826,23.052172900000187,100000,0
IPOP_CMAES,F30,10,5,1581.9112098196028,23.553484660000322,100000,0
IPOP_CMAES,F30,10,6,2532.907057053413,23.553250115999617,100000,0
IPOP_CMAES,F30,10,7,1378.1076111576458,20.853282246999697,100000,0
IPOP_CMAES,F30,10,8,1589.622982995772,22.468968731000132,100000,0
IPOP_CMAES,F30,10,9,3168.547634513554,22.791421492000154,100000,0
IPOP_CMAES,F30,10,10,1613.7556294760734,20.908338014000037,100000,0
IPOP_CMAES,F30,10,11,1619.7773690045797,20.70608959099991,100000,0
IPOP_CMAES,F30,10,12,1599.2188840089284,21.60578389500006,100000,0
IPOP_CMAES,F30,10,13,3190.1071479310476,22.65847318899978,100000,0
IPOP_CMAES,F30,10,14,1386.9830596352122,21.643249253999784,100000,0
IPOP_CMAES,F30,10,15,1589.4303491054688,21.725392400999226,100000,0
IPOP_CMAES,F30,10,16,2542.468851301259,22.439479675000257,100000,0
IPOP_CMAES,F30,10,17,3602.13384267079,22.919230882000193,100000,0
IPOP_CMAES,F30,10,18,1617.1933479927702,23.679206258000704,100000,0
IPOP_CMAES,F30,10,19,1581.7711152670136,21.29875256000014,100000,0
IPOP_CMAES,F30,10,20,2196.660130305161,23.580832943000132,100000,0
IPOP_CMAES,F30,10,21,2413.7736944986664,23.067588191999675,100000,0
IPOP_CMAES,F30,10,22,1616.2434453100486,24.004274775999875,100000,0
IPOP_CMAES,F30,10,23,10437.463499693544,23.260744760000307,100000,0
IPOP_CMAES,F30,10,24,3180.949706965913,22.935231598000428,100000,0
IPOP_CMAES,F30,10,25,1616.1711938967173,21.29432608299976,100000,0
IPOP_CMAES,F30,10,26,1610.4174626465938,22.474147507000453,100000,0
IPOP_CMAES,F30,10,27,1405.7969114900789,23.891773692000243,100000,0
IPOP_CMAES,F30,10,28,3173.779207135438,21.71471106700028,100000,0
IPOP_CMAES,F30,10,29,1613.3912382412109,23.910844574999828,100000,0
IPOP_CMAES,F30,10,30,3194.287667723396,23.906480001999626,100000,0
IPOP_CMAES,F30,10,31,3475.3139520888253,23.580563358999825,100000,0
IPOP_CMAES,F30,10,32,1390.5003962616465,21.39495629099929,100000,0
IPOP_CMAES,F30,10,33,1390.0030126998363,22.93774092700005,100000,0
IPOP_CMAES,F30,10,34,1608.786250413108,22.22757229599938,100000,0
IPOP_CMAES,F30,10,35,1619.480492780678,22.893421919000502,100000,0
IPOP_CMAES,F30,10,36,1618.9564054202165,23.499549850999756,100000,0
IPOP_CMAES,F30,10,37,3179.783299181984,23.071692972000164,100000,0
IPOP_CMAES,F30,10,38,1410.5850035828416,21.26188496099985,100000,0
IPOP_CMAES,F30,10,39,1613.768292735249,22.66943851800079,100000,0
IPOP_CMAES,F30,10,40,1613.1875465058265,23.5765443650007,100000,0
IPOP_CMAES,F30,10,41,11003.669652662378,21.76678206700035,100000,0
IPOP_CMAES,F30,10,42,2571.4582574159067,23.246715948999736,100000,0
IPOP_CMAES,F30,10,43,3164.1818009085746,21.087400546000026,100000,0
IPOP_CMAES,F30,10,44,1384.0421205805687,21.386152910999954,100000,0
IPOP_CMAES,F30,10,45,3163.3063254599174,23.11792591699941,100000,0
IPOP_CMAES,F30,10,46,1377.2438888362803,21.781049281000378,100000,0
IPOP_CMAES,F30,10,47,2720.6889722585147,23.1815978249997,100000,0
IPOP_CMAES,F30,10,48,1611.737001045265,21.370365579999998,100000,0
IPOP_CMAES,F30,10,49,1589.2837259754433,20.276094593999915,100000,0
IPOP_CMAES,F30,10,50,1613.2345155306602,21.007647616999748,100000,0
L-SHADE-DGR,F30,10,0,1377.2516716068867,15.535972711000007,100000,0
L-SHADE-DGR,F30,10,1,1377.3606661462127,15.499173393000007,100000,0
L-SHADE-DGR,F30,10,2,1377.508420449295,15.554539564999999,100000,0
L-SHADE-DGR,F30,10,3,1377.2543414811607,15.609626067000008,100000,0
L-SHADE-DGR,F30,10,4,1377.7119118275386,15.398035142999987,100000,0
L-SHADE-DGR,F30,10,5,1377.2439237451017,15.635429388999995,100000,0
L-SHADE-DGR,F30,10,6,1377.2540191761154,15.680396658999996,100000,0
L-SHADE-DGR,F30,10,7,1377.669599089103,15.404338961999997,100000,0
L-SHADE-DGR,F30,10,8,1377.2536111784893,15.60259441400001,100000,0
L-SHADE-DGR,F30,10,9,1377.552228792656,15.383315514999993,100000,0
L-SHADE-DGR,F30,10,10,1377.4510424395758,15.503645653999996,100000,0
L-SHADE-DGR,F30,10,11,1377.299991891532,15.549296260999995,100000,0
L-SHADE-DGR,F30,10,12,1377.253203760527,15.493347663000009,100000,0
L-SHADE-DGR,F30,10,13,1377.58542114974,15.218202566000002,100000,0
L-SHADE-DGR,F30,10,14,1377.616274165477,15.360968372999992,100000,0
L-SHADE-DGR,F30,10,15,1377.244173752285,15.421294264999972,100000,0
L-SHADE-DGR,F30,10,16,1377.5609047613334,15.291796312999963,100000,0
L-SHADE-DGR,F30,10,17,1378.111749656775,15.488429786999973,100000,0
L-SHADE-DGR,F30,10,18,1377.3606338082554,15.191271570000026,100000,0
L-SHADE-DGR,F30,10,19,1377.6088513388377,15.163500068000019,100000,0
L-SHADE-DGR,F30,10,20,1377.2443923376795,15.400096040999983,100000,0
L-SHADE-DGR,F30,10,21,1377.460480931878,15.179195815000014,100000,0
L-SHADE-DGR,F30,10,22,1377.4938465684609,15.210303812000006,100000,0
L-SHADE-DGR,F30,10,23,1377.4620690996107,15.201669938000009,100000,0
L-SHADE-DGR,F30,10,24,1377.7480894694972,15.254937534000021,100000,0
L-SHADE-DGR,F30,10,25,1377.2438897396896,15.331837091000011,100000,0
L-SHADE-DGR,F30,10,26,1377.3955372367072,15.195263931999989,100000,0
L-SHADE-DGR,F30,10,27,1377.2440728533302,15.359726861000013,100000,0
L-SHADE-DGR,F30,10,28,1377.6001665953354,15.237401569999975,100000,0
L-SHADE-DGR,F30,10,29,1377.5396933680313,15.451158550000002,100000,0
L-SHADE-DGR,F30,10,30,1377.4441773160497,15.25061124199999,100000,0
L-SHADE-DGR,F30,10,31,1377.2810660226096,15.445113623999987,100000,0
L-SHADE-DGR,F30,10,32,1377.4949398985345,15.23328557100001,100000,0
L-SHADE-DGR,F30,10,33,1377.3463891672363,15.256156103999956,100000,0
L-SHADE-DGR,F30,10,34,1377.2439732847797,15.396354991999942,100000,0
L-SHADE-DGR,F30,10,35,1377.575828895826,15.210674606999987,100000,0
L-SHADE-DGR,F30,10,36,3158.123093096833,15.515379929999995,100000,0
L-SHADE-DGR,F30,10,37,1377.7616800843243,15.179270499999916,100000,0
L-SHADE-DGR,F30,10,38,1390.3567813476948,15.458407150000085,100000,0
L-SHADE-DGR,F30,10,39,1377.3527017121296,15.208472512999947,100000,0
L-SHADE-DGR,F30,10,40,1377.2515965596394,15.448763784999983,100000,0
L-SHADE-DGR,F30,10,41,1378.4537989401306,15.499487817000045,100000,0
L-SHADE-DGR,F30,10,42,1377.6182635041105,15.257649716999936,100000,0
L-SHADE-DGR,F30,10,43,1377.6111937036385,15.214829271999974,100000,0
L-SHADE-DGR,F30,10,44,1377.4711268006613,15.21746921800002,100000,0
L-SHADE-DGR,F30,10,45,1377.5474526613125,15.268635195000002,100000,0
L-SHADE-DGR,F30,10,46,1377.5978640650292,15.29294686000003,100000,0
L-SHADE-DGR,F30,10,47,1377.5152155233409,15.450443047000022,100000,0
L-SHADE-DGR,F30,10,48,1377.5029616892252,15.233273455000017,100000,0
L-SHADE-DGR,F30,10,49,1377.2454509496893,15.478105526000036,100000,0
L-SHADE-DGR,F30,10,50,1377.5298165625427,15.23736051800006,100000,0
LSHADE,F30,10,0,1378.1076106241035,15.010107147999861,100000,0
LSHADE,F30,10,1,1378.1076106241035,15.072239687000092,100000,0
LSHADE,F30,10,2,3158.124151734798,15.053809523999917,100000,0
LSHADE,F30,10,3,1377.2515386597806,15.06801653399998,100000,0
LSHADE,F30,10,4,1377.2438885988386,15.012736012999994,100000,0
LSHADE,F30,10,5,1377.2515386597806,15.085865642000044,100000,0
LSHADE,F30,10,6,1377.2438885988395,15.048144095000225,100000,0
LSHADE,F30,10,7,1377.2438885988395,15.114721067000119,100000,0
LSHADE,F30,10,8,1377.2438885988395,15.069066193000253,100000,0
LSHADE,F30,10,9,1378.1076106241026,15.043694598999991,100000,0
LSHADE,F30,10,10,1377.2515386597806,15.05674001999978,100000,0
LSHADE,F30,10,11,1377.2438885988395,15.0556542610002,100000,0
LSHADE,F30,10,12,3158.124151734806,14.99592238599962,100000,0
LSHADE,F30,10,13,3158.1185262211366,15.006011010999828,100000,0
LSHADE,F30,10,14,1377.2438885988386,14.998773497000002,100000,0
LSHADE,F30,10,15,1377.2438885988386,15.055657549999978,100000,0
LSHADE,F30,10,16,1377.2438885988395,15.020711441999993,100000,0
LSHADE,F30,10,17,3158.118216023595,15.082325683999898,100000,0
LSHADE,F30,10,18,1377.2438885988395,15.102475005000088,100000,0
LSHADE,F30,10,19,3158.2949098024865,15.075422955999784,100000,0
LSHADE,F30,10,20,3158.1462017224467,15.056396121999569,100000,0
LSHADE,F30,10,21,3158.1125623924336,15.13434601300014,100000,0
LSHADE,F30,10,22,1377.2438885988386,15.086083758000314,100000,0
LSHADE,F30,10,23,3158.146201722391,15.142912380000325,100000,0
LSHADE,F30,10,24,1378.1076106241026,14.97623129700014,100000,0
LSHADE,F30,10,25,1377.2438885988395,15.076196844999686,100000,0
LSHADE,F30,10,26,3158.118526228507,15.1765693440002,100000,0
LSHADE,F30,10,27,1377.2438885988395,15.089883236999867,100000,0
LSHADE,F30,10,28,1378.1076106241035,15.084171266999874,100000,0
LSHADE,F30,10,29,1377.2438885988395,15.00044337899999,100000,0
LSHADE,F30,10,30,1377.2438885988395,15.0862115179998,100000,0
LSHADE,F30,10,31,1377.2438885988395,15.056908638000095,100000,0
LSHADE,F30,10,32,1378.1076106241035,15.089569504999872,100000,0
LSHADE,F30,10,33,1377.2515386597815,14.994580169000074,100000,0
LSHADE,F30,10,34,1377.2515386597806,15.080810052000288,100000,0
LSHADE,F30,10,35,1377.2438885988386,15.041161873999954,100000,0
LSHADE,F30,10,36,1377.2438885988395,15.098336023999764,100000,0
LSHADE,F30,10,37,1377.2515386597806,15.155235019999964,100000,0
LSHADE,F30,10,38,1377.2438885988395,15.107641588000206,100000,0
LSHADE,F30,10,39,3158.1185262230374,15.128483434000373,100000,0
LSHADE,F30,10,40,1377.2438885988395,15.050439232000372,100000,0
LSHADE,F30,10,41,1377.2438885988386,15.081977817999814,100000,0
LSHADE,F30,10,42,1377.2438885988386,14.987439222000376,100000,0
LSHADE,F30,10,43,1377.2888356940948,15.137908371999856,100000,0
LSHADE,F30,10,44,1377.2438885988386,15.118470992999846,100000,0
LSHADE,F30,10,45,3158.1171708868224,15.138400717999957,100000,0
LSHADE,F30,10,46,1377.2515386597815,15.155203910999717,100000,0
LSHADE,F30,10,47,1377.2438885988395,15.072413675000007,100000,0
LSHADE,F30,10,48,1377.2438885988395,15.041611644000113,100000,0
LSHADE,F30,10,49,1377.2438885988404,15.11960423499977,100000,0
LSHADE,F30,10,50,1377.2438885988395,15.024809374000142,100000,0
TEMOA_V10,F30,10,0,10413.158070963009,16.509976875000007,100000,0
TEMOA_V10,F30,10,1,1589.6842631421077,16.563796996000065,100000,0
TEMOA_V10,F30,10,2,1393.697797201422,16.510320959999945,100000,0
TEMOA_V10,F30,10,3,1613.594168423133,16.598771820000024,100000,0
TEMOA_V10,F30,10,4,1613.2546516540806,16.52203344999998,100000,0
TEMOA_V10,F30,10,5,1378.1282233582197,16.45354536299999,100000,0
TEMOA_V10,F30,10,6,3158.1185262212057,16.54681279700003,100000,0
TEMOA_V10,F30,10,7,1411.549572640104,16.505157622999945,100000,0
TEMOA_V10,F30,10,8,1614.044842467174,16.54744077099997,100000,0
TEMOA_V10,F30,10,9,1596.1384084478632,16.571855582000012,100000,0
TEMOA_V10,F30,10,10,7.424401893074901,16.48622064799997,100000,0
TEMOA_V10,F30,10,11,3158.3220024127313,16.478901265999866,100000,0
TEMOA_V10,F30,10,12,1561.572795780433,16.563328846000104,100000,0
TEMOA_V10,F30,10,13,1605.3408236084442,16.566919669999834,100000,0
TEMOA_V10,F30,10,14,1608.5897472739516,16.628358010000056,100000,0
TEMOA_V10,F30,10,15,3158.231933128918,16.525780877999978,100000,0
TEMOA_V10,F30,10,16,1606.5768744456873,16.535380213000053,100000,0
TEMOA_V10,F30,10,17,1446.0895401416492,16.413294106000194,100000,0
TEMOA_V10,F30,10,18,1420.2301280397378,16.512358324999923,100000,0
TEMOA_V10,F30,10,19,1669.238081692596,16.575558612000123,100000,0
TEMOA_V10,F30,10,20,1608.467444259636,16.517859695000197,100000,0
TEMOA_V10,F30,10,21,1377.2438885988386,16.416821332000154,100000,0
TEMOA_V10,F30,10,22,1672.463071031707,16.41451459799987,100000,0
TEMOA_V10,F30,10,23,1611.725039436349,16.39433891800013,100000,0
TEMOA_V10,F30,10,24,3159.6089473671727,16.472076593999873,100000,0
TEMOA_V10,F30,10,25,1384.123859683792,16.442523013000027,100000,0
TEMOA_V10,F30,10,26,3161.9342469587173,16.47772411699998,100000,0
TEMOA_V10,F30,10,27,3173.7712796603955,16.41455423000002,100000,0
TEMOA_V10,F30,10,28,1412.3259204548922,16.39613816799988,100000,0
TEMOA_V10,F30,10,29,1379.1928691536705,16.432547574000182,100000,0
TEMOA_V10,F30,10,30,1603.6854818031388,16.389442077000012,100000,0
TEMOA_V10,F30,10,31,3173.7712796603973,16.41358960299999,100000,0
TEMOA_V10,F30,10,32,1614.1996946388654,16.52016861800007,100000,0
TEMOA_V10,F30,10,33,1378.183610668848,16.454562340999928,100000,0
TEMOA_V10,F30,10,34,3175.7921120094934,16.443144930000017,100000,0
TEMOA_V10,F30,10,35,1392.452468873922,16.472397407000017,100000,0
TEMOA_V10,F30,10,36,1589.0754923396562,16.478219640999896,100000,0
TEMOA_V10,F30,10,37,1608.4674442596315,16.438871018999862,100000,0
TEMOA_V10,F30,10,38,1611.036712630741,16.457043228000202,100000,0
TEMOA_V10,F30,10,39,1625.7023356956215,16.488942171999952,100000,0
TEMOA_V10,F30,10,40,1602.4111971925522,16.543862754999964,100000,0
TEMOA_V10,F30,10,41,7.424401893074901,16.403185859999894,100000,0
TEMOA_V10,F30,10,42,1603.8758453504415,16.48116809499993,100000,0
TEMOA_V10,F30,10,43,1377.4548055442456,16.59108588500021,100000,0
TEMOA_V10,F30,10,44,1377.2438885988386,16.433935453000004,100000,0
TEMOA_V10,F30,10,45,1612.7613514436562,16.484340501000133,100000,0
TEMOA_V10,F30,10,46,14394.025071187018,16.349395065999943,100000,0
TEMOA_V10,F30,10,47,1390.5081189824705,16.52038480300007,100000,0
TEMOA_V10,F30,10,48,1611.7271616755097,16.502736251999977,100000,0
TEMOA_V10,F30,10,49,1407.7417979945858,16.376163883000117,100000,0
TEMOA_V10,F30,10,50,11187.244910081386,16.499608783000212,100000,0
TEMOA_V11,F30,10,0,1402.3218464654192,15.812191697999879,100000,0
TEMOA_V11,F30,10,1,1377.2515386597815,15.84542632800003,100000,0
TEMOA_V11,F30,10,2,1389.8912004933773,15.789037865999944,100000,0
TEMOA_V11,F30,10,3,1378.1076106241026,15.842000682999924,100000,0
TEMOA_V11,F30,10,4,1377.2438885988395,15.827140995000036,100000,0
TEMOA_V11,F30,10,5,3158.1638799016846,15.991463260000046,100000,0
TEMOA_V11,F30,10,6,1377.2438885988386,15.861044349000167,100000,0
TEMOA_V11,F30,10,7,1387.6404598791469,15.966553429999976,100000,0
TEMOA_V11,F30,10,8,1378.1076106241035,16.024306639000088,100000,0
TEMOA_V11,F30,10,9,1383.6583720667613,16.053038697000147,100000,0
TEMOA_V11,F30,10,10,1377.2438885988395,15.980287216000079,100000,0
TEMOA_V11,F30,10,11,3158.1185285578467,15.945563100000072,100000,0
TEMOA_V11,F30,10,12,1615.393327248562,15.967179423000061,100000,0
TEMOA_V11,F30,10,13,1377.2438885988386,15.867247485000007,100000,0
TEMOA_V11,F30,10,14,1377.2515386597806,15.923431063999942,100000,0
TEMOA_V11,F30,10,15,1377.5002595335818,15.991296097000031,100000,0
TEMOA_V11,F30,10,16,1378.1076106241026,15.92227732099991,100000,0
TEMOA_V11,F30,10,17,1377.2438885988395,15.924294293000003,100000,0
TEMOA_V11,F30,10,18,1389.606152642391,15.91434177799988,100000,0
TEMOA_V11,F30,10,19,1378.1076106241026,15.909203250000019,100000,0
TEMOA_V11,F30,10,20,3158.1185262212257,15.974769057999993,100000,0
TEMOA_V11,F30,10,21,1378.1076106241026,15.97285894599986,100000,0
TEMOA_V11,F30,10,22,1377.2438885988386,16.036606394000273,100000,0
TEMOA_V11,F30,10,23,1377.2438885988386,15.91908441500027,100000,0
TEMOA_V11,F30,10,24,1378.1076106241026,16.052858700999877,100000,0
TEMOA_V11,F30,10,25,1378.183610668848,15.954120618000161,100000,0
TEMOA_V11,F30,10,26,3158.11852622107,15.980754536999939,100000,0
TEMOA_V11,F30,10,27,1377.2438885988386,15.864278550999643,100000,0
TEMOA_V11,F30,10,28,1377.2515386597806,15.922713626999666,100000,0
TEMOA_V11,F30,10,29,1377.2438885988386,15.865042055000231,100000,0
TEMOA_V11,F30,10,30,1377.2438885988386,15.87192872200012,100000,0
TEMOA_V11,F30,10,31,1383.0825464506106,15.903098342000249,100000,0
TEMOA_V11,F30,10,32,1377.2438885988386,15.786397334999947,100000,0
TEMOA_V11,F30,10,33,1377.2515386597815,15.851102385999638,100000,0
TEMOA_V11,F30,10,34,3158.294909802653,15.849981200999991,100000,0
TEMOA_V11,F30,10,35,1377.2438885988395,15.877912562999882,100000,0
TEMOA_V11,F30,10,36,1377.2438885988386,15.864292080000268,100000,0
TEMOA_V11,F30,10,37,1378.1076106241026,15.753130632000193,100000,0
TEMOA_V11,F30,10,38,1377.2438885988386,15.824306241000158,100000,0
TEMOA_V11,F30,10,39,1377.2438885988386,15.830310400999679,100000,0
TEMOA_V11,F30,10,40,1394.808268872097,15.815066411999851,100000,0
TEMOA_V11,F30,10,41,1378.1076106241026,15.802990780000073,100000,0
TEMOA_V11,F30,10,42,1377.2438885988386,15.886465429999589,100000,0
TEMOA_V11,F30,10,43,1377.2438885988386,15.837752775999888,100000,0
TEMOA_V11,F30,10,44,3158.2949098024865,15.902102369000204,100000,0
TEMOA_V11,F30,10,45,3158.1125623923144,15.95922980100022,100000,0
TEMOA_V11,F30,10,46,1378.1076106241026,15.95918084699997,100000,0
TEMOA_V11,F30,10,47,1385.7237930664533,15.929371011000057,100000,0
TEMOA_V11,F30,10,48,1377.2515386597815,15.86394327500011,100000,0
TEMOA_V11,F30,10,49,1385.7369223659462,15.908323893000215,100000,0
TEMOA_V11,F30,10,50,3158.2949098024874,15.899635087000206,100000,0
TEMOA_V12,F30,10,0,1377.587061505571,15.326379295999686,100000,0
TEMOA_V12,F30,10,1,1377.5703789184836,15.302719785000136,100000,0
TEMOA_V12,F30,10,2,1378.5437108456244,15.505427951000001,100000,0
TEMOA_V12,F30,10,3,1377.6958908447432,15.487105867000082,100000,0
TEMOA_V12,F30,10,4,1377.2515634701085,15.509273971999846,100000,0
TEMOA_V12,F30,10,5,1377.6025567947017,15.385694687999603,100000,0
TEMOA_V12,F30,10,6,1377.2441140308874,15.632490297000004,100000,0
TEMOA_V12,F30,10,7,1377.2714886208196,15.604560192999998,100000,0
TEMOA_V12,F30,10,8,1377.5617539958803,15.321567111999684,100000,0
TEMOA_V12,F30,10,9,1412.2992758489281,15.510304108000128,100000,0
TEMOA_V12,F30,10,10,1378.1768558116537,15.623967313999856,100000,0
TEMOA_V12,F30,10,11,1378.1077142462746,15.434243346999665,100000,0
TEMOA_V12,F30,10,12,1377.2439483725975,15.422198548999859,100000,0
TEMOA_V12,F30,10,13,1377.4013083116606,15.47937040099987,100000,0
TEMOA_V12,F30,10,14,1377.2439095556574,15.478594858000179,100000,0
TEMOA_V12,F30,10,15,1382.255357960329,15.54785081,100000,0
TEMOA_V12,F30,10,16,1378.1850087661087,15.566548761999911,100000,0
TEMOA_V12,F30,10,17,1377.627754115293,15.294688213999962,100000,0
TEMOA_V12,F30,10,18,1377.2444694202732,15.467914476999795,100000,0
TEMOA_V12,F30,10,19,1377.2438957675358,15.462357751000127,100000,0
TEMOA_V12,F30,10,20,1377.6464766239678,15.23351584000011,100000,0
TEMOA_V12,F30,10,21,1377.5538384701276,15.250913201999992,100000,0
TEMOA_V12,F30,10,22,1377.2451568843244,15.44554555500008,100000,0
TEMOA_V12,F30,10,23,1377.4584459983635,15.477340473999902,100000,0
TEMOA_V12,F30,10,24,1377.554412388934,15.2436859620002,100000,0
TEMOA_V12,F30,10,25,1377.6927061005308,15.341413480000028,100000,0
TEMOA_V12,F30,10,26,1377.8884564525124,15.398524574000021,100000,0
TEMOA_V12,F30,10,27,1377.7449362216767,15.416629476999788,100000,0
TEMOA_V12,F30,10,28,1378.7885201861063,15.52440681600001,100000,0
TEMOA_V12,F30,10,29,1377.4601829270641,15.250819070999569,100000,0
TEMOA_V12,F30,10,30,1412.605564708727,15.481922509000015,100000,0
TEMOA_V12,F30,10,31,1377.2482953011468,15.505046813999797,100000,0
TEMOA_V12,F30,10,32,1378.2499780599037,15.540605107000374,100000,0
TEMOA_V12,F30,10,33,1377.251549370585,15.909320181000112,100000,0
TEMOA_V12,F30,10,34,1377.7224410449453,15.394584190000387,100000,0
TEMOA_V12,F30,10,35,1377.251636088502,15.568035848999898,100000,0
TEMOA_V12,F30,10,36,1378.1089363454976,15.567493984000066,100000,0
TEMOA_V12,F30,10,37,1393.5148864739112,15.619494118000148,100000,0
TEMOA_V12,F30,10,38,1386.9830577427847,15.700563194000097,100000,0
TEMOA_V12,F30,10,39,1378.1336262988207,15.558375975999752,100000,0
TEMOA_V12,F30,10,40,1377.4363826644567,15.37091343100019,100000,0
TEMOA_V12,F30,10,41,1377.5387896334923,15.382219768000141,100000,0
TEMOA_V12,F30,10,42,1377.9737117699606,15.322445049999715,100000,0
TEMOA_V12,F30,10,43,1377.669941968319,15.303398489999836,100000,0
TEMOA_V12,F30,10,44,1377.5949715137294,15.28282591900006,100000,0
TEMOA_V12,F30,10,45,1377.2442683895024,15.479395920000115,100000,0
TEMOA_V12,F30,10,46,1377.6081250485495,15.29398024000011,100000,0
TEMOA_V12,F30,10,47,1377.6100347309484,15.258641652999813,100000,0
TEMOA_V12,F30,10,48,1377.5644646934907,15.490946434000307,100000,0
TEMOA_V12,F30,10,49,1378.3096144809688,15.450316242000099,100000,0
TEMOA_V12,F30,10,50,1377.5338662055865,15.452491577999808,100000,0
jSO,F30,10,0,1377.2438885988386,15.014884360999986,100000,0
jSO,F30,10,1,1377.2515386597815,15.05892070400023,100000,0
jSO,F30,10,2,1377.2515386597806,15.031694891999905,100000,0
jSO,F30,10,3,1377.2438885988386,14.959879856000043,100000,0
jSO,F30,10,4,1377.2438885988386,15.024110370999551,100000,0
jSO,F30,10,5,3158.1241537655133,15.017379995999363,100000,0
jSO,F30,10,6,1377.2438885988386,14.964849740999853,100000,0
jSO,F30,10,7,1377.2515386597806,15.044245445999877,100000,0
jSO,F30,10,8,1377.2438885988386,14.998357777999445,100000,0
jSO,F30,10,9,1378.1076106241026,14.978997832999994,100000,0
jSO,F30,10,10,1377.2438885988386,15.082036116999916,100000,0
jSO,F30,10,11,1377.2515386597806,14.969338934000007,100000,0
jSO,F30,10,12,1378.1076106241026,14.980833022999832,100000,0
jSO,F30,10,13,1377.2515386597806,15.00587709499996,100000,0
jSO,F30,10,14,1377.2438885988386,15.044282073999966,100000,0
jSO,F30,10,15,1377.2438885988386,15.02808856699994,100000,0
jSO,F30,10,16,1377.2438885988386,15.002145141000256,100000,0
jSO,F30,10,17,1377.2515386597806,15.10533169700011,100000,0
jSO,F30,10,18,1377.2438885988386,14.991528481999921,100000,0
jSO,F30,10,19,1377.2515386597806,14.976170433999869,100000,0
jSO,F30,10,20,1377.2438885988386,15.070513347000087,100000,0
jSO,F30,10,21,1377.2515386597806,15.045340415999817,100000,0
jSO,F30,10,22,1377.2438885988386,15.075558753000223,100000,0
jSO,F30,10,23,1377.2515386597806,15.101717902000019,100000,0
jSO,F30,10,24,1377.2515386597806,14.984772150000026,100000,0
jSO,F30,10,25,1377.2438885988386,15.084512958000232,100000,0
jSO,F30,10,26,1377.2438885988386,15.027598376000242,100000,0
jSO,F30,10,27,1377.2515386597806,15.040814470999976,100000,0
jSO,F30,10,28,1377.2515386597806,15.050135389999923,100000,0
jSO,F30,10,29,1377.2438885988386,15.092752348999966,100000,0
jSO,F30,10,30,1377.2515386597815,15.01872013100001,100000,0
jSO,F30,10,31,1377.2515386597806,15.048180445999606,100000,0
jSO,F30,10,32,1377.2438885988386,15.006053275999875,100000,0
jSO,F30,10,33,1377.2515386597815,14.99896172300032,100000,0
jSO,F30,10,34,1377.2438885988386,15.07123214799958,100000,0
jSO,F30,10,35,1377.2515386597815,15.07074804200056,100000,0
jSO,F30,10,36,1377.300149743609,15.050589793000654,100000,0
jSO,F30,10,37,1377.2438885988386,15.048709030999817,100000,0
jSO,F30,10,38,1377.2438885988386,15.026981224000338,100000,0
jSO,F30,10,39,1377.2515386597806,15.057315488999848,100000,0
jSO,F30,10,40,1377.2438885988395,14.99366258200007,100000,0
jSO,F30,10,41,1377.2438885988386,15.02697937099947,100000,0
jSO,F30,10,42,1377.2438885988386,15.025392958000339,100000,0
jSO,F30,10,43,1377.3036462405862,15.030004252999788,100000,0
jSO,F30,10,44,1377.2515386597806,15.03112320999935,100000,0
jSO,F30,10,45,1377.2438885988386,15.004492191000281,100000,0
jSO,F30,10,46,1377.2438885988386,14.998792936999962,100000,0
jSO,F30,10,47,1377.2438885988386,15.007902798999567,100000,0
jSO,F30,10,48,1377.2438885988386,15.014743513999747,100000,0
jSO,F30,10,49,1377.2515386597806,14.982661013000325,100000,0
jSO,F30,10,50,1377.2515386597806,15.009163112999886,100000,0
sepCMAES,F30,10,0,8281.498516713198,22.249049378000564,100000,0
sepCMAES,F30,10,1,9047.744382003091,22.002721222999753,100000,0
sepCMAES,F30,10,2,8163.1900971724335,22.596027515999594,100000,0
sepCMAES,F30,10,3,6622.925636973059,22.459089482999843,100000,0
sepCMAES,F30,10,4,14757.103130910578,21.49143420600012,100000,0
sepCMAES,F30,10,5,16504.6951727672,22.09738664699944,100000,0
sepCMAES,F30,10,6,19835.848338007316,22.343411620000552,100000,0
sepCMAES,F30,10,7,21893.603882603056,22.464932367000074,100000,0
sepCMAES,F30,10,8,7302.816404316491,21.714521600000808,100000,0
sepCMAES,F30,10,9,7716.472619752207,22.473754492999433,100000,0
sepCMAES,F30,10,10,10200.27363638926,22.55254393299947,100000,0
sepCMAES,F30,10,11,12662.219330134532,22.736008104000575,100000,0
sepCMAES,F30,10,12,15781.263791992526,22.469301249000637,100000,0
sepCMAES,F30,10,13,25621.845146795,22.37934209500054,100000,0
sepCMAES,F30,10,14,12778.537267687556,22.372176042999854,100000,0
sepCMAES,F30,10,15,19426.96511406675,22.77206827400005,100000,0
sepCMAES,F30,10,16,6872.228525869734,22.736098813000353,100000,0
sepCMAES,F30,10,17,10356.05662816693,22.265849049999815,100000,0
sepCMAES,F30,10,18,7768.753348244616,21.761801070999354,100000,0
sepCMAES,F30,10,19,15449.942265693004,21.579168276000928,100000,0
sepCMAES,F30,10,20,13601.648286437376,22.35573821700018,100000,0
sepCMAES,F30,10,21,3383.81175321758,22.288943037001445,100000,0
sepCMAES,F30,10,22,5113.816988799045,22.17720787200051,100000,0
sepCMAES,F30,10,23,16864.979612533967,22.24189566899986,100000,0
sepCMAES,F30,10,24,18655.0566549011,17.509321722000095,76561,0
sepCMAES,F30,10,25,11096.847770821743,22.1707900399997,100000,0
sepCMAES,F30,10,26,14591.821469812752,21.399267841999972,100000,0
sepCMAES,F30,10,27,5673.872655862653,22.383705471000212,100000,0
sepCMAES,F30,10,28,15168.67033513204,21.683224488000633,100000,0
sepCMAES,F30,10,29,18467.297216642073,22.024542092000047,100000,0
sepCMAES,F30,10,30,7105.877847217487,22.56190053300088,100000,0
sepCMAES,F30,10,31,15365.65480603274,22.41926340899954,100000,0
sepCMAES,F30,10,32,12225.704556460718,22.783426999001676,100000,0
sepCMAES,F30,10,33,6526.4897205668385,22.257011743000476,100000,0
sepCMAES,F30,10,34,7804.224120202951,22.48838355800035,100000,0
sepCMAES,F30,10,35,9424.240770022901,22.099017615000776,100000,0
sepCMAES,F30,10,36,6132.408641955275,22.232507714999883,100000,0
sepCMAES,F30,10,37,11376.89985738889,22.149758924999333,100000,0
sepCMAES,F30,10,38,5551.896685170257,22.274113203000525,100000,0
sepCMAES,F30,10,39,5630.746806377665,22.41989677699894,100000,0
sepCMAES,F30,10,40,7212.226124365325,22.584175346999473,100000,0
sepCMAES,F30,10,41,12832.131016974567,22.445249272999718,100000,0
sepCMAES,F30,10,42,14337.366261389765,22.271127968000656,100000,0
sepCMAES,F30,10,43,3989.330974406532,22.198511320999387,100000,0
sepCMAES,F30,10,44,5950.271387100449,22.087518587000886,100000,0
sepCMAES,F30,10,45,2862.9622235474453,22.321436273001382,100000,0
sepCMAES,F30,10,46,12108.344608909312,22.16203551000035,100000,0
sepCMAES,F30,10,47,6908.966509754468,22.024750612999924,100000,0
sepCMAES,F30,10,48,4446.763023847305,22.69184845899872,100000,0
sepCMAES,F30,10,49,26866.108664660336,21.61329428999852,94101,0
sepCMAES,F30,10,50,9322.954207149289,22.782808789001137,100000,0
BIPOP_CMAES,F4,10,0,0.0,8.59117728199999,100000,0
BIPOP_CMAES,F4,10,1,0.0,8.478444453999941,100000,0
BIPOP_CMAES,F4,10,2,0.0,8.322508182999968,100000,0
BIPOP_CMAES,F4,10,3,0.0,8.613123072999997,100000,0
BIPOP_CMAES,F4,10,4,0.0,7.793895900000052,100000,0
BIPOP_CMAES,F4,10,5,0.0,8.148658023999928,100000,0
BIPOP_CMAES,F4,10,6,0.0,8.155024357999991,100000,0
BIPOP_CMAES,F4,10,7,0.0,7.728541068000027,100000,0
BIPOP_CMAES,F4,10,8,0.0,8.610714568000049,100000,0
BIPOP_CMAES,F4,10,9,0.0014812999471587318,7.739210241000023,100000,0
BIPOP_CMAES,F4,10,10,0.0,8.210472354999979,100000,0
BIPOP_CMAES,F4,10,11,3.986579112347158,7.6361508500000355,100000,0
BIPOP_CMAES,F4,10,12,0.0,8.644328793999989,100000,0
BIPOP_CMAES,F4,10,13,0.0,8.311413909999942,100000,0
BIPOP_CMAES,F4,10,14,3.986579112347158,8.53475021600002,100000,0
BIPOP_CMAES,F4,10,15,0.0,8.004094738000049,100000,0
BIPOP_CMAES,F4,10,16,0.0,7.816920397999979,100000,0
BIPOP_CMAES,F4,10,17,0.0,8.159681451999973,100000,0
BIPOP_CMAES,F4,10,18,0.0,7.6067550950000395,100000,0
BIPOP_CMAES,F4,10,19,0.0,8.540188452000052,100000,0
BIPOP_CMAES,F4,10,20,0.0,8.48324135100006,100000,0
BIPOP_CMAES,F4,10,21,0.0,7.5036778310000045,100000,0
BIPOP_CMAES,F4,10,22,0.0,8.303777294000156,100000,0
BIPOP_CMAES,F4,10,23,1.1618589041972882e-06,8.009830603000182,100000,0
BIPOP_CMAES,F4,10,24,3.986579112347158,8.555323646000033,100000,0
BIPOP_CMAES,F4,10,25,3.986579112347158,8.010491236999997,100000,0
BIPOP_CMAES,F4,10,26,0.0,8.398462434999828,100000,0
BIPOP_CMAES,F4,10,27,0.0,8.066331106999996,100000,0
BIPOP_CMAES,F4,10,28,0.0,8.78209564000008,100000,0
BIPOP_CMAES,F4,10,29,0.0,8.37494820500001,100000,0
BIPOP_CMAES,F4,10,30,0.0,8.979789943000014,100000,0
BIPOP_CMAES,F4,10,31,0.0,8.271962192000046,100000,0
BIPOP_CMAES,F4,10,32,0.0,8.711260068000001,100000,0
BIPOP_CMAES,F4,10,33,0.0,8.023045337999974,100000,0
BIPOP_CMAES,F4,10,34,0.0,8.181356270000151,100000,0
BIPOP_CMAES,F4,10,35,0.0,8.516512819999889,100000,0
BIPOP_CMAES,F4,10,36,0.0,7.848466928000107,100000,0
BIPOP_CMAES,F4,10,37,0.0,7.803733470999987,100000,0
BIPOP_CMAES,F4,10,38,0.0,8.070284671000081,100000,0
BIPOP_CMAES,F4,10,39,0.0,7.94807363100017,100000,0
BIPOP_CMAES,F4,10,40,0.0,8.061792107000201,100000,0
BIPOP_CMAES,F4,10,41,0.0,8.19078089200002,100000,0
BIPOP_CMAES,F4,10,42,0.0,7.803369040999996,100000,0
BIPOP_CMAES,F4,10,43,0.0,8.191672978999804,100000,0
BIPOP_CMAES,F4,10,44,0.0,8.756722985000124,100000,0
BIPOP_CMAES,F4,10,45,0.0,8.236473898999975,100000,0
BIPOP_CMAES,F4,10,46,0.0,8.575410751999925,100000,0
BIPOP_CMAES,F4,10,47,0.0,8.533607313999937,100000,0
BIPOP_CMAES,F4,10,48,0.0,8.328479678999884,100000,0
BIPOP_CMAES,F4,10,49,0.0,8.798139106000008,100000,0
BIPOP_CMAES,F4,10,50,0.0,7.329380952999827,100000,0
CMAES,F4,10,0,0.0,12.229699379000067,100000,0
CMAES,F4,10,1,0.0,11.929328038999984,100000,0
CMAES,F4,10,2,0.0,11.821570183999938,100000,0
CMAES,F4,10,3,0.0,11.996804172999873,100000,0
CMAES,F4,10,4,0.0,11.960981274999995,100000,0
CMAES,F4,10,5,0.0,11.979836701000067,100000,0
CMAES,F4,10,6,0.0,11.824079858000005,100000,0
CMAES,F4,10,7,0.0,12.352225120000185,100000,0
CMAES,F4,10,8,0.0,12.140687951000018,100000,0
CMAES,F4,10,9,0.0,11.973332077000123,100000,0
CMAES,F4,10,10,0.0,12.158581357999992,100000,0
CMAES,F4,10,11,0.0,12.13203558400005,100000,0
CMAES,F4,10,12,0.0,12.285254041000144,100000,0
CMAES,F4,10,13,0.0,12.230599724000058,100000,0
CMAES,F4,10,14,0.0,12.210961840999971,100000,0
CMAES,F4,10,15,0.0,11.784026755000014,100000,0
CMAES,F4,10,16,0.0,12.276649260000113,100000,0
CMAES,F4,10,17,0.0,12.018909650000069,100000,0
CMAES,F4,10,18,0.0,12.208595304000028,100000,0
CMAES,F4,10,19,0.0,12.332213535999927,100000,0
CMAES,F4,10,20,0.0,11.97231736599997,100000,0
CMAES,F4,10,21,0.0,12.311264195999911,100000,0
CMAES,F4,10,22,0.0,12.442522547999943,100000,0
CMAES,F4,10,23,0.0,12.122893650999913,100000,0
CMAES,F4,10,24,0.0,11.989160755000057,100000,0
CMAES,F4,10,25,0.0,11.962314395000021,100000,0
CMAES,F4,10,26,0.0,11.62913530600008,100000,0
CMAES,F4,10,27,0.0,12.09339064300002,100000,0
CMAES,F4,10,28,0.0,11.93470709799999,100000,0
CMAES,F4,10,29,0.0,12.106408393000038,100000,0
CMAES,F4,10,30,0.0,11.805231824999964,100000,0
CMAES,F4,10,31,0.0,12.153051214000016,100000,0
CMAES,F4,10,32,0.0,11.9988550569999,100000,0
CMAES,F4,10,33,0.0,12.222806714999933,100000,0
CMAES,F4,10,34,0.0,12.126397064999992,100000,0
CMAES,F4,10,35,0.0,12.278787902999738,100000,0
CMAES,F4,10,36,0.0,12.136080115000368,100000,0
CMAES,F4,10,37,0.0,12.13917893200005,100000,0
CMAES,F4,10,38,0.0,11.818505034000282,100000,0
CMAES,F4,10,39,0.0,11.797056948999852,100000,0
CMAES,F4,10,40,0.0,12.496844119999878,100000,0
CMAES,F4,10,41,0.0,12.243979919999674,100000,0
CMAES,F4,10,42,0.0,11.982765552000274,100000,0
CMAES,F4,10,43,0.0,12.222251123000206,100000,0
CMAES,F4,10,44,0.0,12.223020154999631,100000,0
CMAES,F4,10,45,0.0,12.068994200999896,100000,0
CMAES,F4,10,46,0.0,12.048565371000223,100000,0
CMAES,F4,10,47,0.0,11.976992923000125,100000,0
CMAES,F4,10,48,0.0,12.312286448000123,100000,0
CMAES,F4,10,49,0.0,11.926041920999978,100000,0
CMAES,F4,10,50,3.986579112347158,11.914486865000072,100000,0
IPOP_CMAES,F4,10,0,3.6647925066740754,7.289342422000118,100000,0
IPOP_CMAES,F4,10,1,3.986579112347158,7.0030276899999535,100000,0
IPOP_CMAES,F4,10,2,0.0,7.701030016000004,100000,0
IPOP_CMAES,F4,10,3,3.986579112347158,7.492354276000015,100000,0
IPOP_CMAES,F4,10,4,0.0,7.030933599000036,100000,0
IPOP_CMAES,F4,10,5,0.0,7.0651983620000465,100000,0
IPOP_CMAES,F4,10,6,3.986579112347158,7.036461068000108,100000,0
IPOP_CMAES,F4,10,7,0.0,6.884369461000006,100000,0
IPOP_CMAES,F4,10,8,0.0,7.932448572000112,100000,0
IPOP_CMAES,F4,10,9,0.0,7.252551636999897,100000,0
IPOP_CMAES,F4,10,10,3.268402492297298,6.827718418999893,100000,0
IPOP_CMAES,F4,10,11,0.0,7.701104735999934,100000,0
IPOP_CMAES,F4,10,12,0.0,7.265753968000126,100000,0
IPOP_CMAES,F4,10,13,0.0,7.45588485799999,100000,0
IPOP_CMAES,F4,10,14,3.986579112347158,7.136734423000007,100000,0
IPOP_CMAES,F4,10,15,0.0,6.571916515000112,100000,0
IPOP_CMAES,F4,10,16,0.0,6.7379558969998925,100000,0
IPOP_CMAES,F4,10,17,0.0,7.4580031339999096,100000,0
IPOP_CMAES,F4,10,18,0.0,6.922475430999839,100000,0
IPOP_CMAES,F4,10,19,0.0,6.521840782000027,100000,0
IPOP_CMAES,F4,10,20,0.0,7.353267358999801,100000,0
IPOP_CMAES,F4,10,21,3.986579112347158,7.00122502399995,100000,0
IPOP_CMAES,F4,10,22,0.0,6.73714692700014,100000,0
IPOP_CMAES,F4,10,23,0.0,6.512620233000007,100000,0
IPOP_CMAES,F4,10,24,0.0,7.760670800000071,100000,0
IPOP_CMAES,F4,10,25,0.0,6.78781042300011,100000,0
IPOP_CMAES,F4,10,26,0.0,7.148368092000055,100000,0
IPOP_CMAES,F4,10,27,3.986579112347158,7.2560021409999536,100000,0
IPOP_CMAES,F4,10,28,3.986579112347158,6.9430523050000374,100000,0
IPOP_CMAES,F4,10,29,3.986579112347158,6.846526810999876,100000,0
IPOP_CMAES,F4,10,30,3.986579112347158,7.274207311000055,100000,0
IPOP_CMAES,F4,10,31,0.0,7.519142236000107,100000,0
IPOP_CMAES,F4,10,32,3.986579112347158,6.937892138000052,100000,0
IPOP_CMAES,F4,10,33,0.0,7.949870954000062,100000,0
IPOP_CMAES,F4,10,34,3.986579112347158,7.420313723999925,100000,0
IPOP_CMAES,F4,10,35,0.0,7.390641533000007,100000,0
IPOP_CMAES,F4,10,36,3.986579112347158,7.4732253520000995,100000,0
IPOP_CMAES,F4,10,37,3.986579112347158,7.476256203000048,100000,0
IPOP_CMAES,F4,10,38,3.986579112347158,7.018627042999924,100000,0
IPOP_CMAES,F4,10,39,0.0,7.548333291000063,100000,0
IPOP_CMAES,F4,10,40,0.0,7.076626613000144,100000,0
IPOP_CMAES,F4,10,41,3.986579112347158,7.14895037500014,100000,0
IPOP_CMAES,F4,10,42,0.0,6.708389593999982,100000,0
IPOP_CMAES,F4,10,43,0.0,7.724187717999939,100000,0
IPOP_CMAES,F4,10,44,0.0,6.6711216850001165,100000,0
IPOP_CMAES,F4,10,45,0.0,7.48277215600001,100000,0
IPOP_CMAES,F4,10,46,0.0,7.412243838999984,100000,0
IPOP_CMAES,F4,10,47,0.0,6.70912275600017,100000,0
IPOP_CMAES,F4,10,48,0.0,7.39208105900002,100000,0
IPOP_CMAES,F4,10,49,0.0,6.542195634000109,100000,0
IPOP_CMAES,F4,10,50,3.986579112347158,7.347884679999879,100000,0
L-SHADE-DGR,F4,10,0,3.986579112347158,2.445325443999998,100000,0
L-SHADE-DGR,F4,10,1,0.0,2.435008660000001,100000,0
L-SHADE-DGR,F4,10,2,0.0,2.4146619429999987,100000,0
L-SHADE-DGR,F4,10,3,0.0,2.4747537490000013,100000,0
L-SHADE-DGR,F4,10,4,3.986579112347158,2.4150026509999947,100000,0
L-SHADE-DGR,F4,10,5,3.986579112347158,2.424603511000001,100000,0
L-SHADE-DGR,F4,10,6,3.986579112347158,2.409029110000006,100000,0
L-SHADE-DGR,F4,10,7,0.0,2.416835813000006,100000,0
L-SHADE-DGR,F4,10,8,3.986579112347158,2.425955798000004,100000,0
L-SHADE-DGR,F4,10,9,3.986579112347158,2.4249150750000013,100000,0
L-SHADE-DGR,F4,10,10,3.986579112347158,2.4254399769999964,100000,0
L-SHADE-DGR,F4,10,11,3.986579112347158,2.439531834999997,100000,0
L-SHADE-DGR,F4,10,12,0.0,2.4198823320000002,100000,0
L-SHADE-DGR,F4,10,13,0.0,2.4280317040000057,100000,0
L-SHADE-DGR,F4,10,14,0.0,2.433777535999994,100000,0
L-SHADE-DGR,F4,10,15,3.986579112347158,2.4254075010000093,100000,0
L-SHADE-DGR,F4,10,16,0.0,2.421823745999987,100000,0
L-SHADE-DGR,F4,10,17,3.986579112347158,2.43986034000001,100000,0
L-SHADE-DGR,F4,10,18,0.0,2.4271177359999996,100000,0
L-SHADE-DGR,F4,10,19,3.986579112347158,2.425411199999999,100000,0
L-SHADE-DGR,F4,10,20,3.986579112347158,2.4406271929999974,100000,0
L-SHADE-DGR,F4,10,21,0.0,2.4291430449999893,100000,0
L-SHADE-DGR,F4,10,22,3.986579112347158,2.439418785000001,100000,0
L-SHADE-DGR,F4,10,23,0.0,2.4126086389999983,100000,0
L-SHADE-DGR,F4,10,24,0.0,2.430502038,100000,0
L-SHADE-DGR,F4,10,25,3.986579112347158,2.436464533000006,100000,0
L-SHADE-DGR,F4,10,26,3.986579112347158,2.4296426869999976,100000,0
L-SHADE-DGR,F4,10,27,3.986579112347158,2.4379332410000103,100000,0
L-SHADE-DGR,F4,10,28,3.986579112347158,2.398711732999999,100000,0
L-SHADE-DGR,F4,10,29,3.986579112347158,2.4070101180000023,100000,0
L-SHADE-DGR,F4,10,30,3.986579112347158,2.4106008859999974,100000,0
L-SHADE-DGR,F4,10,31,3.986579112347158,2.410729384000007,100000,0
L-SHADE-DGR,F4,10,32,3.986579112347158,2.41358609400001,100000,0
L-SHADE-DGR,F4,10,33,3.986579112347158,2.4113236610000115,100000,0
L-SHADE-DGR,F4,10,34,3.986579112347158,2.397924183999976,100000,0
L-SHADE-DGR,F4,10,35,0.0,2.413749617999997,100000,0
L-SHADE-DGR,F4,10,36,3.986579112347158,2.403593078,100000,0
L-SHADE-DGR,F4,10,37,3.986579112347158,2.420463878000021,100000,0
L-SHADE-DGR,F4,10,38,0.0,2.4109759850000216,100000,0
L-SHADE-DGR,F4,10,39,3.986579112347158,2.432012814000018,100000,0
L-SHADE-DGR,F4,10,40,0.0,2.4039055380000036,100000,0
L-SHADE-DGR,F4,10,41,0.0,2.418736705000015,100000,0
L-SHADE-DGR,F4,10,42,0.0,2.405626861999991,100000,0
L-SHADE-DGR,F4,10,43,3.986579112347158,2.412040267000009,100000,0
L-SHADE-DGR,F4,10,44,3.986579112347158,2.4303761689999988,100000,0
L-SHADE-DGR,F4,10,45,3.986579112347158,2.416445177000014,100000,0
L-SHADE-DGR,F4,10,46,3.986579112347158,2.4126337209999917,100000,0
L-SHADE-DGR,F4,10,47,0.0,2.4116741909999746,100000,0
L-SHADE-DGR,F4,10,48,3.986579112347158,2.40779569999998,100000,0
L-SHADE-DGR,F4,10,49,3.986579112347158,2.4106052369999986,100000,0
L-SHADE-DGR,F4,10,50,3.986579112347158,2.4134355529999993,100000,0
LSHADE,F4,10,0,3.986579112347158,1.9775876549999793,100000,0
LSHADE,F4,10,1,0.0,1.9844448559999819,100000,0
LSHADE,F4,10,2,3.986579112347158,1.9895709910000505,100000,0
LSHADE,F4,10,3,0.0,2.0056720259999565,100000,0
LSHADE,F4,10,4,3.986579112347158,1.9710094499999968,100000,0
LSHADE,F4,10,5,3.986579112347158,1.9656328390000226,100000,0
LSHADE,F4,10,6,3.986579112347158,1.9848792760000151,100000,0
LSHADE,F4,10,7,3.986579112347158,1.9731713310000032,100000,0
LSHADE,F4,10,8,0.0,1.9837800919999609,100000,0
LSHADE,F4,10,9,3.986579112347158,1.9847914649999439,100000,0
LSHADE,F4,10,10,3.986579112347158,1.979667553000013,100000,0
LSHADE,F4,10,11,3.986579112347158,1.981299085000046,100000,0
LSHADE,F4,10,12,0.0,1.981955313999947,100000,0
LSHADE,F4,10,13,3.986579112347158,1.984385022999959,100000,0
LSHADE,F4,10,14,3.986579112347158,1.980651091000027,100000,0
LSHADE,F4,10,15,3.986579112347158,1.9817065230000708,100000,0
LSHADE,F4,10,16,3.986579112347158,1.9721039239999527,100000,0
LSHADE,F4,10,17,0.0,1.9717303749999928,100000,0
LSHADE,F4,10,18,0.0,1.9891574760000594,100000,0
LSHADE,F4,10,19,3.986579112347158,1.9663591279999082,100000,0
LSHADE,F4,10,20,0.0,1.9748468089999278,100000,0
LSHADE,F4,10,21,3.986579112347158,1.9844447819999687,100000,0
LSHADE,F4,10,22,0.0,1.9688059320000093,100000,0
LSHADE,F4,10,23,3.986579112347158,1.9643544010000369,100000,0
LSHADE,F4,10,24,3.986579112347158,1.985084479999955,100000,0
LSHADE,F4,10,25,3.986579112347158,1.9769024329999638,100000,0
LSHADE,F4,10,26,3.986579112347158,1.962531150000018,100000,0
LSHADE,F4,10,27,3.986579112347158,1.9727658220000421,100000,0
LSHADE,F4,10,28,0.0,1.9719204330000366,100000,0
LSHADE,F4,10,29,0.0,1.9684600090000686,100000,0
LSHADE,F4,10,30,0.0,1.9788952050000717,100000,0
LSHADE,F4,10,31,3.986579112347158,1.9870558779999783,100000,0
LSHADE,F4,10,32,0.0,1.9774644270000863,100000,0
LSHADE,F4,10,33,3.986579112347158,1.9845703270000286,100000,0
LSHADE,F4,10,34,3.986579112347158,1.977099734000035,100000,0
LSHADE,F4,10,35,3.986579112347158,1.978525141000091,100000,0
LSHADE,F4,10,36,0.0,1.979909240999973,100000,0
LSHADE,F4,10,37,3.986579112347158,1.991020312000046,100000,0
LSHADE,F4,10,38,3.986579112347158,1.9748293349999813,100000,0
LSHADE,F4,10,39,0.0,1.9739038490000667,100000,0
LSHADE,F4,10,40,3.986579112347158,1.985001421999982,100000,0
LSHADE,F4,10,41,3.986579112347158,1.9735247359999448,100000,0
LSHADE,F4,10,42,0.0,1.969835130999968,100000,0
LSHADE,F4,10,43,3.986579112347158,1.9711208909999414,100000,0
LSHADE,F4,10,44,3.986579112347158,1.982389602000012,100000,0
LSHADE,F4,10,45,3.986579112347158,2.0110741119999602,100000,0
LSHADE,F4,10,46,3.986579112347158,1.9677463640000497,100000,0
LSHADE,F4,10,47,3.986579112347158,1.986242166000011,100000,0
LSHADE,F4,10,48,3.986579112347158,1.9830920519999609,100000,0
LSHADE,F4,10,49,3.986579112347158,1.9857080509999605,100000,0
LSHADE,F4,10,50,3.986579112347158,1.9884678050000275,100000,0
TEMOA_V10,F4,10,0,3.986579112347158,3.8524314500000116,100000,0
TEMOA_V10,F4,10,1,0.0,3.828652433000002,100000,0
TEMOA_V10,F4,10,2,3.986579112347158,3.819246686999975,100000,0
TEMOA_V10,F4,10,3,3.986579112347158,3.81926522400002,100000,0
TEMOA_V10,F4,10,4,3.986579112347158,3.8489742060000083,100000,0
TEMOA_V10,F4,10,5,3.986579112347158,3.8085114999999803,100000,0
TEMOA_V10,F4,10,6,3.986579112347158,3.808832986999988,100000,0
TEMOA_V10,F4,10,7,3.986579112347158,3.872770428999985,100000,0
TEMOA_V10,F4,10,8,3.986579112347158,3.8078531529999964,100000,0
TEMOA_V10,F4,10,9,0.0,3.8215666240000132,100000,0
TEMOA_V10,F4,10,10,3.986579112347158,3.80073922699998,100000,0
TEMOA_V10,F4,10,11,3.986579112347158,3.8383108950000064,100000,0
TEMOA_V10,F4,10,12,0.0,3.827168343000011,100000,0
TEMOA_V10,F4,10,13,3.986579112347158,3.8119435059999773,100000,0
TEMOA_V10,F4,10,14,3.986579112347158,3.8189979500000106,100000,0
TEMOA_V10,F4,10,15,3.986579112347158,3.8290121359999887,100000,0
TEMOA_V10,F4,10,16,3.986579112347158,3.821426123000009,100000,0
TEMOA_V10,F4,10,17,3.986579112347158,3.828821380000022,100000,0
TEMOA_V10,F4,10,18,3.986579112347158,3.806477317999992,100000,0
TEMOA_V10,F4,10,19,3.986579112347158,3.8337643480000168,100000,0
TEMOA_V10,F4,10,20,3.986579112347158,3.830530734999968,100000,0
TEMOA_V10,F4,10,21,0.0,3.8047498810000207,100000,0
TEMOA_V10,F4,10,22,3.986579112347158,3.8149541280000108,100000,0
TEMOA_V10,F4,10,23,3.986579112347158,3.849454705000028,100000,0
TEMOA_V10,F4,10,24,3.986579112347158,3.821533508000016,100000,0
TEMOA_V10,F4,10,25,3.986579112347158,3.8202155129999937,100000,0
TEMOA_V10,F4,10,26,0.0,3.8447602749999987,100000,0
TEMOA_V10,F4,10,27,3.986579112347158,3.8311090099999774,100000,0
TEMOA_V10,F4,10,28,3.986579112347158,3.8036344390000068,100000,0
TEMOA_V10,F4,10,29,3.986579112347158,3.816084344999979,100000,0
TEMOA_V10,F4,10,30,3.986579112347158,3.8449605960000213,100000,0
TEMOA_V10,F4,10,31,3.986579112347158,3.8276759310000443,100000,0
TEMOA_V10,F4,10,32,3.986579112347158,3.8125413500000036,100000,0
TEMOA_V10,F4,10,33,0.0,3.7993902549999916,100000,0
TEMOA_V10,F4,10,34,3.986579112347158,3.8425902650000126,100000,0
TEMOA_V10,F4,10,35,3.986579112347158,3.807223788999977,100000,0
TEMOA_V10,F4,10,36,3.986579112347158,3.837596994000023,100000,0
TEMOA_V10,F4,10,37,0.0,3.792246882000029,100000,0
TEMOA_V10,F4,10,38,3.986579112347158,3.827825601000029,100000,0
TEMOA_V10,F4,10,39,3.986579112347158,3.8024062950000257,100000,0
TEMOA_V10,F4,10,40,3.986579112347158,3.799746988000038,100000,0
TEMOA_V10,F4,10,41,0.0,3.788343898999983,100000,0
TEMOA_V10,F4,10,42,3.986579112347158,3.8580855380000116,100000,0
TEMOA_V10,F4,10,43,3.986579112347158,3.8380560809999906,100000,0
TEMOA_V10,F4,10,44,3.986579112347158,3.816878581000026,100000,0
TEMOA_V10,F4,10,45,3.986579112347158,3.8082129630000168,100000,0
TEMOA_V10,F4,10,46,3.986579112347158,3.834466664000047,100000,0
TEMOA_V10,F4,10,47,3.986579112347158,3.8093956199999752,100000,0
TEMOA_V10,F4,10,48,3.986579112347158,3.8051882110000292,100000,0
TEMOA_V10,F4,10,49,3.986579112347158,3.799742358000003,100000,0
TEMOA_V10,F4,10,50,3.986579112347158,3.7978761709999844,100000,0
TEMOA_V11,F4,10,0,3.986579112347158,2.922848345000034,100000,0
TEMOA_V11,F4,10,1,0.0,2.960411980999993,100000,0
TEMOA_V11,F4,10,2,3.986579112347158,2.918663243000026,100000,0
TEMOA_V11,F4,10,3,3.986579112347158,2.9383948340000074,100000,0
TEMOA_V11,F4,10,4,3.986579112347158,2.926930943000002,100000,0
TEMOA_V11,F4,10,5,3.986579112347158,2.946606256999985,100000,0
TEMOA_V11,F4,10,6,3.986579112347158,2.925722881000013,100000,0
TEMOA_V11,F4,10,7,3.986579112347158,2.925266684999997,100000,0
TEMOA_V11,F4,10,8,3.986579112347158,2.9419603850000158,100000,0
TEMOA_V11,F4,10,9,3.986579112347158,2.944301835000033,100000,0
TEMOA_V11,F4,10,10,3.986579112347158,2.9583952750000435,100000,0
TEMOA_V11,F4,10,11,3.986579112347158,2.9240098430000216,100000,0
TEMOA_V11,F4,10,12,3.986579112347158,2.9467065419999585,100000,0
TEMOA_V11,F4,10,13,3.986579112347158,2.929494176999981,100000,0
TEMOA_V11,F4,10,14,3.986579112347158,2.9371740459999955,100000,0
TEMOA_V11,F4,10,15,3.986579112347158,2.9258493780000094,100000,0
TEMOA_V11,F4,10,16,3.986579112347158,2.94273864500002,100000,0
TEMOA_V11,F4,10,17,3.986579112347158,2.9353820819999896,100000,0
TEMOA_V11,F4,10,18,3.986579112347158,2.943797591999953,100000,0
TEMOA_V11,F4,10,19,3.986579112347158,2.934694884999999,100000,0
TEMOA_V11,F4,10,20,3.986579112347158,2.941626697000004,100000,0
TEMOA_V11,F4,10,21,3.986579112347158,2.958736896000005,100000,0
TEMOA_V11,F4,10,22,3.986579112347158,2.9463036909999687,100000,0
TEMOA_V11,F4,10,23,3.986579112347158,2.9494529020000186,100000,0
TEMOA_V11,F4,10,24,0.0,2.9523844709999594,100000,0
TEMOA_V11,F4,10,25,3.986579112347158,2.9353267860000187,100000,0
TEMOA_V11,F4,10,26,3.986579112347158,2.935063843000023,100000,0
TEMOA_V11,F4,10,27,3.986579112347158,2.942124602999968,100000,0
TEMOA_V11,F4,10,28,3.986579112347158,2.931433260999995,100000,0
TEMOA_V11,F4,10,29,3.986579112347158,2.933333030999961,100000,0
TEMOA_V11,F4,10,30,3.986579112347158,2.920504317999985,100000,0
TEMOA_V11,F4,10,31,3.986579112347158,2.959951461000003,100000,0
TEMOA_V11,F4,10,32,3.986579112347158,2.9152583979999918,100000,0
TEMOA_V11,F4,10,33,3.986579112347158,2.9440188169999715,100000,0
TEMOA_V11,F4,10,34,3.986579112347158,2.912178076000032,100000,0
TEMOA_V11,F4,10,35,0.0,2.939262030000009,100000,0
TEMOA_V11,F4,10,36,3.986579112347158,2.9237939770000025,100000,0
TEMOA_V11,F4,10,37,3.986579112347158,2.93722519399995,100000,0
TEMOA_V11,F4,10,38,3.986579112347158,2.9277929169999766,100000,0
TEMOA_V11,F4,10,39,3.986579112347158,2.9307282960000407,100000,0
TEMOA_V11,F4,10,40,3.986579112347158,2.9219298500000264,100000,0
TEMOA_V11,F4,10,41,3.986579112347158,2.9307898050000176,100000,0
TEMOA_V11,F4,10,42,3.986579112347158,2.9308573480000177,100000,0
TEMOA_V11,F4,10,43,3.986579112347158,2.908697071000006,100000,0
TEMOA_V11,F4,10,44,3.986579112347158,2.9330627730000174,100000,0
TEMOA_V11,F4,10,45,3.986579112347158,2.927902371000016,100000,0
TEMOA_V11,F4,10,46,3.986579112347158,2.9145742089999658,100000,0
TEMOA_V11,F4,10,47,3.986579112347158,2.9200104090000423,100000,0
TEMOA_V11,F4,10,48,3.986579112347158,2.929155154,100000,0
TEMOA_V11,F4,10,49,3.986579112347158,2.95142002099999,100000,0
TEMOA_V11,F4,10,50,3.986579112347158,2.938518912999939,100000,0
TEMOA_V12,F4,10,0,3.986579112347158,2.4160522560000572,100000,0
TEMOA_V12,F4,10,1,3.986579112347158,2.4120897770000056,100000,0
TEMOA_V12,F4,10,2,3.986579112347158,2.4369071039999426,100000,0
TEMOA_V12,F4,10,3,3.986579112347158,2.4050465980000126,100000,0
TEMOA_V12,F4,10,4,0.0,2.432057626999949,100000,0
TEMOA_V12,F4,10,5,0.0,2.4052659530000255,100000,0
TEMOA_V12,F4,10,6,3.986579112347158,2.3991752689998975,100000,0
TEMOA_V12,F4,10,7,3.986579112347158,2.399254745999997,100000,0
TEMOA_V12,F4,10,8,0.0,2.4028085930000316,100000,0
TEMOA_V12,F4,10,9,0.0,2.40797188199997,100000,0
TEMOA_V12,F4,10,10,0.0,2.399842110999998,100000,0
TEMOA_V12,F4,10,11,0.0,2.4302355990000706,100000,0
TEMOA_V12,F4,10,12,0.0,2.414322289999973,100000,0
TEMOA_V12,F4,10,13,0.0,2.400818440999956,100000,0
TEMOA_V12,F4,10,14,0.0,2.400400576999914,100000,0
TEMOA_V12,F4,10,15,3.986579112347158,2.3986269279999988,100000,0
TEMOA_V12,F4,10,16,3.986579112347158,2.3969351299999744,100000,0
TEMOA_V12,F4,10,17,0.0,2.401271075000068,100000,0
TEMOA_V12,F4,10,18,3.986579112347158,2.394693369000038,100000,0
TEMOA_V12,F4,10,19,0.0,2.4112773750000542,100000,0
TEMOA_V12,F4,10,20,3.986579112347158,2.406033187999924,100000,0
TEMOA_V12,F4,10,21,0.0,2.402212920000011,100000,0
TEMOA_V12,F4,10,22,0.0,2.394433737999975,100000,0
TEMOA_V12,F4,10,23,3.986579112347158,2.400104365000061,100000,0
TEMOA_V12,F4,10,24,0.0,2.4044024300000046,100000,0
TEMOA_V12,F4,10,25,0.0,2.4173435590000736,100000,0
TEMOA_V12,F4,10,26,0.0,2.4134329409999964,100000,0
TEMOA_V12,F4,10,27,3.986579112347158,2.4052270040000394,100000,0
TEMOA_V12,F4,10,28,0.0,2.4023802039999964,100000,0
TEMOA_V12,F4,10,29,3.986579112347158,2.4082556540000724,100000,0
TEMOA_V12,F4,10,30,0.0,2.418657909999979,100000,0
TEMOA_V12,F4,10,31,0.0,2.396422285999961,100000,0
TEMOA_V12,F4,10,32,0.0,2.3925603460000957,100000,0
TEMOA_V12,F4,10,33,3.986579112347158,2.3984098380000205,100000,0
TEMOA_V12,F4,10,34,3.986579112347158,2.4228565370000297,100000,0
TEMOA_V12,F4,10,35,3.986579112347158,2.402268015000004,100000,0
TEMOA_V12,F4,10,36,3.986579112347158,2.4183762599999454,100000,0
TEMOA_V12,F4,10,37,0.0,2.394413729000007,100000,0
TEMOA_V12,F4,10,38,0.0,2.4039331599999514,100000,0
TEMOA_V12,F4,10,39,3.986579112347158,2.4053548519999595,100000,0
TEMOA_V12,F4,10,40,0.0,2.403464281999959,100000,0
TEMOA_V12,F4,10,41,3.986579112347158,2.3966996199999357,100000,0
TEMOA_V12,F4,10,42,0.0,2.4227263259999745,100000,0
TEMOA_V12,F4,10,43,0.0,2.4006051250000837,100000,0
TEMOA_V12,F4,10,44,0.0,2.418873663999989,100000,0
TEMOA_V12,F4,10,45,3.986579112347158,2.404962304000037,100000,0
TEMOA_V12,F4,10,46,3.986579112347158,2.4057091570000466,100000,0
TEMOA_V12,F4,10,47,0.0,2.417006180000044,100000,0
TEMOA_V12,F4,10,48,0.0,2.4178850849999662,100000,0
TEMOA_V12,F4,10,49,3.986579112347158,2.4208513290000155,100000,0
TEMOA_V12,F4,10,50,3.986579112347158,2.454602195999996,100000,0
jSO,F4,10,0,3.986579112347158,1.9603054510000675,100000,0
jSO,F4,10,1,3.986579112347158,1.9624193580000338,100000,0
jSO,F4,10,2,3.986579112347158,1.9517518730000347,100000,0
jSO,F4,10,3,3.986579112347158,1.95581512199999,100000,0
jSO,F4,10,4,3.986579112347158,1.9436747409999953,100000,0
jSO,F4,10,5,3.986579112347158,1.9519412370000282,100000,0
jSO,F4,10,6,3.986579112347158,1.9467447849999644,100000,0
jSO,F4,10,7,3.986579112347158,1.9434602620000305,100000,0
jSO,F4,10,8,3.986579112347158,1.9558814199999688,100000,0
jSO,F4,10,9,3.986579112347158,1.9588657020000255,100000,0
jSO,F4,10,10,3.986579112347158,1.961981197,100000,0
jSO,F4,10,11,0.0,1.9547499589999688,100000,0
jSO,F4,10,12,3.986579112347158,1.9496850629999471,100000,0
jSO,F4,10,13,3.986579112347158,1.9530338969999548,100000,0
jSO,F4,10,14,3.986579112347158,1.9577048899999454,100000,0
jSO,F4,10,15,3.986579112347158,1.9517183730000625,100000,0
jSO,F4,10,16,3.986579112347158,1.9649729160000788,100000,0
jSO,F4,10,17,0.0,1.9559053449999055,100000,0
jSO,F4,10,18,3.986579112347158,1.9654961890000777,100000,0
jSO,F4,10,19,3.986579112347158,1.9809804309999208,100000,0
jSO,F4,10,20,3.986579112347158,1.9505027430000155,100000,0
jSO,F4,10,21,3.986579112347158,1.953515320000065,100000,0
jSO,F4,10,22,3.986579112347158,1.9546761420000394,100000,0
jSO,F4,10,23,0.0,1.9459008369999538,100000,0
jSO,F4,10,24,3.986579112347158,1.9690387910000027,100000,0
jSO,F4,10,25,0.0,1.9515559149999717,100000,0
jSO,F4,10,26,3.986579112347158,1.9532895199999984,100000,0
jSO,F4,10,27,3.986579112347158,1.9530375379999896,100000,0
jSO,F4,10,28,3.986579112347158,1.954940926000063,100000,0
jSO,F4,10,29,0.0,1.957014862000051,100000,0
jSO,F4,10,30,0.0,1.964690446000077,100000,0
jSO,F4,10,31,0.0,1.9539690969999128,100000,0
jSO,F4,10,32,3.986579112347158,1.956655015000024,100000,0
jSO,F4,10,33,3.986579112347158,1.9524904040000592,100000,0
jSO,F4,10,34,0.0,1.9580052210000076,100000,0
jSO,F4,10,35,3.986579112347158,1.9500283290000198,100000,0
jSO,F4,10,36,3.986579112347158,1.95238734499992,100000,0
jSO,F4,10,37,3.986579112347158,1.947351082999944,100000,0
jSO,F4,10,38,3.986579112347158,1.9463044170000785,100000,0
jSO,F4,10,39,0.0,1.9424253489999046,100000,0
jSO,F4,10,40,3.986579112347158,1.9436580650000224,100000,0
jSO,F4,10,41,3.986579112347158,1.9542393890000085,100000,0
jSO,F4,10,42,0.0,1.9498661549999952,100000,0
jSO,F4,10,43,3.986579112347158,1.946971506000068,100000,0
jSO,F4,10,44,0.0,1.9616237660000024,100000,0
jSO,F4,10,45,3.986579112347158,1.9656928180000932,100000,0
jSO,F4,10,46,3.986579112347158,1.9746674170000915,100000,0
jSO,F4,10,47,3.986579112347158,1.9505705260000923,100000,0
jSO,F4,10,48,3.986579112347158,1.951670785000033,100000,0
jSO,F4,10,49,0.0,1.9549026969999659,100000,0
jSO,F4,10,50,3.986579112347158,1.9589148839999098,100000,0
sepCMAES,F4,10,0,4.194578701658827,6.883041202000186,68091,0
sepCMAES,F4,10,1,4.044228825935079,6.379458883000098,63591,0
sepCMAES,F4,10,2,3.990157772112582,6.679477618999954,63551,0
sepCMAES,F4,10,3,0.0014390146230880418,10.800260270999843,100000,0
sepCMAES,F4,10,4,0.0032586060196422295,6.65907235900022,66561,0
sepCMAES,F4,10,5,3.9896842755131843,7.338164606000191,64761,0
sepCMAES,F4,10,6,3.9898939894151795,6.519725060999917,65041,0
sepCMAES,F4,10,7,0.003476460622096056,6.196602113000154,62381,0
sepCMAES,F4,10,8,0.022974114911164634,11.016550740999719,100000,0
sepCMAES,F4,10,9,3.989555248219574,7.608946281000044,64221,0
sepCMAES,F4,10,10,4.098282994639419,6.556618483999955,66081,0
sepCMAES,F4,10,11,3.989502976552103,7.247074927000085,63001,0
sepCMAES,F4,10,12,0.0033100441339115605,7.19636790200002,63611,0
sepCMAES,F4,10,13,0.0882045810000136,11.139231877999919,100000,0
sepCMAES,F4,10,14,3.990744198072548,7.495576223000171,62981,0
sepCMAES,F4,10,15,3.990760850986419,7.48217150299979,62391,0
sepCMAES,F4,10,16,0.0037906858335645666,7.553537778999726,63361,0
sepCMAES,F4,10,17,0.2875154079713411,10.20346231099984,100000,0
sepCMAES,F4,10,18,0.18938083922040505,11.018336008999995,100000,0
sepCMAES,F4,10,19,3.9901223377329984,6.713646971000344,64331,0
sepCMAES,F4,10,20,3.989849325824366,7.490482779000104,61891,0
sepCMAES,F4,10,21,3.9899239431915134,6.781617830999949,62781,0
sepCMAES,F4,10,22,3.990184199310761,7.054689615999905,62601,0
sepCMAES,F4,10,23,0.003484835758513327,7.269348533000084,65531,0
sepCMAES,F4,10,24,0.003675277027809898,10.835432572000173,100000,0
sepCMAES,F4,10,25,3.9899829205037918,7.294154384999729,62561,0
sepCMAES,F4,10,26,0.005505934793518463,10.976363265000145,100000,0
sepCMAES,F4,10,27,2.758667127797139,11.05341297599989,100000,0
sepCMAES,F4,10,28,0.003794492597023691,6.194009547000405,62291,0
sepCMAES,F4,10,29,0.0024926798725459776,6.695844017000127,66851,0
sepCMAES,F4,10,30,0.004520945885872152,10.196730917999957,100000,0
sepCMAES,F4,10,31,0.894978951198766,10.830711820000033,100000,0
sepCMAES,F4,10,32,2.741362408526129,11.041026082999906,100000,0
sepCMAES,F4,10,33,2.9588959215950013,10.778033883000262,100000,0
sepCMAES,F4,10,34,3.9897898850097704,7.348129642999993,63231,0
sepCMAES,F4,10,35,0.005246993563787328,9.986666736000188,100000,0
sepCMAES,F4,10,36,0.003418930060661296,6.412179328000093,64031,0
sepCMAES,F4,10,37,0.79669876030556,10.691229761999693,100000,0
sepCMAES,F4,10,38,3.9893621233560452,6.791113761999895,65911,0
sepCMAES,F4,10,39,3.9903494235076664,6.560945274000005,62561,0
sepCMAES,F4,10,40,0.0038184099843761032,6.740733827999975,63741,0
sepCMAES,F4,10,41,3.9897463214163054,6.318725063000329,63851,0
sepCMAES,F4,10,42,3.989364912356052,6.727523052000379,65211,0
sepCMAES,F4,10,43,3.989831251090152,7.182075455999893,63151,0
sepCMAES,F4,10,44,0.15811035964645725,10.957785180999963,100000,0
sepCMAES,F4,10,45,0.002825093918602306,10.543352924999908,100000,0
sepCMAES,F4,10,46,4.141062218124034,6.514550491000136,65711,0
sepCMAES,F4,10,47,3.9899283612979843,7.678003915999852,64751,0
sepCMAES,F4,10,48,0.0027435388292360585,10.02802020099989,100000,0
sepCMAES,F4,10,49,0.0031147913614404388,10.860178686000381,100000,0
sepCMAES,F4,10,50,0.004328947544308903,11.155022912999812,100000,0
BIPOP_CMAES,F5,10,0,0.0,8.491344216000016,100000,0
BIPOP_CMAES,F5,10,1,1.9899181141868212,7.652792062999993,100000,0
BIPOP_CMAES,F5,10,2,1.9899181141866507,7.713847393000037,100000,0
BIPOP_CMAES,F5,10,3,0.0,7.757864436000091,100000,0
BIPOP_CMAES,F5,10,4,0.9949590570933537,7.145819999999958,100000,0
BIPOP_CMAES,F5,10,5,0.9949590570940927,7.284932842000103,100000,0
BIPOP_CMAES,F5,10,6,1.9899181141866507,8.162178341999947,100000,0
BIPOP_CMAES,F5,10,7,0.0,7.6615535390000105,100000,0
BIPOP_CMAES,F5,10,8,0.9949590570932969,7.297121704999995,100000,0
BIPOP_CMAES,F5,10,9,2.9848771712798907,8.141954726999984,100000,0
BIPOP_CMAES,F5,10,10,1.9899181141867643,7.668064302999937,100000,0
BIPOP_CMAES,F5,10,11,1.9899181141868212,7.493830025000079,100000,0
BIPOP_CMAES,F5,10,12,1.9899181141865938,7.312425235999967,100000,0
BIPOP_CMAES,F5,10,13,1.9899181141866507,7.258464119999985,100000,0
BIPOP_CMAES,F5,10,14,2.9848771712799476,7.637492770999984,100000,0
BIPOP_CMAES,F5,10,15,1.9899181141866507,7.815193386000033,100000,0
BIPOP_CMAES,F5,10,16,1.9899181141865938,7.451061564000042,100000,0
BIPOP_CMAES,F5,10,17,0.9949590570933537,8.032554986999912,100000,0
BIPOP_CMAES,F5,10,18,0.9949590570934674,7.537842783999849,100000,0
BIPOP_CMAES,F5,10,19,1.9899181141866507,7.076839249000159,100000,0
BIPOP_CMAES,F5,10,20,0.0,6.78589019900005,100000,0
BIPOP_CMAES,F5,10,21,0.0,7.259429349000129,100000,0
BIPOP_CMAES,F5,10,22,1.9899181141865938,8.258325800999955,100000,0
BIPOP_CMAES,F5,10,23,1.9899181141865938,7.392801319,100000,0
BIPOP_CMAES,F5,10,24,0.9949590570933537,7.381745280000132,100000,0
BIPOP_CMAES,F5,10,25,0.9949590570934106,7.873663434000036,100000,0
BIPOP_CMAES,F5,10,26,0.9949590570934674,7.232969642000171,100000,0
BIPOP_CMAES,F5,10,27,1.9899181141866507,7.617727278000075,100000,0
BIPOP_CMAES,F5,10,28,0.9949590570933537,7.575930993999918,100000,0
BIPOP_CMAES,F5,10,29,0.9949590570933537,6.977786559999913,100000,0
BIPOP_CMAES,F5,10,30,0.9949590570933537,7.708064501999843,100000,0
BIPOP_CMAES,F5,10,31,2.9848771712799476,7.934162962000073,100000,0
BIPOP_CMAES,F5,10,32,3.9798362283731876,7.901853456000026,100000,0
BIPOP_CMAES,F5,10,33,0.9949590570933537,7.44974372799993,100000,0
BIPOP_CMAES,F5,10,34,2.9848771712799476,7.270524231000081,100000,0
BIPOP_CMAES,F5,10,35,0.9949590570932969,7.631913514000189,100000,0
BIPOP_CMAES,F5,10,36,2.9848771712798907,7.642941242000006,100000,0
BIPOP_CMAES,F5,10,37,0.9949590570933537,7.217002854999919,100000,0
BIPOP_CMAES,F5,10,38,1.9899181141866507,7.663437622000174,100000,0
BIPOP_CMAES,F5,10,39,1.9899181141866507,7.23450105500001,100000,0
BIPOP_CMAES,F5,10,40,0.994959057093638,7.610812228999976,100000,0
BIPOP_CMAES,F5,10,41,0.9949590570934106,7.882074668999849,100000,0
BIPOP_CMAES,F5,10,42,0.9949590570933537,7.65150321200008,100000,0
BIPOP_CMAES,F5,10,43,0.9949590570933537,7.506833614000016,100000,0
BIPOP_CMAES,F5,10,44,1.9899181141865938,7.848652412999854,100000,0
BIPOP_CMAES,F5,10,45,0.0,7.402377190999914,100000,0
BIPOP_CMAES,F5,10,46,0.9949590570933537,7.170370821000006,100000,0
BIPOP_CMAES,F5,10,47,1.9899181141867643,8.037680199000079,100000,0
BIPOP_CMAES,F5,10,48,2.9848771712799476,7.331698567999865,100000,0
BIPOP_CMAES,F5,10,49,0.0,7.563336867000089,100000,0
BIPOP_CMAES,F5,10,50,0.9949590570933537,7.583451179999884,100000,0
CMAES,F5,10,0,4.974790247647377,11.72839378399999,100000,0
CMAES,F5,10,1,2.9848771712798907,11.568387346999998,100000,0
CMAES,F5,10,2,3.9798362283731876,11.835279324000112,100000,0
CMAES,F5,10,3,3.9798362283731876,11.821814636,100000,0
CMAES,F5,10,4,3.9798362283731876,11.728646406000053,100000,0
CMAES,F5,10,5,6.964708361833971,11.5363013220001,100000,0
CMAES,F5,10,6,3.9798362283731876,11.709700254999916,100000,0
CMAES,F5,10,7,2.9848771712798907,11.60634983,100000,0
CMAES,F5,10,8,7.959667418927268,11.606839731000036,100000,0
CMAES,F5,10,9,2.9848771712798907,11.587966214000062,100000,0
CMAES,F5,10,10,5.969754342559781,11.692967137000096,100000,0
CMAES,F5,10,11,3.9798362283731876,11.646806021999964,100000,0
CMAES,F5,10,12,3.9798362283731876,11.299485022999988,100000,0
CMAES,F5,10,13,3.9798362283731876,11.545961645000034,100000,0
CMAES,F5,10,14,3.9798362283732445,11.758246366000094,100000,0
CMAES,F5,10,15,3.9798362283731876,11.655643885000018,100000,0
CMAES,F5,10,16,4.9747952854664845,11.635243329000104,100000,0
CMAES,F5,10,17,2.9848771712800044,11.475049753000121,100000,0
CMAES,F5,10,18,3.9798362283731876,11.642843920000132,100000,0
CMAES,F5,10,19,6.964708361833971,11.497010074999935,100000,0
CMAES,F5,10,20,3.9798362283731876,11.491500532000146,100000,0
CMAES,F5,10,21,5.969754342559781,11.5833148480001,100000,0
CMAES,F5,10,22,5.969754342559781,11.55913442100018,100000,0
CMAES,F5,10,23,4.9747952854664845,11.722131690999959,100000,0
CMAES,F5,10,24,3.9798362283731876,11.67298187099982,100000,0
CMAES,F5,10,25,4.9747952854664845,11.60688131400002,100000,0
CMAES,F5,10,26,5.969749304740731,11.492546925999932,100000,0
CMAES,F5,10,27,4.9747952854664845,11.485751820000132,100000,0
CMAES,F5,10,28,4.9747952854664845,11.604807395999842,100000,0
CMAES,F5,10,29,5.969749304740674,11.626006939000035,100000,0
CMAES,F5,10,30,4.9747952854664845,11.680687860000035,100000,0
CMAES,F5,10,31,3.9798362283731876,11.562219306000088,100000,0
CMAES,F5,10,32,4.9747952854664845,11.713374857999952,100000,0
CMAES,F5,10,33,3.9798362283731876,11.744064943000012,100000,0
CMAES,F5,10,34,3.9798362283731876,11.600198422999938,100000,0
CMAES,F5,10,35,3.9798362283731876,11.472699426999952,100000,0
CMAES,F5,10,36,5.969749304740674,11.717561067999668,100000,0
CMAES,F5,10,37,4.9747952854664845,11.586282370999925,100000,0
CMAES,F5,10,38,5.969754342559781,11.757918899999822,100000,0
CMAES,F5,10,39,4.9747952854664845,11.642607607000173,100000,0
CMAES,F5,10,40,5.969749304740674,11.837609911000072,100000,0
CMAES,F5,10,41,4.9747952854664845,11.89825447200019,100000,0
CMAES,F5,10,42,4.9747952854664845,11.933607506000044,100000,0
CMAES,F5,10,43,5.969754342559781,11.884074299000076,100000,0
CMAES,F5,10,44,7.959667418927324,11.605702137000208,100000,0
CMAES,F5,10,45,4.9747952854664845,11.703616921999583,100000,0
CMAES,F5,10,46,3.9798362283731876,11.575052831999983,100000,0
CMAES,F5,10,47,4.9747952854664845,11.750640510999801,100000,0
CMAES,F5,10,48,3.9798362283731876,11.434040085000106,100000,0
CMAES,F5,10,49,4.9747952854664845,11.507432487000187,100000,0
CMAES,F5,10,50,5.969754342559781,11.502229853000244,100000,0
IPOP_CMAES,F5,10,0,0.0,6.868868771000052,100000,0
IPOP_CMAES,F5,10,1,0.0,6.996433218999982,100000,0
IPOP_CMAES,F5,10,2,0.0,6.884682845000043,100000,0
IPOP_CMAES,F5,10,3,0.0,6.675739327999963,100000,0
IPOP_CMAES,F5,10,4,0.9949590570932969,6.399235124999905,100000,0
IPOP_CMAES,F5,10,5,0.0,6.806825219000075,100000,0
IPOP_CMAES,F5,10,6,0.0,6.5245718910000505,100000,0
IPOP_CMAES,F5,10,7,0.0,6.64406461700014,100000,0
IPOP_CMAES,F5,10,8,0.0,7.238363690999904,100000,0
IPOP_CMAES,F5,10,9,0.0,6.4869402540000465,100000,0
IPOP_CMAES,F5,10,10,0.0,6.571543987999803,100000,0
IPOP_CMAES,F5,10,11,1.9899181141865938,7.3877466090000325,100000,0
IPOP_CMAES,F5,10,12,0.9949590570932969,6.243831577000037,100000,0
IPOP_CMAES,F5,10,13,0.0,6.929733265999857,100000,0
IPOP_CMAES,F5,10,14,0.9949590570934106,7.059593461000077,100000,0
IPOP_CMAES,F5,10,15,0.9949590570932969,6.578237123000008,100000,0
IPOP_CMAES,F5,10,16,0.0,6.991951324999945,100000,0
IPOP_CMAES,F5,10,17,0.9949590570932969,6.91557038499991,100000,0
IPOP_CMAES,F5,10,18,0.9949590570932969,6.67607074700004,100000,0
IPOP_CMAES,F5,10,19,0.0,6.637858024000025,100000,0
IPOP_CMAES,F5,10,20,0.0,7.189081571000088,100000,0
IPOP_CMAES,F5,10,21,0.9949590570933537,6.360023958000056,100000,0
IPOP_CMAES,F5,10,22,0.9949590570933537,6.48728402100005,100000,0
IPOP_CMAES,F5,10,23,0.0,7.154544300999987,100000,0
IPOP_CMAES,F5,10,24,0.0,6.373512302000108,100000,0
IPOP_CMAES,F5,10,25,0.0,6.518564265999885,100000,0
IPOP_CMAES,F5,10,26,0.0,6.4339236559999335,100000,0
IPOP_CMAES,F5,10,27,0.0,7.394027271999903,100000,0
IPOP_CMAES,F5,10,28,0.0,7.026165523000145,100000,0
IPOP_CMAES,F5,10,29,0.9949590570932969,7.0663876099999925,100000,0
IPOP_CMAES,F5,10,30,2.9848771712798907,6.937367078000079,100000,0
IPOP_CMAES,F5,10,31,0.9949590570932969,6.2643245510000725,100000,0
IPOP_CMAES,F5,10,32,0.0,6.380871816999843,100000,0
IPOP_CMAES,F5,10,33,0.0,7.372696976000043,100000,0
IPOP_CMAES,F5,10,34,0.9949590570932969,7.23859761499989,100000,0
IPOP_CMAES,F5,10,35,2.9848771712798907,6.652826196999968,100000,0
IPOP_CMAES,F5,10,36,0.0,7.082047375999991,100000,0
IPOP_CMAES,F5,10,37,0.0,6.921954762000041,100000,0
IPOP_CMAES,F5,10,38,0.0,6.7425307860000885,100000,0
IPOP_CMAES,F5,10,39,0.0,6.996332467999991,100000,0
IPOP_CMAES,F5,10,40,0.0,6.647822742000017,100000,0
IPOP_CMAES,F5,10,41,0.9949590570932969,6.670421085000044,100000,0
IPOP_CMAES,F5,10,42,1.9899181141865938,6.514862696000137,100000,0
IPOP_CMAES,F5,10,43,0.0,7.113203868000028,100000,0
IPOP_CMAES,F5,10,44,0.0,6.276985653999873,100000,0
IPOP_CMAES,F5,10,45,0.0,6.694408583999802,100000,0
IPOP_CMAES,F5,10,46,0.0,6.6861947590000455,100000,0
IPOP_CMAES,F5,10,47,0.0,6.785093926999934,100000,0
IPOP_CMAES,F5,10,48,1.9899181141865938,6.573819252000021,100000,0
IPOP_CMAES,F5,10,49,0.0,6.942563136999979,100000,0
IPOP_CMAES,F5,10,50,0.9949590570932969,6.166686853000101,100000,0
L-SHADE-DGR,F5,10,0,1.9899181141865938,2.798973439000008,100000,0
L-SHADE-DGR,F5,10,1,0.9949590570932969,2.795148017999992,100000,0
L-SHADE-DGR,F5,10,2,1.9899181141865938,2.7937909049999803,100000,0
L-SHADE-DGR,F5,10,3,0.9949590570932969,2.798377076999998,100000,0
L-SHADE-DGR,F5,10,4,4.9747952854664845,2.8012681550000025,100000,0
L-SHADE-DGR,F5,10,5,0.9949590570932969,2.8440966109999977,100000,0
L-SHADE-DGR,F5,10,6,0.9949590570932969,2.774927297000005,100000,0
L-SHADE-DGR,F5,10,7,1.9899181141865938,2.7633293399999843,100000,0
L-SHADE-DGR,F5,10,8,1.9899181141865938,2.7722738820000075,100000,0
L-SHADE-DGR,F5,10,9,1.9899181141865938,2.771849040999996,100000,0
L-SHADE-DGR,F5,10,10,0.9949590570932969,2.805065584999994,100000,0
L-SHADE-DGR,F5,10,11,0.0,2.7862139129999832,100000,0
L-SHADE-DGR,F5,10,12,1.9899181141865938,2.773379905000013,100000,0
L-SHADE-DGR,F5,10,13,1.9899181141865938,2.795788590000001,100000,0
L-SHADE-DGR,F5,10,14,1.9899181141865938,2.8327021460000026,100000,0
L-SHADE-DGR,F5,10,15,1.9899181141865938,2.764511575,100000,0
L-SHADE-DGR,F5,10,16,2.9848771712798907,2.7760051090000104,100000,0
L-SHADE-DGR,F5,10,17,1.9899181141865938,2.8035861420000003,100000,0
L-SHADE-DGR,F5,10,18,0.9949590570932969,2.786151110999981,100000,0
L-SHADE-DGR,F5,10,19,0.9949590570932969,2.751943315999995,100000,0
L-SHADE-DGR,F5,10,20,0.9949590570932969,2.782396982999984,100000,0
L-SHADE-DGR,F5,10,21,1.9899181141865938,2.795141765000011,100000,0
L-SHADE-DGR,F5,10,22,0.9949590570932969,2.7624946079999972,100000,0
L-SHADE-DGR,F5,10,23,1.9899181141865938,2.7956255150000118,100000,0
L-SHADE-DGR,F5,10,24,0.9949590570932969,2.8039546480000013,100000,0
L-SHADE-DGR,F5,10,25,0.9949590570932969,2.828732745999986,100000,0
L-SHADE-DGR,F5,10,26,1.9899181141865938,2.7941695860000095,100000,0
L-SHADE-DGR,F5,10,27,1.9899181141865938,2.806325605000012,100000,0
L-SHADE-DGR,F5,10,28,0.9949590570932969,2.81036545500001,100000,0
L-SHADE-DGR,F5,10,29,1.9899181141865938,2.792248626000003,100000,0
L-SHADE-DGR,F5,10,30,1.9899181141865938,2.765230239999994,100000,0
L-SHADE-DGR,F5,10,31,1.9899181141865938,2.768793432999985,100000,0
L-SHADE-DGR,F5,10,32,0.0,2.785098756999986,100000,0
L-SHADE-DGR,F5,10,33,0.9949590570932969,2.759495577999985,100000,0
L-SHADE-DGR,F5,10,34,2.9848771712798907,2.759598318000002,100000,0
L-SHADE-DGR,F5,10,35,1.9899181141865938,2.8091785929999844,100000,0
L-SHADE-DGR,F5,10,36,0.9949590570932969,2.796558305000019,100000,0
L-SHADE-DGR,F5,10,37,1.9899181141865938,2.7794568399999946,100000,0
L-SHADE-DGR,F5,10,38,1.9899181141865938,2.7825359120000144,100000,0
L-SHADE-DGR,F5,10,39,0.0,2.7974789059999807,100000,0
L-SHADE-DGR,F5,10,40,0.9949590570932969,2.7432208760000094,100000,0
L-SHADE-DGR,F5,10,41,1.9899181141865938,2.769492437999986,100000,0
L-SHADE-DGR,F5,10,42,2.9848771712798907,2.770912390999996,100000,0
L-SHADE-DGR,F5,10,43,0.9949590570932969,2.771063153,100000,0
L-SHADE-DGR,F5,10,44,2.9848771712798907,2.756059116000017,100000,0
L-SHADE-DGR,F5,10,45,1.9899181141865938,2.7591402299999856,100000,0
L-SHADE-DGR,F5,10,46,0.9949590570932969,2.795450422999977,100000,0
L-SHADE-DGR,F5,10,47,1.9899181141865938,2.8161989299999846,100000,0
L-SHADE-DGR,F5,10,48,0.9949590570932969,2.7718916360000208,100000,0
L-SHADE-DGR,F5,10,49,0.0,2.7643317800000204,100000,0
L-SHADE-DGR,F5,10,50,0.9949590570932969,2.774353486999985,100000,0
LSHADE,F5,10,0,1.9899410350098492,1.7122327499999983,100000,0
LSHADE,F5,10,1,2.985269252625642,1.726414873000067,100000,0
LSHADE,F5,10,2,1.9899847300753208,1.7111389379999764,100000,0
LSHADE,F5,10,3,2.986735739553353,1.71089336,100000,0
LSHADE,F5,10,4,0.9953921454883812,1.7091750120000597,100000,0
LSHADE,F5,10,5,2.9849615034961516,1.7270772910000005,100000,0
LSHADE,F5,10,6,1.989948753263036,1.7146018349999395,100000,0
LSHADE,F5,10,7,1.9925654460051874,1.7274550070000032,100000,0
LSHADE,F5,10,8,2.985035548780445,1.7199226940000472,100000,0
LSHADE,F5,10,9,1.991156923805761,1.7090798990000167,100000,0
LSHADE,F5,10,10,2.9851674290852657,1.7223128690000067,100000,0
LSHADE,F5,10,11,0.9949898289207226,1.7240086759999258,100000,0
LSHADE,F5,10,12,1.990583828247452,1.7241586760000018,100000,0
LSHADE,F5,10,13,1.004200886480021,1.7215248429999974,100000,0
LSHADE,F5,10,14,2.985101919617989,1.7134436229999892,100000,0
LSHADE,F5,10,15,1.989969775874556,1.7168839059999073,100000,0
LSHADE,F5,10,16,2.9848997571659197,1.7171363679999558,100000,0
LSHADE,F5,10,17,1.9905781308696646,1.7298848829999542,100000,0
LSHADE,F5,10,18,0.9960818450389866,1.716546641999912,100000,0
LSHADE,F5,10,19,3.9807436341010316,1.715128056000026,100000,0
LSHADE,F5,10,20,1.9903513805037392,1.7101530229999753,100000,0
LSHADE,F5,10,21,1.9900513986704595,1.718170594000071,100000,0
LSHADE,F5,10,22,2.9864783556107,1.7347752379999974,100000,0
LSHADE,F5,10,23,0.9954420863701898,1.7146963739999137,100000,0
LSHADE,F5,10,24,1.992039924409653,1.7333237990000043,100000,0
LSHADE,F5,10,25,2.9850034074297582,1.7267913089999638,100000,0
LSHADE,F5,10,26,1.9899957714271181,1.7164410909999788,100000,0
LSHADE,F5,10,27,1.9899594135962388,1.7073423159999948,100000,0
LSHADE,F5,10,28,0.9950368102868197,1.7212665289999904,100000,0
LSHADE,F5,10,29,3.696220630899916e-05,1.7156907669999555,100000,0
LSHADE,F5,10,30,1.9955824812893184,1.7213335440000037,100000,0
LSHADE,F5,10,31,2.9857747238374373,1.7362246410000353,100000,0
LSHADE,F5,10,32,2.9852623109034653,1.7269657270001062,100000,0
LSHADE,F5,10,33,1.9930208382465366,1.7168788610000547,100000,0
LSHADE,F5,10,34,0.9951585358880379,1.7157434700000067,100000,0
LSHADE,F5,10,35,0.995150893641835,1.7224396550000165,100000,0
LSHADE,F5,10,36,1.0012903194347587,1.7048492019999912,100000,0
LSHADE,F5,10,37,1.9936935546330687,1.7153154690000747,100000,0
LSHADE,F5,10,38,0.9954035765024969,1.718244147000064,100000,0
LSHADE,F5,10,39,2.9856067696846367,1.7200103760000047,100000,0
LSHADE,F5,10,40,1.9908946170182844,1.7338340790000757,100000,0
LSHADE,F5,10,41,1.9930323088187833,1.7169766119999395,100000,0
LSHADE,F5,10,42,0.9950955670622079,1.732447731000093,100000,0
LSHADE,F5,10,43,2.9854508317624777,1.7187783150000087,100000,0
LSHADE,F5,10,44,1.9914893369385709,1.7319415160000062,100000,0
LSHADE,F5,10,45,1.9916664118099447,1.7185167040000806,100000,0
LSHADE,F5,10,46,1.9902080394122095,1.7105407950000426,100000,0
LSHADE,F5,10,47,2.9854527588958035,1.733135978000064,100000,0
LSHADE,F5,10,48,2.984878111011369,1.728778612000042,100000,0
LSHADE,F5,10,49,2.9850774640239024,1.7036687029999484,100000,0
LSHADE,F5,10,50,1.9900551733155112,1.713403155999913,100000,0
TEMOA_V10,F5,10,0,12.9344374698602,3.50063875699999,100000,0
TEMOA_V10,F5,10,1,22.884017965154953,3.463595524000027,100000,0
TEMOA_V10,F5,10,2,6.964708361833971,3.4835704969999597,100000,0
TEMOA_V10,F5,10,3,14.92437074294213,3.4767605420000223,100000,0
TEMOA_V10,F5,10,4,4.9747952854664845,3.494732478000003,100000,0
TEMOA_V10,F5,10,5,4.9747952854664845,3.4937184330000264,100000,0
TEMOA_V10,F5,10,6,13.929416723667941,3.4748461800000428,100000,0
TEMOA_V10,F5,10,7,9.949585533113861,3.462705722999999,100000,0
TEMOA_V10,F5,10,8,3.9798362283731876,3.467871391000017,100000,0
TEMOA_V10,F5,10,9,20.894120047682804,3.492690477999986,100000,0
TEMOA_V10,F5,10,10,6.964708361833971,3.4677876760000004,100000,0
TEMOA_V10,F5,10,11,3.9798362283731876,3.49461467499998,100000,0
TEMOA_V10,F5,10,12,16.914288857128724,3.488495236999995,100000,0
TEMOA_V10,F5,10,13,8.954626476020564,3.536152877999996,100000,0
TEMOA_V10,F5,10,14,7.959667418927268,3.492903173000002,100000,0
TEMOA_V10,F5,10,15,9.949585533113861,3.5081912420000094,100000,0
TEMOA_V10,F5,10,16,13.929396526953497,3.4962923079999655,100000,0
TEMOA_V10,F5,10,17,16.914288857128724,3.4977184790000138,100000,0
TEMOA_V10,F5,10,18,12.934457666574644,3.472152288000018,100000,0
TEMOA_V10,F5,10,19,13.929416723667941,3.5017459179999832,100000,0
TEMOA_V10,F5,10,20,11.939498609481348,3.506750530999966,100000,0
TEMOA_V10,F5,10,21,14.924375780761238,3.5088278800000126,100000,0
TEMOA_V10,F5,10,22,11.939498609481348,3.4978157780000174,100000,0
TEMOA_V10,F5,10,23,4.9747952854664845,3.525542403999964,100000,0
TEMOA_V10,F5,10,24,12.934457666574644,3.4917405429999917,100000,0
TEMOA_V10,F5,10,25,16.914288857128724,3.497148831000004,100000,0
TEMOA_V10,F5,10,26,4.9747952854664845,3.496002627999985,100000,0
TEMOA_V10,F5,10,27,6.9647133996530215,3.4869788000000312,100000,0
TEMOA_V10,F5,10,28,25.868890098615736,3.4771830469999827,100000,0
TEMOA_V10,F5,10,29,10.94453955238805,3.494036558999994,100000,0
TEMOA_V10,F5,10,30,11.939498609481348,3.4952041170000143,100000,0
TEMOA_V10,F5,10,31,12.934457666574644,3.5463198639999973,100000,0
TEMOA_V10,F5,10,32,7.959667418927268,3.460069135000026,100000,0
TEMOA_V10,F5,10,33,16.914288857128724,3.473218399000018,100000,0
TEMOA_V10,F5,10,34,11.939498609481348,3.477904217999992,100000,0
TEMOA_V10,F5,10,35,11.939498609481348,3.474099760999991,100000,0
TEMOA_V10,F5,10,36,11.939498609481348,3.4843510169999945,100000,0
TEMOA_V10,F5,10,37,8.954626476020564,3.4799026100000106,100000,0
TEMOA_V10,F5,10,38,13.929411685848834,3.5071948099999872,100000,0
TEMOA_V10,F5,10,39,9.949585533113861,3.4903006519999735,100000,0
TEMOA_V10,F5,10,40,12.934457666574644,3.4753445629999646,100000,0
TEMOA_V10,F5,10,41,9.949585533113861,3.473230418000014,100000,0
TEMOA_V10,F5,10,42,6.964708361833971,3.4984372570000346,100000,0
TEMOA_V10,F5,10,43,5.969754342559781,3.472981687000015,100000,0
TEMOA_V10,F5,10,44,9.949585533113861,3.461124326999993,100000,0
TEMOA_V10,F5,10,45,9.949585533113861,3.4756706520000193,100000,0
TEMOA_V10,F5,10,46,10.944544590207101,3.4742957789999878,100000,0
TEMOA_V10,F5,10,47,13.929396526953497,3.4613305600000217,100000,0
TEMOA_V10,F5,10,48,19.899140793875063,3.481025047000003,100000,0
TEMOA_V10,F5,10,49,9.949585533113861,3.466958157000022,100000,0
TEMOA_V10,F5,10,50,16.914288857128724,3.4655745829999773,100000,0
TEMOA_V11,F5,10,0,1.9899181141865938,2.7828935360000173,100000,0
TEMOA_V11,F5,10,1,1.9899181141865938,2.7734414210000295,100000,0
TEMOA_V11,F5,10,2,1.9899181141865938,2.751590255999986,100000,0
TEMOA_V11,F5,10,3,1.9899181141865938,2.795814207000035,100000,0
TEMOA_V11,F5,10,4,2.9848771712798907,2.801213286999996,100000,0
TEMOA_V11,F5,10,5,1.9899181141865938,2.784352848000026,100000,0
TEMOA_V11,F5,10,6,0.9949590570932969,2.8105506470000137,100000,0
TEMOA_V11,F5,10,7,1.9899181141865938,2.7900248180000062,100000,0
TEMOA_V11,F5,10,8,0.9949590570932969,2.8135695209999767,100000,0
TEMOA_V11,F5,10,9,0.9949590570932969,2.789429374000008,100000,0
TEMOA_V11,F5,10,10,1.9899181141865938,2.816865258000007,100000,0
TEMOA_V11,F5,10,11,1.9899181141865938,2.760060149000026,100000,0
TEMOA_V11,F5,10,12,1.9899181141865938,2.8093418390000124,100000,0
TEMOA_V11,F5,10,13,1.9899181141865938,2.8148875030000227,100000,0
TEMOA_V11,F5,10,14,2.9848771712798907,2.7413730089999717,100000,0
TEMOA_V11,F5,10,15,0.0,2.7967665319999924,100000,0
TEMOA_V11,F5,10,16,0.9949590570932969,2.804701518999991,100000,0
TEMOA_V11,F5,10,17,0.0,2.7922777599999904,100000,0
TEMOA_V11,F5,10,18,0.9949590570932969,2.7978398570000422,100000,0
TEMOA_V11,F5,10,19,1.9899181141865938,2.78656416299998,100000,0
TEMOA_V11,F5,10,20,1.9899181141865938,2.7451370350000275,100000,0
TEMOA_V11,F5,10,21,0.9949590570932969,2.8062026260000152,100000,0
TEMOA_V11,F5,10,22,0.9949590570932969,2.8044772239999247,100000,0
TEMOA_V11,F5,10,23,0.9949590570932969,2.7863865929999747,100000,0
TEMOA_V11,F5,10,24,0.9949590570932969,2.7979894979999926,100000,0
TEMOA_V11,F5,10,25,1.9899181141865938,2.7929075429999557,100000,0
TEMOA_V11,F5,10,26,0.9949590570932969,2.770331134999992,100000,0
TEMOA_V11,F5,10,27,0.9949590570932969,2.811245063000001,100000,0
TEMOA_V11,F5,10,28,1.9899181141865938,2.8052543029999697,100000,0
TEMOA_V11,F5,10,29,1.9899181141870486,2.826527679000037,100000,0
TEMOA_V11,F5,10,30,1.9899181141865938,2.755663350000077,100000,0
TEMOA_V11,F5,10,31,0.9949590570932969,2.7926034629999776,100000,0
TEMOA_V11,F5,10,32,1.9899181141865938,2.779550810000046,100000,0
TEMOA_V11,F5,10,33,0.9949590570932969,2.771811836000097,100000,0
TEMOA_V11,F5,10,34,0.0,2.747907247999933,100000,0
TEMOA_V11,F5,10,35,0.9949590570932969,2.772565321000002,100000,0
TEMOA_V11,F5,10,36,1.9899181141865938,2.755769403000045,100000,0
TEMOA_V11,F5,10,37,1.9899181141865938,2.768050184999993,100000,0
TEMOA_V11,F5,10,38,1.9899181141865938,2.7698527280000462,100000,0
TEMOA_V11,F5,10,39,1.9899181141865938,2.789799595999966,100000,0
TEMOA_V11,F5,10,40,0.9949590570932969,2.72213565200002,100000,0
TEMOA_V11,F5,10,41,0.9949590570932969,2.7962796110000454,100000,0
TEMOA_V11,F5,10,42,1.9899181141865938,2.7629583980000234,100000,0
TEMOA_V11,F5,10,43,1.9899181141865938,2.7718983710000202,100000,0
TEMOA_V11,F5,10,44,1.9899181141865938,2.7546774940000205,100000,0
TEMOA_V11,F5,10,45,0.9949590570932969,2.7900905199999215,100000,0
TEMOA_V11,F5,10,46,2.9848771712798907,2.7935046150000744,100000,0
TEMOA_V11,F5,10,47,1.9899181141865938,2.775596025999903,100000,0
TEMOA_V11,F5,10,48,0.9949590570932969,2.775156767999988,100000,0
TEMOA_V11,F5,10,49,0.9949590570932969,2.7748750810000047,100000,0
TEMOA_V11,F5,10,50,0.9949590570932969,2.7443426319999844,100000,0
TEMOA_V12,F5,10,0,2.9848771712818802,2.6910427709999567,100000,0
TEMOA_V12,F5,10,1,1.9899181141865938,2.6787705550000283,100000,0
TEMOA_V12,F5,10,2,1.9899181141865938,2.6136353430000554,100000,0
TEMOA_V12,F5,10,3,1.9899181141865938,2.6536100170000054,100000,0
TEMOA_V12,F5,10,4,1.9899181141865938,2.6819788419999213,100000,0
TEMOA_V12,F5,10,5,1.9899181141865938,2.6651515190000055,100000,0
TEMOA_V12,F5,10,6,1.9899181141865938,2.6230569649999325,100000,0
TEMOA_V12,F5,10,7,1.9899181141865938,2.653112768999904,100000,0
TEMOA_V12,F5,10,8,0.9949590570932969,2.6693287570000166,100000,0
TEMOA_V12,F5,10,9,2.9848771712798907,2.6833167070000172,100000,0
TEMOA_V12,F5,10,10,0.9949590570932969,2.6500375030000214,100000,0
TEMOA_V12,F5,10,11,0.9949590570932969,2.66178702600007,100000,0
TEMOA_V12,F5,10,12,1.9899181141865938,2.660878962999959,100000,0
TEMOA_V12,F5,10,13,2.9848771712798907,2.6766087060000245,100000,0
TEMOA_V12,F5,10,14,0.0,2.2871590519999927,100000,0
TEMOA_V12,F5,10,15,0.0,2.682618361999971,100000,0
TEMOA_V12,F5,10,16,1.9899181141865938,2.6588781820000804,100000,0
TEMOA_V12,F5,10,17,1.9899181141865938,2.658180889999926,100000,0
TEMOA_V12,F5,10,18,1.9899181141865938,2.680530038000029,100000,0
TEMOA_V12,F5,10,19,1.9899181141865938,2.661147314999994,100000,0
TEMOA_V12,F5,10,20,2.9848771712798907,2.671919418000016,100000,0
TEMOA_V12,F5,10,21,2.9848771712798907,2.6880228630000147,100000,0
TEMOA_V12,F5,10,22,1.9899181141865938,2.6829401919999327,100000,0
TEMOA_V12,F5,10,23,2.9848771712798907,2.647872960000086,100000,0
TEMOA_V12,F5,10,24,2.9848771712798907,2.6772021390000873,100000,0
TEMOA_V12,F5,10,25,1.9899181141865938,2.675718677999953,100000,0
TEMOA_V12,F5,10,26,0.9949590570932969,2.6676437769999666,100000,0
TEMOA_V12,F5,10,27,0.9949590570932969,2.6754606700000068,100000,0
TEMOA_V12,F5,10,28,0.9949590570932969,2.6716472090000707,100000,0
TEMOA_V12,F5,10,29,0.9949590570932969,2.6663853020000943,100000,0
TEMOA_V12,F5,10,30,1.9899181141865938,2.696135971999979,100000,0
TEMOA_V12,F5,10,31,1.9899181141865938,2.6558426010000176,100000,0
TEMOA_V12,F5,10,32,2.9848771712798907,2.6537447509999765,100000,0
TEMOA_V12,F5,10,33,1.9899181165141613,2.69554709800002,100000,0
TEMOA_V12,F5,10,34,0.9949590570932969,2.6594638290000603,100000,0
TEMOA_V12,F5,10,35,1.9899181141865938,2.6922982370000454,100000,0
TEMOA_V12,F5,10,36,1.9899181141865938,2.693230738000011,100000,0
TEMOA_V12,F5,10,37,1.9899181141865938,2.673562500999992,100000,0
TEMOA_V12,F5,10,38,0.9949590570932969,2.6949281609998934,100000,0
TEMOA_V12,F5,10,39,0.9949590570932969,2.6930255930000158,100000,0
TEMOA_V12,F5,10,40,2.9848771712798907,2.6705416480000395,100000,0
TEMOA_V12,F5,10,41,2.9848771712798907,2.6619226829999434,100000,0
TEMOA_V12,F5,10,42,1.9899181141865938,2.66331755300007,100000,0
TEMOA_V12,F5,10,43,0.9949590570932969,2.6227959770000098,100000,0
TEMOA_V12,F5,10,44,2.9848771712798907,2.6618448450000187,100000,0
TEMOA_V12,F5,10,45,0.9949590570932969,2.6505206630000657,100000,0
TEMOA_V12,F5,10,46,1.9899181141865938,2.6182058110000526,100000,0
TEMOA_V12,F5,10,47,1.9899181141865938,2.69086819000006,100000,0
TEMOA_V12,F5,10,48,1.9899181141865938,2.6753555149999784,100000,0
TEMOA_V12,F5,10,49,0.9949590570932969,2.661152412999968,100000,0
TEMOA_V12,F5,10,50,1.9899181141865938,2.705420346999972,100000,0
jSO,F5,10,0,2.9848771712798907,1.6953086660000736,100000,0
jSO,F5,10,1,1.9899181141865938,1.6971011419999513,100000,0
jSO,F5,10,2,0.9949590570932969,1.6894825559999163,100000,0
jSO,F5,10,3,2.9848771712798907,1.695913054000016,100000,0
jSO,F5,10,4,1.9899181141865938,1.6902038629999652,100000,0
jSO,F5,10,5,0.0,1.6988682840000138,100000,0
jSO,F5,10,6,2.9848771712799476,1.6893338500000254,100000,0
jSO,F5,10,7,0.9949590570932969,1.6867143680000254,100000,0
jSO,F5,10,8,1.9899181141865938,1.7284754460000613,100000,0
jSO,F5,10,9,2.9848771712798907,1.6951993400000447,100000,0
jSO,F5,10,10,1.9899181141866507,1.7114526840000508,100000,0
jSO,F5,10,11,2.9848771712799476,1.6972783219999883,100000,0
jSO,F5,10,12,1.9899181141865938,1.6730735109999841,100000,0
jSO,F5,10,13,1.9899181141866507,1.6942596019999883,100000,0
jSO,F5,10,14,2.9848771712798907,1.7018360690000236,100000,0
jSO,F5,10,15,2.9848771712799476,1.6932996930000854,100000,0
jSO,F5,10,16,1.9899181141865938,1.7056332429999657,100000,0
jSO,F5,10,17,1.9899181141865938,1.6833404159999645,100000,0
jSO,F5,10,18,1.9899181141865938,1.711484791000089,100000,0
jSO,F5,10,19,1.9899181141866507,1.692158111000026,100000,0
jSO,F5,10,20,0.9949590570932969,1.6781718480000336,100000,0
jSO,F5,10,21,1.9899181141865938,1.6868965600000365,100000,0
jSO,F5,10,22,0.0,1.6999559309999768,100000,0
jSO,F5,10,23,2.9848771712798907,1.6784583969999858,100000,0
jSO,F5,10,24,0.9949590570932969,1.6956800890000068,100000,0
jSO,F5,10,25,2.9848771712798907,1.7028775219999943,100000,0
jSO,F5,10,26,1.9899181141865938,1.7049525869999798,100000,0
jSO,F5,10,27,2.9848771712798907,1.6918717500000184,100000,0
jSO,F5,10,28,0.9949590570932969,1.689145243999974,100000,0
jSO,F5,10,29,2.9848771712806297,1.7053213699999787,100000,0
jSO,F5,10,30,1.9899181141865938,1.6792467660000057,100000,0
jSO,F5,10,31,2.9848771712799476,1.6968352989999858,100000,0
jSO,F5,10,32,0.9949590570932969,1.6924067789999526,100000,0
jSO,F5,10,33,0.9949590570932969,1.7203099259999135,100000,0
jSO,F5,10,34,1.9899181141865938,1.6885741070000222,100000,0
jSO,F5,10,35,1.9899181141865938,1.69225910199998,100000,0
jSO,F5,10,36,3.9798362283733013,1.7061944710000034,100000,0
jSO,F5,10,37,0.0,1.6988823430000366,100000,0
jSO,F5,10,38,1.9899181141865938,1.6844778399999996,100000,0
jSO,F5,10,39,1.9899181141865938,1.6875174479999941,100000,0
jSO,F5,10,40,2.9848771712800044,1.690515720999997,100000,0
jSO,F5,10,41,1.178420916403411e-08,1.6999384449999297,100000,0
jSO,F5,10,42,1.9899181141867643,1.7016005189999532,100000,0
jSO,F5,10,43,0.9949590570933537,1.7046591639999633,100000,0
jSO,F5,10,44,0.9949590570932969,1.6795956659999547,100000,0
jSO,F5,10,45,1.9899181141865938,1.6917927749999535,100000,0
jSO,F5,10,46,1.9899181141865938,1.7051390269999729,100000,0
jSO,F5,10,47,2.9848771712798907,1.6852483620000385,100000,0
jSO,F5,10,48,2.9848772609926755,1.7133862720000934,100000,0
jSO,F5,10,49,1.9899181141865938,1.6837680559999626,100000,0
jSO,F5,10,50,1.9899181141867075,1.705625912999949,100000,0
sepCMAES,F5,10,0,4.9747952854664845,10.28051195299986,100000,0
sepCMAES,F5,10,1,5.969754342559781,10.142673503999958,100000,0
sepCMAES,F5,10,2,5.969754342569672,10.214223853000021,100000,0
sepCMAES,F5,10,3,6.964708361833971,10.241990113999691,100000,0
sepCMAES,F5,10,4,2.9848771712798907,9.660853468000369,100000,0
sepCMAES,F5,10,5,3.9798362283731876,10.424630595000053,100000,0
sepCMAES,F5,10,6,3.9798362283731876,10.006102298000314,100000,0
sepCMAES,F5,10,7,4.9747952854664845,10.214760664000096,100000,0
sepCMAES,F5,10,8,1.9899181141865938,10.10303147600007,100000,0
sepCMAES,F5,10,9,3.9798362283731876,10.273928488000365,100000,0
sepCMAES,F5,10,10,2.9848771712798907,9.969657925999854,100000,0
sepCMAES,F5,10,11,2.9848771712798907,9.91125904899991,100000,0
sepCMAES,F5,10,12,4.9747952854664845,10.352183492000222,100000,0
sepCMAES,F5,10,13,6.964708361833971,10.343652191999809,100000,0
sepCMAES,F5,10,14,3.9798362283731876,10.006287378999787,100000,0
sepCMAES,F5,10,15,7.959667418927268,10.284150132999912,100000,0
sepCMAES,F5,10,16,3.9798362283731876,10.221501943000021,100000,0
sepCMAES,F5,10,17,8.954626476020564,10.18165563499997,100000,0
sepCMAES,F5,10,18,0.9949590570932969,10.424406880000333,100000,0
sepCMAES,F5,10,19,4.9747952854664845,10.482422403999863,100000,0
sepCMAES,F5,10,20,2.9848771712799476,10.487772255999971,100000,0
sepCMAES,F5,10,21,4.9747952854664845,10.23990564099995,100000,0
sepCMAES,F5,10,22,2.9848771712798907,10.243754750000335,100000,0
sepCMAES,F5,10,23,4.9747952854664845,10.15224942399982,100000,0
sepCMAES,F5,10,24,6.964713399653078,10.123880095000004,100000,0
sepCMAES,F5,10,25,3.9798362283731876,10.21268209200025,100000,0
sepCMAES,F5,10,26,2.9848771712798907,10.226265980000335,100000,0
sepCMAES,F5,10,27,6.964708361833971,10.485480103999635,100000,0
sepCMAES,F5,10,28,5.969754342559781,9.914966187000118,100000,0
sepCMAES,F5,10,29,2.9848771712798907,10.361787935999928,100000,0
sepCMAES,F5,10,30,2.9848771712798907,10.275979753000229,100000,0
sepCMAES,F5,10,31,4.974790247647434,10.095967705000021,100000,0
sepCMAES,F5,10,32,2.9848771712798907,10.270120960999975,100000,0
sepCMAES,F5,10,33,6.9647083618340275,10.131552674999966,100000,0
sepCMAES,F5,10,34,2.9848771712798907,10.104287044000102,100000,0
sepCMAES,F5,10,35,5.969749304740674,10.005278521000037,100000,0
sepCMAES,F5,10,36,7.959672456746318,10.163397440999688,100000,0
sepCMAES,F5,10,37,1.9899181141865938,10.103064900999925,100000,0
sepCMAES,F5,10,38,4.9747952854664845,10.18937985599996,100000,0
sepCMAES,F5,10,39,2.9848771712798907,10.058401537000009,100000,0
sepCMAES,F5,10,40,4.9747952854664845,10.20880225799965,100000,0
sepCMAES,F5,10,41,5.969749304740674,10.047918639000272,100000,0
sepCMAES,F5,10,42,3.9798362283731876,10.008507981999628,100000,0
sepCMAES,F5,10,43,1.9899181141865938,10.217726302000301,100000,0
sepCMAES,F5,10,44,5.969754342559781,10.518300144000023,100000,0
sepCMAES,F5,10,45,3.9798362283731876,10.30657467600031,100000,0
sepCMAES,F5,10,46,4.9747952854664845,10.304998294000143,100000,0
sepCMAES,F5,10,47,6.964708361833971,10.231876413999998,100000,0
sepCMAES,F5,10,48,4.9747952854664845,10.15374939000003,100000,0
sepCMAES,F5,10,49,3.9798362283731876,10.13462209699992,100000,0
sepCMAES,F5,10,50,5.969754342559781,10.39089151600001,100000,0
BIPOP_CMAES,F6,10,0,0.0,9.132851246999962,100000,0
BIPOP_CMAES,F6,10,1,0.0,8.305473982999956,100000,0
BIPOP_CMAES,F6,10,2,0.0,8.277158045000078,100000,0
BIPOP_CMAES,F6,10,3,0.0,8.022806016999994,100000,0
BIPOP_CMAES,F6,10,4,0.0,7.998540760999958,100000,0
BIPOP_CMAES,F6,10,5,0.0,7.401897975999873,100000,0
BIPOP_CMAES,F6,10,6,0.0,8.131005579999965,100000,0
BIPOP_CMAES,F6,10,7,0.0,7.896432602999994,100000,0
BIPOP_CMAES,F6,10,8,0.0,7.754426415000125,100000,0
BIPOP_CMAES,F6,10,9,0.0,7.916646208999964,100000,0
BIPOP_CMAES,F6,10,10,0.0,8.129112561000056,100000,0
BIPOP_CMAES,F6,10,11,0.0,8.084870224000042,100000,0
BIPOP_CMAES,F6,10,12,0.0,7.879272499999843,100000,0
BIPOP_CMAES,F6,10,13,0.0,8.18384088300013,100000,0
BIPOP_CMAES,F6,10,14,0.0,8.496501855999895,100000,0
BIPOP_CMAES,F6,10,15,0.0,8.017350270999941,100000,0
BIPOP_CMAES,F6,10,16,0.0,8.000929082000084,100000,0
BIPOP_CMAES,F6,10,17,0.0,8.13563083400004,100000,0
BIPOP_CMAES,F6,10,18,0.0,7.337062075999938,100000,0
BIPOP_CMAES,F6,10,19,0.0,8.059106199000098,100000,0
BIPOP_CMAES,F6,10,20,0.0,7.960645783000018,100000,0
BIPOP_CMAES,F6,10,21,0.0,8.051803690000042,100000,0
BIPOP_CMAES,F6,10,22,0.0,8.007489306999787,100000,0
BIPOP_CMAES,F6,10,23,0.0,8.062865126000133,100000,0
BIPOP_CMAES,F6,10,24,0.0,8.0075882000001,100000,0
BIPOP_CMAES,F6,10,25,0.0,8.523144451999997,100000,0
BIPOP_CMAES,F6,10,26,0.0,7.944563283999969,100000,0
BIPOP_CMAES,F6,10,27,0.0,7.759587002999979,100000,0
BIPOP_CMAES,F6,10,28,0.0,8.095457726999939,100000,0
BIPOP_CMAES,F6,10,29,0.0,7.998851376999937,100000,0
BIPOP_CMAES,F6,10,30,0.0,7.509822642000017,100000,0
BIPOP_CMAES,F6,10,31,0.0,7.778861625000218,100000,0
BIPOP_CMAES,F6,10,32,0.0,8.268611646999943,100000,0
BIPOP_CMAES,F6,10,33,0.0,8.479521160000104,100000,0
BIPOP_CMAES,F6,10,34,0.0,8.270729560000063,100000,0
BIPOP_CMAES,F6,10,35,0.0,8.264322469000035,100000,0
BIPOP_CMAES,F6,10,36,0.0,7.846028338999986,100000,0
BIPOP_CMAES,F6,10,37,0.0,7.871264854999936,100000,0
BIPOP_CMAES,F6,10,38,0.0,7.909948174999954,100000,0
BIPOP_CMAES,F6,10,39,0.0,8.239634807999892,100000,0
BIPOP_CMAES,F6,10,40,0.0,7.897989045000031,100000,0
BIPOP_CMAES,F6,10,41,0.0,7.973304585999813,100000,0
BIPOP_CMAES,F6,10,42,0.0,8.080794736999906,100000,0
BIPOP_CMAES,F6,10,43,0.0,8.436872667999978,100000,0
BIPOP_CMAES,F6,10,44,0.0,8.316729685999917,100000,0
BIPOP_CMAES,F6,10,45,0.0,8.015332842999896,100000,0
BIPOP_CMAES,F6,10,46,0.0,8.234903669000005,100000,0
BIPOP_CMAES,F6,10,47,0.0,8.254439945000058,100000,0
BIPOP_CMAES,F6,10,48,0.0,8.003183938999882,100000,0
BIPOP_CMAES,F6,10,49,0.0,8.046583530999897,100000,0
BIPOP_CMAES,F6,10,50,0.0,7.887619867000012,100000,0
CMAES,F6,10,0,0.0,12.637642698000036,100000,0
CMAES,F6,10,1,0.0,12.613627707999967,100000,0
CMAES,F6,10,2,0.0,12.631429178999952,100000,0
CMAES,F6,10,3,0.0,12.869387188000019,100000,0
CMAES,F6,10,4,0.0,12.454432806000113,100000,0
CMAES,F6,10,5,0.0,12.772003009000173,100000,0
CMAES,F6,10,6,0.0,12.62728825299996,100000,0
CMAES,F6,10,7,0.0,12.759961136000129,100000,0
CMAES,F6,10,8,0.0,12.585219111000015,100000,0
CMAES,F6,10,9,0.0,12.796969948999958,100000,0
CMAES,F6,10,10,0.0,12.472982524999907,100000,0
CMAES,F6,10,11,0.0,12.689179123999793,100000,0
CMAES,F6,10,12,0.0,12.554103209000004,100000,0
CMAES,F6,10,13,0.0,12.603997758999867,100000,0
CMAES,F6,10,14,0.0,12.603200411999978,100000,0
CMAES,F6,10,15,0.0,12.669547653000109,100000,0
CMAES,F6,10,16,0.0,12.771517454999866,100000,0
CMAES,F6,10,17,0.0,12.56607800699976,100000,0
CMAES,F6,10,18,0.0,12.849020868000025,100000,0
CMAES,F6,10,19,0.0,12.707122046000222,100000,0
CMAES,F6,10,20,0.0,12.578045418999864,100000,0
CMAES,F6,10,21,0.0,12.852745166000204,100000,0
CMAES,F6,10,22,0.0,12.414621391999844,100000,0
CMAES,F6,10,23,0.0,12.673575142000118,100000,0
CMAES,F6,10,24,0.0,12.52911689099983,100000,0
CMAES,F6,10,25,0.0,12.665827614000136,100000,0
CMAES,F6,10,26,0.0,12.636148561000027,100000,0
CMAES,F6,10,27,0.0,12.673411173000204,100000,0
CMAES,F6,10,28,0.0,12.676998866999838,100000,0
CMAES,F6,10,29,0.0,12.63256667900032,100000,0
CMAES,F6,10,30,0.0,12.587480010000036,100000,0
CMAES,F6,10,31,0.0,12.59282219600027,100000,0
CMAES,F6,10,32,0.0,12.682486987000175,100000,0
CMAES,F6,10,33,0.0,12.538716016000308,100000,0
CMAES,F6,10,34,0.0,12.75614669200013,100000,0
CMAES,F6,10,35,0.0,12.588523354000245,100000,0
CMAES,F6,10,36,0.0,12.55918216200007,100000,0
CMAES,F6,10,37,0.0,12.64120156800027,100000,0
CMAES,F6,10,38,0.0,12.756528805000016,100000,0
CMAES,F6,10,39,0.0,12.735274765999748,100000,0
CMAES,F6,10,40,0.0,12.760974630999954,100000,0
CMAES,F6,10,41,0.0,12.912394788000256,100000,0
CMAES,F6,10,42,0.0,13.166205486000308,100000,0
CMAES,F6,10,43,0.0,12.995669723999981,100000,0
CMAES,F6,10,44,0.0,12.79069244099992,100000,0
CMAES,F6,10,45,0.0,12.788406415000281,100000,0
CMAES,F6,10,46,0.0,12.61730409799975,100000,0
CMAES,F6,10,47,0.0,12.778399507999893,100000,0
CMAES,F6,10,48,0.0,12.672105582000313,100000,0
CMAES,F6,10,49,0.0,12.94795484100041,100000,0
CMAES,F6,10,50,0.0,12.801023705999796,100000,0
IPOP_CMAES,F6,10,0,0.0,7.598215210000035,100000,0
IPOP_CMAES,F6,10,1,0.0,7.355872683000143,100000,0
IPOP_CMAES,F6,10,2,0.0,7.640476833000093,100000,0
IPOP_CMAES,F6,10,3,0.0,7.272854430999814,100000,0
IPOP_CMAES,F6,10,4,0.0,7.587203620000082,100000,0
IPOP_CMAES,F6,10,5,0.0,7.608625335999932,100000,0
IPOP_CMAES,F6,10,6,0.0,6.803812066000091,100000,0
IPOP_CMAES,F6,10,7,0.0,7.363389035000182,100000,0
IPOP_CMAES,F6,10,8,0.0,7.651274368000031,100000,0
IPOP_CMAES,F6,10,9,0.0,7.038890686000059,100000,0
IPOP_CMAES,F6,10,10,0.0,6.629379675999871,100000,0
IPOP_CMAES,F6,10,11,0.0,7.2320551010000145,100000,0
IPOP_CMAES,F6,10,12,0.0,6.95028520599999,100000,0
IPOP_CMAES,F6,10,13,0.0,7.59958758200014,100000,0
IPOP_CMAES,F6,10,14,0.0,7.354917322000119,100000,0
IPOP_CMAES,F6,10,15,0.0,6.90122218700003,100000,0
IPOP_CMAES,F6,10,16,0.0,7.323221811999929,100000,0
IPOP_CMAES,F6,10,17,0.0,7.711637438000025,100000,0
IPOP_CMAES,F6,10,18,0.0,7.127045735000138,100000,0
IPOP_CMAES,F6,10,19,0.0,6.93650688699995,100000,0
IPOP_CMAES,F6,10,20,0.0,7.380964884999912,100000,0
IPOP_CMAES,F6,10,21,0.0,7.171931643999869,100000,0
IPOP_CMAES,F6,10,22,0.0,7.4777738089999275,100000,0
IPOP_CMAES,F6,10,23,0.0,6.720160532999898,100000,0
IPOP_CMAES,F6,10,24,0.0,7.074224734999916,100000,0
IPOP_CMAES,F6,10,25,0.0,7.741217284999948,100000,0
IPOP_CMAES,F6,10,26,0.0,7.925503579000178,100000,0
IPOP_CMAES,F6,10,27,0.0,7.3747395189998315,100000,0
IPOP_CMAES,F6,10,28,0.0,7.070256871000083,100000,0
IPOP_CMAES,F6,10,29,0.0,7.1050536849998025,100000,0
IPOP_CMAES,F6,10,30,0.0,6.9810513939999055,100000,0
IPOP_CMAES,F6,10,31,0.0,7.33426895599996,100000,0
IPOP_CMAES,F6,10,32,0.0,6.585624190999852,100000,0
IPOP_CMAES,F6,10,33,0.0,6.841860002999965,100000,0
IPOP_CMAES,F6,10,34,0.0,7.8446147319998545,100000,0
IPOP_CMAES,F6,10,35,0.0,7.187479722000035,100000,0
IPOP_CMAES,F6,10,36,0.0,7.505971127999828,100000,0
IPOP_CMAES,F6,10,37,0.0,7.417794487000037,100000,0
IPOP_CMAES,F6,10,38,0.0,7.0841100769998775,100000,0
IPOP_CMAES,F6,10,39,0.0,7.015450199000043,100000,0
IPOP_CMAES,F6,10,40,0.0,7.159938764999879,100000,0
IPOP_CMAES,F6,10,41,0.0,7.276883775999977,100000,0
IPOP_CMAES,F6,10,42,0.0,7.112933919999932,100000,0
IPOP_CMAES,F6,10,43,0.0,7.115300613000045,100000,0
IPOP_CMAES,F6,10,44,0.0,6.930396354999857,100000,0
IPOP_CMAES,F6,10,45,0.0,6.9494256499999665,100000,0
IPOP_CMAES,F6,10,46,0.0,6.900559103999967,100000,0
IPOP_CMAES,F6,10,47,0.0,7.0618554509999285,100000,0
IPOP_CMAES,F6,10,48,0.0,7.653505648999953,100000,0
IPOP_CMAES,F6,10,49,0.0,7.386249507000002,100000,0
IPOP_CMAES,F6,10,50,0.0,7.312365362000037,100000,0
L-SHADE-DGR,F6,10,0,0.0,3.21414630000001,100000,0
L-SHADE-DGR,F6,10,1,0.0,3.214683610999998,100000,0
L-SHADE-DGR,F6,10,2,0.0,3.2486116700000025,100000,0
L-SHADE-DGR,F6,10,3,0.0,3.1867529160000174,100000,0
L-SHADE-DGR,F6,10,4,0.0,3.207514474000021,100000,0
L-SHADE-DGR,F6,10,5,0.0,3.211710380999989,100000,0
L-SHADE-DGR,F6,10,6,0.0,3.1986971389999894,100000,0
L-SHADE-DGR,F6,10,7,0.0,3.1927891689999797,100000,0
L-SHADE-DGR,F6,10,8,0.0,3.179728275000002,100000,0
L-SHADE-DGR,F6,10,9,0.0,3.1840866670000025,100000,0
L-SHADE-DGR,F6,10,10,0.0,3.201925751999994,100000,0
L-SHADE-DGR,F6,10,11,0.0,3.1771755849999863,100000,0
L-SHADE-DGR,F6,10,12,0.0,3.1928766999999993,100000,0
L-SHADE-DGR,F6,10,13,0.0,3.1916974630000254,100000,0
L-SHADE-DGR,F6,10,14,0.0,3.174974665999997,100000,0
L-SHADE-DGR,F6,10,15,0.0,3.1881094130000065,100000,0
L-SHADE-DGR,F6,10,16,0.0,3.2023494359999916,100000,0
L-SHADE-DGR,F6,10,17,0.0,3.212459838000001,100000,0
L-SHADE-DGR,F6,10,18,0.0,3.2225921010000036,100000,0
L-SHADE-DGR,F6,10,19,0.0,3.1838707,100000,0
L-SHADE-DGR,F6,10,20,0.0,3.212074567000002,100000,0
L-SHADE-DGR,F6,10,21,0.0,3.1979202850000092,100000,0
L-SHADE-DGR,F6,10,22,0.0,3.1806589779999968,100000,0
L-SHADE-DGR,F6,10,23,0.0,3.179248061999999,100000,0
L-SHADE-DGR,F6,10,24,0.0,3.1944078690000026,100000,0
L-SHADE-DGR,F6,10,25,0.0,3.2041839719999814,100000,0
L-SHADE-DGR,F6,10,26,0.0,3.199475057000029,100000,0
L-SHADE-DGR,F6,10,27,0.0,3.1675267770000346,100000,0
L-SHADE-DGR,F6,10,28,0.0,3.196121230000017,100000,0
L-SHADE-DGR,F6,10,29,0.0,3.2062296819999574,100000,0
L-SHADE-DGR,F6,10,30,0.0,3.1993972280000094,100000,0
L-SHADE-DGR,F6,10,31,0.0,3.1515209269999787,100000,0
L-SHADE-DGR,F6,10,32,0.0,3.1790365460000203,100000,0
L-SHADE-DGR,F6,10,33,0.0,3.1482853289999753,100000,0
L-SHADE-DGR,F6,10,34,0.0,3.1569109359999743,100000,0
L-SHADE-DGR,F6,10,35,0.0,3.1574497660000134,100000,0
L-SHADE-DGR,F6,10,36,0.0,3.1717456760000005,100000,0
L-SHADE-DGR,F6,10,37,0.0,3.165019701999995,100000,0
L-SHADE-DGR,F6,10,38,0.0,3.13674126799998,100000,0
L-SHADE-DGR,F6,10,39,0.0,3.1525933409999993,100000,0
L-SHADE-DGR,F6,10,40,0.0,3.1672007740000367,100000,0
L-SHADE-DGR,F6,10,41,0.0,3.1767646370000193,100000,0
L-SHADE-DGR,F6,10,42,0.0,3.15884830899995,100000,0
L-SHADE-DGR,F6,10,43,0.0,3.1626314279999974,100000,0
L-SHADE-DGR,F6,10,44,0.0,3.142216363999978,100000,0
L-SHADE-DGR,F6,10,45,0.0,3.1448960010000064,100000,0
L-SHADE-DGR,F6,10,46,0.0,3.1514633620000154,100000,0
L-SHADE-DGR,F6,10,47,0.0,3.1408055370000056,100000,0
L-SHADE-DGR,F6,10,48,0.0,3.132877626000038,100000,0
L-SHADE-DGR,F6,10,49,0.0,3.1515727949999928,100000,0
L-SHADE-DGR,F6,10,50,0.0,3.1542001580000374,100000,0
LSHADE,F6,10,0,0.0,2.0861357739998994,100000,0
LSHADE,F6,10,1,0.0,2.0680131520000486,100000,0
LSHADE,F6,10,2,0.0,2.06805758400003,100000,0
LSHADE,F6,10,3,0.0,2.0816612969999824,100000,0
LSHADE,F6,10,4,0.0,2.068998621999981,100000,0
LSHADE,F6,10,5,0.0,2.0717764319999787,100000,0
LSHADE,F6,10,6,0.0,2.087632998999993,100000,0
LSHADE,F6,10,7,0.0,2.0739207910000914,100000,0
LSHADE,F6,10,8,0.0,2.081331973000033,100000,0
LSHADE,F6,10,9,0.0,2.0744077869999273,100000,0
LSHADE,F6,10,10,0.0,2.06824021500006,100000,0
LSHADE,F6,10,11,0.0,2.072563038999988,100000,0
LSHADE,F6,10,12,0.0,2.0809405190000234,100000,0
LSHADE,F6,10,13,0.0,2.0655850740000687,100000,0
LSHADE,F6,10,14,0.0,2.0736885689999554,100000,0
LSHADE,F6,10,15,0.0,2.078382945000044,100000,0
LSHADE,F6,10,16,0.0,2.0608428140000115,100000,0
LSHADE,F6,10,17,0.0,2.061127467999995,100000,0
LSHADE,F6,10,18,0.0,2.0656639750000068,100000,0
LSHADE,F6,10,19,0.0,2.0825012299999344,100000,0
LSHADE,F6,10,20,0.0,2.076777739000022,100000,0
LSHADE,F6,10,21,0.0,2.0756846659999155,100000,0
LSHADE,F6,10,22,0.0,2.0753249099999493,100000,0
LSHADE,F6,10,23,0.0,2.079895646999944,100000,0
LSHADE,F6,10,24,0.0,2.072434291000036,100000,0
LSHADE,F6,10,25,0.0,2.085726845999943,100000,0
LSHADE,F6,10,26,0.0,2.0948198390000243,100000,0
LSHADE,F6,10,27,0.0,2.072891966000043,100000,0
LSHADE,F6,10,28,0.0,2.074576570999966,100000,0
LSHADE,F6,10,29,0.0,2.0935406319999856,100000,0
LSHADE,F6,10,30,0.0,2.0775793540000222,100000,0
LSHADE,F6,10,31,0.0,2.0928107199999886,100000,0
LSHADE,F6,10,32,0.0,2.0906758770000806,100000,0
LSHADE,F6,10,33,0.0,2.080195912000022,100000,0
LSHADE,F6,10,34,0.0,2.095145871999989,100000,0
LSHADE,F6,10,35,0.0,2.09038065499999,100000,0
LSHADE,F6,10,36,0.0,2.095432937000055,100000,0
LSHADE,F6,10,37,0.0,2.093766917000039,100000,0
LSHADE,F6,10,38,0.0,2.0882845489999227,100000,0
LSHADE,F6,10,39,0.0,2.0851882560000377,100000,0
LSHADE,F6,10,40,0.0,2.0929442399999516,100000,0
LSHADE,F6,10,41,0.0,2.0690984059999664,100000,0
LSHADE,F6,10,42,0.0,2.0826599759999453,100000,0
LSHADE,F6,10,43,0.0,2.078315204999967,100000,0
LSHADE,F6,10,44,0.0,2.0795626990000073,100000,0
LSHADE,F6,10,45,0.0,2.076024240000038,100000,0
LSHADE,F6,10,46,0.0,2.099918666999997,100000,0
LSHADE,F6,10,47,0.0,2.09875286099998,100000,0
LSHADE,F6,10,48,0.0,2.098570597999924,100000,0
LSHADE,F6,10,49,0.0,2.091449748999935,100000,0
LSHADE,F6,10,50,0.0,2.097130544000038,100000,0
TEMOA_V10,F6,10,0,0.0,3.832923128999994,100000,0
TEMOA_V10,F6,10,1,0.0,3.830365105999988,100000,0
TEMOA_V10,F6,10,2,0.0,3.8046345359999805,100000,0
TEMOA_V10,F6,10,3,0.0,3.8100505630000043,100000,0
TEMOA_V10,F6,10,4,0.0,3.8480085909999957,100000,0
TEMOA_V10,F6,10,5,0.0,3.8184645580000165,100000,0
TEMOA_V10,F6,10,6,3.2250653703158605e-07,3.831878623000023,100000,0
TEMOA_V10,F6,10,7,0.0,3.8323603680000247,100000,0
TEMOA_V10,F6,10,8,0.0,3.842384948000017,100000,0
TEMOA_V10,F6,10,9,0.0,3.817447675999972,100000,0
TEMOA_V10,F6,10,10,0.0,3.8312616680000247,100000,0
TEMOA_V10,F6,10,11,0.0,3.8152529980000054,100000,0
TEMOA_V10,F6,10,12,5.630017710700486e-06,3.833059135000042,100000,0
TEMOA_V10,F6,10,13,0.0,3.826124450000009,100000,0
TEMOA_V10,F6,10,14,0.0,3.8155543539999712,100000,0
TEMOA_V10,F6,10,15,8.016119181775139e-07,3.8419158920000314,100000,0
TEMOA_V10,F6,10,16,0.0,3.838483537000002,100000,0
TEMOA_V10,F6,10,17,0.0,3.851801672000022,100000,0
TEMOA_V10,F6,10,18,0.0,3.834721251000019,100000,0
TEMOA_V10,F6,10,19,0.0,3.815511638999965,100000,0
TEMOA_V10,F6,10,20,0.0,3.855105284999979,100000,0
TEMOA_V10,F6,10,21,0.0,3.8598328859999924,100000,0
TEMOA_V10,F6,10,22,0.0,3.8187956030000123,100000,0
TEMOA_V10,F6,10,23,0.0,3.8292721410000468,100000,0
TEMOA_V10,F6,10,24,0.0,3.807628831000045,100000,0
TEMOA_V10,F6,10,25,0.0,3.815361316999997,100000,0
TEMOA_V10,F6,10,26,0.0,3.823790124000027,100000,0
TEMOA_V10,F6,10,27,0.0,3.840310957999975,100000,0
TEMOA_V10,F6,10,28,0.0,3.833120766000036,100000,0
TEMOA_V10,F6,10,29,0.0,3.8515664060000177,100000,0
TEMOA_V10,F6,10,30,0.0,3.870430060999979,100000,0
TEMOA_V10,F6,10,31,0.0,3.842977531000031,100000,0
TEMOA_V10,F6,10,32,0.0,3.8209071549999862,100000,0
TEMOA_V10,F6,10,33,0.0,3.8449984879999874,100000,0
TEMOA_V10,F6,10,34,0.0,3.8112814720000188,100000,0
TEMOA_V10,F6,10,35,0.0,3.822963847999972,100000,0
TEMOA_V10,F6,10,36,0.0,3.841163492000021,100000,0
TEMOA_V10,F6,10,37,0.0,3.8276040800000146,100000,0
TEMOA_V10,F6,10,38,0.0,3.8159661249999886,100000,0
TEMOA_V10,F6,10,39,0.0,3.7949400520000154,100000,0
TEMOA_V10,F6,10,40,0.0,3.7971477210000444,100000,0
TEMOA_V10,F6,10,41,0.0,3.822177281999984,100000,0
TEMOA_V10,F6,10,42,0.0,3.8349668259999703,100000,0
TEMOA_V10,F6,10,43,0.0,3.8217113619999736,100000,0
TEMOA_V10,F6,10,44,0.0,3.802726791999987,100000,0
TEMOA_V10,F6,10,45,0.0,3.8115166280000494,100000,0
TEMOA_V10,F6,10,46,0.0,3.7940190130000246,100000,0
TEMOA_V10,F6,10,47,0.0,3.815982731999952,100000,0
TEMOA_V10,F6,10,48,0.0,3.8074371080000446,100000,0
TEMOA_V10,F6,10,49,0.0,3.810306780000019,100000,0
TEMOA_V10,F6,10,50,0.0,3.8097484840000106,100000,0
TEMOA_V11,F6,10,0,0.0,3.1330898859999934,100000,0
TEMOA_V11,F6,10,1,0.0,3.1587522560000707,100000,0
TEMOA_V11,F6,10,2,0.0,3.1492042089998904,100000,0
TEMOA_V11,F6,10,3,0.0,3.1185454539999,100000,0
TEMOA_V11,F6,10,4,0.0,3.1225848450000058,100000,0
TEMOA_V11,F6,10,5,0.0,3.1195274739999377,100000,0
TEMOA_V11,F6,10,6,0.0,3.115231246999997,100000,0
TEMOA_V11,F6,10,7,0.0,3.1412018290000105,100000,0
TEMOA_V11,F6,10,8,0.0,3.164177171999995,100000,0
TEMOA_V11,F6,10,9,0.0,3.169433417999926,100000,0
TEMOA_V11,F6,10,10,0.0,3.181802685999969,100000,0
TEMOA_V11,F6,10,11,0.0,3.1402539480000087,100000,0
TEMOA_V11,F6,10,12,0.0,3.1897221270000955,100000,0
TEMOA_V11,F6,10,13,0.0,3.146128577000013,100000,0
TEMOA_V11,F6,10,14,0.0,3.144261312000026,100000,0
TEMOA_V11,F6,10,15,0.0,3.147490322000067,100000,0
TEMOA_V11,F6,10,16,0.0,3.146074956999996,100000,0
TEMOA_V11,F6,10,17,0.0,3.126133090000053,100000,0
TEMOA_V11,F6,10,18,0.0,3.171953753999901,100000,0
TEMOA_V11,F6,10,19,0.0,3.1532265119999465,100000,0
TEMOA_V11,F6,10,20,0.0,3.1756804089999378,100000,0
TEMOA_V11,F6,10,21,0.0,3.1524493880000364,100000,0
TEMOA_V11,F6,10,22,0.0,3.1583648340000536,100000,0
TEMOA_V11,F6,10,23,0.0,3.1907660360000136,100000,0
TEMOA_V11,F6,10,24,0.0,3.1771831710000242,100000,0
TEMOA_V11,F6,10,25,0.0,3.1484322709999333,100000,0
TEMOA_V11,F6,10,26,0.0,3.1502528940000047,100000,0
TEMOA_V11,F6,10,27,0.0,3.1761400729999423,100000,0
TEMOA_V11,F6,10,28,0.0,3.159230180999998,100000,0
TEMOA_V11,F6,10,29,0.0,3.130001634999985,100000,0
TEMOA_V11,F6,10,30,0.0,3.1616905440000664,100000,0
TEMOA_V11,F6,10,31,0.0,3.1650175759999684,100000,0
TEMOA_V11,F6,10,32,0.0,3.1619251900000336,100000,0
TEMOA_V11,F6,10,33,0.0,3.1566396150000173,100000,0
TEMOA_V11,F6,10,34,0.0,3.112684398000056,100000,0
TEMOA_V11,F6,10,35,0.0,3.14529720500002,100000,0
TEMOA_V11,F6,10,36,0.0,3.1395282420000967,100000,0
TEMOA_V11,F6,10,37,0.0,3.1489578980000488,100000,0
TEMOA_V11,F6,10,38,0.0,3.1414955410000402,100000,0
TEMOA_V11,F6,10,39,0.0,3.148861802000056,100000,0
TEMOA_V11,F6,10,40,0.0,3.1539732630000117,100000,0
TEMOA_V11,F6,10,41,0.0,3.158367611000017,100000,0
TEMOA_V11,F6,10,42,0.0,3.1588282409999238,100000,0
TEMOA_V11,F6,10,43,0.0,3.138095614000008,100000,0
TEMOA_V11,F6,10,44,0.0,3.1256408889998966,100000,0
TEMOA_V11,F6,10,45,0.0,3.12597954499995,100000,0
TEMOA_V11,F6,10,46,0.0,3.13426992299992,100000,0
TEMOA_V11,F6,10,47,0.0,3.132116805999999,100000,0
TEMOA_V11,F6,10,48,0.0,3.1258415879999575,100000,0
TEMOA_V11,F6,10,49,0.0,3.1289244199999757,100000,0
TEMOA_V11,F6,10,50,0.0,3.1270612320000737,100000,0
TEMOA_V12,F6,10,0,0.0,3.014479772999948,100000,0
TEMOA_V12,F6,10,1,0.0,3.0068745099999887,100000,0
TEMOA_V12,F6,10,2,0.0,3.0475201250000055,100000,0
TEMOA_V12,F6,10,3,0.0,3.037537545999953,100000,0
TEMOA_V12,F6,10,4,0.0,3.054920536000054,100000,0
TEMOA_V12,F6,10,5,0.0,3.0152239469999813,100000,0
TEMOA_V12,F6,10,6,0.0,3.020066486000019,100000,0
TEMOA_V12,F6,10,7,0.0,3.0290551230000347,100000,0
TEMOA_V12,F6,10,8,0.0,3.0355365980000215,100000,0
TEMOA_V12,F6,10,9,0.0,3.012911668000015,100000,0
TEMOA_V12,F6,10,10,0.0,3.0445765709999932,100000,0
TEMOA_V12,F6,10,11,0.0,3.012279422000006,100000,0
TEMOA_V12,F6,10,12,0.0,3.0371103599999287,100000,0
TEMOA_V12,F6,10,13,0.0,3.0317696240000487,100000,0
TEMOA_V12,F6,10,14,0.0,3.0272539909999523,100000,0
TEMOA_V12,F6,10,15,0.0,3.0136639190000096,100000,0
TEMOA_V12,F6,10,16,0.0,3.015321698999969,100000,0
TEMOA_V12,F6,10,17,0.0,3.00294316399993,100000,0
TEMOA_V12,F6,10,18,0.0,3.01844277400005,100000,0
TEMOA_V12,F6,10,19,0.0,3.03194071300004,100000,0
TEMOA_V12,F6,10,20,0.0,3.029561203000071,100000,0
TEMOA_V12,F6,10,21,0.0,3.0213393020000012,100000,0
TEMOA_V12,F6,10,22,0.0,3.0241362519999484,100000,0
TEMOA_V12,F6,10,23,0.0,3.0286366800000906,100000,0
TEMOA_V12,F6,10,24,0.0,3.0344312419999824,100000,0
TEMOA_V12,F6,10,25,0.0,3.040774815999953,100000,0
TEMOA_V12,F6,10,26,0.0,3.0398566430000074,100000,0
TEMOA_V12,F6,10,27,0.0,3.0037777219999953,100000,0
TEMOA_V12,F6,10,28,0.0,3.011284948000025,100000,0
TEMOA_V12,F6,10,29,0.0,2.9966703839999127,100000,0
TEMOA_V12,F6,10,30,0.0,3.052789082000004,100000,0
TEMOA_V12,F6,10,31,0.0,3.0391969570000583,100000,0
TEMOA_V12,F6,10,32,0.0,3.047657385999969,100000,0
TEMOA_V12,F6,10,33,0.0,3.0004147980000653,100000,0
TEMOA_V12,F6,10,34,0.0,3.0483356389999017,100000,0
TEMOA_V12,F6,10,35,0.0,3.0648275779999494,100000,0
TEMOA_V12,F6,10,36,0.0,3.044918359999997,100000,0
TEMOA_V12,F6,10,37,0.0,3.0513293779999913,100000,0
TEMOA_V12,F6,10,38,0.0,3.0255533089999744,100000,0
TEMOA_V12,F6,10,39,0.0,3.034014999999954,100000,0
TEMOA_V12,F6,10,40,0.0,3.0564858380000715,100000,0
TEMOA_V12,F6,10,41,0.0,3.0304918159999943,100000,0
TEMOA_V12,F6,10,42,0.0,3.0336929630000213,100000,0
TEMOA_V12,F6,10,43,0.0,3.0234062289999883,100000,0
TEMOA_V12,F6,10,44,0.0,3.0358610140000337,100000,0
TEMOA_V12,F6,10,45,0.0,3.036257986999999,100000,0
TEMOA_V12,F6,10,46,0.0,3.000425844999995,100000,0
TEMOA_V12,F6,10,47,0.0,3.0254128599999603,100000,0
TEMOA_V12,F6,10,48,0.0,3.057499524000036,100000,0
TEMOA_V12,F6,10,49,0.0,3.0626481350000176,100000,0
TEMOA_V12,F6,10,50,0.0,3.0349550519999866,100000,0
jSO,F6,10,0,0.0,2.0634022599999753,100000,0
jSO,F6,10,1,0.0,2.078467688000046,100000,0
jSO,F6,10,2,0.0,2.056115220000038,100000,0
jSO,F6,10,3,0.0,2.0540420129999575,100000,0
jSO,F6,10,4,0.0,2.056437149999965,100000,0
jSO,F6,10,5,0.0,2.03947623199997,100000,0
jSO,F6,10,6,0.0,2.049455094999985,100000,0
jSO,F6,10,7,0.0,2.0455547850000357,100000,0
jSO,F6,10,8,0.0,2.0353871600000275,100000,0
jSO,F6,10,9,0.0,2.039641383000003,100000,0
jSO,F6,10,10,0.0,2.054043644999979,100000,0
jSO,F6,10,11,0.0,2.038594695000029,100000,0
jSO,F6,10,12,0.0,2.029378210999994,100000,0
jSO,F6,10,13,0.0,2.0500181840000096,100000,0
jSO,F6,10,14,0.0,2.0315306579999515,100000,0
jSO,F6,10,15,0.0,2.0340532679999797,100000,0
jSO,F6,10,16,0.0,2.0325494100000014,100000,0
jSO,F6,10,17,0.0,2.042058799000074,100000,0
jSO,F6,10,18,0.0,2.0309762760000467,100000,0
jSO,F6,10,19,0.0,2.0414686230000143,100000,0
jSO,F6,10,20,0.0,2.0598645690000694,100000,0
jSO,F6,10,21,0.0,2.040631722999933,100000,0
jSO,F6,10,22,0.0,2.034954405999997,100000,0
jSO,F6,10,23,0.0,2.0386422860000266,100000,0
jSO,F6,10,24,0.0,2.0318050760000688,100000,0
jSO,F6,10,25,0.0,2.035179269999958,100000,0
jSO,F6,10,26,0.0,2.0425537849999955,100000,0
jSO,F6,10,27,0.0,2.054578077999963,100000,0
jSO,F6,10,28,0.0,2.0536288219999506,100000,0
jSO,F6,10,29,0.0,2.0355843720000166,100000,0
jSO,F6,10,30,0.0,2.0664170679999643,100000,0
jSO,F6,10,31,0.0,2.0357601790000217,100000,0
jSO,F6,10,32,0.0,2.0370217690000345,100000,0
jSO,F6,10,33,0.0,2.0472033399998963,100000,0
jSO,F6,10,34,0.0,2.0377040129999386,100000,0
jSO,F6,10,35,0.0,2.0371605019997787,100000,0
jSO,F6,10,36,0.0,2.0581037580000157,100000,0
jSO,F6,10,37,0.0,2.062049082000158,100000,0
jSO,F6,10,38,0.0,2.0641237930001353,100000,0
jSO,F6,10,39,0.0,2.06110672900013,100000,0
jSO,F6,10,40,0.0,2.056723662000195,100000,0
jSO,F6,10,41,0.0,2.040183696999975,100000,0
jSO,F6,10,42,0.0,2.0535196299999825,100000,0
jSO,F6,10,43,0.0,2.0320904779998727,100000,0
jSO,F6,10,44,0.0,2.0335714620000545,100000,0
jSO,F6,10,45,0.0,2.0308809880000354,100000,0
jSO,F6,10,46,0.0,2.0469155120001687,100000,0
jSO,F6,10,47,0.0,2.0412443469999744,100000,0
jSO,F6,10,48,0.0,2.033427078999921,100000,0
jSO,F6,10,49,0.0,2.0318292970000584,100000,0
jSO,F6,10,50,0.0,2.0389619089999087,100000,0
sepCMAES,F6,10,0,0.0,11.409159283999998,100000,0
sepCMAES,F6,10,1,0.0,11.644066818999818,100000,0
sepCMAES,F6,10,2,0.0,11.705164742000306,100000,0
sepCMAES,F6,10,3,0.0,11.753114098999959,100000,0
sepCMAES,F6,10,4,0.0,11.306805213000189,100000,0
sepCMAES,F6,10,5,0.0,11.478112472999783,100000,0
sepCMAES,F6,10,6,0.0,11.6508000849999,100000,0
sepCMAES,F6,10,7,0.0,11.599253585000042,100000,0
sepCMAES,F6,10,8,0.0,11.62442900499991,100000,0
sepCMAES,F6,10,9,0.0,11.33681346100002,100000,0
sepCMAES,F6,10,10,0.0,11.265514204999818,100000,0
sepCMAES,F6,10,11,0.0,11.507923149999897,100000,0
sepCMAES,F6,10,12,0.0,11.4240569829999,100000,0
sepCMAES,F6,10,13,0.0,11.618548726999961,100000,0
sepCMAES,F6,10,14,0.0,11.472062952000215,100000,0
sepCMAES,F6,10,15,0.0,11.684251069999846,100000,0
sepCMAES,F6,10,16,0.0,11.717694996999853,100000,0
sepCMAES,F6,10,17,0.0,11.433313036999607,100000,0
sepCMAES,F6,10,18,0.0,11.502409171999716,100000,0
sepCMAES,F6,10,19,0.0,11.714391676000105,100000,0
sepCMAES,F6,10,20,0.0,11.586299014999895,100000,0
sepCMAES,F6,10,21,0.0,11.662665022000056,100000,0
sepCMAES,F6,10,22,0.0,11.565197173999877,100000,0
sepCMAES,F6,10,23,0.0,11.732302234999679,100000,0
sepCMAES,F6,10,24,0.0,11.414504903999841,100000,0
sepCMAES,F6,10,25,0.0,11.45106579000003,100000,0
sepCMAES,F6,10,26,0.0,11.430996709999818,100000,0
sepCMAES,F6,10,27,0.0,11.658362576999934,100000,0
sepCMAES,F6,10,28,0.0,11.288631393999822,100000,0
sepCMAES,F6,10,29,0.0,11.426504767999631,100000,0
sepCMAES,F6,10,30,0.0,11.764205593000042,100000,0
sepCMAES,F6,10,31,0.0,11.287739974000033,100000,0
sepCMAES,F6,10,32,0.0,11.449243716000183,100000,0
sepCMAES,F6,10,33,0.0,11.17473648000032,100000,0
sepCMAES,F6,10,34,0.0,11.65023657699976,100000,0
sepCMAES,F6,10,35,0.0,10.994595455999843,100000,0
sepCMAES,F6,10,36,0.0,11.441892284999994,100000,0
sepCMAES,F6,10,37,0.0,11.300261053000213,100000,0
sepCMAES,F6,10,38,0.0,11.224440829999821,100000,0
sepCMAES,F6,10,39,0.0,11.652798517000065,100000,0
sepCMAES,F6,10,40,0.0,11.303348878000179,100000,0
sepCMAES,F6,10,41,0.0,11.509591685000032,100000,0
sepCMAES,F6,10,42,0.0,11.304119195000112,100000,0
sepCMAES,F6,10,43,0.0,11.42773215599982,100000,0
sepCMAES,F6,10,44,0.0,11.15001892500004,100000,0
sepCMAES,F6,10,45,0.0,11.067224835000161,100000,0
sepCMAES,F6,10,46,0.0,11.822343210999861,100000,0
sepCMAES,F6,10,47,0.0,11.568240888999753,100000,0
sepCMAES,F6,10,48,0.0,11.019283030999759,100000,0
sepCMAES,F6,10,49,0.0,11.549995723999928,100000,0
sepCMAES,F6,10,50,0.0,11.62071415499986,100000,0
BIPOP_CMAES,F7,10,0,11.529121766745789,9.410196673999963,100000,0
BIPOP_CMAES,F7,10,1,11.692982382407536,8.487993063999966,100000,0
BIPOP_CMAES,F7,10,2,3.9798362283731876,8.969047468999861,100000,0
BIPOP_CMAES,F7,10,3,11.692982382407536,9.451801090000117,100000,0
BIPOP_CMAES,F7,10,4,11.201400535422295,9.008976602000075,100000,0
BIPOP_CMAES,F7,10,5,11.692982382407536,9.511396444999946,100000,0
BIPOP_CMAES,F7,10,6,2.9848771712798907,9.050628122000035,100000,0
BIPOP_CMAES,F7,10,7,11.201400535422295,9.667954065000004,100000,0
BIPOP_CMAES,F7,10,8,11.529121766745789,8.518330232000153,100000,0
BIPOP_CMAES,F7,10,9,11.365261151885079,8.55752586199992,100000,0
BIPOP_CMAES,F7,10,10,11.856842998069283,9.231340536000062,100000,0
BIPOP_CMAES,F7,10,11,12.307344751313622,9.017407579000064,100000,0
BIPOP_CMAES,F7,10,12,11.979623519990128,9.412939301000051,100000,0
BIPOP_CMAES,F7,10,13,12.962787213960837,9.156964220999953,100000,0
BIPOP_CMAES,F7,10,14,11.20140053542218,9.391984589000003,100000,0
BIPOP_CMAES,F7,10,15,11.529121766745789,8.943313970999952,100000,0
BIPOP_CMAES,F7,10,16,11.692982382407536,9.450780854999948,100000,0
BIPOP_CMAES,F7,10,17,11.856878124270565,8.697273155999937,100000,0
BIPOP_CMAES,F7,10,18,11.692982382407536,8.963168751000012,100000,0
BIPOP_CMAES,F7,10,19,11.365261151084042,9.02320328299993,100000,0
BIPOP_CMAES,F7,10,20,11.529121766745789,8.789939574000073,100000,0
BIPOP_CMAES,F7,10,21,11.529121766745789,8.52186675300004,100000,0
BIPOP_CMAES,F7,10,22,11.037539919760547,8.706061885000054,100000,0
BIPOP_CMAES,F7,10,23,11.365261151083928,9.11737538500006,100000,0
BIPOP_CMAES,F7,10,24,11.201400535422295,8.938447835000034,100000,0
BIPOP_CMAES,F7,10,25,11.979623520056975,9.068763278999995,100000,0
BIPOP_CMAES,F7,10,26,11.529121766745675,8.241746540000122,100000,0
BIPOP_CMAES,F7,10,27,14.396452445813452,9.423067487000026,100000,0
BIPOP_CMAES,F7,10,28,11.365261373675025,8.628656800000044,100000,0
BIPOP_CMAES,F7,10,29,12.471205366975369,9.385656543000096,100000,0
BIPOP_CMAES,F7,10,30,11.365261151083928,8.937671249999994,100000,0
BIPOP_CMAES,F7,10,31,11.367030543004944,8.30162035499984,100000,0
BIPOP_CMAES,F7,10,32,11.20140053542218,8.620523072999958,100000,0
BIPOP_CMAES,F7,10,33,12.79892638293677,9.110153485999945,100000,0
BIPOP_CMAES,F7,10,34,11.365261151084042,8.826336781000009,100000,0
BIPOP_CMAES,F7,10,35,10.873679304098687,8.79681430200003,100000,0
BIPOP_CMAES,F7,10,36,11.529121766745789,9.635668101000192,100000,0
BIPOP_CMAES,F7,10,37,12.798926598298976,9.005966769999986,100000,0
BIPOP_CMAES,F7,10,38,12.184564229392777,9.645521226000028,100000,0
BIPOP_CMAES,F7,10,39,12.798926598298976,8.782037815999956,100000,0
BIPOP_CMAES,F7,10,40,11.20140053542218,8.909260497000105,100000,0
BIPOP_CMAES,F7,10,41,11.529121766745789,8.968529208000064,100000,0
BIPOP_CMAES,F7,10,42,12.63506598263723,8.935427696999795,100000,0
BIPOP_CMAES,F7,10,43,11.529121766745789,8.954192979000027,100000,0
BIPOP_CMAES,F7,10,44,11.856842998069283,8.473230551000142,100000,0
BIPOP_CMAES,F7,10,45,10.94453955238805,9.085454704000085,100000,0
BIPOP_CMAES,F7,10,46,11.692982382407536,8.982423257999926,100000,0
BIPOP_CMAES,F7,10,47,11.365261151083928,8.745901653999908,100000,0
BIPOP_CMAES,F7,10,48,11.692982382407536,9.666100514999926,100000,0
BIPOP_CMAES,F7,10,49,11.20140053542218,9.63851587199997,100000,0
BIPOP_CMAES,F7,10,50,11.52929371317532,9.549814465000054,100000,0
CMAES,F7,10,0,8.954621438201457,12.881729596000241,100000,0
CMAES,F7,10,1,13.929396526953497,13.216912178999792,100000,0
CMAES,F7,10,2,11.939498609481348,12.945009605999985,100000,0
CMAES,F7,10,3,14.724173677136946,13.21255269600033,100000,0
CMAES,F7,10,4,15.789037799287485,12.951701384999978,100000,0
CMAES,F7,10,5,17.22270179229872,12.952900781000153,100000,0
CMAES,F7,10,6,13.74100998316635,13.100536748000195,100000,0
CMAES,F7,10,7,15.338536046043146,13.012380994000068,100000,0
CMAES,F7,10,8,15.502396661704893,12.874862095000026,100000,0
CMAES,F7,10,9,8.954626476020621,12.811320109000008,100000,0
CMAES,F7,10,10,15.174675430381285,12.83051487800003,100000,0
CMAES,F7,10,11,12.18456422939289,12.859626061999734,100000,0
CMAES,F7,10,12,16.280619646272726,12.958597291999922,100000,0
CMAES,F7,10,13,13.904870598828097,12.66452378799977,100000,0
CMAES,F7,10,14,15.338536046043146,13.10007103099997,100000,0
CMAES,F7,10,15,11.856842998069283,12.933852054999988,100000,0
CMAES,F7,10,16,17.878144254945823,13.104714922999847,100000,0
CMAES,F7,10,17,7.959672456746375,12.693900170000234,100000,0
CMAES,F7,10,18,10.970237981498485,12.876577972000177,100000,0
CMAES,F7,10,19,12.02070361373103,12.677242848000333,100000,0
CMAES,F7,10,20,17.09992229385705,12.830587107000156,100000,0
CMAES,F7,10,21,14.68309379875825,12.867177093999999,100000,0
CMAES,F7,10,22,11.939498609481348,13.066985567999836,100000,0
CMAES,F7,10,23,12.63506598263723,12.62109308900017,100000,0
CMAES,F7,10,24,13.904870598828097,13.064438308999797,100000,0
CMAES,F7,10,25,12.962786998598403,12.788344703999883,100000,0
CMAES,F7,10,26,15.010814814719538,12.96129053499999,100000,0
CMAES,F7,10,27,14.724173461774626,13.117466977999811,100000,0
CMAES,F7,10,28,8.954631513839672,12.851105582999935,100000,0
CMAES,F7,10,29,14.519233183096503,13.191910172000007,100000,0
CMAES,F7,10,30,7.959667418927324,12.897056571999656,100000,0
CMAES,F7,10,31,9.949585533113918,13.017015093999817,100000,0
CMAES,F7,10,32,15.338536046043032,13.075931869000215,100000,0
CMAES,F7,10,33,14.396452445813338,12.896173973999794,100000,0
CMAES,F7,10,34,15.338536046043146,13.116407167000034,100000,0
CMAES,F7,10,35,17.22270324650242,13.037205401999927,100000,0
CMAES,F7,10,36,13.577149582866923,13.024891521999962,100000,0
CMAES,F7,10,37,16.444480046572266,13.166225230999771,100000,0
CMAES,F7,10,38,14.068731214489844,13.162810517999787,100000,0
CMAES,F7,10,39,16.157838693627355,13.269510327000262,100000,0
CMAES,F7,10,40,15.338535830680826,13.049838639999962,100000,0
CMAES,F7,10,41,8.954626476020621,13.058299732999785,100000,0
CMAES,F7,10,42,8.954626476020621,13.076559435000036,100000,0
CMAES,F7,10,43,7.959667418927211,13.34861808900041,100000,0
CMAES,F7,10,44,15.502396446342573,13.161295304000305,100000,0
CMAES,F7,10,45,17.22270324650242,13.265012673000001,100000,0
CMAES,F7,10,46,10.944544590207215,13.101650125000106,100000,0
CMAES,F7,10,47,15.174675430381399,12.952305823000188,100000,0
CMAES,F7,10,48,17.09992229385705,12.856878248000157,100000,0
CMAES,F7,10,49,16.157838693627355,13.025952038000014,100000,0
CMAES,F7,10,50,14.68309379875825,12.785481297999922,100000,0
IPOP_CMAES,F7,10,0,11.037539919760434,7.970269995999843,100000,0
IPOP_CMAES,F7,10,1,11.20140053542218,7.926149381999949,100000,0
IPOP_CMAES,F7,10,2,10.873679304098687,8.365265302000125,100000,0
IPOP_CMAES,F7,10,3,11.529121766745675,8.523345916999915,100000,0
IPOP_CMAES,F7,10,4,10.873679304098687,8.870839553999986,100000,0
IPOP_CMAES,F7,10,5,11.529121766745789,8.378625390000025,100000,0
IPOP_CMAES,F7,10,6,11.365261151083928,8.069693410000127,100000,0
IPOP_CMAES,F7,10,7,11.529121766745789,7.970868786999972,100000,0
IPOP_CMAES,F7,10,8,11.20140053542218,8.729955536000034,100000,0
IPOP_CMAES,F7,10,9,11.365261151083928,8.42168379099985,100000,0
IPOP_CMAES,F7,10,10,11.20140053542218,7.941763866000201,100000,0
IPOP_CMAES,F7,10,11,11.365261151083928,7.327112530000022,100000,0
IPOP_CMAES,F7,10,12,11.692982382407536,8.396142355000165,100000,0
IPOP_CMAES,F7,10,13,11.037539919760434,8.187201404000007,100000,0
IPOP_CMAES,F7,10,14,11.365261151083928,8.373073147000014,100000,0
IPOP_CMAES,F7,10,15,11.69298238240765,7.3239283829998385,100000,0
IPOP_CMAES,F7,10,16,11.201400535422295,7.780888809000089,100000,0
IPOP_CMAES,F7,10,17,11.037539919760434,9.099082582999927,100000,0
IPOP_CMAES,F7,10,18,11.365261151083928,7.617745482999908,100000,0
IPOP_CMAES,F7,10,19,11.365261151084042,7.958922851999887,100000,0
IPOP_CMAES,F7,10,20,11.856842998069283,7.895335144000001,100000,0
IPOP_CMAES,F7,10,21,11.692982382407536,8.714713757000027,100000,0
IPOP_CMAES,F7,10,22,11.365261151083928,8.015875163999908,100000,0
IPOP_CMAES,F7,10,23,11.692982382407536,8.001381331999937,100000,0
IPOP_CMAES,F7,10,24,11.529121766745789,7.702946523000037,100000,0
IPOP_CMAES,F7,10,25,11.365261151084042,8.471247676000075,100000,0
IPOP_CMAES,F7,10,26,12.307344751313622,7.663573320999831,100000,0
IPOP_CMAES,F7,10,27,11.365261151083928,8.778507939000065,100000,0
IPOP_CMAES,F7,10,28,11.365261151083928,8.48083798399989,100000,0
IPOP_CMAES,F7,10,29,11.037539919760434,8.193701501000078,100000,0
IPOP_CMAES,F7,10,30,12.471205366975369,8.179984819999845,100000,0
IPOP_CMAES,F7,10,31,12.307344751313622,7.975697956999966,100000,0
IPOP_CMAES,F7,10,32,11.529121766745789,8.418421908000028,100000,0
IPOP_CMAES,F7,10,33,10.873679304098687,8.08191114400006,100000,0
IPOP_CMAES,F7,10,34,11.529121766745902,8.998150368000097,100000,0
IPOP_CMAES,F7,10,35,11.365261151083928,8.08857511999986,100000,0
IPOP_CMAES,F7,10,36,11.529121766745675,7.908062353000105,100000,0
IPOP_CMAES,F7,10,37,11.037539919760434,8.305272478000006,100000,0
IPOP_CMAES,F7,10,38,11.529121766745675,8.276320896000016,100000,0
IPOP_CMAES,F7,10,39,12.348424845054524,8.055084591999957,100000,0
IPOP_CMAES,F7,10,40,11.529121766745675,8.644485179999947,100000,0
IPOP_CMAES,F7,10,41,11.20140053542218,7.666304277000108,100000,0
IPOP_CMAES,F7,10,42,11.365261151083928,8.05849169499993,100000,0
IPOP_CMAES,F7,10,43,11.529121766745675,8.646864272999892,100000,0
IPOP_CMAES,F7,10,44,11.037539919760434,8.10860227299986,100000,0
IPOP_CMAES,F7,10,45,11.529121766745789,7.99480390299982,100000,0
IPOP_CMAES,F7,10,46,11.201400535422295,7.919107851000035,100000,0
IPOP_CMAES,F7,10,47,11.529121766745675,8.307225590000144,100000,0
IPOP_CMAES,F7,10,48,11.365261151083928,8.315341901999773,100000,0
IPOP_CMAES,F7,10,49,11.201400535422295,8.001450698000099,100000,0
IPOP_CMAES,F7,10,50,10.873679304098687,8.275091735999922,100000,0
L-SHADE-DGR,F7,10,0,11.037539919760434,4.115867215999998,100000,0
L-SHADE-DGR,F7,10,1,12.471205366975369,4.065544426999999,100000,0
L-SHADE-DGR,F7,10,2,11.856842998069283,4.046349330999995,100000,0
L-SHADE-DGR,F7,10,3,11.20140053542218,4.075660282000001,100000,0
L-SHADE-DGR,F7,10,4,11.365261151083928,4.0433915759999906,100000,0
L-SHADE-DGR,F7,10,5,12.307344751313622,4.041241263999993,100000,0
L-SHADE-DGR,F7,10,6,11.365261151083928,4.0225984049999965,100000,0
L-SHADE-DGR,F7,10,7,11.692982382407536,4.028411774000006,100000,0
L-SHADE-DGR,F7,10,8,11.529121766745675,4.022939774000008,100000,0
L-SHADE-DGR,F7,10,9,12.798926382936656,4.054280552999998,100000,0
L-SHADE-DGR,F7,10,10,12.307344751313622,4.044389109999997,100000,0
L-SHADE-DGR,F7,10,11,11.365261151083928,4.072000262000003,100000,0
L-SHADE-DGR,F7,10,12,11.692982382407536,4.026195853999994,100000,0
L-SHADE-DGR,F7,10,13,11.365261151083928,4.028664613000004,100000,0
L-SHADE-DGR,F7,10,14,12.471205366975369,4.017680705000004,100000,0
L-SHADE-DGR,F7,10,15,12.635065982637116,4.034106444999992,100000,0
L-SHADE-DGR,F7,10,16,11.856842998069283,4.0529108329999985,100000,0
L-SHADE-DGR,F7,10,17,11.365261151083928,4.043702010000004,100000,0
L-SHADE-DGR,F7,10,18,12.635065982637116,4.0013928149999884,100000,0
L-SHADE-DGR,F7,10,19,12.143484135651875,4.038998792000001,100000,0
L-SHADE-DGR,F7,10,20,12.635065982637116,4.021638032999988,100000,0
L-SHADE-DGR,F7,10,21,12.635065982637116,4.053254517999989,100000,0
L-SHADE-DGR,F7,10,22,12.471205366975369,4.067348518000017,100000,0
L-SHADE-DGR,F7,10,23,12.02070361373103,4.037830904000003,100000,0
L-SHADE-DGR,F7,10,24,11.365261151083928,4.028560851999998,100000,0
L-SHADE-DGR,F7,10,25,11.20140053542218,4.054031140999996,100000,0
L-SHADE-DGR,F7,10,26,12.798926598298863,3.956653259999996,100000,0
L-SHADE-DGR,F7,10,27,12.471205366975369,4.019072682000001,100000,0
L-SHADE-DGR,F7,10,28,11.529121766745675,4.000610129000023,100000,0
L-SHADE-DGR,F7,10,29,11.20140053542218,4.025963804000014,100000,0
L-SHADE-DGR,F7,10,30,11.365261151083928,4.028231773000016,100000,0
L-SHADE-DGR,F7,10,31,11.529121766745675,4.006255563999986,100000,0
L-SHADE-DGR,F7,10,32,11.529121766745675,4.014591578000022,100000,0
L-SHADE-DGR,F7,10,33,11.692982382407536,4.015831306999985,100000,0
L-SHADE-DGR,F7,10,34,11.365261151083928,4.000463378999996,100000,0
L-SHADE-DGR,F7,10,35,11.20140053542218,4.027746615000012,100000,0
L-SHADE-DGR,F7,10,36,11.365261151083928,3.995153148000014,100000,0
L-SHADE-DGR,F7,10,37,11.20140053542218,4.023828452999993,100000,0
L-SHADE-DGR,F7,10,38,11.692982382407536,3.9972835439999983,100000,0
L-SHADE-DGR,F7,10,39,11.529121766745675,3.988681729999996,100000,0
L-SHADE-DGR,F7,10,40,11.365261151083928,3.995762638000002,100000,0
L-SHADE-DGR,F7,10,41,12.635065982637116,4.015518523999987,100000,0
L-SHADE-DGR,F7,10,42,11.20140053542218,4.01156827600002,100000,0
L-SHADE-DGR,F7,10,43,11.20140053542218,3.9723221790000025,100000,0
L-SHADE-DGR,F7,10,44,11.692982382407536,3.9825699570000097,100000,0
L-SHADE-DGR,F7,10,45,12.471205366975369,3.968874925999984,100000,0
L-SHADE-DGR,F7,10,46,11.365261151083928,3.970051409000007,100000,0
L-SHADE-DGR,F7,10,47,11.529121766745675,3.946760067999975,100000,0
L-SHADE-DGR,F7,10,48,11.365261151083928,3.9691665450000073,100000,0
L-SHADE-DGR,F7,10,49,11.529121766745675,4.009914143000003,100000,0
L-SHADE-DGR,F7,10,50,11.365261151083928,3.9762424219999843,100000,0
LSHADE,F7,10,0,11.535638495843273,2.906478997000022,100000,0
LSHADE,F7,10,1,12.635487172703733,2.9061639750000268,100000,0
LSHADE,F7,10,2,11.530208543587491,2.867007866999984,100000,0
LSHADE,F7,10,3,12.03401763845136,2.8571155920000137,100000,0
LSHADE,F7,10,4,12.473069105459558,2.904867581000076,100000,0
LSHADE,F7,10,5,12.636026021856196,2.867346008000027,100000,0
LSHADE,F7,10,6,12.024029933143197,2.8623000430000047,100000,0
LSHADE,F7,10,7,12.963016308664919,2.8640474820000463,100000,0
LSHADE,F7,10,8,11.859327317985844,2.86809262700001,100000,0
LSHADE,F7,10,9,12.307578296684824,2.9063385489999973,100000,0
LSHADE,F7,10,10,12.799565530208383,2.897214688999952,100000,0
LSHADE,F7,10,11,11.98328377475434,2.8800279800000226,100000,0
LSHADE,F7,10,12,12.639967682708175,2.9117041279999967,100000,0
LSHADE,F7,10,13,12.02132519593772,2.8916780340000514,100000,0
LSHADE,F7,10,14,12.473673450747697,2.895479767999973,100000,0
LSHADE,F7,10,15,11.039435115329525,2.888697074999982,100000,0
LSHADE,F7,10,16,12.308786519026398,2.9025614089999863,100000,0
LSHADE,F7,10,17,12.642246134660695,2.9004309079999757,100000,0
LSHADE,F7,10,18,11.694099441149206,2.8961805750000167,100000,0
LSHADE,F7,10,19,11.36587908228455,2.8977142899999535,100000,0
LSHADE,F7,10,20,12.635608170996647,2.8951761910000187,100000,0
LSHADE,F7,10,21,11.529316074721805,2.9166114409999864,100000,0
LSHADE,F7,10,22,12.313421707078874,2.903644921000023,100000,0
LSHADE,F7,10,23,11.534036932319282,2.8940829180000947,100000,0
LSHADE,F7,10,24,12.635760484606749,2.897706484999958,100000,0
LSHADE,F7,10,25,11.207586890388598,2.885370250000051,100000,0
LSHADE,F7,10,26,11.366345993052619,2.8831875319999654,100000,0
LSHADE,F7,10,27,12.639055250843285,2.8908319490000167,100000,0
LSHADE,F7,10,28,11.367048944605472,2.902207551999936,100000,0
LSHADE,F7,10,29,12.63531026428302,2.891783151000027,100000,0
LSHADE,F7,10,30,11.857930240323071,2.882211382000037,100000,0
LSHADE,F7,10,31,12.63813082602644,2.8799695149999707,100000,0
LSHADE,F7,10,32,12.308012014583824,2.89739736599995,100000,0
LSHADE,F7,10,33,12.194422299954908,2.892020159000026,100000,0
LSHADE,F7,10,34,13.413403886567153,2.8819000140000526,100000,0
LSHADE,F7,10,35,12.021213650546656,2.8705609349999577,100000,0
LSHADE,F7,10,36,14.68309379875825,2.850654695000003,100000,0
LSHADE,F7,10,37,11.696290405637797,2.872901107000075,100000,0
LSHADE,F7,10,38,11.531188253164942,2.8658537129999786,100000,0
LSHADE,F7,10,39,11.694730784574176,2.8453747229999635,100000,0
LSHADE,F7,10,40,11.694207964808697,2.881002588000001,100000,0
LSHADE,F7,10,41,12.635065982637116,2.7998627730000862,100000,0
LSHADE,F7,10,42,11.365381199858803,2.899471242000004,100000,0
LSHADE,F7,10,43,11.037618447917566,2.8962929419999455,100000,0
LSHADE,F7,10,44,11.2018205501588,2.873169842999914,100000,0
LSHADE,F7,10,45,11.529870332472,2.8465759880000405,100000,0
LSHADE,F7,10,46,11.365897678945657,2.8813680470000236,100000,0
LSHADE,F7,10,47,11.693469894071313,2.880819728000006,100000,0
LSHADE,F7,10,48,11.040399704785841,2.866975067000112,100000,0
LSHADE,F7,10,49,11.367507746676779,2.888396459000205,100000,0
LSHADE,F7,10,50,12.636340057744974,2.8762421449998783,100000,0
TEMOA_V10,F7,10,0,23.44893637001644,4.6999534849999804,100000,0
TEMOA_V10,F7,10,1,20.70439505563479,4.704168115000016,100000,0
TEMOA_V10,F7,10,2,19.598449600901972,4.741246885999999,100000,0
TEMOA_V10,F7,10,3,16.608339423392636,4.709046669000031,100000,0
TEMOA_V10,F7,10,4,14.232592045513911,4.693884299000047,100000,0
TEMOA_V10,F7,10,5,22.01527868796518,4.699478006999982,100000,0
TEMOA_V10,F7,10,6,23.28508206531467,4.708012695999969,100000,0
TEMOA_V10,F7,10,7,22.13805964061055,4.758784093000031,100000,0
TEMOA_V10,F7,10,8,18.86130875703327,4.7572624239999755,100000,0
TEMOA_V10,F7,10,9,24.718739747366044,4.713948311000024,100000,0
TEMOA_V10,F7,10,10,8.954631513839558,4.719158426999968,100000,0
TEMOA_V10,F7,10,11,22.01527868796518,4.73187172300004,100000,0
TEMOA_V10,F7,10,12,16.157838693627355,4.694893887999967,100000,0
TEMOA_V10,F7,10,13,19.31180948679844,4.712772629000028,100000,0
TEMOA_V10,F7,10,14,17.878144254945823,4.732379754000021,100000,0
TEMOA_V10,F7,10,15,15.789037799287371,4.722495045999949,100000,0
TEMOA_V10,F7,10,16,23.735584896160617,4.695488721999993,100000,0
TEMOA_V10,F7,10,17,21.03211607159608,4.69974664099999,100000,0
TEMOA_V10,F7,10,18,15.502396661704779,4.668869176999976,100000,0
TEMOA_V10,F7,10,19,21.03211607159608,4.710799227999985,100000,0
TEMOA_V10,F7,10,20,14.396452230451132,4.705644178,100000,0
TEMOA_V10,F7,10,21,23.28508206531467,4.702223013999969,100000,0
TEMOA_V10,F7,10,22,20.417752840450703,4.701797040000031,100000,0
TEMOA_V10,F7,10,23,18.04200589408663,4.744787857999995,100000,0
TEMOA_V10,F7,10,24,20.253893087028132,4.716585791999989,100000,0
TEMOA_V10,F7,10,25,25.210328281913462,4.729270651999968,100000,0
TEMOA_V10,F7,10,26,15.66625706200432,4.705437711999991,100000,0
TEMOA_V10,F7,10,27,16.731120160675687,4.713047625999991,100000,0
TEMOA_V10,F7,10,28,19.639530502759726,4.686859992000052,100000,0
TEMOA_V10,F7,10,29,13.904870598828097,4.703430056000002,100000,0
TEMOA_V10,F7,10,30,23.12122080277595,4.690152665000028,100000,0
TEMOA_V10,F7,10,31,18.656367239513656,4.697126020999974,100000,0
TEMOA_V10,F7,10,32,25.33310233163445,4.701020067000002,100000,0
TEMOA_V10,F7,10,33,22.3019188020686,4.711042877000011,100000,0
TEMOA_V10,F7,10,34,15.830117677666067,4.700157188999981,100000,0
TEMOA_V10,F7,10,35,30.453398789058497,4.6723904130000165,100000,0
TEMOA_V10,F7,10,36,22.342998465084975,4.723176063999972,100000,0
TEMOA_V10,F7,10,37,25.005387626633137,4.701516334000019,100000,0
TEMOA_V10,F7,10,38,24.677663913077367,4.708457313999986,100000,0
TEMOA_V10,F7,10,39,16.77220127789576,4.725246127999981,100000,0
TEMOA_V10,F7,10,40,18.984088255474944,4.716936873000009,100000,0
TEMOA_V10,F7,10,41,25.046460116450362,4.71411777000003,100000,0
TEMOA_V10,F7,10,42,13.57714958286681,4.732241966999993,100000,0
TEMOA_V10,F7,10,43,19.311808624559262,4.68053812200003,100000,0
TEMOA_V10,F7,10,44,15.502396661704779,4.687487282000006,100000,0
TEMOA_V10,F7,10,45,18.04200487060757,4.680457817999979,100000,0
TEMOA_V10,F7,10,46,21.073187322571812,4.708178078000003,100000,0
TEMOA_V10,F7,10,47,20.253892224788956,4.706668970999999,100000,0
TEMOA_V10,F7,10,48,14.68309379875825,4.703078724000022,100000,0
TEMOA_V10,F7,10,49,18.04200487060757,4.7090337560000535,100000,0
TEMOA_V10,F7,10,50,17.550424477825914,4.6803825329999995,100000,0
TEMOA_V11,F7,10,0,11.365261151083928,3.9992082410000194,100000,0
TEMOA_V11,F7,10,1,11.365261151083928,4.015531739000039,100000,0
TEMOA_V11,F7,10,2,12.635065982637116,3.9960986319999847,100000,0
TEMOA_V11,F7,10,3,11.692982382407536,3.9460047479999503,100000,0
TEMOA_V11,F7,10,4,11.856842998069283,4.004184889000044,100000,0
TEMOA_V11,F7,10,5,11.856842998069283,3.968131877000019,100000,0
TEMOA_V11,F7,10,6,12.307344751313622,3.979569290000086,100000,0
TEMOA_V11,F7,10,7,11.365261151083928,3.929849816000001,100000,0
TEMOA_V11,F7,10,8,11.365261151083928,3.9702556639999784,100000,0
TEMOA_V11,F7,10,9,12.307344751313622,3.9691144199999826,100000,0
TEMOA_V11,F7,10,10,11.529121766745789,4.023296894000055,100000,0
TEMOA_V11,F7,10,11,12.471205366975369,3.9720029420000174,100000,0
TEMOA_V11,F7,10,12,12.143484135651875,3.9741516779999984,100000,0
TEMOA_V11,F7,10,13,11.365261151083928,3.984239236999997,100000,0
TEMOA_V11,F7,10,14,12.471205366975369,3.9919098960000383,100000,0
TEMOA_V11,F7,10,15,12.02070361373103,3.991555855999991,100000,0
TEMOA_V11,F7,10,16,11.20140053542218,3.9987086229999704,100000,0
TEMOA_V11,F7,10,17,12.471205366975369,4.016613736999943,100000,0
TEMOA_V11,F7,10,18,12.635065982637116,4.007824315999983,100000,0
TEMOA_V11,F7,10,19,11.692982382407536,3.9869642920000388,100000,0
TEMOA_V11,F7,10,20,12.307344751313622,4.008285504000014,100000,0
TEMOA_V11,F7,10,21,11.692982382407422,3.9859159500000487,100000,0
TEMOA_V11,F7,10,22,12.798926598298976,4.00087617500003,100000,0
TEMOA_V11,F7,10,23,11.20140053542218,3.9791125639999336,100000,0
TEMOA_V11,F7,10,24,12.02070361373103,3.980515340000011,100000,0
TEMOA_V11,F7,10,25,12.471205366975369,4.022700306999923,100000,0
TEMOA_V11,F7,10,26,11.529121766745675,3.9722047330000123,100000,0
TEMOA_V11,F7,10,27,11.20140053542218,3.987562189000073,100000,0
TEMOA_V11,F7,10,28,12.635065982637116,4.004060214000106,100000,0
TEMOA_V11,F7,10,29,11.529121766745675,3.973956570999917,100000,0
TEMOA_V11,F7,10,30,11.529121766745675,3.9775848130000213,100000,0
TEMOA_V11,F7,10,31,11.692982382407422,3.9412533470000426,100000,0
TEMOA_V11,F7,10,32,12.348424845054524,3.9518913780000275,100000,0
TEMOA_V11,F7,10,33,11.856842998069283,3.955111305999935,100000,0
TEMOA_V11,F7,10,34,11.529121766745789,3.9699522820000084,100000,0
TEMOA_V11,F7,10,35,12.635065982637116,4.011782693999976,100000,0
TEMOA_V11,F7,10,36,12.307344751313622,3.996910894999928,100000,0
TEMOA_V11,F7,10,37,12.143484135651875,4.028567185000043,100000,0
TEMOA_V11,F7,10,38,12.471205366975369,3.970199549999961,100000,0
TEMOA_V11,F7,10,39,13.413288967205062,3.9977489219999143,100000,0
TEMOA_V11,F7,10,40,11.20140053542218,3.9579626610000105,100000,0
TEMOA_V11,F7,10,41,12.471205366975482,3.989428437000015,100000,0
TEMOA_V11,F7,10,42,11.529121766745675,3.9895544199999904,100000,0
TEMOA_V11,F7,10,43,11.365261151083928,4.002877968000007,100000,0
TEMOA_V11,F7,10,44,12.307344751313622,4.000711467999963,100000,0
TEMOA_V11,F7,10,45,11.529121766745675,3.979066018000026,100000,0
TEMOA_V11,F7,10,46,11.20140053542218,3.9788524040000084,100000,0
TEMOA_V11,F7,10,47,11.529121766745675,3.9521674759999996,100000,0
TEMOA_V11,F7,10,48,11.20140053542218,3.9679508909999868,100000,0
TEMOA_V11,F7,10,49,11.692982382407536,3.969245647999969,100000,0
TEMOA_V11,F7,10,50,11.856842998069283,3.9850850690000925,100000,0
TEMOA_V12,F7,10,0,12.143484135651875,3.846494441999994,100000,0
TEMOA_V12,F7,10,1,13.126647614401463,3.8674894570000333,100000,0
TEMOA_V12,F7,10,2,11.692982382407422,3.857512133,100000,0
TEMOA_V12,F7,10,3,12.02070361373103,3.8501776530000598,100000,0
TEMOA_V12,F7,10,4,11.529121766745675,3.846663078000006,100000,0
TEMOA_V12,F7,10,5,12.798926598298976,3.831024609999986,100000,0
TEMOA_V12,F7,10,6,11.365261151083928,3.853065169000047,100000,0
TEMOA_V12,F7,10,7,11.856975473935677,3.827337729999954,100000,0
TEMOA_V12,F7,10,8,11.692982382407536,3.8584587540000257,100000,0
TEMOA_V12,F7,10,9,11.365261151084042,3.850241275999906,100000,0
TEMOA_V12,F7,10,10,11.856842998069283,3.8843209560000105,100000,0
TEMOA_V12,F7,10,11,11.692982382407536,3.853168245000006,100000,0
TEMOA_V12,F7,10,12,11.365261151083928,3.817462162999959,100000,0
TEMOA_V12,F7,10,13,11.529121766745675,3.831626713999981,100000,0
TEMOA_V12,F7,10,14,12.307344751313622,3.8307997939999723,100000,0
TEMOA_V12,F7,10,15,11.692982382407422,3.8158987690000004,100000,0
TEMOA_V12,F7,10,16,11.529121766745675,3.8532598609999695,100000,0
TEMOA_V12,F7,10,17,11.529121766745675,3.864336413999922,100000,0
TEMOA_V12,F7,10,18,11.365261151083928,3.855051927999966,100000,0
TEMOA_V12,F7,10,19,11.692982382407536,3.8543941010000253,100000,0
TEMOA_V12,F7,10,20,12.307344751313622,3.8267961389999527,100000,0
TEMOA_V12,F7,10,21,11.365261151083928,3.847178817999975,100000,0
TEMOA_V12,F7,10,22,11.529121766745675,3.811227447999954,100000,0
TEMOA_V12,F7,10,23,11.529121766745675,3.845646421999959,100000,0
TEMOA_V12,F7,10,24,11.692982382407536,3.8364699720000317,100000,0
TEMOA_V12,F7,10,25,12.471205366975369,3.842652731000044,100000,0
TEMOA_V12,F7,10,26,12.635065982637116,3.8310197509999853,100000,0
TEMOA_V12,F7,10,27,11.692982382407536,3.852162475,100000,0
TEMOA_V12,F7,10,28,12.635065982637116,3.8507047809999904,100000,0
TEMOA_V12,F7,10,29,12.471205366975482,3.8562608099999807,100000,0
TEMOA_V12,F7,10,30,12.471205366975369,3.8186734899999237,100000,0
TEMOA_V12,F7,10,31,12.635065982637116,3.8266155860000026,100000,0
TEMOA_V12,F7,10,32,11.529121766745675,3.8425641909999513,100000,0
TEMOA_V12,F7,10,33,11.365261151083928,3.819026484999995,100000,0
TEMOA_V12,F7,10,34,11.692982382407536,3.843170275000034,100000,0
TEMOA_V12,F7,10,35,12.635065982648598,3.869102841999961,100000,0
TEMOA_V12,F7,10,36,11.365261151083928,3.8636945309999646,100000,0
TEMOA_V12,F7,10,37,11.529121766745675,3.86235715600003,100000,0
TEMOA_V12,F7,10,38,11.365261151083928,3.8294884659999298,100000,0
TEMOA_V12,F7,10,39,11.692982382407536,3.857373497000026,100000,0
TEMOA_V12,F7,10,40,11.856842998069283,3.8587424979999696,100000,0
TEMOA_V12,F7,10,41,12.307344751313622,3.8462090149999995,100000,0
TEMOA_V12,F7,10,42,11.692982382407536,3.86102599000003,100000,0
TEMOA_V12,F7,10,43,11.365261151083928,3.8744034699999474,100000,0
TEMOA_V12,F7,10,44,12.962787213960723,3.874273561999985,100000,0
TEMOA_V12,F7,10,45,11.529121766745675,3.830858137000064,100000,0
TEMOA_V12,F7,10,46,11.365261151083928,3.886706753999988,100000,0
TEMOA_V12,F7,10,47,12.798926598298976,3.836304133999988,100000,0
TEMOA_V12,F7,10,48,11.365261151083928,3.859516431999964,100000,0
TEMOA_V12,F7,10,49,12.798926598298976,3.892925460000015,100000,0
TEMOA_V12,F7,10,50,11.529121766745675,3.874316259000011,100000,0
jSO,F7,10,0,11.529121766745789,2.844749528999955,100000,0
jSO,F7,10,1,12.307344751313735,2.876053092999882,100000,0
jSO,F7,10,2,11.201400535422522,2.856040471999904,100000,0
jSO,F7,10,3,11.201400535422408,2.8565535099999124,100000,0
jSO,F7,10,4,11.365261151084042,2.8519356790000074,100000,0
jSO,F7,10,5,11.529121766745789,2.848027995999928,100000,0
jSO,F7,10,6,12.471205473909436,2.857484758000055,100000,0
jSO,F7,10,7,12.020703613731143,2.8633452639999177,100000,0
jSO,F7,10,8,11.69298238240765,2.844610955999997,100000,0
jSO,F7,10,9,13.126651529573337,2.8502141870001196,100000,0
jSO,F7,10,10,11.529121766745902,2.863265634000072,100000,0
jSO,F7,10,11,11.692982382409014,2.844048841000131,100000,0
jSO,F7,10,12,12.47120536699174,2.8878046550000818,100000,0
jSO,F7,10,13,11.692982382407536,2.852468563000002,100000,0
jSO,F7,10,14,12.18456422939289,2.858749529999841,100000,0
jSO,F7,10,15,12.307344751313849,2.873214794000205,100000,0
jSO,F7,10,16,12.63506598263723,2.859291717999895,100000,0
jSO,F7,10,17,11.20140053542218,2.8310343269999976,100000,0
jSO,F7,10,18,11.365261151084155,2.8272134450000976,100000,0
jSO,F7,10,19,12.143484135651988,2.8233145899998817,100000,0
jSO,F7,10,20,12.02070361373103,2.8549100529999123,100000,0
jSO,F7,10,21,11.201400535422408,2.8299852130001,100000,0
jSO,F7,10,22,11.856842998069283,2.8300184919999083,100000,0
jSO,F7,10,23,12.307344751313735,2.8508197339999697,100000,0
jSO,F7,10,24,11.365261160726504,2.8764758959998744,100000,0
jSO,F7,10,25,11.856842998069283,2.831397276999951,100000,0
jSO,F7,10,26,11.201728129002959,2.858239567000055,100000,0
jSO,F7,10,27,12.798926598298976,2.8217010049997953,100000,0
jSO,F7,10,28,12.471205366975596,2.8423683190001157,100000,0
jSO,F7,10,29,11.365261151083928,2.8183952399999725,100000,0
jSO,F7,10,30,11.856842998069283,2.849395419000075,100000,0
jSO,F7,10,31,11.856842998199681,2.8401378010000826,100000,0
jSO,F7,10,32,11.692982382407422,2.838675490000014,100000,0
jSO,F7,10,33,11.856842998069283,2.82065370600003,100000,0
jSO,F7,10,34,11.856842998069283,2.8399531820000448,100000,0
jSO,F7,10,35,11.365261151084042,2.85366521800006,100000,0
jSO,F7,10,36,11.529121766745789,2.8417475000001104,100000,0
jSO,F7,10,37,12.471205366975482,2.8227402099998926,100000,0
jSO,F7,10,38,11.692982382407536,2.829564184999981,100000,0
jSO,F7,10,39,11.52912176674613,2.8556530440000643,100000,0
jSO,F7,10,40,11.856842998069283,2.847807691999833,100000,0
jSO,F7,10,41,11.365261151083928,2.8642400950000138,100000,0
jSO,F7,10,42,11.529121766745789,2.8683064989998,100000,0
jSO,F7,10,43,11.856842998069283,2.8346957489998204,100000,0
jSO,F7,10,44,11.037539919760434,2.878610336000065,100000,0
jSO,F7,10,45,11.692982382407536,2.834918461999905,100000,0
jSO,F7,10,46,11.365261151084042,2.8382852030001686,100000,0
jSO,F7,10,47,12.96278699859863,2.8538213849999465,100000,0
jSO,F7,10,48,12.471205366975482,2.8267240689999653,100000,0
jSO,F7,10,49,12.635066153713865,2.837739054000167,100000,0
jSO,F7,10,50,12.798926382936656,2.8404345049998483,100000,0
sepCMAES,F7,10,0,12.962787213960723,11.476477607000106,100000,0
sepCMAES,F7,10,1,14.924370742942187,11.793284916000175,100000,0
sepCMAES,F7,10,2,15.174675430381285,11.667828018999899,100000,0
sepCMAES,F7,10,3,12.798926598298976,11.774916174999817,100000,0
sepCMAES,F7,10,4,12.471205366975369,11.730609579999964,100000,0
sepCMAES,F7,10,5,12.471205366975369,11.405256808000104,100000,0
sepCMAES,F7,10,6,11.939498609481348,11.716082185999767,100000,0
sepCMAES,F7,10,7,3.9798362283731876,11.731221357999857,100000,0
sepCMAES,F7,10,8,10.944544590207101,11.642529107999962,100000,0
sepCMAES,F7,10,9,13.290508229922011,11.724653488000058,100000,0
sepCMAES,F7,10,10,7.959667418927324,11.371418757000356,100000,0
sepCMAES,F7,10,11,15.952898630311552,11.5273320780002,100000,0
sepCMAES,F7,10,12,14.846954414419997,11.596633304000079,100000,0
sepCMAES,F7,10,13,16.1167577917696,11.592069514000286,100000,0
sepCMAES,F7,10,14,15.010815030081858,11.585753420999936,100000,0
sepCMAES,F7,10,15,14.68309379875825,11.548427106999952,100000,0
sepCMAES,F7,10,16,12.962787213960723,11.713539269999728,100000,0
sepCMAES,F7,10,17,13.454368845583758,11.7214561159999,100000,0
sepCMAES,F7,10,18,12.798926598298976,11.467438614999992,100000,0
sepCMAES,F7,10,19,11.939498609481461,11.761735838999812,100000,0
sepCMAES,F7,10,20,14.846954199057791,11.795506552000006,100000,0
sepCMAES,F7,10,21,14.683092344554666,11.49481041800027,100000,0
sepCMAES,F7,10,22,6.9647083618340275,11.835895573000016,100000,0
sepCMAES,F7,10,23,7.959667418927324,11.883801597999991,100000,0
sepCMAES,F7,10,24,13.929416723667941,11.396787425999719,100000,0
sepCMAES,F7,10,25,15.338536046043032,11.802378080999915,100000,0
sepCMAES,F7,10,26,11.037539919760434,11.628739518000202,100000,0
sepCMAES,F7,10,27,13.57714958286681,11.953359381000155,100000,0
sepCMAES,F7,10,28,16.44447880773089,11.31992993699987,100000,0
sepCMAES,F7,10,29,14.519231728892805,11.827780342000096,100000,0
sepCMAES,F7,10,30,5.969749304740731,11.651504161000048,100000,0
sepCMAES,F7,10,31,12.798926598298976,11.653107007000017,100000,0
sepCMAES,F7,10,32,16.280619646272726,11.839008297999953,100000,0
sepCMAES,F7,10,33,9.949585533113918,11.407913285999712,100000,0
sepCMAES,F7,10,34,14.519233183096503,11.658417777000068,100000,0
sepCMAES,F7,10,35,12.307344751313622,11.504431248999936,100000,0
sepCMAES,F7,10,36,13.12664761426015,11.378969046999828,100000,0
sepCMAES,F7,10,37,14.068731214489844,11.495364327000061,100000,0
sepCMAES,F7,10,38,15.830117677666067,11.679218542999934,100000,0
sepCMAES,F7,10,39,15.010815030081858,11.724010350000299,100000,0
sepCMAES,F7,10,40,12.307344751313622,11.553115248999802,100000,0
sepCMAES,F7,10,41,8.954626476020621,11.596368915000312,100000,0
sepCMAES,F7,10,42,15.338536046043032,11.733406123999885,100000,0
sepCMAES,F7,10,43,11.939498609481348,11.642466163000336,100000,0
sepCMAES,F7,10,44,3.9798362283731876,11.432848763000038,100000,0
sepCMAES,F7,10,45,16.280619646272726,11.906869252999968,100000,0
sepCMAES,F7,10,46,13.126647614260264,11.713001930000246,100000,0
sepCMAES,F7,10,47,11.939498609481348,11.715259249000155,100000,0
sepCMAES,F7,10,48,13.929416723667941,11.847208966999915,100000,0
sepCMAES,F7,10,49,15.338535830680826,11.627778110000236,100000,0
sepCMAES,F7,10,50,14.232591830151591,11.889057733999834,100000,0
BIPOP_CMAES,F8,10,0,20.0,13.384868185999949,100000,0
BIPOP_CMAES,F8,10,1,8.0,12.80868047199965,100000,0
BIPOP_CMAES,F8,10,2,8.0,13.276806147000116,100000,0
BIPOP_CMAES,F8,10,3,8.0,12.581036812000093,100000,0
BIPOP_CMAES,F8,10,4,8.000000000000114,13.17144341400035,100000,0
BIPOP_CMAES,F8,10,5,12.0,13.36669119699991,100000,0
BIPOP_CMAES,F8,10,6,4.000000000000114,13.090443630999744,100000,0
BIPOP_CMAES,F8,10,7,14.0,12.46988008399967,100000,0
BIPOP_CMAES,F8,10,8,12.0,13.099166797999715,100000,0
BIPOP_CMAES,F8,10,9,10.000000000000114,12.74299952499996,100000,0
BIPOP_CMAES,F8,10,10,12.730438815913772,13.329993729999842,100000,0
BIPOP_CMAES,F8,10,11,8.0,12.934547248999934,100000,0
BIPOP_CMAES,F8,10,12,10.000000000014097,12.696091749000061,100000,0
BIPOP_CMAES,F8,10,13,10.0,12.833782112000335,100000,0
BIPOP_CMAES,F8,10,14,8.0,13.661729168999955,100000,0
BIPOP_CMAES,F8,10,15,6.000000000000114,12.986761772999671,100000,0
BIPOP_CMAES,F8,10,16,14.024207031731521,12.890823390999685,100000,0
BIPOP_CMAES,F8,10,17,10.000000047481876,13.43987003600023,100000,0
BIPOP_CMAES,F8,10,18,8.000000000000114,13.069779918999757,100000,0
BIPOP_CMAES,F8,10,19,10.921788553422402,12.961538770000061,100000,0
BIPOP_CMAES,F8,10,20,16.0,13.066600119999748,100000,0
BIPOP_CMAES,F8,10,21,8.0,13.125667819999762,100000,0
BIPOP_CMAES,F8,10,22,10.0,13.296883905999948,100000,0
BIPOP_CMAES,F8,10,23,8.0,12.724959536999904,100000,0
BIPOP_CMAES,F8,10,24,14.996111569869754,12.992858116999741,100000,0
BIPOP_CMAES,F8,10,25,8.000000382932399,12.633460903000014,100000,0
BIPOP_CMAES,F8,10,26,10.000000000000114,12.631307388000096,100000,0
BIPOP_CMAES,F8,10,27,10.0,13.114438903000064,100000,0
BIPOP_CMAES,F8,10,28,10.0,12.722033790000296,100000,0
BIPOP_CMAES,F8,10,29,6.004757248819942,12.189694032000261,100000,0
BIPOP_CMAES,F8,10,30,8.000000000000114,13.361328859999958,100000,0
BIPOP_CMAES,F8,10,31,4.000000000000227,12.865680465999958,100000,0
BIPOP_CMAES,F8,10,32,10.000000000000114,12.737651417000052,100000,0
BIPOP_CMAES,F8,10,33,10.0,13.325300374000108,100000,0
BIPOP_CMAES,F8,10,34,16.0,13.046170717999757,100000,0
BIPOP_CMAES,F8,10,35,10.000000001010449,12.977804716000264,100000,0
BIPOP_CMAES,F8,10,36,12.0,13.11476411700005,100000,0
BIPOP_CMAES,F8,10,37,10.0,13.06334871900026,100000,0
BIPOP_CMAES,F8,10,38,10.0,13.331385290000071,100000,0
BIPOP_CMAES,F8,10,39,12.0,12.6046592470002,100000,0
BIPOP_CMAES,F8,10,40,8.0,12.993025435000163,100000,0
BIPOP_CMAES,F8,10,41,8.000000332938157,12.553323888999785,100000,0
BIPOP_CMAES,F8,10,42,14.000065504694248,12.419256973999836,100000,0
BIPOP_CMAES,F8,10,43,10.0,12.662837737000245,100000,0
BIPOP_CMAES,F8,10,44,14.0,12.874674912000046,100000,0
BIPOP_CMAES,F8,10,45,8.000000000000114,13.107587356000295,100000,0
BIPOP_CMAES,F8,10,46,6.000000000000114,13.099543571999675,100000,0
BIPOP_CMAES,F8,10,47,12.0,13.595389241999783,100000,0
BIPOP_CMAES,F8,10,48,8.150755386350966,13.60079735699992,100000,0
BIPOP_CMAES,F8,10,49,12.000000000000114,12.835767442999895,100000,0
BIPOP_CMAES,F8,10,50,10.163340638637692,13.128318564999972,100000,0
CMAES,F8,10,0,16.000000000000114,17.651717692999682,100000,0
CMAES,F8,10,1,8.0,17.70905267599983,100000,0
CMAES,F8,10,2,10.0,17.963901164000163,100000,0
CMAES,F8,10,3,18.00000000000057,17.57175078599994,100000,0
CMAES,F8,10,4,18.0,17.910122629999933,100000,0
CMAES,F8,10,5,12.0,17.805971076999867,100000,0
CMAES,F8,10,6,18.0,17.723318629000005,100000,0
CMAES,F8,10,7,6.0,17.617963774000145,100000,0
CMAES,F8,10,8,12.000000000549221,17.51719442500007,100000,0
CMAES,F8,10,9,12.0,18.042399088000366,100000,0
CMAES,F8,10,10,8.0,17.73290741100027,100000,0
CMAES,F8,10,11,10.0,17.709307787999933,100000,0
CMAES,F8,10,12,8.0,17.941858370999853,100000,0
CMAES,F8,10,13,20.0,17.930737839999892,100000,0
CMAES,F8,10,14,20.0,17.65429065499984,100000,0
CMAES,F8,10,15,14.0,18.03658470099981,100000,0
CMAES,F8,10,16,12.000000000000114,17.806471607000276,100000,0
CMAES,F8,10,17,12.0,17.547481102999882,100000,0
CMAES,F8,10,18,8.0,17.839254981999602,100000,0
CMAES,F8,10,19,10.0,17.7294399729999,100000,0
CMAES,F8,10,20,16.0,17.363098546999936,100000,0
CMAES,F8,10,21,18.000000000000114,17.293590370999937,100000,0
CMAES,F8,10,22,18.0,17.66380372200001,100000,0
CMAES,F8,10,23,8.0,17.365116869999838,100000,0
CMAES,F8,10,24,10.0,17.376541265000014,100000,0
CMAES,F8,10,25,12.0,17.596519968999928,100000,0
CMAES,F8,10,26,4.0,17.675642961999984,100000,0
CMAES,F8,10,27,18.0,17.541340355000102,100000,0
CMAES,F8,10,28,6.000000000000114,17.718030993999946,100000,0
CMAES,F8,10,29,6.000000000000114,17.5909482750003,100000,0
CMAES,F8,10,30,12.000000000000114,17.89189754400013,100000,0
CMAES,F8,10,31,14.0,17.69055770900013,100000,0
CMAES,F8,10,32,12.0,17.74873329300044,100000,0
CMAES,F8,10,33,2.0,17.73624221299997,100000,0
CMAES,F8,10,34,12.0,17.575862823000534,100000,0
CMAES,F8,10,35,10.0,17.6440555879999,100000,0
CMAES,F8,10,36,16.0,17.794019799000125,100000,0
CMAES,F8,10,37,18.0,17.792250397000316,100000,0
CMAES,F8,10,38,14.0,17.74934026200026,100000,0
CMAES,F8,10,39,18.0000000031863,17.64658378599961,100000,0
CMAES,F8,10,40,12.000000000000227,17.471434043000045,100000,0
CMAES,F8,10,41,4.0,17.646774533999633,100000,0
CMAES,F8,10,42,12.0,17.84245471400027,100000,0
CMAES,F8,10,43,16.0,17.735420477000844,100000,0
CMAES,F8,10,44,18.0,17.692229205999865,100000,0
CMAES,F8,10,45,18.0,17.597548473000643,100000,0
CMAES,F8,10,46,12.0,17.745087467000303,100000,0
CMAES,F8,10,47,6.0,17.87742683899978,100000,0
CMAES,F8,10,48,16.0,18.05702771400047,100000,0
CMAES,F8,10,49,6.0,17.895340759000646,100000,0
CMAES,F8,10,50,20.0,18.023550020000584,100000,0
IPOP_CMAES,F8,10,0,6.0,11.718434417000026,100000,0
IPOP_CMAES,F8,10,1,8.000000000000114,12.384740390999923,100000,0
IPOP_CMAES,F8,10,2,16.0,12.413579249000122,100000,0
IPOP_CMAES,F8,10,3,8.000000000000114,12.056781321000017,100000,0
IPOP_CMAES,F8,10,4,8.0,11.823468234999837,100000,0
IPOP_CMAES,F8,10,5,8.0,12.481834820999666,100000,0
IPOP_CMAES,F8,10,6,14.0,12.439624333999745,100000,0
IPOP_CMAES,F8,10,7,10.0,11.84306473300012,100000,0
IPOP_CMAES,F8,10,8,10.0,12.217302933000155,100000,0
IPOP_CMAES,F8,10,9,8.000000000000114,11.845937615999901,100000,0
IPOP_CMAES,F8,10,10,10.0,11.902333582999745,100000,0
IPOP_CMAES,F8,10,11,12.0,12.046088105999843,100000,0
IPOP_CMAES,F8,10,12,8.0,12.594423258999996,100000,0
IPOP_CMAES,F8,10,13,12.0,12.59792695499982,100000,0
IPOP_CMAES,F8,10,14,12.074743797627093,12.123365075000038,100000,0
IPOP_CMAES,F8,10,15,10.0,11.648378521999803,100000,0
IPOP_CMAES,F8,10,16,12.0,12.076653004000036,100000,0
IPOP_CMAES,F8,10,17,14.0,12.053348971000105,100000,0
IPOP_CMAES,F8,10,18,10.0,12.292164087999936,100000,0
IPOP_CMAES,F8,10,19,10.000000000000114,12.270910983000249,100000,0
IPOP_CMAES,F8,10,20,6.0,12.471604198000023,100000,0
IPOP_CMAES,F8,10,21,12.0,12.179283796999698,100000,0
IPOP_CMAES,F8,10,22,16.0,12.400541960000282,100000,0
IPOP_CMAES,F8,10,23,14.050327046914617,11.980627198000093,100000,0
IPOP_CMAES,F8,10,24,12.0,12.135952216000078,100000,0
IPOP_CMAES,F8,10,25,8.0,11.971261205999781,100000,0
IPOP_CMAES,F8,10,26,8.0,11.909602096000071,100000,0
IPOP_CMAES,F8,10,27,10.0,12.465271010999913,100000,0
IPOP_CMAES,F8,10,28,18.0,12.426697243000035,100000,0
IPOP_CMAES,F8,10,29,10.0,12.615805851000005,100000,0
IPOP_CMAES,F8,10,30,12.0,12.062264297000183,100000,0
IPOP_CMAES,F8,10,31,8.0,12.348737518000235,100000,0
IPOP_CMAES,F8,10,32,16.64053576997469,11.953377518999787,100000,0
IPOP_CMAES,F8,10,33,12.000000000000114,13.116619293999975,100000,0
IPOP_CMAES,F8,10,34,12.000446889004024,12.52371147599979,100000,0
IPOP_CMAES,F8,10,35,10.0,12.675214993999816,100000,0
IPOP_CMAES,F8,10,36,12.0,12.008841393999774,100000,0
IPOP_CMAES,F8,10,37,10.953756209164226,12.13504197300017,100000,0
IPOP_CMAES,F8,10,38,6.000000000000114,12.961800672999743,100000,0
IPOP_CMAES,F8,10,39,12.0,11.935221271000046,100000,0
IPOP_CMAES,F8,10,40,14.0,11.87544170199999,100000,0
IPOP_CMAES,F8,10,41,9.351846518763523,11.976731825000115,100000,0
IPOP_CMAES,F8,10,42,10.0,12.397688522999943,100000,0
IPOP_CMAES,F8,10,43,6.0,12.328465735000009,100000,0
IPOP_CMAES,F8,10,44,8.0,12.393673331000173,100000,0
IPOP_CMAES,F8,10,45,10.01197304629477,12.740651362000335,100000,0
IPOP_CMAES,F8,10,46,4.000000000000114,11.963094834999993,100000,0
IPOP_CMAES,F8,10,47,8.0090133588767,12.103295015000185,100000,0
IPOP_CMAES,F8,10,48,12.96990858690208,11.619615763000184,100000,0
IPOP_CMAES,F8,10,49,12.0,12.186138526999912,100000,0
IPOP_CMAES,F8,10,50,6.0,12.636682026000017,100000,0
L-SHADE-DGR,F8,10,0,4.000000000000227,7.793951510999996,100000,0
L-SHADE-DGR,F8,10,1,6.0,7.829071777999999,100000,0
L-SHADE-DGR,F8,10,2,8.0,7.7831712570000064,100000,0
L-SHADE-DGR,F8,10,3,4.000000000000114,7.761319968999999,100000,0
L-SHADE-DGR,F8,10,4,10.0,7.722212099999993,100000,0
L-SHADE-DGR,F8,10,5,6.0,7.699157248999995,100000,0
L-SHADE-DGR,F8,10,6,8.0,7.673005813999993,100000,0
L-SHADE-DGR,F8,10,7,4.0,7.723369352999995,100000,0
L-SHADE-DGR,F8,10,8,2.0,7.772547078000002,100000,0
L-SHADE-DGR,F8,10,9,8.0,7.714065518000012,100000,0
L-SHADE-DGR,F8,10,10,6.0,7.727928824999992,100000,0
L-SHADE-DGR,F8,10,11,6.0,7.725469030999989,100000,0
L-SHADE-DGR,F8,10,12,4.0,7.6787391329999934,100000,0
L-SHADE-DGR,F8,10,13,2.0,7.713224530000019,100000,0
L-SHADE-DGR,F8,10,14,8.0,7.6688064140000165,100000,0
L-SHADE-DGR,F8,10,15,8.0,7.726622450999997,100000,0
L-SHADE-DGR,F8,10,16,6.0,7.747251634000008,100000,0
L-SHADE-DGR,F8,10,17,4.000000011814791,7.660644430000019,100000,0
L-SHADE-DGR,F8,10,18,8.0,7.676008432999993,100000,0
L-SHADE-DGR,F8,10,19,8.0,7.6619545120000225,100000,0
L-SHADE-DGR,F8,10,20,8.0,7.665963972000014,100000,0
L-SHADE-DGR,F8,10,21,8.0,7.6964788399999975,100000,0
L-SHADE-DGR,F8,10,22,6.0,7.640674168999993,100000,0
L-SHADE-DGR,F8,10,23,8.0,7.656801664,100000,0
L-SHADE-DGR,F8,10,24,6.0,7.624802757999987,100000,0
L-SHADE-DGR,F8,10,25,8.000000000000114,7.5898911569999825,100000,0
L-SHADE-DGR,F8,10,26,8.0,7.651215320999995,100000,0
L-SHADE-DGR,F8,10,27,4.0,7.572105141000009,100000,0
L-SHADE-DGR,F8,10,28,4.000000000000341,7.54331674499997,100000,0
L-SHADE-DGR,F8,10,29,6.0,7.600516972000037,100000,0
L-SHADE-DGR,F8,10,30,6.0,7.604644973000006,100000,0
L-SHADE-DGR,F8,10,31,6.0,7.6034986739999795,100000,0
L-SHADE-DGR,F8,10,32,6.0,7.584406795999996,100000,0
L-SHADE-DGR,F8,10,33,6.0,7.769286825999984,100000,0
L-SHADE-DGR,F8,10,34,8.0,7.693583817999979,100000,0
L-SHADE-DGR,F8,10,35,8.0,7.6056529629999545,100000,0
L-SHADE-DGR,F8,10,36,10.0,7.6416512430000125,100000,0
L-SHADE-DGR,F8,10,37,2.0,7.610725493000018,100000,0
L-SHADE-DGR,F8,10,38,6.0,7.5464952340000195,100000,0
L-SHADE-DGR,F8,10,39,6.0,7.557522935000009,100000,0
L-SHADE-DGR,F8,10,40,8.0,7.631416258999991,100000,0
L-SHADE-DGR,F8,10,41,10.0,7.583492336000006,100000,0
L-SHADE-DGR,F8,10,42,8.0,7.656280387000038,100000,0
L-SHADE-DGR,F8,10,43,8.0,7.616237377999994,100000,0
L-SHADE-DGR,F8,10,44,6.0,7.630385848000003,100000,0
L-SHADE-DGR,F8,10,45,6.0,7.647348602000022,100000,0
L-SHADE-DGR,F8,10,46,8.0,7.636125672999981,100000,0
L-SHADE-DGR,F8,10,47,8.0,7.625057818000016,100000,0
L-SHADE-DGR,F8,10,48,8.0,7.573433924000028,100000,0
L-SHADE-DGR,F8,10,49,4.0,7.587964585999998,100000,0
L-SHADE-DGR,F8,10,50,10.0,7.668348667999965,100000,0
LSHADE,F8,10,0,8.000132418803219,6.393420526,100000,0
LSHADE,F8,10,1,6.077790423228976,6.441424101999928,100000,0
LSHADE,F8,10,2,6.003051593628356,6.434498980999933,100000,0
LSHADE,F8,10,3,6.002047131806876,6.396179920999884,100000,0
LSHADE,F8,10,4,6.0001414149051016,6.403022374000102,100000,0
LSHADE,F8,10,5,8.000086757664462,6.436969711999836,100000,0
LSHADE,F8,10,6,6.000462450957912,6.352323500000011,100000,0
LSHADE,F8,10,7,10.000846841881753,6.390385581999908,100000,0
LSHADE,F8,10,8,8.00004991801461,6.3826853099999425,100000,0
LSHADE,F8,10,9,6.002753430767484,6.391326372000094,100000,0
LSHADE,F8,10,10,10.000048305872838,6.398795994000011,100000,0
LSHADE,F8,10,11,8.020468486240134,6.380231780000031,100000,0
LSHADE,F8,10,12,4.0012562444600235,6.388999020000028,100000,0
LSHADE,F8,10,13,8.000131040573706,6.386171624000099,100000,0
LSHADE,F8,10,14,10.000112480583084,6.410163877000059,100000,0
LSHADE,F8,10,15,8.004409340266534,6.387124106999863,100000,0
LSHADE,F8,10,16,8.00003168304363,6.365298507999796,100000,0
LSHADE,F8,10,17,6.004706181204028,6.363066277000144,100000,0
LSHADE,F8,10,18,6.007055306560687,6.405760680999947,100000,0
LSHADE,F8,10,19,8.160033667384255,6.362667264000038,100000,0
LSHADE,F8,10,20,10.000042493022193,6.371217960999957,100000,0
LSHADE,F8,10,21,8.000811475428918,6.3657797680000385,100000,0
LSHADE,F8,10,22,4.000470998007131,6.388574840000047,100000,0
LSHADE,F8,10,23,10.000014272752878,6.379559445000041,100000,0
LSHADE,F8,10,24,8.000125929122532,6.38565887499999,100000,0
LSHADE,F8,10,25,6.0006762990777816,6.3975961950000055,100000,0
LSHADE,F8,10,26,6.002245831527603,6.420006486000148,100000,0
LSHADE,F8,10,27,8.001601041902404,6.415709614999969,100000,0
LSHADE,F8,10,28,8.003548154890723,6.38731752700005,100000,0
LSHADE,F8,10,29,10.000047379612624,6.370767439000019,100000,0
LSHADE,F8,10,30,8.000407414200936,6.368579761999854,100000,0
LSHADE,F8,10,31,8.000357504486828,6.371237928000028,100000,0
LSHADE,F8,10,32,10.00005423745904,6.345759726999859,100000,0
LSHADE,F8,10,33,8.000049816144156,6.4005820760000915,100000,0
LSHADE,F8,10,34,8.003030607205687,6.359320442999888,100000,0
LSHADE,F8,10,35,8.000572036127323,6.384623488999978,100000,0
LSHADE,F8,10,36,6.00032176364391,6.399266986000157,100000,0
LSHADE,F8,10,37,10.000186529814073,6.39767059299993,100000,0
LSHADE,F8,10,38,8.048276064227139,6.487638481999966,100000,0
LSHADE,F8,10,39,6.00050864299817,6.414335243000096,100000,0
LSHADE,F8,10,40,6.00211970890291,6.405231165000032,100000,0
LSHADE,F8,10,41,6.000123926124388,6.4202778159999525,100000,0
LSHADE,F8,10,42,8.000404827188618,6.360626950999858,100000,0
LSHADE,F8,10,43,8.00048981728446,6.4680395769998995,100000,0
LSHADE,F8,10,44,6.012290168730033,6.463184102000014,100000,0
LSHADE,F8,10,45,6.000573316028408,6.4022959999999784,100000,0
LSHADE,F8,10,46,6.00572100373256,6.344246473999874,100000,0
LSHADE,F8,10,47,8.000218331960241,6.357965138999816,100000,0
LSHADE,F8,10,48,8.000401618270757,6.414219775999982,100000,0
LSHADE,F8,10,49,10.000687100564619,6.393620063000071,100000,0
LSHADE,F8,10,50,10.000323743990862,6.398357200999953,100000,0
TEMOA_V10,F8,10,0,10.0,8.410972461000028,100000,0
TEMOA_V10,F8,10,1,24.0,8.399080770000012,100000,0
TEMOA_V10,F8,10,2,30.0,8.425972823999984,100000,0
TEMOA_V10,F8,10,3,18.0,8.404836177999982,100000,0
TEMOA_V10,F8,10,4,26.0,8.377769487000023,100000,0
TEMOA_V10,F8,10,5,28.0,8.39940766899997,100000,0
TEMOA_V10,F8,10,6,10.0,8.401585047999959,100000,0
TEMOA_V10,F8,10,7,12.0,8.403124135000041,100000,0
TEMOA_V10,F8,10,8,16.0,8.470113530000049,100000,0
TEMOA_V10,F8,10,9,30.0,8.341604965999977,100000,0
TEMOA_V10,F8,10,10,8.0,8.372817675999954,100000,0
TEMOA_V10,F8,10,11,12.0,8.357843227999979,100000,0
TEMOA_V10,F8,10,12,18.0,8.399358434999954,100000,0
TEMOA_V10,F8,10,13,18.0,8.403671433,100000,0
TEMOA_V10,F8,10,14,20.0,8.395621860000006,100000,0
TEMOA_V10,F8,10,15,20.0,8.382398891000093,100000,0
TEMOA_V10,F8,10,16,32.0,8.375568198999986,100000,0
TEMOA_V10,F8,10,17,16.0,8.390132210000047,100000,0
TEMOA_V10,F8,10,18,24.0,8.357235789000015,100000,0
TEMOA_V10,F8,10,19,14.0,8.402898377999918,100000,0
TEMOA_V10,F8,10,20,30.0,8.374345299999959,100000,0
TEMOA_V10,F8,10,21,18.0,8.455709225000078,100000,0
TEMOA_V10,F8,10,22,14.0,8.360189552999941,100000,0
TEMOA_V10,F8,10,23,12.0,8.436351870999943,100000,0
TEMOA_V10,F8,10,24,22.0,8.344998114999953,100000,0
TEMOA_V10,F8,10,25,20.0,8.357383232000075,100000,0
TEMOA_V10,F8,10,26,22.0,8.367169410999963,100000,0
TEMOA_V10,F8,10,27,22.0,8.357654351000065,100000,0
TEMOA_V10,F8,10,28,18.0,8.398382121000054,100000,0
TEMOA_V10,F8,10,29,16.0,8.38594152099995,100000,0
TEMOA_V10,F8,10,30,36.0,8.44004506400006,100000,0
TEMOA_V10,F8,10,31,18.0,8.365903957,100000,0
TEMOA_V10,F8,10,32,28.0,8.3797589589999,100000,0
TEMOA_V10,F8,10,33,26.0,8.42913618800003,100000,0
TEMOA_V10,F8,10,34,22.0,8.376936121000085,100000,0
TEMOA_V10,F8,10,35,10.0,8.406921783999906,100000,0
TEMOA_V10,F8,10,36,6.0,8.386335032000034,100000,0
TEMOA_V10,F8,10,37,12.0,8.383919518000084,100000,0
TEMOA_V10,F8,10,38,14.0,8.472616998000035,100000,0
TEMOA_V10,F8,10,39,22.0,8.39171758100008,100000,0
TEMOA_V10,F8,10,40,28.0,8.318568647000006,100000,0
TEMOA_V10,F8,10,41,14.0,8.466969504999952,100000,0
TEMOA_V10,F8,10,42,26.0,8.396607236000023,100000,0
TEMOA_V10,F8,10,43,10.0,8.433456449000005,100000,0
TEMOA_V10,F8,10,44,10.0,8.350922174999937,100000,0
TEMOA_V10,F8,10,45,18.0,8.395409793999988,100000,0
TEMOA_V10,F8,10,46,42.0,8.356216218999975,100000,0
TEMOA_V10,F8,10,47,16.0,8.434211114999925,100000,0
TEMOA_V10,F8,10,48,26.0,8.365640748000033,100000,0
TEMOA_V10,F8,10,49,18.0,8.46642439499999,100000,0
TEMOA_V10,F8,10,50,16.0,8.414855547000002,100000,0
TEMOA_V11,F8,10,0,6.0,7.599723161000043,100000,0
TEMOA_V11,F8,10,1,6.0,7.643928475999928,100000,0
TEMOA_V11,F8,10,2,8.0,7.638491793999947,100000,0
TEMOA_V11,F8,10,3,8.0,7.640262183999994,100000,0
TEMOA_V11,F8,10,4,6.0,7.598790226999995,100000,0
TEMOA_V11,F8,10,5,8.0,7.595690968999975,100000,0
TEMOA_V11,F8,10,6,8.000000000000114,7.68273023200004,100000,0
TEMOA_V11,F8,10,7,6.0,7.593147400000021,100000,0
TEMOA_V11,F8,10,8,4.0,7.584092942999973,100000,0
TEMOA_V11,F8,10,9,6.0,7.615719346999981,100000,0
TEMOA_V11,F8,10,10,6.0,7.624935198999992,100000,0
TEMOA_V11,F8,10,11,6.000000000000114,7.62012259200003,100000,0
TEMOA_V11,F8,10,12,4.0,7.6231178250000085,100000,0
TEMOA_V11,F8,10,13,8.0,7.614435441000069,100000,0
TEMOA_V11,F8,10,14,8.0,7.6269546659999605,100000,0
TEMOA_V11,F8,10,15,6.000000000000568,7.66390090699997,100000,0
TEMOA_V11,F8,10,16,4.0,7.712008259999948,100000,0
TEMOA_V11,F8,10,17,6.0,7.702860697999995,100000,0
TEMOA_V11,F8,10,18,8.0,7.7020834709999235,100000,0
TEMOA_V11,F8,10,19,6.000000000000114,7.698554082000101,100000,0
TEMOA_V11,F8,10,20,6.0,7.707510778999904,100000,0
TEMOA_V11,F8,10,21,8.0,7.649761785999999,100000,0
TEMOA_V11,F8,10,22,8.0,7.672230716000058,100000,0
TEMOA_V11,F8,10,23,8.0,7.636455533999879,100000,0
TEMOA_V11,F8,10,24,8.0,7.637654571999974,100000,0
TEMOA_V11,F8,10,25,8.0,7.627462217999891,100000,0
TEMOA_V11,F8,10,26,10.0,7.63452140000004,100000,0
TEMOA_V11,F8,10,27,6.0,7.691160510000145,100000,0
TEMOA_V11,F8,10,28,4.0,7.659741832000009,100000,0
TEMOA_V11,F8,10,29,6.0,7.649905869999884,100000,0
TEMOA_V11,F8,10,30,6.0,7.633097143999976,100000,0
TEMOA_V11,F8,10,31,4.0,7.600824733999843,100000,0
TEMOA_V11,F8,10,32,6.0,7.700043080000114,100000,0
TEMOA_V11,F8,10,33,6.000000000000114,7.632456617000116,100000,0
TEMOA_V11,F8,10,34,8.0,7.601934646000018,100000,0
TEMOA_V11,F8,10,35,6.0,7.5688450210000155,100000,0
TEMOA_V11,F8,10,36,4.0,7.631243996999956,100000,0
TEMOA_V11,F8,10,37,6.0,7.616073352000058,100000,0
TEMOA_V11,F8,10,38,8.0,7.582022497000025,100000,0
TEMOA_V11,F8,10,39,8.0,7.573365572999819,100000,0
TEMOA_V11,F8,10,40,4.0,7.641817458999867,100000,0
TEMOA_V11,F8,10,41,8.0,7.6183871069999896,100000,0
TEMOA_V11,F8,10,42,8.0,7.655350881999993,100000,0
TEMOA_V11,F8,10,43,4.0,7.627396860999852,100000,0
TEMOA_V11,F8,10,44,8.0,7.625858840000092,100000,0
TEMOA_V11,F8,10,45,6.0,7.603490942000008,100000,0
TEMOA_V11,F8,10,46,6.0,7.578833773000042,100000,0
TEMOA_V11,F8,10,47,8.0,7.56163514900004,100000,0
TEMOA_V11,F8,10,48,4.0,7.615683278999995,100000,0
TEMOA_V11,F8,10,49,6.0,7.545157859000028,100000,0
TEMOA_V11,F8,10,50,6.0,7.576431158000105,100000,0
TEMOA_V12,F8,10,0,6.000000000000455,7.470947370000204,100000,0
TEMOA_V12,F8,10,1,6.0,7.460935223999968,100000,0
TEMOA_V12,F8,10,2,6.0,7.453815796000072,100000,0
TEMOA_V12,F8,10,3,6.000000000000114,7.482299297000054,100000,0
TEMOA_V12,F8,10,4,6.0,7.4706472479999775,100000,0
TEMOA_V12,F8,10,5,8.0,7.489531128999943,100000,0
TEMOA_V12,F8,10,6,6.0,7.55318705500008,100000,0
TEMOA_V12,F8,10,7,4.0,7.607263961999934,100000,0
TEMOA_V12,F8,10,8,10.000007580977808,7.600741905999939,100000,0
TEMOA_V12,F8,10,9,6.0,7.641171555000028,100000,0
TEMOA_V12,F8,10,10,6.0,7.644759709000027,100000,0
TEMOA_V12,F8,10,11,8.0,7.612292203999914,100000,0
TEMOA_V12,F8,10,12,12.000020148680505,7.5773385709999275,100000,0
TEMOA_V12,F8,10,13,2.0,7.657284207999965,100000,0
TEMOA_V12,F8,10,14,6.0,7.528692834999902,100000,0
TEMOA_V12,F8,10,15,8.001040049384528,7.53637479300005,100000,0
TEMOA_V12,F8,10,16,8.0,7.586516154000037,100000,0
TEMOA_V12,F8,10,17,2.0,7.6256911120001405,100000,0
TEMOA_V12,F8,10,18,6.000000000023192,7.674919983000109,100000,0
TEMOA_V12,F8,10,19,8.000013042637306,7.586056073999998,100000,0
TEMOA_V12,F8,10,20,8.000864354055807,7.6161278900001435,100000,0
TEMOA_V12,F8,10,21,6.0,7.6339342500000384,100000,0
TEMOA_V12,F8,10,22,6.0,7.636303221000162,100000,0
TEMOA_V12,F8,10,23,6.0,7.595280731999992,100000,0
TEMOA_V12,F8,10,24,10.0,7.634958560000086,100000,0
TEMOA_V12,F8,10,25,8.0,7.621455035000054,100000,0
TEMOA_V12,F8,10,26,6.0,7.635192674999871,100000,0
TEMOA_V12,F8,10,27,6.0,7.689892991999841,100000,0
TEMOA_V12,F8,10,28,10.0,7.655138126000111,100000,0
TEMOA_V12,F8,10,29,8.0,7.686455858999807,100000,0
TEMOA_V12,F8,10,30,8.00000000237685,7.64186177900001,100000,0
TEMOA_V12,F8,10,31,2.0,7.676746948999835,100000,0
TEMOA_V12,F8,10,32,6.0,7.6098451130001195,100000,0
TEMOA_V12,F8,10,33,6.000000000000114,7.571909470000037,100000,0
TEMOA_V12,F8,10,34,6.0,7.5892533619999085,100000,0
TEMOA_V12,F8,10,35,6.0,7.618904837999935,100000,0
TEMOA_V12,F8,10,36,4.000000291778974,7.593754969999964,100000,0
TEMOA_V12,F8,10,37,8.000000000691443,7.523435918000132,100000,0
TEMOA_V12,F8,10,38,4.000000000289219,7.543840483000167,100000,0
TEMOA_V12,F8,10,39,6.0,7.53558648499984,100000,0
TEMOA_V12,F8,10,40,8.0,7.463561362000064,100000,0
TEMOA_V12,F8,10,41,6.000000000000227,7.502454274999991,100000,0
TEMOA_V12,F8,10,42,4.0,7.508833458000026,100000,0
TEMOA_V12,F8,10,43,6.0,7.493382085999883,100000,0
TEMOA_V12,F8,10,44,6.000042567797323,7.507628636000163,100000,0
TEMOA_V12,F8,10,45,6.000000000000114,7.467739255000197,100000,0
TEMOA_V12,F8,10,46,6.0,7.475973066000051,100000,0
TEMOA_V12,F8,10,47,8.0,7.450933591999956,100000,0
TEMOA_V12,F8,10,48,6.0,7.544701371000201,100000,0
TEMOA_V12,F8,10,49,6.0,7.51701633599987,100000,0
TEMOA_V12,F8,10,50,6.000000000000114,7.543130176999966,100000,0
jSO,F8,10,0,10.0,6.3430790970001,100000,0
jSO,F8,10,1,6.000000000000455,6.395898356999851,100000,0
jSO,F8,10,2,8.0,6.377217178000137,100000,0
jSO,F8,10,3,8.000010436962384,6.388683050000054,100000,0
jSO,F8,10,4,10.000001450941568,6.367955518000144,100000,0
jSO,F8,10,5,2.0,6.310884342999998,100000,0
jSO,F8,10,6,6.0,6.3452375209999445,100000,0
jSO,F8,10,7,6.000000000305022,6.364426619999904,100000,0
jSO,F8,10,8,4.000000000000114,6.381612786000005,100000,0
jSO,F8,10,9,6.000000000000682,6.358088837999958,100000,0
jSO,F8,10,10,4.000000000000114,6.377882796999984,100000,0
jSO,F8,10,11,10.000000000000227,6.356046615000196,100000,0
jSO,F8,10,12,6.0,6.339592388000256,100000,0
jSO,F8,10,13,2.0,6.360504152999965,100000,0
jSO,F8,10,14,8.0,6.3459741310002755,100000,0
jSO,F8,10,15,6.0000076435351275,6.364391389000048,100000,0
jSO,F8,10,16,10.0,6.353088614999706,100000,0
jSO,F8,10,17,12.0,6.34810873699962,100000,0
jSO,F8,10,18,8.000000000000114,6.342606116000297,100000,0
jSO,F8,10,19,8.0,6.337152953999976,100000,0
jSO,F8,10,20,10.00000000000091,6.355463869999767,100000,0
jSO,F8,10,21,6.0,6.349559535000026,100000,0
jSO,F8,10,22,6.000000000000227,6.38093306699966,100000,0
jSO,F8,10,23,8.0,6.363795201999892,100000,0
jSO,F8,10,24,4.000000000000114,6.390260048000073,100000,0
jSO,F8,10,25,8.0,6.365519731999939,100000,0
jSO,F8,10,26,8.0,6.414020583000365,100000,0
jSO,F8,10,27,6.000000205675292,6.380882523999844,100000,0
jSO,F8,10,28,8.0,6.328933826000139,100000,0
jSO,F8,10,29,6.000000000000114,6.373046877999968,100000,0
jSO,F8,10,30,4.0,6.340218997999727,100000,0
jSO,F8,10,31,8.0,6.320552359999965,100000,0
jSO,F8,10,32,8.0,6.368997676000163,100000,0
jSO,F8,10,33,4.0,6.323530267000024,100000,0
jSO,F8,10,34,6.0,6.321233796999877,100000,0
jSO,F8,10,35,6.0,6.379974143999789,100000,0
jSO,F8,10,36,4.000000000000114,6.442263392000314,100000,0
jSO,F8,10,37,10.0,6.380221634000009,100000,0
jSO,F8,10,38,8.0,6.44057031400007,100000,0
jSO,F8,10,39,8.0,6.460425637999833,100000,0
jSO,F8,10,40,6.0,6.403657482000199,100000,0
jSO,F8,10,41,8.0,6.4748964649998015,100000,0
jSO,F8,10,42,8.0,6.471316966999893,100000,0
jSO,F8,10,43,8.0,6.458960310999828,100000,0
jSO,F8,10,44,8.0,6.405675685000006,100000,0
jSO,F8,10,45,6.000000000000114,6.503691442999752,100000,0
jSO,F8,10,46,8.0,6.421064582999861,100000,0
jSO,F8,10,47,8.0,6.3616396749998785,100000,0
jSO,F8,10,48,8.0,6.375132133000079,100000,0
jSO,F8,10,49,6.0,6.3824307169998065,100000,0
jSO,F8,10,50,10.0,6.38388534600017,100000,0
sepCMAES,F8,10,0,10.0,16.160189672999877,100000,0
sepCMAES,F8,10,1,20.0,16.494913235999775,100000,0
sepCMAES,F8,10,2,8.0,16.398404491999827,100000,0
sepCMAES,F8,10,3,14.0,16.780085799000517,100000,0
sepCMAES,F8,10,4,18.0,16.452716016000522,100000,0
sepCMAES,F8,10,5,18.0,16.57425012800013,100000,0
sepCMAES,F8,10,6,12.0,16.257435731999976,100000,0
sepCMAES,F8,10,7,20.0,16.573347198000192,100000,0
sepCMAES,F8,10,8,14.0,16.13664514700031,100000,0
sepCMAES,F8,10,9,12.0,16.212631477000286,100000,0
sepCMAES,F8,10,10,12.0,16.082853887000056,100000,0
sepCMAES,F8,10,11,18.0,15.95773569999983,100000,0
sepCMAES,F8,10,12,10.0,16.416620290000537,100000,0
sepCMAES,F8,10,13,20.0,16.343320121000033,100000,0
sepCMAES,F8,10,14,10.0,16.291756644999623,100000,0
sepCMAES,F8,10,15,14.0,16.344451805000062,100000,0
sepCMAES,F8,10,16,18.000000000000114,16.275917974999174,100000,0
sepCMAES,F8,10,17,12.0,16.289894583000205,100000,0
sepCMAES,F8,10,18,16.0,16.537979050000104,100000,0
sepCMAES,F8,10,19,16.0,16.215704801000356,100000,0
sepCMAES,F8,10,20,12.0,16.556458236999788,100000,0
sepCMAES,F8,10,21,16.0,16.40056236700002,100000,0
sepCMAES,F8,10,22,10.000000456632392,16.024924723999902,100000,0
sepCMAES,F8,10,23,16.0,16.565776069000094,100000,0
sepCMAES,F8,10,24,14.0,16.357938547999765,100000,0
sepCMAES,F8,10,25,18.00000000000034,16.4938518200006,100000,0
sepCMAES,F8,10,26,12.0,16.45711381000001,100000,0
sepCMAES,F8,10,27,16.0,16.24937790000058,100000,0
sepCMAES,F8,10,28,12.0,16.324654478999946,100000,0
sepCMAES,F8,10,29,16.0,16.418809716000396,100000,0
sepCMAES,F8,10,30,12.0,16.398572113999762,100000,0
sepCMAES,F8,10,31,14.0,16.122055540000474,100000,0
sepCMAES,F8,10,32,10.0,16.62321795400021,100000,0
sepCMAES,F8,10,33,10.0,16.46468908299994,100000,0
sepCMAES,F8,10,34,16.0,16.52610620700034,100000,0
sepCMAES,F8,10,35,18.0,16.33914623400051,100000,0
sepCMAES,F8,10,36,22.0,15.899513944000319,100000,0
sepCMAES,F8,10,37,18.0,16.35615341599987,100000,0
sepCMAES,F8,10,38,14.0,16.054780794999715,100000,0
sepCMAES,F8,10,39,16.0,16.202707916999316,100000,0
sepCMAES,F8,10,40,10.0,16.396277281999573,100000,0
sepCMAES,F8,10,41,20.0,16.18237507699996,100000,0
sepCMAES,F8,10,42,10.0,16.22333658699972,100000,0
sepCMAES,F8,10,43,12.0,16.01164435099963,100000,0
sepCMAES,F8,10,44,16.57907946606565,16.230025945000307,100000,0
sepCMAES,F8,10,45,12.0,16.437168106999707,100000,0
sepCMAES,F8,10,46,14.0,15.982923563999975,100000,0
sepCMAES,F8,10,47,8.000000000000114,16.344568841999717,100000,0
sepCMAES,F8,10,48,10.0,15.738248976999785,100000,0
sepCMAES,F8,10,49,16.0,16.16926980700009,100000,0
sepCMAES,F8,10,50,20.0,16.389518222000333,100000,0
BIPOP_CMAES,F9,10,0,0.0,8.095798058000014,100000,0
BIPOP_CMAES,F9,10,1,0.0,7.197645235999971,100000,0
BIPOP_CMAES,F9,10,2,0.0,8.124341537999953,100000,0
BIPOP_CMAES,F9,10,3,0.0,8.183243883000046,100000,0
BIPOP_CMAES,F9,10,4,0.0,7.120946172000004,100000,0
BIPOP_CMAES,F9,10,5,0.0,7.812932541999999,100000,0
BIPOP_CMAES,F9,10,6,0.0,7.305686242999968,100000,0
BIPOP_CMAES,F9,10,7,0.0,7.514121700000032,100000,0
BIPOP_CMAES,F9,10,8,0.0,7.4923766140000225,100000,0
BIPOP_CMAES,F9,10,9,0.0,7.310557715999948,100000,0
BIPOP_CMAES,F9,10,10,0.0,7.506664970999964,100000,0
BIPOP_CMAES,F9,10,11,0.0,7.380966531000013,100000,0
BIPOP_CMAES,F9,10,12,0.0,6.882719529000042,100000,0
BIPOP_CMAES,F9,10,13,0.0,7.253696145999925,100000,0
BIPOP_CMAES,F9,10,14,0.0,7.447643592000077,100000,0
BIPOP_CMAES,F9,10,15,0.0,7.502348880999989,100000,0
BIPOP_CMAES,F9,10,16,0.0,7.823396859000013,100000,0
BIPOP_CMAES,F9,10,17,0.0,7.09059239200019,100000,0
BIPOP_CMAES,F9,10,18,0.0,7.496350408999888,100000,0
BIPOP_CMAES,F9,10,19,0.0,7.2715305570000055,100000,0
BIPOP_CMAES,F9,10,20,0.0,7.471450557000026,100000,0
BIPOP_CMAES,F9,10,21,0.0,7.736327207999921,100000,0
BIPOP_CMAES,F9,10,22,0.0,7.382835894999971,100000,0
BIPOP_CMAES,F9,10,23,0.0,7.715307375000066,100000,0
BIPOP_CMAES,F9,10,24,0.0,7.4053569889999835,100000,0
BIPOP_CMAES,F9,10,25,0.0,6.969062885000085,100000,0
BIPOP_CMAES,F9,10,26,0.0,7.312888877999967,100000,0
BIPOP_CMAES,F9,10,27,0.0,7.452900043,100000,0
BIPOP_CMAES,F9,10,28,0.0,7.094598281000117,100000,0
BIPOP_CMAES,F9,10,29,0.0,7.609707875999902,100000,0
BIPOP_CMAES,F9,10,30,0.0,7.447667339000191,100000,0
BIPOP_CMAES,F9,10,31,0.0,7.312469354999848,100000,0
BIPOP_CMAES,F9,10,32,0.0,7.520809808000195,100000,0
BIPOP_CMAES,F9,10,33,0.0,7.369625942999846,100000,0
BIPOP_CMAES,F9,10,34,0.0,7.58488869200005,100000,0
BIPOP_CMAES,F9,10,35,0.0,7.244112217000065,100000,0
BIPOP_CMAES,F9,10,36,0.0,7.550665721000087,100000,0
BIPOP_CMAES,F9,10,37,0.0,7.205974166000033,100000,0
BIPOP_CMAES,F9,10,38,0.0,7.4910044669998115,100000,0
BIPOP_CMAES,F9,10,39,0.0,6.94440227799987,100000,0
BIPOP_CMAES,F9,10,40,0.0,7.360755747999974,100000,0
BIPOP_CMAES,F9,10,41,0.0,7.643237639000063,100000,0
BIPOP_CMAES,F9,10,42,0.0,7.476834235000069,100000,0
BIPOP_CMAES,F9,10,43,0.0,7.4259633320000376,100000,0
BIPOP_CMAES,F9,10,44,0.0,7.594243599000038,100000,0
BIPOP_CMAES,F9,10,45,0.0,7.069337700999995,100000,0
BIPOP_CMAES,F9,10,46,0.0,7.682913727999903,100000,0
BIPOP_CMAES,F9,10,47,0.0,8.05801118400018,100000,0
BIPOP_CMAES,F9,10,48,0.0,7.4978153060001205,100000,0
BIPOP_CMAES,F9,10,49,0.0,7.3170335249999425,100000,0
BIPOP_CMAES,F9,10,50,0.0,7.566509493000012,100000,0
CMAES,F9,10,0,0.0,11.03091905999986,100000,0
CMAES,F9,10,1,0.0,11.12067448599987,100000,0
CMAES,F9,10,2,0.0,11.015992087999848,100000,0
CMAES,F9,10,3,0.0,11.243233797999892,100000,0
CMAES,F9,10,4,0.0,11.119192275999922,100000,0
CMAES,F9,10,5,0.0,11.254553907999934,100000,0
CMAES,F9,10,6,0.0,11.233291798999971,100000,0
CMAES,F9,10,7,0.0,11.295270949000042,100000,0
CMAES,F9,10,8,0.0,11.195347233999883,100000,0
CMAES,F9,10,9,0.0,11.11948334900012,100000,0
CMAES,F9,10,10,0.0,11.125360339000054,100000,0
CMAES,F9,10,11,0.0,11.009951215000001,100000,0
CMAES,F9,10,12,0.0,11.159563789000003,100000,0
CMAES,F9,10,13,0.0,11.134767399000111,100000,0
CMAES,F9,10,14,0.0,11.13677236600006,100000,0
CMAES,F9,10,15,0.0,11.155169202999787,100000,0
CMAES,F9,10,16,0.0,10.85463836200006,100000,0
CMAES,F9,10,17,0.0,11.105326559999867,100000,0
CMAES,F9,10,18,0.0,11.003849503000083,100000,0
CMAES,F9,10,19,0.0,11.06094221300009,100000,0
CMAES,F9,10,20,0.0,11.277952989999903,100000,0
CMAES,F9,10,21,0.0,11.165851632999875,100000,0
CMAES,F9,10,22,0.0,11.119578114999968,100000,0
CMAES,F9,10,23,0.0,10.937958779999917,100000,0
CMAES,F9,10,24,0.0,11.238696293999965,100000,0
CMAES,F9,10,25,0.0,11.191660946999946,100000,0
CMAES,F9,10,26,0.0,11.175697745999969,100000,0
CMAES,F9,10,27,0.0,11.201846086999922,100000,0
CMAES,F9,10,28,0.0,11.12616339200008,100000,0
CMAES,F9,10,29,0.0,11.39357184000005,100000,0
CMAES,F9,10,30,0.0,11.06914675400003,100000,0
CMAES,F9,10,31,0.0,11.142876941000168,100000,0
CMAES,F9,10,32,0.0,10.997842430999981,100000,0
CMAES,F9,10,33,0.0,11.187726343000122,100000,0
CMAES,F9,10,34,0.0,11.293654339000113,100000,0
CMAES,F9,10,35,0.0,11.189742256000045,100000,0
CMAES,F9,10,36,0.0,11.153951637999853,100000,0
CMAES,F9,10,37,0.0,11.179195373999846,100000,0
CMAES,F9,10,38,0.0,11.305398065999952,100000,0
CMAES,F9,10,39,0.0,11.179860407999968,100000,0
CMAES,F9,10,40,0.0,11.328577145000054,100000,0
CMAES,F9,10,41,0.0,11.085722453000017,100000,0
CMAES,F9,10,42,0.0,11.18836499400004,100000,0
CMAES,F9,10,43,0.0,11.082687566999994,100000,0
CMAES,F9,10,44,0.0,11.103306681999584,100000,0
CMAES,F9,10,45,0.0,11.129917759999898,100000,0
CMAES,F9,10,46,0.0,11.123012582000229,100000,0
CMAES,F9,10,47,0.0,11.318830927000363,100000,0
CMAES,F9,10,48,0.0,11.35466458999963,100000,0
CMAES,F9,10,49,0.0,11.23422626699994,100000,0
CMAES,F9,10,50,0.0,11.186981217000266,100000,0
IPOP_CMAES,F9,10,0,0.0,6.822107387000187,100000,0
IPOP_CMAES,F9,10,1,0.0,6.2958276760000444,100000,0
IPOP_CMAES,F9,10,2,0.0,6.459035278000101,100000,0
IPOP_CMAES,F9,10,3,0.0,6.248142657000017,100000,0
IPOP_CMAES,F9,10,4,0.0,7.1454983300000094,100000,0
IPOP_CMAES,F9,10,5,0.0,6.49506661800001,100000,0
IPOP_CMAES,F9,10,6,0.0,6.689160950000087,100000,0
IPOP_CMAES,F9,10,7,0.0,6.452352827000141,100000,0
IPOP_CMAES,F9,10,8,0.0,6.893185514999914,100000,0
IPOP_CMAES,F9,10,9,0.0,6.433618650000199,100000,0
IPOP_CMAES,F9,10,10,0.0,5.964325958000018,100000,0
IPOP_CMAES,F9,10,11,0.0,6.58387801799995,100000,0
IPOP_CMAES,F9,10,12,0.0,5.967007083999988,100000,0
IPOP_CMAES,F9,10,13,0.0,6.229774408999901,100000,0
IPOP_CMAES,F9,10,14,0.0,6.831157989000076,100000,0
IPOP_CMAES,F9,10,15,0.0,6.508676888999844,100000,0
IPOP_CMAES,F9,10,16,0.0,6.01677484999982,100000,0
IPOP_CMAES,F9,10,17,0.0,7.2541605079998135,100000,0
IPOP_CMAES,F9,10,18,0.0,6.227067368000007,100000,0
IPOP_CMAES,F9,10,19,0.0,6.383442620000096,100000,0
IPOP_CMAES,F9,10,20,0.0,6.374226085000146,100000,0
IPOP_CMAES,F9,10,21,0.0,6.791754492000109,100000,0
IPOP_CMAES,F9,10,22,0.0,6.243193296999834,100000,0
IPOP_CMAES,F9,10,23,0.0,6.478609715999937,100000,0
IPOP_CMAES,F9,10,24,0.0,6.610882276999973,100000,0
IPOP_CMAES,F9,10,25,0.0,6.090719162999903,100000,0
IPOP_CMAES,F9,10,26,0.0,6.056201103999911,100000,0
IPOP_CMAES,F9,10,27,0.0,6.18522034700004,100000,0
IPOP_CMAES,F9,10,28,0.0,6.248374224999907,100000,0
IPOP_CMAES,F9,10,29,0.0,6.739070332999972,100000,0
IPOP_CMAES,F9,10,30,0.0,6.67581376399994,100000,0
IPOP_CMAES,F9,10,31,0.0,6.31354430500005,100000,0
IPOP_CMAES,F9,10,32,0.0,6.57871547700006,100000,0
IPOP_CMAES,F9,10,33,0.0,6.568947015999811,100000,0
IPOP_CMAES,F9,10,34,0.0,6.411545240000123,100000,0
IPOP_CMAES,F9,10,35,0.0,6.17647219599985,100000,0
IPOP_CMAES,F9,10,36,0.0,6.7426794589998735,100000,0
IPOP_CMAES,F9,10,37,0.0,6.1290506650000225,100000,0
IPOP_CMAES,F9,10,38,0.0,6.674027256000045,100000,0
IPOP_CMAES,F9,10,39,0.0,6.54721981900002,100000,0
IPOP_CMAES,F9,10,40,0.0,7.003915025000197,100000,0
IPOP_CMAES,F9,10,41,0.0,6.454289716999938,100000,0
IPOP_CMAES,F9,10,42,0.0,6.22860609899999,100000,0
IPOP_CMAES,F9,10,43,0.0,6.3609830670000065,100000,0
IPOP_CMAES,F9,10,44,0.0,6.414398772999903,100000,0
IPOP_CMAES,F9,10,45,0.0,6.217701567999939,100000,0
IPOP_CMAES,F9,10,46,0.0,6.577794059000098,100000,0
IPOP_CMAES,F9,10,47,0.0,6.357914537999932,100000,0
IPOP_CMAES,F9,10,48,0.0,6.719567267000002,100000,0
IPOP_CMAES,F9,10,49,0.0,6.264178141999992,100000,0
IPOP_CMAES,F9,10,50,0.0,6.409881068999994,100000,0
L-SHADE-DGR,F9,10,0,0.0,2.5022857219999963,100000,0
L-SHADE-DGR,F9,10,1,0.0,2.5194151110000007,100000,0
L-SHADE-DGR,F9,10,2,0.0,2.496858822,100000,0
L-SHADE-DGR,F9,10,3,0.0,2.4992211630000014,100000,0
L-SHADE-DGR,F9,10,4,0.0,2.492294027000007,100000,0
L-SHADE-DGR,F9,10,5,0.0,2.495224786999998,100000,0
L-SHADE-DGR,F9,10,6,0.0,2.499724207,100000,0
L-SHADE-DGR,F9,10,7,0.0,2.5078294959999994,100000,0
L-SHADE-DGR,F9,10,8,0.0,2.5148467720000127,100000,0
L-SHADE-DGR,F9,10,9,0.0,2.514733542000002,100000,0
L-SHADE-DGR,F9,10,10,0.0,2.499782265999997,100000,0
L-SHADE-DGR,F9,10,11,0.0,2.5131968919999963,100000,0
L-SHADE-DGR,F9,10,12,0.0,2.504916946999998,100000,0
L-SHADE-DGR,F9,10,13,0.0,2.5019023309999966,100000,0
L-SHADE-DGR,F9,10,14,0.0,2.494636150000005,100000,0
L-SHADE-DGR,F9,10,15,0.0,2.508402812,100000,0
L-SHADE-DGR,F9,10,16,0.0,2.5000798610000032,100000,0
L-SHADE-DGR,F9,10,17,0.0,2.499740005999996,100000,0
L-SHADE-DGR,F9,10,18,0.0,2.4859710980000074,100000,0
L-SHADE-DGR,F9,10,19,0.0,2.5089333349999947,100000,0
L-SHADE-DGR,F9,10,20,0.0,2.5051993370000076,100000,0
L-SHADE-DGR,F9,10,21,0.0,2.4988990270000073,100000,0
L-SHADE-DGR,F9,10,22,0.0,2.480887789999997,100000,0
L-SHADE-DGR,F9,10,23,0.0,2.489448265000007,100000,0
L-SHADE-DGR,F9,10,24,0.0,2.482833845000002,100000,0
L-SHADE-DGR,F9,10,25,0.0,2.4914119750000054,100000,0
L-SHADE-DGR,F9,10,26,0.0,2.4991878449999945,100000,0
L-SHADE-DGR,F9,10,27,0.0,2.4850943730000097,100000,0
L-SHADE-DGR,F9,10,28,0.0,2.479829147999993,100000,0
L-SHADE-DGR,F9,10,29,0.0,2.4925858499999975,100000,0
L-SHADE-DGR,F9,10,30,0.0,2.4843237279999926,100000,0
L-SHADE-DGR,F9,10,31,0.0,2.5051172370000074,100000,0
L-SHADE-DGR,F9,10,32,0.0,2.4977315499999975,100000,0
L-SHADE-DGR,F9,10,33,0.0,2.5001279239999974,100000,0
L-SHADE-DGR,F9,10,34,0.0,2.4810362820000194,100000,0
L-SHADE-DGR,F9,10,35,0.0,2.485647631000006,100000,0
L-SHADE-DGR,F9,10,36,0.0,2.4935237690000065,100000,0
L-SHADE-DGR,F9,10,37,0.0,2.5075117239999827,100000,0
L-SHADE-DGR,F9,10,38,0.0,2.4950680540000008,100000,0
L-SHADE-DGR,F9,10,39,0.0,2.5086645750000116,100000,0
L-SHADE-DGR,F9,10,40,0.0,2.499406001000011,100000,0
L-SHADE-DGR,F9,10,41,0.0,2.4960362340000017,100000,0
L-SHADE-DGR,F9,10,42,0.0,2.4809181409999894,100000,0
L-SHADE-DGR,F9,10,43,0.0,2.5025246769999967,100000,0
L-SHADE-DGR,F9,10,44,0.0,2.4835824090000074,100000,0
L-SHADE-DGR,F9,10,45,0.0,2.482739768000016,100000,0
L-SHADE-DGR,F9,10,46,0.0,2.500478248999997,100000,0
L-SHADE-DGR,F9,10,47,0.0,2.494851472000022,100000,0
L-SHADE-DGR,F9,10,48,0.0,2.494980078999987,100000,0
L-SHADE-DGR,F9,10,49,0.0,2.4878357610000137,100000,0
L-SHADE-DGR,F9,10,50,0.0,2.5026642370000047,100000,0
LSHADE,F9,10,0,0.0,2.3015581549999524,100000,0
LSHADE,F9,10,1,0.0,2.295232708999947,100000,0
LSHADE,F9,10,2,0.0,2.3012773899999956,100000,0
LSHADE,F9,10,3,0.0,2.2927179319999595,100000,0
LSHADE,F9,10,4,0.0,2.2921026210000264,100000,0
LSHADE,F9,10,5,0.0,2.2935154819999752,100000,0
LSHADE,F9,10,6,0.0,2.290112948000001,100000,0
LSHADE,F9,10,7,0.0,2.296390900000006,100000,0
LSHADE,F9,10,8,0.0,2.286877245000028,100000,0
LSHADE,F9,10,9,0.0,2.299044716000026,100000,0
LSHADE,F9,10,10,0.0,2.3051164229999586,100000,0
LSHADE,F9,10,11,0.0,2.2933176930000627,100000,0
LSHADE,F9,10,12,0.0,2.2885882000000493,100000,0
LSHADE,F9,10,13,0.0,2.3085440729998936,100000,0
LSHADE,F9,10,14,0.0,2.2920372879999604,100000,0
LSHADE,F9,10,15,0.0,2.299480352000046,100000,0
LSHADE,F9,10,16,0.0,2.2979974710000306,100000,0
LSHADE,F9,10,17,0.0,2.296664625999938,100000,0
LSHADE,F9,10,18,0.0,2.2935868280000022,100000,0
LSHADE,F9,10,19,0.0,2.2963726749999296,100000,0
LSHADE,F9,10,20,0.0,2.2944384319999926,100000,0
LSHADE,F9,10,21,0.0,2.301316429000053,100000,0
LSHADE,F9,10,22,0.0,2.294858254000019,100000,0
LSHADE,F9,10,23,0.0,2.302828078999937,100000,0
LSHADE,F9,10,24,0.0,2.2959218030000557,100000,0
LSHADE,F9,10,25,0.0,2.3012170010000546,100000,0
LSHADE,F9,10,26,0.0,2.289011286999994,100000,0
LSHADE,F9,10,27,0.0,2.2961227509999844,100000,0
LSHADE,F9,10,28,0.0,2.298613189999969,100000,0
LSHADE,F9,10,29,0.0,2.289798150000024,100000,0
LSHADE,F9,10,30,0.0,2.2964933069999915,100000,0
LSHADE,F9,10,31,0.0,2.300258437000025,100000,0
LSHADE,F9,10,32,0.0,2.297569410000051,100000,0
LSHADE,F9,10,33,0.0,2.293191221000029,100000,0
LSHADE,F9,10,34,0.0,2.2990747329999977,100000,0
LSHADE,F9,10,35,0.0,2.3009257460000754,100000,0
LSHADE,F9,10,36,0.0,2.2921046099999103,100000,0
LSHADE,F9,10,37,0.0,2.2958368469999186,100000,0
LSHADE,F9,10,38,0.0,2.291732386000035,100000,0
LSHADE,F9,10,39,0.0,2.3011569910000844,100000,0
LSHADE,F9,10,40,0.0,2.288865405000024,100000,0
LSHADE,F9,10,41,0.0,2.3016138639999326,100000,0
LSHADE,F9,10,42,0.0,2.2960647039999458,100000,0
LSHADE,F9,10,43,0.0,2.288839861000042,100000,0
LSHADE,F9,10,44,0.0,2.288742576000004,100000,0
LSHADE,F9,10,45,0.0,2.295756949999941,100000,0
LSHADE,F9,10,46,0.0,2.29252611600009,100000,0
LSHADE,F9,10,47,0.0,2.3021425210000643,100000,0
LSHADE,F9,10,48,0.0,2.2962011070000017,100000,0
LSHADE,F9,10,49,0.0,2.293632437999918,100000,0
LSHADE,F9,10,50,0.0,2.3035670289999644,100000,0
TEMOA_V10,F9,10,0,0.0,3.9419118270000126,100000,0
TEMOA_V10,F9,10,1,0.0,3.9369854859999975,100000,0
TEMOA_V10,F9,10,2,0.0,3.848446555999999,100000,0
TEMOA_V10,F9,10,3,0.0,3.9716127419999907,100000,0
TEMOA_V10,F9,10,4,0.0,3.925605666999985,100000,0
TEMOA_V10,F9,10,5,0.0,3.9093279749999965,100000,0
TEMOA_V10,F9,10,6,0.0,3.914106179000015,100000,0
TEMOA_V10,F9,10,7,0.0,3.8849406450000004,100000,0
TEMOA_V10,F9,10,8,0.0,3.9493327969999825,100000,0
TEMOA_V10,F9,10,9,0.0,3.825647416999999,100000,0
TEMOA_V10,F9,10,10,0.0,3.9303209850000087,100000,0
TEMOA_V10,F9,10,11,0.0,3.9199499529999855,100000,0
TEMOA_V10,F9,10,12,0.0,3.9018512510000107,100000,0
TEMOA_V10,F9,10,13,0.0,3.857797777000002,100000,0
TEMOA_V10,F9,10,14,0.0,3.886325563999975,100000,0
TEMOA_V10,F9,10,15,0.0,3.918682477999994,100000,0
TEMOA_V10,F9,10,16,0.0,3.9637165629999913,100000,0
TEMOA_V10,F9,10,17,0.0,3.9078499950000207,100000,0
TEMOA_V10,F9,10,18,0.0,3.8310585480000157,100000,0
TEMOA_V10,F9,10,19,0.0,3.9070486509999967,100000,0
TEMOA_V10,F9,10,20,0.0,3.8318295629999852,100000,0
TEMOA_V10,F9,10,21,0.0,3.8625556939999797,100000,0
TEMOA_V10,F9,10,22,0.0,3.835340043999963,100000,0
TEMOA_V10,F9,10,23,0.0,3.9428562909999982,100000,0
TEMOA_V10,F9,10,24,0.0,3.845427808000011,100000,0
TEMOA_V10,F9,10,25,0.0,3.9543305930000088,100000,0
TEMOA_V10,F9,10,26,0.0,3.9085056529999633,100000,0
TEMOA_V10,F9,10,27,0.0,3.9083167670000307,100000,0
TEMOA_V10,F9,10,28,0.0,3.8528647979999846,100000,0
TEMOA_V10,F9,10,29,0.0,3.925990546000037,100000,0
TEMOA_V10,F9,10,30,0.0,3.902995061000013,100000,0
TEMOA_V10,F9,10,31,0.0,3.8747234100000014,100000,0
TEMOA_V10,F9,10,32,0.0,3.8414201479999974,100000,0
TEMOA_V10,F9,10,33,0.0,3.900713719999999,100000,0
TEMOA_V10,F9,10,34,0.0,3.9151075309999896,100000,0
TEMOA_V10,F9,10,35,0.0,3.9296481989999847,100000,0
TEMOA_V10,F9,10,36,0.0,3.927662163999969,100000,0
TEMOA_V10,F9,10,37,0.0,3.956464932000017,100000,0
TEMOA_V10,F9,10,38,0.0,3.904752142999996,100000,0
TEMOA_V10,F9,10,39,0.0,3.8673209560000146,100000,0
TEMOA_V10,F9,10,40,0.0,3.897492838000005,100000,0
TEMOA_V10,F9,10,41,0.0,3.9464775129999907,100000,0
TEMOA_V10,F9,10,42,0.0,3.8750784250000265,100000,0
TEMOA_V10,F9,10,43,0.0,3.9090682479999828,100000,0
TEMOA_V10,F9,10,44,0.0,3.885140874000001,100000,0
TEMOA_V10,F9,10,45,0.0,3.8046778539999764,100000,0
TEMOA_V10,F9,10,46,0.0,3.81922141900003,100000,0
TEMOA_V10,F9,10,47,0.0,3.896012430999974,100000,0
TEMOA_V10,F9,10,48,0.0,3.816509688999986,100000,0
TEMOA_V10,F9,10,49,0.0,3.8599458589999927,100000,0
TEMOA_V10,F9,10,50,0.0,3.892302466999979,100000,0
TEMOA_V11,F9,10,0,0.0,3.137213364000047,100000,0
TEMOA_V11,F9,10,1,0.0,3.1506367420000174,100000,0
TEMOA_V11,F9,10,2,0.0,3.1580119530000275,100000,0
TEMOA_V11,F9,10,3,0.0,3.161396288999981,100000,0
TEMOA_V11,F9,10,4,0.0,3.149668716000008,100000,0
TEMOA_V11,F9,10,5,0.0,3.150127693999991,100000,0
TEMOA_V11,F9,10,6,0.0,3.1537793410000177,100000,0
TEMOA_V11,F9,10,7,0.0,3.1661493560000054,100000,0
TEMOA_V11,F9,10,8,0.0,3.166870985999992,100000,0
TEMOA_V11,F9,10,9,0.0,3.1640629159999776,100000,0
TEMOA_V11,F9,10,10,0.0,3.164364986999999,100000,0
TEMOA_V11,F9,10,11,0.0,3.1729016479999927,100000,0
TEMOA_V11,F9,10,12,0.0,3.1493068419999872,100000,0
TEMOA_V11,F9,10,13,0.0,3.1668255769999973,100000,0
TEMOA_V11,F9,10,14,0.0,3.139528754999958,100000,0
TEMOA_V11,F9,10,15,0.0,3.138806187,100000,0
TEMOA_V11,F9,10,16,0.0,3.127225507999981,100000,0
TEMOA_V11,F9,10,17,0.0,3.131159733000004,100000,0
TEMOA_V11,F9,10,18,0.0,3.1345958150000115,100000,0
TEMOA_V11,F9,10,19,0.0,3.1333317790000024,100000,0
TEMOA_V11,F9,10,20,0.0,3.1344390709999743,100000,0
TEMOA_V11,F9,10,21,0.0,3.148958826000012,100000,0
TEMOA_V11,F9,10,22,0.0,3.1302937920000318,100000,0
TEMOA_V11,F9,10,23,0.0,3.1428033880000044,100000,0
TEMOA_V11,F9,10,24,0.0,3.1246002350000026,100000,0
TEMOA_V11,F9,10,25,0.0,3.1362963330000184,100000,0
TEMOA_V11,F9,10,26,0.0,3.1254831120000404,100000,0
TEMOA_V11,F9,10,27,0.0,3.1457631179999908,100000,0
TEMOA_V11,F9,10,28,0.0,3.1206691110000406,100000,0
TEMOA_V11,F9,10,29,0.0,3.131742443999997,100000,0
TEMOA_V11,F9,10,30,0.0,3.164369449999981,100000,0
TEMOA_V11,F9,10,31,0.0,3.141710615999955,100000,0
TEMOA_V11,F9,10,32,0.0,3.135630590000005,100000,0
TEMOA_V11,F9,10,33,0.0,3.149887605999993,100000,0
TEMOA_V11,F9,10,34,0.0,3.148167806999993,100000,0
TEMOA_V11,F9,10,35,0.0,3.1529195879999747,100000,0
TEMOA_V11,F9,10,36,0.0,3.1152465999999777,100000,0
TEMOA_V11,F9,10,37,0.0,3.1244730940000522,100000,0
TEMOA_V11,F9,10,38,0.0,3.1223483860000556,100000,0
TEMOA_V11,F9,10,39,0.0,3.132315002999974,100000,0
TEMOA_V11,F9,10,40,0.0,3.160887826000021,100000,0
TEMOA_V11,F9,10,41,0.0,3.1431459319999817,100000,0
TEMOA_V11,F9,10,42,0.0,3.180250281000042,100000,0
TEMOA_V11,F9,10,43,0.0,3.1298958979999725,100000,0
TEMOA_V11,F9,10,44,0.0,3.116407671999923,100000,0
TEMOA_V11,F9,10,45,0.0,3.1231474199998956,100000,0
TEMOA_V11,F9,10,46,0.0,3.12856853400001,100000,0
TEMOA_V11,F9,10,47,0.0,3.137469806000013,100000,0
TEMOA_V11,F9,10,48,0.0,3.122582098999942,100000,0
TEMOA_V11,F9,10,49,0.0,3.1335380379999833,100000,0
TEMOA_V11,F9,10,50,0.0,3.1426968010000564,100000,0
TEMOA_V12,F9,10,0,0.0,2.4893746080000483,100000,0
TEMOA_V12,F9,10,1,0.0,2.492289765999999,100000,0
TEMOA_V12,F9,10,2,0.0,2.4960387679999485,100000,0
TEMOA_V12,F9,10,3,0.0,2.4820846490000577,100000,0
TEMOA_V12,F9,10,4,0.0,2.478342663000035,100000,0
TEMOA_V12,F9,10,5,0.0,2.478736958000013,100000,0
TEMOA_V12,F9,10,6,0.0,2.4890196819999346,100000,0
TEMOA_V12,F9,10,7,0.0,2.4951913610000247,100000,0
TEMOA_V12,F9,10,8,0.0,2.493903509000006,100000,0
TEMOA_V12,F9,10,9,0.0,2.491157977000057,100000,0
TEMOA_V12,F9,10,10,0.0,2.4956558149999637,100000,0
TEMOA_V12,F9,10,11,0.0,2.497000877000005,100000,0
TEMOA_V12,F9,10,12,0.0,2.5057051320000028,100000,0
TEMOA_V12,F9,10,13,0.0,2.5040946760000224,100000,0
TEMOA_V12,F9,10,14,0.0,2.491240758999993,100000,0
TEMOA_V12,F9,10,15,0.0,2.484773926999992,100000,0
TEMOA_V12,F9,10,16,0.0,2.4909112389999564,100000,0
TEMOA_V12,F9,10,17,0.0,2.5007107129999895,100000,0
TEMOA_V12,F9,10,18,0.0,2.4943958930000463,100000,0
TEMOA_V12,F9,10,19,0.0,2.4894647639999903,100000,0
TEMOA_V12,F9,10,20,0.0,2.48837533599999,100000,0
TEMOA_V12,F9,10,21,0.0,2.4816720640000085,100000,0
TEMOA_V12,F9,10,22,0.0,2.5038620529999207,100000,0
TEMOA_V12,F9,10,23,0.0,2.5075912900000503,100000,0
TEMOA_V12,F9,10,24,0.0,2.5175084240000842,100000,0
TEMOA_V12,F9,10,25,0.0,2.50722207900003,100000,0
TEMOA_V12,F9,10,26,0.0,2.503258044000063,100000,0
TEMOA_V12,F9,10,27,0.0,2.4938309510000636,100000,0
TEMOA_V12,F9,10,28,0.0,2.5033502500000395,100000,0
TEMOA_V12,F9,10,29,0.0,2.505427099999906,100000,0
TEMOA_V12,F9,10,30,0.0,2.496832286999961,100000,0
TEMOA_V12,F9,10,31,0.0,2.505026302000033,100000,0
TEMOA_V12,F9,10,32,0.0,2.4988752870000326,100000,0
TEMOA_V12,F9,10,33,0.0,2.494860893000009,100000,0
TEMOA_V12,F9,10,34,0.0,2.491368255999987,100000,0
TEMOA_V12,F9,10,35,0.0,2.500533052999913,100000,0
TEMOA_V12,F9,10,36,0.0,2.4975191580000455,100000,0
TEMOA_V12,F9,10,37,0.0,2.49463196399995,100000,0
TEMOA_V12,F9,10,38,0.0,2.495387729000072,100000,0
TEMOA_V12,F9,10,39,0.0,2.491206332000047,100000,0
TEMOA_V12,F9,10,40,0.0,2.5030490580001015,100000,0
TEMOA_V12,F9,10,41,0.0,2.4931213620000108,100000,0
TEMOA_V12,F9,10,42,0.0,2.5024079060000304,100000,0
TEMOA_V12,F9,10,43,0.0,2.4968892279999864,100000,0
TEMOA_V12,F9,10,44,0.0,2.5077638550000074,100000,0
TEMOA_V12,F9,10,45,0.0,2.5006458379999685,100000,0
TEMOA_V12,F9,10,46,0.0,2.503965092000044,100000,0
TEMOA_V12,F9,10,47,0.0,2.498551452000015,100000,0
TEMOA_V12,F9,10,48,0.0,2.493447577999973,100000,0
TEMOA_V12,F9,10,49,0.0,2.5071066440000322,100000,0
TEMOA_V12,F9,10,50,0.0,2.5194422350000423,100000,0
jSO,F9,10,0,0.0,2.293801781999946,100000,0
jSO,F9,10,1,0.0,2.2863908030000175,100000,0
jSO,F9,10,2,0.0,2.2874644090001084,100000,0
jSO,F9,10,3,0.0,2.2894724249999854,100000,0
jSO,F9,10,4,0.0,2.2815641419999793,100000,0
jSO,F9,10,5,0.0,2.29027257000007,100000,0
jSO,F9,10,6,0.0,2.2869898400000466,100000,0
jSO,F9,10,7,0.0,2.291587631000084,100000,0
jSO,F9,10,8,0.0,2.2806705389999706,100000,0
jSO,F9,10,9,0.0,2.2903423660000044,100000,0
jSO,F9,10,10,0.0,2.286771136000084,100000,0
jSO,F9,10,11,0.0,2.287379650999924,100000,0
jSO,F9,10,12,0.0,2.288068174999921,100000,0
jSO,F9,10,13,0.0,2.2886525820000543,100000,0
jSO,F9,10,14,0.0,2.2896325650000335,100000,0
jSO,F9,10,15,0.0,2.2912733990000334,100000,0
jSO,F9,10,16,0.0,2.288117124999985,100000,0
jSO,F9,10,17,0.0,2.286853055999927,100000,0
jSO,F9,10,18,0.0,2.2832068960000242,100000,0
jSO,F9,10,19,0.0,2.287366408999901,100000,0
jSO,F9,10,20,0.0,2.3041565789999368,100000,0
jSO,F9,10,21,0.0,2.288207965999959,100000,0
jSO,F9,10,22,0.0,2.2947945939999954,100000,0
jSO,F9,10,23,0.0,2.288788826999962,100000,0
jSO,F9,10,24,0.0,2.288211851000028,100000,0
jSO,F9,10,25,0.0,2.290670299999988,100000,0
jSO,F9,10,26,0.0,2.2853187570000273,100000,0
jSO,F9,10,27,0.0,2.281847706999997,100000,0
jSO,F9,10,28,0.0,2.282994707999933,100000,0
jSO,F9,10,29,0.0,2.287571972999899,100000,0
jSO,F9,10,30,0.0,2.288890652999953,100000,0
jSO,F9,10,31,0.0,2.289381712000022,100000,0
jSO,F9,10,32,0.0,2.2896146519999547,100000,0
jSO,F9,10,33,0.0,2.287927448000005,100000,0
jSO,F9,10,34,0.0,2.2877521939999497,100000,0
jSO,F9,10,35,0.0,2.291865239999993,100000,0
jSO,F9,10,36,0.0,2.294883757999969,100000,0
jSO,F9,10,37,0.0,2.280879389000006,100000,0
jSO,F9,10,38,0.0,2.284865388000071,100000,0
jSO,F9,10,39,0.0,2.2829721780000227,100000,0
jSO,F9,10,40,0.0,2.287125686999957,100000,0
jSO,F9,10,41,0.0,2.2835586459999604,100000,0
jSO,F9,10,42,0.0,2.2884798080000337,100000,0
jSO,F9,10,43,0.0,2.290619680999953,100000,0
jSO,F9,10,44,0.0,2.2878060900000037,100000,0
jSO,F9,10,45,0.0,2.281355402000031,100000,0
jSO,F9,10,46,0.0,2.2814769139999953,100000,0
jSO,F9,10,47,0.0,2.2882641090000106,100000,0
jSO,F9,10,48,0.0,2.289356067999961,100000,0
jSO,F9,10,49,0.0,2.291175601999953,100000,0
jSO,F9,10,50,0.0,2.2868894240000373,100000,0
sepCMAES,F9,10,0,0.0,9.363908022000032,100000,0
sepCMAES,F9,10,1,0.0,9.282036250000147,100000,0
sepCMAES,F9,10,2,0.0,9.66855993199988,100000,0
sepCMAES,F9,10,3,0.0,9.482560460000059,100000,0
sepCMAES,F9,10,4,0.0,9.52241493800011,100000,0
sepCMAES,F9,10,5,0.0,9.404170154999974,100000,0
sepCMAES,F9,10,6,0.0,9.588947338000253,100000,0
sepCMAES,F9,10,7,0.0,9.523441778999768,100000,0
sepCMAES,F9,10,8,0.0,9.593294782000157,100000,0
sepCMAES,F9,10,9,0.0,9.365205340000102,100000,0
sepCMAES,F9,10,10,0.0,9.723547405999852,100000,0
sepCMAES,F9,10,11,0.0,9.459572453999954,100000,0
sepCMAES,F9,10,12,0.0,9.435881014999723,100000,0
sepCMAES,F9,10,13,0.0,9.8368823779997,100000,0
sepCMAES,F9,10,14,0.0,9.53394905999994,100000,0
sepCMAES,F9,10,15,0.0,9.481893431000117,100000,0
sepCMAES,F9,10,16,0.0,9.372829304999868,100000,0
sepCMAES,F9,10,17,0.0,9.45007367800008,100000,0
sepCMAES,F9,10,18,0.0,9.744108999999753,100000,0
sepCMAES,F9,10,19,0.0,9.625795990999904,100000,0
sepCMAES,F9,10,20,0.0,9.448372021999603,100000,0
sepCMAES,F9,10,21,0.0,9.650643553000009,100000,0
sepCMAES,F9,10,22,0.0,9.336124383999959,100000,0
sepCMAES,F9,10,23,0.0,9.570574967000084,100000,0
sepCMAES,F9,10,24,0.0,9.539513566000096,100000,0
sepCMAES,F9,10,25,0.0,9.58799788000033,100000,0
sepCMAES,F9,10,26,0.0,9.539871064999716,100000,0
sepCMAES,F9,10,27,0.0,9.524605604000044,100000,0
sepCMAES,F9,10,28,0.0,9.3136137649999,100000,0
sepCMAES,F9,10,29,0.0,9.597623463999753,100000,0
sepCMAES,F9,10,30,0.0,9.391398559000208,100000,0
sepCMAES,F9,10,31,0.0,9.541842374000225,100000,0
sepCMAES,F9,10,32,0.0,9.362020436999956,100000,0
sepCMAES,F9,10,33,0.0,9.55768253000042,100000,0
sepCMAES,F9,10,34,0.0,9.513150210999811,100000,0
sepCMAES,F9,10,35,0.0,9.45958765899968,100000,0
sepCMAES,F9,10,36,0.0,9.54984474899993,100000,0
sepCMAES,F9,10,37,0.0,9.505433712000013,100000,0
sepCMAES,F9,10,38,0.0,9.537653347999822,100000,0
sepCMAES,F9,10,39,0.0,9.591771755000082,100000,0
sepCMAES,F9,10,40,0.0,9.634467158000007,100000,0
sepCMAES,F9,10,41,0.0,9.564168541000072,100000,0
sepCMAES,F9,10,42,0.0,9.244279573999847,100000,0
sepCMAES,F9,10,43,0.0,9.66930279899998,100000,0
sepCMAES,F9,10,44,0.0,9.444529467999928,100000,0
sepCMAES,F9,10,45,0.0,9.543958165000276,100000,0
sepCMAES,F9,10,46,0.0,9.408661122000012,100000,0
sepCMAES,F9,10,47,0.0,9.50840572099969,100000,0
sepCMAES,F9,10,48,0.0,9.43014994699979,100000,0
sepCMAES,F9,10,49,0.0,9.54166350000014,100000,0
sepCMAES,F9,10,50,0.0,9.383159799999703,100000,0
