Config,r_N,eta,Function,Dimension,Run,Best
rn10_eta0.1,10.0,0.1,F1,10,0,0.0
rn10_eta0.1,10.0,0.1,F1,10,1,0.0
rn10_eta0.1,10.0,0.1,F1,10,2,0.0
rn10_eta0.1,10.0,0.1,F1,10,3,0.0
rn10_eta0.1,10.0,0.1,F1,10,4,0.0
rn10_eta0.1,10.0,0.1,F1,10,5,0.0
rn10_eta0.1,10.0,0.1,F1,10,6,0.0
rn10_eta0.1,10.0,0.1,F1,10,7,0.0
rn10_eta0.1,10.0,0.1,F1,10,8,0.0
rn10_eta0.1,10.0,0.1,F1,10,9,0.0
rn10_eta0.1,10.0,0.1,F1,30,0,0.0
rn10_eta0.1,10.0,0.1,F1,30,1,0.0
rn10_eta0.1,10.0,0.1,F1,30,2,0.0
rn10_eta0.1,10.0,0.1,F1,30,3,0.0
rn10_eta0.1,10.0,0.1,F1,30,4,0.0
rn10_eta0.1,10.0,0.1,F1,30,5,0.0
rn10_eta0.1,10.0,0.1,F1,30,6,0.0
rn10_eta0.1,10.0,0.1,F1,30,7,0.0
rn10_eta0.1,10.0,0.1,F1,30,8,0.0
rn10_eta0.1,10.0,0.1,F1,30,9,0.0
rn10_eta0.1,10.0,0.1,F3,10,0,3.986579112347158
rn10_eta0.1,10.0,0.1,F3,10,1,3.986579112347158
rn10_eta0.1,10.0,0.1,F3,10,2,3.986579112347158
rn10_eta0.1,10.0,0.1,F3,10,3,3.986579112347158
rn10_eta0.1,10.0,0.1,F3,10,4,3.986579112347158
rn10_eta0.1,10.0,0.1,F3,10,5,3.986579112347158
rn10_eta0.1,10.0,0.1,F3,10,6,3.986579112347158
rn10_eta0.1,10.0,0.1,F3,10,7,0.0
rn10_eta0.1,10.0,0.1,F3,10,8,3.986579112347158
rn10_eta0.1,10.0,0.1,F3,10,9,3.986579112347158
rn10_eta0.1,10.0,0.1,F3,30,0,31.810711664704968
rn10_eta0.1,10.0,0.1,F3,30,1,31.810711664704968
rn10_eta0.1,10.0,0.1,F3,30,2,31.810711664704968
rn10_eta0.1,10.0,0.1,F3,30,3,31.810711664704968
rn10_eta0.1,10.0,0.1,F3,30,4,31.810711664704968
rn10_eta0.1,10.0,0.1,F3,30,5,31.810711664704968
rn10_eta0.1,10.0,0.1,F3,30,6,31.810711664704968
rn10_eta0.1,10.0,0.1,F3,30,7,31.810711664704968
rn10_eta0.1,10.0,0.1,F3,30,8,31.810711664704968
rn10_eta0.1,10.0,0.1,F3,30,9,31.810711664704968
rn10_eta0.1,10.0,0.1,F4,10,0,0.0
rn10_eta0.1,10.0,0.1,F4,10,1,1.9899181141865936
rn10_eta0.1,10.0,0.1,F4,10,2,0.9949590570932968
rn10_eta0.1,10.0,0.1,F4,10,3,2.9848771712798907
rn10_eta0.1,10.0,0.1,F4,10,4,1.9899181141865936
rn10_eta0.1,10.0,0.1,F4,10,5,0.9949590570933536
rn10_eta0.1,10.0,0.1,F4,10,6,1.9899181141865936
rn10_eta0.1,10.0,0.1,F4,10,7,1.9899181141865936
rn10_eta0.1,10.0,0.1,F4,10,8,1.9899181141865936
rn10_eta0.1,10.0,0.1,F4,10,9,1.9899181141865936
rn10_eta0.1,10.0,0.1,F4,30,0,5.969754342559838
rn10_eta0.1,10.0,0.1,F4,30,1,7.959672456746375
rn10_eta0.1,10.0,0.1,F4,30,2,7.959672456746375
rn10_eta0.1,10.0,0.1,F4,30,3,9.949585533113918
rn10_eta0.1,10.0,0.1,F4,30,4,7.959672456746375
rn10_eta0.1,10.0,0.1,F4,30,5,5.969754342559781
rn10_eta0.1,10.0,0.1,F4,30,6,5.969754342559838
rn10_eta0.1,10.0,0.1,F4,30,7,6.964713399653078
rn10_eta0.1,10.0,0.1,F4,30,8,3.979836228373188
rn10_eta0.1,10.0,0.1,F4,30,9,5.969754342559781
rn10_eta0.1,10.0,0.1,F5,10,0,0.0
rn10_eta0.1,10.0,0.1,F5,10,1,0.0
rn10_eta0.1,10.0,0.1,F5,10,2,0.0
rn10_eta0.1,10.0,0.1,F5,10,3,0.0
rn10_eta0.1,10.0,0.1,F5,10,4,0.0
rn10_eta0.1,10.0,0.1,F5,10,5,0.0
rn10_eta0.1,10.0,0.1,F5,10,6,0.0
rn10_eta0.1,10.0,0.1,F5,10,7,0.0
rn10_eta0.1,10.0,0.1,F5,10,8,0.0
rn10_eta0.1,10.0,0.1,F5,10,9,0.0
rn10_eta0.1,10.0,0.1,F5,30,0,0.0
rn10_eta0.1,10.0,0.1,F5,30,1,0.0
rn10_eta0.1,10.0,0.1,F5,30,2,0.0
rn10_eta0.1,10.0,0.1,F5,30,3,0.0
rn10_eta0.1,10.0,0.1,F5,30,4,0.0
rn10_eta0.1,10.0,0.1,F5,30,5,0.0
rn10_eta0.1,10.0,0.1,F5,30,6,0.0
rn10_eta0.1,10.0,0.1,F5,30,7,2.6113582407560898e-08
rn10_eta0.1,10.0,0.1,F5,30,8,0.0
rn10_eta0.1,10.0,0.1,F5,30,9,0.0
rn10_eta0.1,10.0,0.1,F6,10,0,12.471205366975369
rn10_eta0.1,10.0,0.1,F6,10,1,12.471205366975369
rn10_eta0.1,10.0,0.1,F6,10,2,13.904870598828095
rn10_eta0.1,10.0,0.1,F6,10,3,11.365261151083928
rn10_eta0.1,10.0,0.1,F6,10,4,12.635065982637116
rn10_eta0.1,10.0,0.1,F6,10,5,11.529121766745677
rn10_eta0.1,10.0,0.1,F6,10,6,12.962786998598403
rn10_eta0.1,10.0,0.1,F6,10,7,11.692982382407536
rn10_eta0.1,10.0,0.1,F6,10,8,13.741043316352943
rn10_eta0.1,10.0,0.1,F6,10,9,12.307344751313622
rn10_eta0.1,10.0,0.1,F6,30,0,39.94248280708951
rn10_eta0.1,10.0,0.1,F6,30,1,35.904310760630324
rn10_eta0.1,10.0,0.1,F6,30,2,39.21719249372745
rn10_eta0.1,10.0,0.1,F6,30,3,39.01133225390299
rn10_eta0.1,10.0,0.1,F6,30,4,37.396063435319206
rn10_eta0.1,10.0,0.1,F6,30,5,37.43723548328421
rn10_eta0.1,10.0,0.1,F6,30,6,39.13484839779767
rn10_eta0.1,10.0,0.1,F6,30,7,36.62960107399226
rn10_eta0.1,10.0,0.1,F6,30,8,37.35489138735443
rn10_eta0.1,10.0,0.1,F6,30,9,37.478407531249104
rn10_eta0.1,10.0,0.1,F7,10,0,6.000000000001137
rn10_eta0.1,10.0,0.1,F7,10,1,8.000000000015461
rn10_eta0.1,10.0,0.1,F7,10,2,6.0
rn10_eta0.1,10.0,0.1,F7,10,3,4.0
rn10_eta0.1,10.0,0.1,F7,10,4,6.000000000004206
rn10_eta0.1,10.0,0.1,F7,10,5,8.0
rn10_eta0.1,10.0,0.1,F7,10,6,8.0
rn10_eta0.1,10.0,0.1,F7,10,7,4.0
rn10_eta0.1,10.0,0.1,F7,10,8,6.000000000707473
rn10_eta0.1,10.0,0.1,F7,10,9,6.0
rn10_eta0.1,10.0,0.1,F7,30,0,30.000000000000117
rn10_eta0.1,10.0,0.1,F7,30,1,36.00000000000068
rn10_eta0.1,10.0,0.1,F7,30,2,26.0
rn10_eta0.1,10.0,0.1,F7,30,3,26.0
rn10_eta0.1,10.0,0.1,F7,30,4,30.000000000000117
rn10_eta0.1,10.0,0.1,F7,30,5,24.000000000000117
rn10_eta0.1,10.0,0.1,F7,30,6,28.000000000000117
rn10_eta0.1,10.0,0.1,F7,30,7,28.0
rn10_eta0.1,10.0,0.1,F7,30,8,34.0
rn10_eta0.1,10.0,0.1,F7,30,9,26.000000000000117
rn10_eta0.1,10.0,0.1,F9,10,0,4.120118918966909
rn10_eta0.1,10.0,0.1,F9,10,1,6.896116852490195
rn10_eta0.1,10.0,0.1,F9,10,2,6.954830469853732
rn10_eta0.1,10.0,0.1,F9,10,3,7.021723237043261
rn10_eta0.1,10.0,0.1,F9,10,4,128.62076223647546
rn10_eta0.1,10.0,0.1,F9,10,5,15.369394749031017
rn10_eta0.1,10.0,0.1,F9,10,6,18.721900995683427
rn10_eta0.1,10.0,0.1,F9,10,7,3.727232892886605
rn10_eta0.1,10.0,0.1,F9,10,8,6.96417245360044
rn10_eta0.1,10.0,0.1,F9,10,9,3.6023240108961545
rn10_eta0.1,10.0,0.1,F9,30,0,1239.926984733629
rn10_eta0.1,10.0,0.1,F9,30,1,690.5186445265681
rn10_eta0.1,10.0,0.1,F9,30,2,705.4465631700623
rn10_eta0.1,10.0,0.1,F9,30,3,1157.4512767326669
rn10_eta0.1,10.0,0.1,F9,30,4,1160.3242524810594
rn10_eta0.1,10.0,0.1,F9,30,5,979.8121753239266
rn10_eta0.1,10.0,0.1,F9,30,6,923.0302093700338
rn10_eta0.1,10.0,0.1,F9,30,7,1059.574137894826
rn10_eta0.1,10.0,0.1,F9,30,8,1007.297220315446
rn10_eta0.1,10.0,0.1,F9,30,9,932.7117774002618
rn10_eta0.1,10.0,0.1,F10,10,0,0.9949590570932968
rn10_eta0.1,10.0,0.1,F10,10,1,0.0
rn10_eta0.1,10.0,0.1,F10,10,2,0.0
rn10_eta0.1,10.0,0.1,F10,10,3,0.0
rn10_eta0.1,10.0,0.1,F10,10,4,0.0
rn10_eta0.1,10.0,0.1,F10,10,5,0.0
rn10_eta0.1,10.0,0.1,F10,10,6,0.0
rn10_eta0.1,10.0,0.1,F10,10,7,0.0
rn10_eta0.1,10.0,0.1,F10,10,8,0.9949590570932968
rn10_eta0.1,10.0,0.1,F10,10,9,0.0
rn10_eta0.1,10.0,0.1,F10,30,0,1.9899181141867075
rn10_eta0.1,10.0,0.1,F10,30,1,0.0
rn10_eta0.1,10.0,0.1,F10,30,2,0.9949590570932968
rn10_eta0.1,10.0,0.1,F10,30,3,0.9949590570932968
rn10_eta0.1,10.0,0.1,F10,30,4,6.964708361834028
rn10_eta0.1,10.0,0.1,F10,30,5,1.9899181141865936
rn10_eta0.1,10.0,0.1,F10,30,6,3.986621104720712
rn10_eta0.1,10.0,0.1,F10,30,7,0.0
rn10_eta0.1,10.0,0.1,F10,30,8,1.9899181141865936
rn10_eta0.1,10.0,0.1,F10,30,9,0.0
rn10_eta0.1,10.0,0.1,F11,10,0,217.3478123752184
rn10_eta0.1,10.0,0.1,F11,10,1,0.2081429846455194
rn10_eta0.1,10.0,0.1,F11,10,2,249.69550885932608
rn10_eta0.1,10.0,0.1,F11,10,3,0.2081429846455194
rn10_eta0.1,10.0,0.1,F11,10,4,217.3478123752186
rn10_eta0.1,10.0,0.1,F11,10,5,0.0
rn10_eta0.1,10.0,0.1,F11,10,6,217.3478123752184
rn10_eta0.1,10.0,0.1,F11,10,7,0.2081429846455194
rn10_eta0.1,10.0,0.1,F11,10,8,0.0
rn10_eta0.1,10.0,0.1,F11,10,9,0.2081429846455194
rn10_eta0.1,10.0,0.1,F11,30,0,0.0
rn10_eta0.1,10.0,0.1,F11,30,1,52.32050897372165
rn10_eta0.1,10.0,0.1,F11,30,2,0.0693932123849663
rn10_eta0.1,10.0,0.1,F11,30,3,0.0
rn10_eta0.1,10.0,0.1,F11,30,4,0.0
rn10_eta0.1,10.0,0.1,F11,30,5,0.0693932123849663
rn10_eta0.1,10.0,0.1,F11,30,6,0.0693932123849663
rn10_eta0.1,10.0,0.1,F11,30,7,0.0693932123849663
rn10_eta0.1,10.0,0.1,F11,30,8,0.0693932123849663
rn10_eta0.1,10.0,0.1,F11,30,9,0.0
rn10_eta0.1,10.0,0.1,F15,10,0,1.587024460065095
rn10_eta0.1,10.0,0.1,F15,10,1,1.699043118534064
rn10_eta0.1,10.0,0.1,F15,10,2,1.4941613438234072
rn10_eta0.1,10.0,0.1,F15,10,3,233.5460562764852
rn10_eta0.1,10.0,0.1,F15,10,4,0.2373146379659374
rn10_eta0.1,10.0,0.1,F15,10,5,1.7011903136767614
rn10_eta0.1,10.0,0.1,F15,10,6,574.7852245514973
rn10_eta0.1,10.0,0.1,F15,10,7,1.271364606936913
rn10_eta0.1,10.0,0.1,F15,10,8,1.704910956437061
rn10_eta0.1,10.0,0.1,F15,10,9,1.468766090204781
rn10_eta0.1,10.0,0.1,F15,30,0,220.69980425946412
rn10_eta0.1,10.0,0.1,F15,30,1,3.3868887504070244
rn10_eta0.1,10.0,0.1,F15,30,2,6.460150389360251
rn10_eta0.1,10.0,0.1,F15,30,3,231.21799850237608
rn10_eta0.1,10.0,0.1,F15,30,4,3.545943172179932
rn10_eta0.1,10.0,0.1,F15,30,5,3.265936390153911
rn10_eta0.1,10.0,0.1,F15,30,6,3.276596091501915
rn10_eta0.1,10.0,0.1,F15,30,7,3.604773022160998
rn10_eta0.1,10.0,0.1,F15,30,8,3.249831277013982
rn10_eta0.1,10.0,0.1,F15,30,9,3.1705529906935226
rn10_eta0.2,10.0,0.2,F1,10,0,0.0
rn10_eta0.2,10.0,0.2,F1,10,1,0.0
rn10_eta0.2,10.0,0.2,F1,10,2,0.0
rn10_eta0.2,10.0,0.2,F1,10,3,0.0
rn10_eta0.2,10.0,0.2,F1,10,4,0.0
rn10_eta0.2,10.0,0.2,F1,10,5,0.0
rn10_eta0.2,10.0,0.2,F1,10,6,0.0
rn10_eta0.2,10.0,0.2,F1,10,7,0.0
rn10_eta0.2,10.0,0.2,F1,10,8,0.0
rn10_eta0.2,10.0,0.2,F1,10,9,0.0
rn10_eta0.2,10.0,0.2,F1,30,0,0.0
rn10_eta0.2,10.0,0.2,F1,30,1,0.0
rn10_eta0.2,10.0,0.2,F1,30,2,0.0
rn10_eta0.2,10.0,0.2,F1,30,3,0.0
rn10_eta0.2,10.0,0.2,F1,30,4,0.0
rn10_eta0.2,10.0,0.2,F1,30,5,0.0
rn10_eta0.2,10.0,0.2,F1,30,6,0.0
rn10_eta0.2,10.0,0.2,F1,30,7,0.0
rn10_eta0.2,10.0,0.2,F1,30,8,0.0
rn10_eta0.2,10.0,0.2,F1,30,9,0.0
rn10_eta0.2,10.0,0.2,F3,10,0,3.986579112347158
rn10_eta0.2,10.0,0.2,F3,10,1,3.986579112347158
rn10_eta0.2,10.0,0.2,F3,10,2,3.986579112347158
rn10_eta0.2,10.0,0.2,F3,10,3,3.986579112347158
rn10_eta0.2,10.0,0.2,F3,10,4,3.986579112347158
rn10_eta0.2,10.0,0.2,F3,10,5,0.0
rn10_eta0.2,10.0,0.2,F3,10,6,3.986579112347158
rn10_eta0.2,10.0,0.2,F3,10,7,3.986579112347158
rn10_eta0.2,10.0,0.2,F3,10,8,3.986579112347158
rn10_eta0.2,10.0,0.2,F3,10,9,0.0
rn10_eta0.2,10.0,0.2,F3,30,0,31.810711664704968
rn10_eta0.2,10.0,0.2,F3,30,1,31.810711664704968
rn10_eta0.2,10.0,0.2,F3,30,2,31.810711664704968
rn10_eta0.2,10.0,0.2,F3,30,3,31.810711664704968
rn10_eta0.2,10.0,0.2,F3,30,4,31.810711664704968
rn10_eta0.2,10.0,0.2,F3,30,5,31.810711664704968
rn10_eta0.2,10.0,0.2,F3,30,6,31.810711664704968
rn10_eta0.2,10.0,0.2,F3,30,7,31.810711664704968
rn10_eta0.2,10.0,0.2,F3,30,8,31.810711664704968
rn10_eta0.2,10.0,0.2,F3,30,9,31.810711664704968
rn10_eta0.2,10.0,0.2,F4,10,0,2.9848771712798907
rn10_eta0.2,10.0,0.2,F4,10,1,0.9949590570932968
rn10_eta0.2,10.0,0.2,F4,10,2,0.9949590570932968
rn10_eta0.2,10.0,0.2,F4,10,3,0.9949590570932968
rn10_eta0.2,10.0,0.2,F4,10,4,0.9949590570932968
rn10_eta0.2,10.0,0.2,F4,10,5,0.9949590570932968
rn10_eta0.2,10.0,0.2,F4,10,6,0.9949590570932968
rn10_eta0.2,10.0,0.2,F4,10,7,1.9906688476360728
rn10_eta0.2,10.0,0.2,F4,10,8,3.979836228373301
rn10_eta0.2,10.0,0.2,F4,10,9,0.9949590570932968
rn10_eta0.2,10.0,0.2,F4,30,0,7.959672456746375
rn10_eta0.2,10.0,0.2,F4,30,1,7.959672456746375
rn10_eta0.2,10.0,0.2,F4,30,2,6.964713399653078
rn10_eta0.2,10.0,0.2,F4,30,3,7.959672456746432
rn10_eta0.2,10.0,0.2,F4,30,4,11.939508685119565
rn10_eta0.2,10.0,0.2,F4,30,5,4.9747952854664845
rn10_eta0.2,10.0,0.2,F4,30,6,6.964713399653078
rn10_eta0.2,10.0,0.2,F4,30,7,5.969754342559781
rn10_eta0.2,10.0,0.2,F4,30,8,4.9747952854664845
rn10_eta0.2,10.0,0.2,F4,30,9,6.964713399653078
rn10_eta0.2,10.0,0.2,F5,10,0,0.0
rn10_eta0.2,10.0,0.2,F5,10,1,0.0
rn10_eta0.2,10.0,0.2,F5,10,2,0.0
rn10_eta0.2,10.0,0.2,F5,10,3,0.0
rn10_eta0.2,10.0,0.2,F5,10,4,0.0
rn10_eta0.2,10.0,0.2,F5,10,5,0.0
rn10_eta0.2,10.0,0.2,F5,10,6,0.0
rn10_eta0.2,10.0,0.2,F5,10,7,0.0
rn10_eta0.2,10.0,0.2,F5,10,8,0.0
rn10_eta0.2,10.0,0.2,F5,10,9,0.0
rn10_eta0.2,10.0,0.2,F5,30,0,0.0
rn10_eta0.2,10.0,0.2,F5,30,1,0.0
rn10_eta0.2,10.0,0.2,F5,30,2,1.2443774721759837e-07
rn10_eta0.2,10.0,0.2,F5,30,3,0.0
rn10_eta0.2,10.0,0.2,F5,30,4,0.0
rn10_eta0.2,10.0,0.2,F5,30,5,0.0
rn10_eta0.2,10.0,0.2,F5,30,6,0.0
rn10_eta0.2,10.0,0.2,F5,30,7,0.0
rn10_eta0.2,10.0,0.2,F5,30,8,0.0
rn10_eta0.2,10.0,0.2,F5,30,9,1.2443774721759837e-07
rn10_eta0.2,10.0,0.2,F6,10,0,11.529121766745677
rn10_eta0.2,10.0,0.2,F6,10,1,11.365261151083928
rn10_eta0.2,10.0,0.2,F6,10,2,11.692982382407422
rn10_eta0.2,10.0,0.2,F6,10,3,11.692982382407422
rn10_eta0.2,10.0,0.2,F6,10,4,11.692982382407536
rn10_eta0.2,10.0,0.2,F6,10,5,11.692982382407536
rn10_eta0.2,10.0,0.2,F6,10,6,10.873679304098689
rn10_eta0.2,10.0,0.2,F6,10,7,12.962787213960835
rn10_eta0.2,10.0,0.2,F6,10,8,11.20140053542218
rn10_eta0.2,10.0,0.2,F6,10,9,11.529121766745677
rn10_eta0.2,10.0,0.2,F6,30,0,37.478407531249104
rn10_eta0.2,10.0,0.2,F6,30,1,38.20369784461116
rn10_eta0.2,10.0,0.2,F6,30,2,40.02482690301929
rn10_eta0.2,10.0,0.2,F6,30,3,35.780794616735534
rn10_eta0.2,10.0,0.2,F6,30,4,37.43723548328421
rn10_eta0.2,10.0,0.2,F6,30,5,40.66777312045156
rn10_eta0.2,10.0,0.2,F6,30,6,43.93948280558402
rn10_eta0.2,10.0,0.2,F6,30,7,39.90130840153063
rn10_eta0.2,10.0,0.2,F6,30,8,35.78079461673565
rn10_eta0.2,10.0,0.2,F6,30,9,38.28604194054094
rn10_eta0.2,10.0,0.2,F7,10,0,4.0
rn10_eta0.2,10.0,0.2,F7,10,1,4.0
rn10_eta0.2,10.0,0.2,F7,10,2,6.000000081122266
rn10_eta0.2,10.0,0.2,F7,10,3,6.000000113327474
rn10_eta0.2,10.0,0.2,F7,10,4,6.0
rn10_eta0.2,10.0,0.2,F7,10,5,4.0
rn10_eta0.2,10.0,0.2,F7,10,6,4.000054413073599
rn10_eta0.2,10.0,0.2,F7,10,7,6.0
rn10_eta0.2,10.0,0.2,F7,10,8,8.0
rn10_eta0.2,10.0,0.2,F7,10,9,6.0
rn10_eta0.2,10.0,0.2,F7,30,0,24.0
rn10_eta0.2,10.0,0.2,F7,30,1,34.000000000000114
rn10_eta0.2,10.0,0.2,F7,30,2,24.000000000000117
rn10_eta0.2,10.0,0.2,F7,30,3,32.0
rn10_eta0.2,10.0,0.2,F7,30,4,26.0
rn10_eta0.2,10.0,0.2,F7,30,5,28.000000000000117
rn10_eta0.2,10.0,0.2,F7,30,6,30.0
rn10_eta0.2,10.0,0.2,F7,30,7,24.0
rn10_eta0.2,10.0,0.2,F7,30,8,26.0
rn10_eta0.2,10.0,0.2,F7,30,9,26.000000000000117
rn10_eta0.2,10.0,0.2,F9,10,0,16.887698572227237
rn10_eta0.2,10.0,0.2,F9,10,1,10.307337450097291
rn10_eta0.2,10.0,0.2,F9,10,2,3.664778451847269
rn10_eta0.2,10.0,0.2,F9,10,3,19.16894129042521
rn10_eta0.2,10.0,0.2,F9,10,4,7.017638961609009
rn10_eta0.2,10.0,0.2,F9,10,5,3.685341878281178
rn10_eta0.2,10.0,0.2,F9,10,6,0.4996355283110461
rn10_eta0.2,10.0,0.2,F9,10,7,6.905609166536124
rn10_eta0.2,10.0,0.2,F9,10,8,6.954830257502181
rn10_eta0.2,10.0,0.2,F9,10,9,0.3758943219609136
rn10_eta0.2,10.0,0.2,F9,30,0,1222.7387391024076
rn10_eta0.2,10.0,0.2,F9,30,1,845.9884794171812
rn10_eta0.2,10.0,0.2,F9,30,2,1081.0247516713098
rn10_eta0.2,10.0,0.2,F9,30,3,885.4384106414509
rn10_eta0.2,10.0,0.2,F9,30,4,1036.1638146716032
rn10_eta0.2,10.0,0.2,F9,30,5,862.5663728356976
rn10_eta0.2,10.0,0.2,F9,30,6,834.0728150823816
rn10_eta0.2,10.0,0.2,F9,30,7,918.9900481245604
rn10_eta0.2,10.0,0.2,F9,30,8,915.3171934151452
rn10_eta0.2,10.0,0.2,F9,30,9,1024.9723210949503
rn10_eta0.2,10.0,0.2,F10,10,0,0.0
rn10_eta0.2,10.0,0.2,F10,10,1,0.0
rn10_eta0.2,10.0,0.2,F10,10,2,4.696387667523368
rn10_eta0.2,10.0,0.2,F10,10,3,0.0
rn10_eta0.2,10.0,0.2,F10,10,4,0.0
rn10_eta0.2,10.0,0.2,F10,10,5,3.701428610430071
rn10_eta0.2,10.0,0.2,F10,10,6,0.0
rn10_eta0.2,10.0,0.2,F10,10,7,3.701428610430071
rn10_eta0.2,10.0,0.2,F10,10,8,0.0
rn10_eta0.2,10.0,0.2,F10,10,9,0.0
rn10_eta0.2,10.0,0.2,F10,30,0,0.9949590570932968
rn10_eta0.2,10.0,0.2,F10,30,1,0.0
rn10_eta0.2,10.0,0.2,F10,30,2,1.9899181141867075
rn10_eta0.2,10.0,0.2,F10,30,3,0.9949590570932968
rn10_eta0.2,10.0,0.2,F10,30,4,1.9899181141867075
rn10_eta0.2,10.0,0.2,F10,30,5,0.9949590570934106
rn10_eta0.2,10.0,0.2,F10,30,6,1.9899181141865936
rn10_eta0.2,10.0,0.2,F10,30,7,0.9949590570932968
rn10_eta0.2,10.0,0.2,F10,30,8,0.0
rn10_eta0.2,10.0,0.2,F10,30,9,3.979836228373188
rn10_eta0.2,10.0,0.2,F11,10,0,0.0
rn10_eta0.2,10.0,0.2,F11,10,1,0.0
rn10_eta0.2,10.0,0.2,F11,10,2,0.2081429846455194
rn10_eta0.2,10.0,0.2,F11,10,3,0.0
rn10_eta0.2,10.0,0.2,F11,10,4,109.88050492509753
rn10_eta0.2,10.0,0.2,F11,10,5,218.39770832970223
rn10_eta0.2,10.0,0.2,F11,10,6,0.2081429846455194
rn10_eta0.2,10.0,0.2,F11,10,7,0.0
rn10_eta0.2,10.0,0.2,F11,10,8,0.0
rn10_eta0.2,10.0,0.2,F11,10,9,0.2081429846455194
rn10_eta0.2,10.0,0.2,F11,30,0,420.1647549768379
rn10_eta0.2,10.0,0.2,F11,30,1,0.0
rn10_eta0.2,10.0,0.2,F11,30,2,0.0
rn10_eta0.2,10.0,0.2,F11,30,3,0.0693932123849663
rn10_eta0.2,10.0,0.2,F11,30,4,0.0
rn10_eta0.2,10.0,0.2,F11,30,5,0.0
rn10_eta0.2,10.0,0.2,F11,30,6,0.0
rn10_eta0.2,10.0,0.2,F11,30,7,0.0
rn10_eta0.2,10.0,0.2,F11,30,8,0.0693932123849663
rn10_eta0.2,10.0,0.2,F11,30,9,0.0
rn10_eta0.2,10.0,0.2,F15,10,0,0.5520272137705433
rn10_eta0.2,10.0,0.2,F15,10,1,233.9036100706876
rn10_eta0.2,10.0,0.2,F15,10,2,434.9885046296886
rn10_eta0.2,10.0,0.2,F15,10,3,1.4013298377424237
rn10_eta0.2,10.0,0.2,F15,10,4,1.2877864336965104
rn10_eta0.2,10.0,0.2,F15,10,5,233.0566260501785
rn10_eta0.2,10.0,0.2,F15,10,6,435.7403530199472
rn10_eta0.2,10.0,0.2,F15,10,7,1.7060547409728315
rn10_eta0.2,10.0,0.2,F15,10,8,232.79338063182357
rn10_eta0.2,10.0,0.2,F15,10,9,0.5148807612722521
rn10_eta0.2,10.0,0.2,F15,30,0,3.374164211861853
rn10_eta0.2,10.0,0.2,F15,30,1,3.514343133515468
rn10_eta0.2,10.0,0.2,F15,30,2,2.883995225206036
rn10_eta0.2,10.0,0.2,F15,30,3,3.242848385197476
rn10_eta0.2,10.0,0.2,F15,30,4,3.562666931742797
rn10_eta0.2,10.0,0.2,F15,30,5,631.3017850702727
rn10_eta0.2,10.0,0.2,F15,30,6,2.5508638281380627
rn10_eta0.2,10.0,0.2,F15,30,7,3.029265697776964
rn10_eta0.2,10.0,0.2,F15,30,8,3.3031353942137684
rn10_eta0.2,10.0,0.2,F15,30,9,3.2588940503703725
rn12_eta0.1,12.0,0.1,F1,10,0,0.0
rn12_eta0.1,12.0,0.1,F1,10,1,0.0
rn12_eta0.1,12.0,0.1,F1,10,2,0.0
rn12_eta0.1,12.0,0.1,F1,10,3,0.0
rn12_eta0.1,12.0,0.1,F1,10,4,0.0
rn12_eta0.1,12.0,0.1,F1,10,5,0.0
rn12_eta0.1,12.0,0.1,F1,10,6,0.0
rn12_eta0.1,12.0,0.1,F1,10,7,0.0
rn12_eta0.1,12.0,0.1,F1,10,8,0.0
rn12_eta0.1,12.0,0.1,F1,10,9,0.0
rn12_eta0.1,12.0,0.1,F1,30,0,0.0
rn12_eta0.1,12.0,0.1,F1,30,1,0.0
rn12_eta0.1,12.0,0.1,F1,30,2,0.0
rn12_eta0.1,12.0,0.1,F1,30,3,0.0
rn12_eta0.1,12.0,0.1,F1,30,4,0.0
rn12_eta0.1,12.0,0.1,F1,30,5,0.0
rn12_eta0.1,12.0,0.1,F1,30,6,0.0
rn12_eta0.1,12.0,0.1,F1,30,7,0.0
rn12_eta0.1,12.0,0.1,F1,30,8,0.0
rn12_eta0.1,12.0,0.1,F1,30,9,0.0
rn12_eta0.1,12.0,0.1,F3,10,0,3.986579112347158
rn12_eta0.1,12.0,0.1,F3,10,1,3.986579112347158
rn12_eta0.1,12.0,0.1,F3,10,2,3.986579112347158
rn12_eta0.1,12.0,0.1,F3,10,3,3.986579112347158
rn12_eta0.1,12.0,0.1,F3,10,4,3.986579112347158
rn12_eta0.1,12.0,0.1,F3,10,5,0.0
rn12_eta0.1,12.0,0.1,F3,10,6,3.986579112347158
rn12_eta0.1,12.0,0.1,F3,10,7,3.986579112347158
rn12_eta0.1,12.0,0.1,F3,10,8,3.986579112347158
rn12_eta0.1,12.0,0.1,F3,10,9,3.986579112347158
rn12_eta0.1,12.0,0.1,F3,30,0,31.810711664704968
rn12_eta0.1,12.0,0.1,F3,30,1,31.810711664704968
rn12_eta0.1,12.0,0.1,F3,30,2,31.810711664704968
rn12_eta0.1,12.0,0.1,F3,30,3,31.810711664704968
rn12_eta0.1,12.0,0.1,F3,30,4,31.810711664704968
rn12_eta0.1,12.0,0.1,F3,30,5,31.810711664704968
rn12_eta0.1,12.0,0.1,F3,30,6,31.810711664704968
rn12_eta0.1,12.0,0.1,F3,30,7,31.810711664704968
rn12_eta0.1,12.0,0.1,F3,30,8,31.810711664704968
rn12_eta0.1,12.0,0.1,F3,30,9,31.810711664704968
rn12_eta0.1,12.0,0.1,F4,10,0,0.0
rn12_eta0.1,12.0,0.1,F4,10,1,0.9949590570932968
rn12_eta0.1,12.0,0.1,F4,10,2,0.9949590570932968
rn12_eta0.1,12.0,0.1,F4,10,3,1.9899181141865936
rn12_eta0.1,12.0,0.1,F4,10,4,1.9899181141865936
rn12_eta0.1,12.0,0.1,F4,10,5,1.9899181141865936
rn12_eta0.1,12.0,0.1,F4,10,6,0.9949590570932968
rn12_eta0.1,12.0,0.1,F4,10,7,2.9848771712798907
rn12_eta0.1,12.0,0.1,F4,10,8,1.9899181141865936
rn12_eta0.1,12.0,0.1,F4,10,9,1.9899181141865936
rn12_eta0.1,12.0,0.1,F4,30,0,7.959672456746375
rn12_eta0.1,12.0,0.1,F4,30,1,6.964713399653078
rn12_eta0.1,12.0,0.1,F4,30,2,5.969754342559781
rn12_eta0.1,12.0,0.1,F4,30,3,7.959672456746375
rn12_eta0.1,12.0,0.1,F4,30,4,8.954631513839672
rn12_eta0.1,12.0,0.1,F4,30,5,5.969754342559781
rn12_eta0.1,12.0,0.1,F4,30,6,8.954631513839672
rn12_eta0.1,12.0,0.1,F4,30,7,6.964713399653135
rn12_eta0.1,12.0,0.1,F4,30,8,6.964713399653078
rn12_eta0.1,12.0,0.1,F4,30,9,6.964713399653135
rn12_eta0.1,12.0,0.1,F5,10,0,0.0
rn12_eta0.1,12.0,0.1,F5,10,1,0.0
rn12_eta0.1,12.0,0.1,F5,10,2,0.0
rn12_eta0.1,12.0,0.1,F5,10,3,0.0
rn12_eta0.1,12.0,0.1,F5,10,4,0.0
rn12_eta0.1,12.0,0.1,F5,10,5,0.0
rn12_eta0.1,12.0,0.1,F5,10,6,0.0
rn12_eta0.1,12.0,0.1,F5,10,7,0.0
rn12_eta0.1,12.0,0.1,F5,10,8,0.0
rn12_eta0.1,12.0,0.1,F5,10,9,0.0
rn12_eta0.1,12.0,0.1,F5,30,0,0.0
rn12_eta0.1,12.0,0.1,F5,30,1,0.0
rn12_eta0.1,12.0,0.1,F5,30,2,0.0
rn12_eta0.1,12.0,0.1,F5,30,3,6.408140507119242e-08
rn12_eta0.1,12.0,0.1,F5,30,4,0.0
rn12_eta0.1,12.0,0.1,F5,30,5,0.0
rn12_eta0.1,12.0,0.1,F5,30,6,1.6053292029027946e-07
rn12_eta0.1,12.0,0.1,F5,30,7,6.778185479561216e-08
rn12_eta0.1,12.0,0.1,F5,30,8,0.0
rn12_eta0.1,12.0,0.1,F5,30,9,0.0
rn12_eta0.1,12.0,0.1,F6,10,0,12.962786998598403
rn12_eta0.1,12.0,0.1,F6,10,1,13.12664782962247
rn12_eta0.1,12.0,0.1,F6,10,2,12.307344751313735
rn12_eta0.1,12.0,0.1,F6,10,3,4.9747952854664845
rn12_eta0.1,12.0,0.1,F6,10,4,11.856842998069396
rn12_eta0.1,12.0,0.1,F6,10,5,12.143484135651876
rn12_eta0.1,12.0,0.1,F6,10,6,13.57714958286681
rn12_eta0.1,12.0,0.1,F6,10,7,11.037539919760434
rn12_eta0.1,12.0,0.1,F6,10,8,12.14408789793208
rn12_eta0.1,12.0,0.1,F6,10,9,11.529121766745677
rn12_eta0.1,12.0,0.1,F6,30,0,36.58842902602737
rn12_eta0.1,12.0,0.1,F6,30,1,35.86313871266532
rn12_eta0.1,12.0,0.1,F6,30,2,37.478407531249104
rn12_eta0.1,12.0,0.1,F6,30,3,34.206697846116754
rn12_eta0.1,12.0,0.1,F6,30,4,39.86013635356562
rn12_eta0.1,12.0,0.1,F6,30,5,37.478407531249104
rn12_eta0.1,12.0,0.1,F6,30,6,41.59892367363818
rn12_eta0.1,12.0,0.1,F6,30,7,36.670773121957154
rn12_eta0.1,12.0,0.1,F6,30,8,37.519579579214
rn12_eta0.1,12.0,0.1,F6,30,9,34.97316020744472
rn12_eta0.1,12.0,0.1,F7,10,0,8.0
rn12_eta0.1,12.0,0.1,F7,10,1,6.0
rn12_eta0.1,12.0,0.1,F7,10,2,6.0
rn12_eta0.1,12.0,0.1,F7,10,3,8.000007535112786
rn12_eta0.1,12.0,0.1,F7,10,4,8.000000000076852
rn12_eta0.1,12.0,0.1,F7,10,5,8.000000047569301
rn12_eta0.1,12.0,0.1,F7,10,6,6.0
rn12_eta0.1,12.0,0.1,F7,10,7,4.002603129418617
rn12_eta0.1,12.0,0.1,F7,10,8,8.0
rn12_eta0.1,12.0,0.1,F7,10,9,8.0
rn12_eta0.1,12.0,0.1,F7,30,0,26.0
rn12_eta0.1,12.0,0.1,F7,30,1,30.000000000000117
rn12_eta0.1,12.0,0.1,F7,30,2,22.0
rn12_eta0.1,12.0,0.1,F7,30,3,24.0
rn12_eta0.1,12.0,0.1,F7,30,4,26.0
rn12_eta0.1,12.0,0.1,F7,30,5,34.0
rn12_eta0.1,12.0,0.1,F7,30,6,32.00000000000023
rn12_eta0.1,12.0,0.1,F7,30,7,18.0
rn12_eta0.1,12.0,0.1,F7,30,8,38.0
rn12_eta0.1,12.0,0.1,F7,30,9,26.000000000003183
rn12_eta0.1,12.0,0.1,F9,10,0,10.256300858997747
rn12_eta0.1,12.0,0.1,F9,10,1,6.966956084546837
rn12_eta0.1,12.0,0.1,F9,10,2,18.721900995683427
rn12_eta0.1,12.0,0.1,F9,10,3,3.602324010808843
rn12_eta0.1,12.0,0.1,F9,10,4,3.539869569832262
rn12_eta0.1,12.0,0.1,F9,10,5,0.3747266474292701
rn12_eta0.1,12.0,0.1,F9,10,6,3.664778451847269
rn12_eta0.1,12.0,0.1,F9,10,7,6.955217946680932
rn12_eta0.1,12.0,0.1,F9,10,8,3.623218750354681
rn12_eta0.1,12.0,0.1,F9,10,9,3.6023291162300666
rn12_eta0.1,12.0,0.1,F9,30,0,496.1489616945328
rn12_eta0.1,12.0,0.1,F9,30,1,887.8139671893005
rn12_eta0.1,12.0,0.1,F9,30,2,743.4231786571399
rn12_eta0.1,12.0,0.1,F9,30,3,889.3358137759133
rn12_eta0.1,12.0,0.1,F9,30,4,652.9675530064014
rn12_eta0.1,12.0,0.1,F9,30,5,885.7987669351078
rn12_eta0.1,12.0,0.1,F9,30,6,685.3498837917687
rn12_eta0.1,12.0,0.1,F9,30,7,778.3468894489415
rn12_eta0.1,12.0,0.1,F9,30,8,902.6758605283468
rn12_eta0.1,12.0,0.1,F9,30,9,695.0961155268305
rn12_eta0.1,12.0,0.1,F10,10,0,0.0
rn12_eta0.1,12.0,0.1,F10,10,1,0.0
rn12_eta0.1,12.0,0.1,F10,10,2,0.0
rn12_eta0.1,12.0,0.1,F10,10,3,0.0
rn12_eta0.1,12.0,0.1,F10,10,4,5.691346724616551
rn12_eta0.1,12.0,0.1,F10,10,5,0.0
rn12_eta0.1,12.0,0.1,F10,10,6,0.0
rn12_eta0.1,12.0,0.1,F10,10,7,0.0
rn12_eta0.1,12.0,0.1,F10,10,8,0.0
rn12_eta0.1,12.0,0.1,F10,10,9,0.0
rn12_eta0.1,12.0,0.1,F10,30,0,1.9899181141867075
rn12_eta0.1,12.0,0.1,F10,30,1,0.9949590570934106
rn12_eta0.1,12.0,0.1,F10,30,2,0.9949590570934106
rn12_eta0.1,12.0,0.1,F10,30,3,0.9949590570934106
rn12_eta0.1,12.0,0.1,F10,30,4,5.976539218907192
rn12_eta0.1,12.0,0.1,F10,30,5,1.9899181141867075
rn12_eta0.1,12.0,0.1,F10,30,6,1.9899181141867075
rn12_eta0.1,12.0,0.1,F10,30,7,5.969749304740731
rn12_eta0.1,12.0,0.1,F10,30,8,0.0
rn12_eta0.1,12.0,0.1,F10,30,9,0.9949590570934106
rn12_eta0.1,12.0,0.1,F11,10,0,0.2081429846455194
rn12_eta0.1,12.0,0.1,F11,10,1,0.0
rn12_eta0.1,12.0,0.1,F11,10,2,0.2081429846455194
rn12_eta0.1,12.0,0.1,F11,10,3,0.2081429846455194
rn12_eta0.1,12.0,0.1,F11,10,4,0.2081429846455194
rn12_eta0.1,12.0,0.1,F11,10,5,174.7754566939102
rn12_eta0.1,12.0,0.1,F11,10,6,0.0
rn12_eta0.1,12.0,0.1,F11,10,7,0.2081429846455194
rn12_eta0.1,12.0,0.1,F11,10,8,0.0
rn12_eta0.1,12.0,0.1,F11,10,9,0.2081429846455194
rn12_eta0.1,12.0,0.1,F11,30,0,0.0
rn12_eta0.1,12.0,0.1,F11,30,1,12.109996747208925
rn12_eta0.1,12.0,0.1,F11,30,2,0.0
rn12_eta0.1,12.0,0.1,F11,30,3,0.0
rn12_eta0.1,12.0,0.1,F11,30,4,52.32050897372142
rn12_eta0.1,12.0,0.1,F11,30,5,0.0
rn12_eta0.1,12.0,0.1,F11,30,6,0.0693932123849663
rn12_eta0.1,12.0,0.1,F11,30,7,0.0693932123849663
rn12_eta0.1,12.0,0.1,F11,30,8,12.109996747208925
rn12_eta0.1,12.0,0.1,F11,30,9,0.0
rn12_eta0.1,12.0,0.1,F15,10,0,233.02276046043423
rn12_eta0.1,12.0,0.1,F15,10,1,435.9307008440305
rn12_eta0.1,12.0,0.1,F15,10,2,435.9766688414748
rn12_eta0.1,12.0,0.1,F15,10,3,233.0376794948645
rn12_eta0.1,12.0,0.1,F15,10,4,435.61134583341095
rn12_eta0.1,12.0,0.1,F15,10,5,0.2919618465457461
rn12_eta0.1,12.0,0.1,F15,10,6,0.5187447088405861
rn12_eta0.1,12.0,0.1,F15,10,7,434.9867834993249
rn12_eta0.1,12.0,0.1,F15,10,8,233.02723383528632
rn12_eta0.1,12.0,0.1,F15,10,9,1.0158895027550443
rn12_eta0.1,12.0,0.1,F15,30,0,2.1570421353887923
rn12_eta0.1,12.0,0.1,F15,30,1,3.411480720224745
rn12_eta0.1,12.0,0.1,F15,30,2,3.6146333881449664
rn12_eta0.1,12.0,0.1,F15,30,3,3.316123387663538
rn12_eta0.1,12.0,0.1,F15,30,4,3.37018441437408
rn12_eta0.1,12.0,0.1,F15,30,5,3.470999103232316
rn12_eta0.1,12.0,0.1,F15,30,6,2.9972797378206906
rn12_eta0.1,12.0,0.1,F15,30,7,3.5107970136177755
rn12_eta0.1,12.0,0.1,F15,30,8,3.330230663909333
rn12_eta0.1,12.0,0.1,F15,30,9,3.1892708722734824
rn12_eta0.2,12.0,0.2,F1,10,0,0.0
rn12_eta0.2,12.0,0.2,F1,10,1,0.0
rn12_eta0.2,12.0,0.2,F1,10,2,0.0
rn12_eta0.2,12.0,0.2,F1,10,3,0.0
rn12_eta0.2,12.0,0.2,F1,10,4,0.0
rn12_eta0.2,12.0,0.2,F1,10,5,0.0
rn12_eta0.2,12.0,0.2,F1,10,6,0.0
rn12_eta0.2,12.0,0.2,F1,10,7,0.0
rn12_eta0.2,12.0,0.2,F1,10,8,0.0
rn12_eta0.2,12.0,0.2,F1,10,9,0.0
rn12_eta0.2,12.0,0.2,F1,30,0,0.0
rn12_eta0.2,12.0,0.2,F1,30,1,0.0
rn12_eta0.2,12.0,0.2,F1,30,2,0.0
rn12_eta0.2,12.0,0.2,F1,30,3,0.0
rn12_eta0.2,12.0,0.2,F1,30,4,0.0
rn12_eta0.2,12.0,0.2,F1,30,5,0.0
rn12_eta0.2,12.0,0.2,F1,30,6,0.0
rn12_eta0.2,12.0,0.2,F1,30,7,0.0
rn12_eta0.2,12.0,0.2,F1,30,8,0.0
rn12_eta0.2,12.0,0.2,F1,30,9,0.0
rn12_eta0.2,12.0,0.2,F3,10,0,3.986579112347158
rn12_eta0.2,12.0,0.2,F3,10,1,3.986579112347158
rn12_eta0.2,12.0,0.2,F3,10,2,3.986579112347158
rn12_eta0.2,12.0,0.2,F3,10,3,3.986579112347158
rn12_eta0.2,12.0,0.2,F3,10,4,3.986579112347158
rn12_eta0.2,12.0,0.2,F3,10,5,3.986579112347158
rn12_eta0.2,12.0,0.2,F3,10,6,3.986579112347158
rn12_eta0.2,12.0,0.2,F3,10,7,3.986579112347158
rn12_eta0.2,12.0,0.2,F3,10,8,3.986579112347158
rn12_eta0.2,12.0,0.2,F3,10,9,3.986579112347158
rn12_eta0.2,12.0,0.2,F3,30,0,31.810711664704968
rn12_eta0.2,12.0,0.2,F3,30,1,31.810711664704968
rn12_eta0.2,12.0,0.2,F3,30,2,31.810711664704968
rn12_eta0.2,12.0,0.2,F3,30,3,31.810711664704968
rn12_eta0.2,12.0,0.2,F3,30,4,31.810711664704968
rn12_eta0.2,12.0,0.2,F3,30,5,31.810711664704968
rn12_eta0.2,12.0,0.2,F3,30,6,31.810711664704968
rn12_eta0.2,12.0,0.2,F3,30,7,31.810711664704968
rn12_eta0.2,12.0,0.2,F3,30,8,31.810711664704968
rn12_eta0.2,12.0,0.2,F3,30,9,31.810711664704968
rn12_eta0.2,12.0,0.2,F4,10,0,0.9949590570932968
rn12_eta0.2,12.0,0.2,F4,10,1,1.9899181141865936
rn12_eta0.2,12.0,0.2,F4,10,2,1.9899181218459605
rn12_eta0.2,12.0,0.2,F4,10,3,2.9848771712798907
rn12_eta0.2,12.0,0.2,F4,10,4,2.9848771712798907
rn12_eta0.2,12.0,0.2,F4,10,5,2.9848953218109955
rn12_eta0.2,12.0,0.2,F4,10,6,0.9949590570933536
rn12_eta0.2,12.0,0.2,F4,10,7,0.9949590570932968
rn12_eta0.2,12.0,0.2,F4,10,8,1.9899181141865936
rn12_eta0.2,12.0,0.2,F4,10,9,0.9949590570932968
rn12_eta0.2,12.0,0.2,F4,30,0,6.964713399653078
rn12_eta0.2,12.0,0.2,F4,30,1,9.949590570932967
rn12_eta0.2,12.0,0.2,F4,30,2,7.959672456746375
rn12_eta0.2,12.0,0.2,F4,30,3,8.954631514478649
rn12_eta0.2,12.0,0.2,F4,30,4,6.964713399653078
rn12_eta0.2,12.0,0.2,F4,30,5,6.964713399653078
rn12_eta0.2,12.0,0.2,F4,30,6,7.959672456746375
rn12_eta0.2,12.0,0.2,F4,30,7,5.969754342559781
rn12_eta0.2,12.0,0.2,F4,30,8,7.959672456746432
rn12_eta0.2,12.0,0.2,F4,30,9,6.964713399653078
rn12_eta0.2,12.0,0.2,F5,10,0,0.0
rn12_eta0.2,12.0,0.2,F5,10,1,0.0
rn12_eta0.2,12.0,0.2,F5,10,2,0.0
rn12_eta0.2,12.0,0.2,F5,10,3,0.0
rn12_eta0.2,12.0,0.2,F5,10,4,0.0
rn12_eta0.2,12.0,0.2,F5,10,5,0.0
rn12_eta0.2,12.0,0.2,F5,10,6,0.0
rn12_eta0.2,12.0,0.2,F5,10,7,0.0
rn12_eta0.2,12.0,0.2,F5,10,8,0.0
rn12_eta0.2,12.0,0.2,F5,10,9,0.0
rn12_eta0.2,12.0,0.2,F5,30,0,0.0
rn12_eta0.2,12.0,0.2,F5,30,1,0.0
rn12_eta0.2,12.0,0.2,F5,30,2,0.0
rn12_eta0.2,12.0,0.2,F5,30,3,0.0
rn12_eta0.2,12.0,0.2,F5,30,4,0.0
rn12_eta0.2,12.0,0.2,F5,30,5,0.0
rn12_eta0.2,12.0,0.2,F5,30,6,0.0
rn12_eta0.2,12.0,0.2,F5,30,7,0.0
rn12_eta0.2,12.0,0.2,F5,30,8,2.6113582407560898e-08
rn12_eta0.2,12.0,0.2,F5,30,9,3.8923360534681706e-08
rn12_eta0.2,12.0,0.2,F6,10,0,12.471205366975369
rn12_eta0.2,12.0,0.2,F6,10,1,11.856842998069284
rn12_eta0.2,12.0,0.2,F6,10,2,11.529121766745677
rn12_eta0.2,12.0,0.2,F6,10,3,11.20140053542218
rn12_eta0.2,12.0,0.2,F6,10,4,11.856842998069284
rn12_eta0.2,12.0,0.2,F6,10,5,11.20140053542218
rn12_eta0.2,12.0,0.2,F6,10,6,13.57714958286681
rn12_eta0.2,12.0,0.2,F6,10,7,14.068731429852164
rn12_eta0.2,12.0,0.2,F6,10,8,11.20140053542218
rn12_eta0.2,12.0,0.2,F6,10,9,11.037539919760434
rn12_eta0.2,12.0,0.2,F6,30,0,35.82196666470054
rn12_eta0.2,12.0,0.2,F6,30,1,38.20369784461127
rn12_eta0.2,12.0,0.2,F6,30,2,36.5060849300977
rn12_eta0.2,12.0,0.2,F6,30,3,39.09367399223879
rn12_eta0.2,12.0,0.2,F6,30,4,37.43723548328421
rn12_eta0.2,12.0,0.2,F6,30,5,38.20369784461116
rn12_eta0.2,12.0,0.2,F6,30,6,36.670773121957154
rn12_eta0.2,12.0,0.2,F6,30,7,36.67077312195727
rn12_eta0.2,12.0,0.2,F6,30,8,36.58842902602749
rn12_eta0.2,12.0,0.2,F6,30,9,38.32721163091173
rn12_eta0.2,12.0,0.2,F7,10,0,6.0
rn12_eta0.2,12.0,0.2,F7,10,1,4.0
rn12_eta0.2,12.0,0.2,F7,10,2,8.000000000008072
rn12_eta0.2,12.0,0.2,F7,10,3,6.0
rn12_eta0.2,12.0,0.2,F7,10,4,6.0
rn12_eta0.2,12.0,0.2,F7,10,5,4.000010577584931
rn12_eta0.2,12.0,0.2,F7,10,6,8.0
rn12_eta0.2,12.0,0.2,F7,10,7,6.000006195874107
rn12_eta0.2,12.0,0.2,F7,10,8,8.0
rn12_eta0.2,12.0,0.2,F7,10,9,4.0
rn12_eta0.2,12.0,0.2,F7,30,0,30.00000000000932
rn12_eta0.2,12.0,0.2,F7,30,1,24.0
rn12_eta0.2,12.0,0.2,F7,30,2,34.0
rn12_eta0.2,12.0,0.2,F7,30,3,22.0
rn12_eta0.2,12.0,0.2,F7,30,4,26.000000000000117
rn12_eta0.2,12.0,0.2,F7,30,5,28.000000000000117
rn12_eta0.2,12.0,0.2,F7,30,6,28.000000000000117
rn12_eta0.2,12.0,0.2,F7,30,7,24.0
rn12_eta0.2,12.0,0.2,F7,30,8,18.0
rn12_eta0.2,12.0,0.2,F7,30,9,30.0
rn12_eta0.2,12.0,0.2,F9,10,0,7.017284698500589
rn12_eta0.2,12.0,0.2,F9,10,1,3.7442023973972023
rn12_eta0.2,12.0,0.2,F9,10,2,10.314277947181836
rn12_eta0.2,12.0,0.2,F9,10,3,3.727232892886605
rn12_eta0.2,12.0,0.2,F9,10,4,0.5620899693840329
rn12_eta0.2,12.0,0.2,F9,10,5,3.667627194498891
rn12_eta0.2,12.0,0.2,F9,10,6,10.38139042851617
rn12_eta0.2,12.0,0.2,F9,10,7,10.20058581896228
rn12_eta0.2,12.0,0.2,F9,10,8,6.966388882616229
rn12_eta0.2,12.0,0.2,F9,10,9,6.892375816888489
rn12_eta0.2,12.0,0.2,F9,30,0,898.1860404977051
rn12_eta0.2,12.0,0.2,F9,30,1,935.9822626144778
rn12_eta0.2,12.0,0.2,F9,30,2,887.4650325261791
rn12_eta0.2,12.0,0.2,F9,30,3,680.1217725112001
rn12_eta0.2,12.0,0.2,F9,30,4,717.1362641570613
rn12_eta0.2,12.0,0.2,F9,30,5,1249.504550794747
rn12_eta0.2,12.0,0.2,F9,30,6,968.4336493908812
rn12_eta0.2,12.0,0.2,F9,30,7,795.3087428793115
rn12_eta0.2,12.0,0.2,F9,30,8,798.0456197784861
rn12_eta0.2,12.0,0.2,F9,30,9,990.4083300685088
rn12_eta0.2,12.0,0.2,F10,10,0,0.0
rn12_eta0.2,12.0,0.2,F10,10,1,0.0
rn12_eta0.2,12.0,0.2,F10,10,2,0.0
rn12_eta0.2,12.0,0.2,F10,10,3,0.0
rn12_eta0.2,12.0,0.2,F10,10,4,0.0
rn12_eta0.2,12.0,0.2,F10,10,5,0.0
rn12_eta0.2,12.0,0.2,F10,10,6,0.0
rn12_eta0.2,12.0,0.2,F10,10,7,0.0
rn12_eta0.2,12.0,0.2,F10,10,8,3.701428610430071
rn12_eta0.2,12.0,0.2,F10,10,9,0.0
rn12_eta0.2,12.0,0.2,F10,30,0,0.0
rn12_eta0.2,12.0,0.2,F10,30,1,1.9899181141865936
rn12_eta0.2,12.0,0.2,F10,30,2,0.0
rn12_eta0.2,12.0,0.2,F10,30,3,0.9949590570934106
rn12_eta0.2,12.0,0.2,F10,30,4,2.9848771712798907
rn12_eta0.2,12.0,0.2,F10,30,5,3.986621104720712
rn12_eta0.2,12.0,0.2,F10,30,6,0.9949590570932968
rn12_eta0.2,12.0,0.2,F10,30,7,0.9949590570932968
rn12_eta0.2,12.0,0.2,F10,30,8,0.9949590570932968
rn12_eta0.2,12.0,0.2,F10,30,9,0.0
rn12_eta0.2,12.0,0.2,F11,10,0,0.2081429846455194
rn12_eta0.2,12.0,0.2,F11,10,1,217.3478123752184
rn12_eta0.2,12.0,0.2,F11,10,2,0.2081429846455194
rn12_eta0.2,12.0,0.2,F11,10,3,217.3478123752186
rn12_eta0.2,12.0,0.2,F11,10,4,0.2081429846455194
rn12_eta0.2,12.0,0.2,F11,10,5,217.3478123752184
rn12_eta0.2,12.0,0.2,F11,10,6,217.3478123752184
rn12_eta0.2,12.0,0.2,F11,10,7,0.2081429846455194
rn12_eta0.2,12.0,0.2,F11,10,8,217.1396693905731
rn12_eta0.2,12.0,0.2,F11,10,9,0.0
rn12_eta0.2,12.0,0.2,F11,30,0,12.109996747208925
rn12_eta0.2,12.0,0.2,F11,30,1,0.0693932123849663
rn12_eta0.2,12.0,0.2,F11,30,2,0.0693932123849663
rn12_eta0.2,12.0,0.2,F11,30,3,0.0
rn12_eta0.2,12.0,0.2,F11,30,4,0.0
rn12_eta0.2,12.0,0.2,F11,30,5,52.32050897372165
rn12_eta0.2,12.0,0.2,F11,30,6,0.0
rn12_eta0.2,12.0,0.2,F11,30,7,0.0693932123849663
rn12_eta0.2,12.0,0.2,F11,30,8,0.0
rn12_eta0.2,12.0,0.2,F11,30,9,0.0693932123849663
rn12_eta0.2,12.0,0.2,F15,10,0,1.7054428166568414
rn12_eta0.2,12.0,0.2,F15,10,1,1.3398229098993395
rn12_eta0.2,12.0,0.2,F15,10,2,233.5408780068121
rn12_eta0.2,12.0,0.2,F15,10,3,1.7060547405590114
rn12_eta0.2,12.0,0.2,F15,10,4,0.5193396490603845
rn12_eta0.2,12.0,0.2,F15,10,5,0.517625952332537
rn12_eta0.2,12.0,0.2,F15,10,6,0.4999536667030497
rn12_eta0.2,12.0,0.2,F15,10,7,0.4607988000284422
rn12_eta0.2,12.0,0.2,F15,10,8,1.673227398486688
rn12_eta0.2,12.0,0.2,F15,10,9,1.7028844178805684
rn12_eta0.2,12.0,0.2,F15,30,0,3.505027806034832
rn12_eta0.2,12.0,0.2,F15,30,1,3.3538626803767784
rn12_eta0.2,12.0,0.2,F15,30,2,3.340635782987647
rn12_eta0.2,12.0,0.2,F15,30,3,3.3609078209235577
rn12_eta0.2,12.0,0.2,F15,30,4,3.1771245663994705
rn12_eta0.2,12.0,0.2,F15,30,5,3.4081510288708614
rn12_eta0.2,12.0,0.2,F15,30,6,3.595650025315308
rn12_eta0.2,12.0,0.2,F15,30,7,3.086779799238684
rn12_eta0.2,12.0,0.2,F15,30,8,3.5614376088012705
rn12_eta0.2,12.0,0.2,F15,30,9,3.3829766366873173
rn14_eta0.1,14.0,0.1,F1,10,0,0.0
rn14_eta0.1,14.0,0.1,F1,10,1,0.0
rn14_eta0.1,14.0,0.1,F1,10,2,0.0
rn14_eta0.1,14.0,0.1,F1,10,3,0.0
rn14_eta0.1,14.0,0.1,F1,10,4,0.0
rn14_eta0.1,14.0,0.1,F1,10,5,0.0
rn14_eta0.1,14.0,0.1,F1,10,6,0.0
rn14_eta0.1,14.0,0.1,F1,10,7,0.0
rn14_eta0.1,14.0,0.1,F1,10,8,0.0
rn14_eta0.1,14.0,0.1,F1,10,9,0.0
rn14_eta0.1,14.0,0.1,F1,30,0,0.0
rn14_eta0.1,14.0,0.1,F1,30,1,0.0
rn14_eta0.1,14.0,0.1,F1,30,2,0.0
rn14_eta0.1,14.0,0.1,F1,30,3,0.0
rn14_eta0.1,14.0,0.1,F1,30,4,0.0
rn14_eta0.1,14.0,0.1,F1,30,5,0.0
rn14_eta0.1,14.0,0.1,F1,30,6,0.0
rn14_eta0.1,14.0,0.1,F1,30,7,0.0
rn14_eta0.1,14.0,0.1,F1,30,8,0.0
rn14_eta0.1,14.0,0.1,F1,30,9,0.0
rn14_eta0.1,14.0,0.1,F3,10,0,3.986579112347158
rn14_eta0.1,14.0,0.1,F3,10,1,3.986579112347158
rn14_eta0.1,14.0,0.1,F3,10,2,3.986579112347158
rn14_eta0.1,14.0,0.1,F3,10,3,3.986579112347158
rn14_eta0.1,14.0,0.1,F3,10,4,3.986579112347158
rn14_eta0.1,14.0,0.1,F3,10,5,0.0
rn14_eta0.1,14.0,0.1,F3,10,6,3.986579112347158
rn14_eta0.1,14.0,0.1,F3,10,7,3.986579112347158
rn14_eta0.1,14.0,0.1,F3,10,8,3.986579112347158
rn14_eta0.1,14.0,0.1,F3,10,9,3.986579112347158
rn14_eta0.1,14.0,0.1,F3,30,0,31.810711664704968
rn14_eta0.1,14.0,0.1,F3,30,1,31.810711664704968
rn14_eta0.1,14.0,0.1,F3,30,2,31.810711664704968
rn14_eta0.1,14.0,0.1,F3,30,3,31.810711664704968
rn14_eta0.1,14.0,0.1,F3,30,4,31.810711664704968
rn14_eta0.1,14.0,0.1,F3,30,5,31.810711664704968
rn14_eta0.1,14.0,0.1,F3,30,6,31.810711664704968
rn14_eta0.1,14.0,0.1,F3,30,7,31.810711664704968
rn14_eta0.1,14.0,0.1,F3,30,8,31.810711664704968
rn14_eta0.1,14.0,0.1,F3,30,9,31.810711664704968
rn14_eta0.1,14.0,0.1,F4,10,0,0.9949590570932968
rn14_eta0.1,14.0,0.1,F4,10,1,1.9899181141865936
rn14_eta0.1,14.0,0.1,F4,10,2,1.9899181141865936
rn14_eta0.1,14.0,0.1,F4,10,3,0.9949590570932968
rn14_eta0.1,14.0,0.1,F4,10,4,1.9899181141865936
rn14_eta0.1,14.0,0.1,F4,10,5,1.9899181143131277
rn14_eta0.1,14.0,0.1,F4,10,6,0.9949590570932968
rn14_eta0.1,14.0,0.1,F4,10,7,0.0
rn14_eta0.1,14.0,0.1,F4,10,8,0.0
rn14_eta0.1,14.0,0.1,F4,10,9,0.0
rn14_eta0.1,14.0,0.1,F4,30,0,5.969754342559838
rn14_eta0.1,14.0,0.1,F4,30,1,8.954631513839672
rn14_eta0.1,14.0,0.1,F4,30,2,3.979836228373245
rn14_eta0.1,14.0,0.1,F4,30,3,5.969754342559781
rn14_eta0.1,14.0,0.1,F4,30,4,5.969754342559781
rn14_eta0.1,14.0,0.1,F4,30,5,6.964713399653135
rn14_eta0.1,14.0,0.1,F4,30,6,4.9747952854664845
rn14_eta0.1,14.0,0.1,F4,30,7,4.9747952854664845
rn14_eta0.1,14.0,0.1,F4,30,8,1.9899181141866509
rn14_eta0.1,14.0,0.1,F4,30,9,5.969754342559838
rn14_eta0.1,14.0,0.1,F5,10,0,0.0
rn14_eta0.1,14.0,0.1,F5,10,1,0.0
rn14_eta0.1,14.0,0.1,F5,10,2,0.0
rn14_eta0.1,14.0,0.1,F5,10,3,0.0
rn14_eta0.1,14.0,0.1,F5,10,4,0.0
rn14_eta0.1,14.0,0.1,F5,10,5,0.0
rn14_eta0.1,14.0,0.1,F5,10,6,0.0
rn14_eta0.1,14.0,0.1,F5,10,7,0.0
rn14_eta0.1,14.0,0.1,F5,10,8,0.0
rn14_eta0.1,14.0,0.1,F5,10,9,0.0
rn14_eta0.1,14.0,0.1,F5,30,0,0.0
rn14_eta0.1,14.0,0.1,F5,30,1,0.0
rn14_eta0.1,14.0,0.1,F5,30,2,0.0
rn14_eta0.1,14.0,0.1,F5,30,3,0.0
rn14_eta0.1,14.0,0.1,F5,30,4,0.0
rn14_eta0.1,14.0,0.1,F5,30,5,0.0
rn14_eta0.1,14.0,0.1,F5,30,6,1.8722005279414592e-08
rn14_eta0.1,14.0,0.1,F5,30,7,1.2443774721759837e-07
rn14_eta0.1,14.0,0.1,F5,30,8,0.0
rn14_eta0.1,14.0,0.1,F5,30,9,0.0
rn14_eta0.1,14.0,0.1,F6,10,0,11.692982382407536
rn14_eta0.1,14.0,0.1,F6,10,1,12.307662151086449
rn14_eta0.1,14.0,0.1,F6,10,2,11.692982382407536
rn14_eta0.1,14.0,0.1,F6,10,3,11.037539919760434
rn14_eta0.1,14.0,0.1,F6,10,4,11.037539919760434
rn14_eta0.1,14.0,0.1,F6,10,5,11.529121766745789
rn14_eta0.1,14.0,0.1,F6,10,6,11.20140053542218
rn14_eta0.1,14.0,0.1,F6,10,7,11.365261151083928
rn14_eta0.1,14.0,0.1,F6,10,8,11.037539919760434
rn14_eta0.1,14.0,0.1,F6,10,9,11.365296279774611
rn14_eta0.1,14.0,0.1,F6,30,0,34.931988159478806
rn14_eta0.1,14.0,0.1,F6,30,1,41.47540517214952
rn14_eta0.1,14.0,0.1,F6,30,2,39.09367399223879
rn14_eta0.1,14.0,0.1,F6,30,3,36.670773121957154
rn14_eta0.1,14.0,0.1,F6,30,4,39.90131075912461
rn14_eta0.1,14.0,0.1,F6,30,5,38.24486989257605
rn14_eta0.1,14.0,0.1,F6,30,6,37.43723548328421
rn14_eta0.1,14.0,0.1,F6,30,7,34.16552579815186
rn14_eta0.1,14.0,0.1,F6,30,8,35.01433225540859
rn14_eta0.1,14.0,0.1,F6,30,9,37.478407531249104
rn14_eta0.1,14.0,0.1,F7,10,0,6.0
rn14_eta0.1,14.0,0.1,F7,10,1,6.000006125303344
rn14_eta0.1,14.0,0.1,F7,10,2,4.000033292521607
rn14_eta0.1,14.0,0.1,F7,10,3,8.000002610915772
rn14_eta0.1,14.0,0.1,F7,10,4,8.000002440801154
rn14_eta0.1,14.0,0.1,F7,10,5,4.0
rn14_eta0.1,14.0,0.1,F7,10,6,6.000000097391194
rn14_eta0.1,14.0,0.1,F7,10,7,8.0
rn14_eta0.1,14.0,0.1,F7,10,8,4.000000000000114
rn14_eta0.1,14.0,0.1,F7,10,9,4.000003116064136
rn14_eta0.1,14.0,0.1,F7,30,0,26.0
rn14_eta0.1,14.0,0.1,F7,30,1,22.000000000000117
rn14_eta0.1,14.0,0.1,F7,30,2,32.00000000106297
rn14_eta0.1,14.0,0.1,F7,30,3,24.0
rn14_eta0.1,14.0,0.1,F7,30,4,32.00000002202569
rn14_eta0.1,14.0,0.1,F7,30,5,18.0
rn14_eta0.1,14.0,0.1,F7,30,6,24.00000000875445
rn14_eta0.1,14.0,0.1,F7,30,7,30.000000000000227
rn14_eta0.1,14.0,0.1,F7,30,8,16.000000000000114
rn14_eta0.1,14.0,0.1,F7,30,9,24.0
rn14_eta0.1,14.0,0.1,F9,10,0,3.664778451847269
rn14_eta0.1,14.0,0.1,F9,10,1,10.252217856830612
rn14_eta0.1,14.0,0.1,F9,10,2,0.1249088821332407
rn14_eta0.1,14.0,0.1,F9,10,3,3.830859118762419
rn14_eta0.1,14.0,0.1,F9,10,4,3.664778451853636
rn14_eta0.1,14.0,0.1,F9,10,5,13.53493410005649
rn14_eta0.1,14.0,0.1,F9,10,6,3.422269439667616
rn14_eta0.1,14.0,0.1,F9,10,7,3.539869569770417
rn14_eta0.1,14.0,0.1,F9,10,8,7.460182356198857
rn14_eta0.1,14.0,0.1,F9,10,9,10.185563017989807
rn14_eta0.1,14.0,0.1,F9,30,0,896.225478597089
rn14_eta0.1,14.0,0.1,F9,30,1,808.0271832153994
rn14_eta0.1,14.0,0.1,F9,30,2,605.6042929266059
rn14_eta0.1,14.0,0.1,F9,30,3,823.3825564214258
rn14_eta0.1,14.0,0.1,F9,30,4,682.0821886631893
rn14_eta0.1,14.0,0.1,F9,30,5,908.8707001145358
rn14_eta0.1,14.0,0.1,F9,30,6,474.34846269217087
rn14_eta0.1,14.0,0.1,F9,30,7,336.62207206152925
rn14_eta0.1,14.0,0.1,F9,30,8,787.6659317580325
rn14_eta0.1,14.0,0.1,F9,30,9,464.8248755069944
rn14_eta0.1,14.0,0.1,F10,10,0,0.0
rn14_eta0.1,14.0,0.1,F10,10,1,0.0
rn14_eta0.1,14.0,0.1,F10,10,2,0.0
rn14_eta0.1,14.0,0.1,F10,10,3,0.0
rn14_eta0.1,14.0,0.1,F10,10,4,0.9949590570932968
rn14_eta0.1,14.0,0.1,F10,10,5,3.701428610430071
rn14_eta0.1,14.0,0.1,F10,10,6,3.701428610430071
rn14_eta0.1,14.0,0.1,F10,10,7,0.0
rn14_eta0.1,14.0,0.1,F10,10,8,0.0
rn14_eta0.1,14.0,0.1,F10,10,9,0.0
rn14_eta0.1,14.0,0.1,F10,30,0,0.0
rn14_eta0.1,14.0,0.1,F10,30,1,2.9848771712800044
rn14_eta0.1,14.0,0.1,F10,30,2,1.9899181141865936
rn14_eta0.1,14.0,0.1,F10,30,3,4.9815801618140085
rn14_eta0.1,14.0,0.1,F10,30,4,0.9949590570934106
rn14_eta0.1,14.0,0.1,F10,30,5,1.9899181141865936
rn14_eta0.1,14.0,0.1,F10,30,6,0.0
rn14_eta0.1,14.0,0.1,F10,30,7,1.9899181141865936
rn14_eta0.1,14.0,0.1,F10,30,8,3.979836228373188
rn14_eta0.1,14.0,0.1,F10,30,9,0.9949590570932968
rn14_eta0.1,14.0,0.1,F11,10,0,217.3478123752186
rn14_eta0.1,14.0,0.1,F11,10,1,0.2081429846455194
rn14_eta0.1,14.0,0.1,F11,10,2,0.2081429846455194
rn14_eta0.1,14.0,0.1,F11,10,3,174.7754566939102
rn14_eta0.1,14.0,0.1,F11,10,4,0.0
rn14_eta0.1,14.0,0.1,F11,10,5,217.3478123752184
rn14_eta0.1,14.0,0.1,F11,10,6,109.88050492509728
rn14_eta0.1,14.0,0.1,F11,10,7,0.0
rn14_eta0.1,14.0,0.1,F11,10,8,0.2081429846455194
rn14_eta0.1,14.0,0.1,F11,10,9,249.69550885932608
rn14_eta0.1,14.0,0.1,F11,30,0,0.0
rn14_eta0.1,14.0,0.1,F11,30,1,0.0
rn14_eta0.1,14.0,0.1,F11,30,2,0.0
rn14_eta0.1,14.0,0.1,F11,30,3,0.0693932123849663
rn14_eta0.1,14.0,0.1,F11,30,4,0.0
rn14_eta0.1,14.0,0.1,F11,30,5,0.0
rn14_eta0.1,14.0,0.1,F11,30,6,0.0
rn14_eta0.1,14.0,0.1,F11,30,7,52.32050897372165
rn14_eta0.1,14.0,0.1,F11,30,8,0.0693932123849663
rn14_eta0.1,14.0,0.1,F11,30,9,0.0
rn14_eta0.1,14.0,0.1,F15,10,0,0.5070336598296308
rn14_eta0.1,14.0,0.1,F15,10,1,0.7275126104209448
rn14_eta0.1,14.0,0.1,F15,10,2,234.036856344384
rn14_eta0.1,14.0,0.1,F15,10,3,1.1966227252362387
rn14_eta0.1,14.0,0.1,F15,10,4,0.7071050741058116
rn14_eta0.1,14.0,0.1,F15,10,5,0.5905108754939192
rn14_eta0.1,14.0,0.1,F15,10,6,0.7094910143862307
rn14_eta0.1,14.0,0.1,F15,10,7,0.5079465431649623
rn14_eta0.1,14.0,0.1,F15,10,8,0.7126189909313325
rn14_eta0.1,14.0,0.1,F15,10,9,0.7069556282033318
rn14_eta0.1,14.0,0.1,F15,30,0,3.283493245090085
rn14_eta0.1,14.0,0.1,F15,30,1,3.155188749824447
rn14_eta0.1,14.0,0.1,F15,30,2,3.268058375286273
rn14_eta0.1,14.0,0.1,F15,30,3,3.4790364573609622
rn14_eta0.1,14.0,0.1,F15,30,4,2.035433029344631
rn14_eta0.1,14.0,0.1,F15,30,5,3.4865708257777897
rn14_eta0.1,14.0,0.1,F15,30,6,2.649651956926164
rn14_eta0.1,14.0,0.1,F15,30,7,2.4379833777281874
rn14_eta0.1,14.0,0.1,F15,30,8,3.0204918499609903
rn14_eta0.1,14.0,0.1,F15,30,9,2.838236684161757
rn14_eta0.2,14.0,0.2,F1,10,0,0.0
rn14_eta0.2,14.0,0.2,F1,10,1,0.0
rn14_eta0.2,14.0,0.2,F1,10,2,0.0
rn14_eta0.2,14.0,0.2,F1,10,3,0.0
rn14_eta0.2,14.0,0.2,F1,10,4,0.0
rn14_eta0.2,14.0,0.2,F1,10,5,0.0
rn14_eta0.2,14.0,0.2,F1,10,6,0.0
rn14_eta0.2,14.0,0.2,F1,10,7,0.0
rn14_eta0.2,14.0,0.2,F1,10,8,0.0
rn14_eta0.2,14.0,0.2,F1,10,9,0.0
rn14_eta0.2,14.0,0.2,F1,30,0,0.0
rn14_eta0.2,14.0,0.2,F1,30,1,0.0
rn14_eta0.2,14.0,0.2,F1,30,2,0.0
rn14_eta0.2,14.0,0.2,F1,30,3,0.0
rn14_eta0.2,14.0,0.2,F1,30,4,0.0
rn14_eta0.2,14.0,0.2,F1,30,5,0.0
rn14_eta0.2,14.0,0.2,F1,30,6,0.0
rn14_eta0.2,14.0,0.2,F1,30,7,0.0
rn14_eta0.2,14.0,0.2,F1,30,8,0.0
rn14_eta0.2,14.0,0.2,F1,30,9,0.0
rn14_eta0.2,14.0,0.2,F3,10,0,3.986579112347158
rn14_eta0.2,14.0,0.2,F3,10,1,3.986579112347158
rn14_eta0.2,14.0,0.2,F3,10,2,3.986579112347158
rn14_eta0.2,14.0,0.2,F3,10,3,3.986579112347158
rn14_eta0.2,14.0,0.2,F3,10,4,3.986579112347158
rn14_eta0.2,14.0,0.2,F3,10,5,3.986579112347158
rn14_eta0.2,14.0,0.2,F3,10,6,3.986579112347158
rn14_eta0.2,14.0,0.2,F3,10,7,3.986579112347158
rn14_eta0.2,14.0,0.2,F3,10,8,3.986579112347158
rn14_eta0.2,14.0,0.2,F3,10,9,3.986579112347158
rn14_eta0.2,14.0,0.2,F3,30,0,31.810711664704968
rn14_eta0.2,14.0,0.2,F3,30,1,31.810711664704968
rn14_eta0.2,14.0,0.2,F3,30,2,31.810711664704968
rn14_eta0.2,14.0,0.2,F3,30,3,31.810711664704968
rn14_eta0.2,14.0,0.2,F3,30,4,31.810711664704968
rn14_eta0.2,14.0,0.2,F3,30,5,31.810711664704968
rn14_eta0.2,14.0,0.2,F3,30,6,31.810711664704968
rn14_eta0.2,14.0,0.2,F3,30,7,31.810711664704968
rn14_eta0.2,14.0,0.2,F3,30,8,31.810711664704968
rn14_eta0.2,14.0,0.2,F3,30,9,31.810711664704968
rn14_eta0.2,14.0,0.2,F4,10,0,2.9848771712798907
rn14_eta0.2,14.0,0.2,F4,10,1,0.9949590570932968
rn14_eta0.2,14.0,0.2,F4,10,2,0.9949590570932968
rn14_eta0.2,14.0,0.2,F4,10,3,0.994960183415003
rn14_eta0.2,14.0,0.2,F4,10,4,1.9899181141865936
rn14_eta0.2,14.0,0.2,F4,10,5,0.0
rn14_eta0.2,14.0,0.2,F4,10,6,0.9949590570932968
rn14_eta0.2,14.0,0.2,F4,10,7,0.9949590570932968
rn14_eta0.2,14.0,0.2,F4,10,8,2.984877171284211
rn14_eta0.2,14.0,0.2,F4,10,9,0.0
rn14_eta0.2,14.0,0.2,F4,30,0,3.979836228373188
rn14_eta0.2,14.0,0.2,F4,30,1,7.959672456746375
rn14_eta0.2,14.0,0.2,F4,30,2,2.984877171279948
rn14_eta0.2,14.0,0.2,F4,30,3,3.979836228373245
rn14_eta0.2,14.0,0.2,F4,30,4,6.964713399653135
rn14_eta0.2,14.0,0.2,F4,30,5,2.9848771712800044
rn14_eta0.2,14.0,0.2,F4,30,6,5.969754342559781
rn14_eta0.2,14.0,0.2,F4,30,7,5.969754342559781
rn14_eta0.2,14.0,0.2,F4,30,8,5.969754342559838
rn14_eta0.2,14.0,0.2,F4,30,9,6.964713399653192
rn14_eta0.2,14.0,0.2,F5,10,0,0.0
rn14_eta0.2,14.0,0.2,F5,10,1,0.0
rn14_eta0.2,14.0,0.2,F5,10,2,0.0
rn14_eta0.2,14.0,0.2,F5,10,3,0.0
rn14_eta0.2,14.0,0.2,F5,10,4,0.0
rn14_eta0.2,14.0,0.2,F5,10,5,0.0
rn14_eta0.2,14.0,0.2,F5,10,6,0.0
rn14_eta0.2,14.0,0.2,F5,10,7,0.0
rn14_eta0.2,14.0,0.2,F5,10,8,0.0
rn14_eta0.2,14.0,0.2,F5,10,9,0.0
rn14_eta0.2,14.0,0.2,F5,30,0,0.0
rn14_eta0.2,14.0,0.2,F5,30,1,1.314494397774979e-07
rn14_eta0.2,14.0,0.2,F5,30,2,0.0
rn14_eta0.2,14.0,0.2,F5,30,3,0.0
rn14_eta0.2,14.0,0.2,F5,30,4,0.0
rn14_eta0.2,14.0,0.2,F5,30,5,0.0
rn14_eta0.2,14.0,0.2,F5,30,6,0.0
rn14_eta0.2,14.0,0.2,F5,30,7,0.0
rn14_eta0.2,14.0,0.2,F5,30,8,0.0
rn14_eta0.2,14.0,0.2,F5,30,9,0.0
rn14_eta0.2,14.0,0.2,F6,10,0,11.3652846552543
rn14_eta0.2,14.0,0.2,F6,10,1,11.037620557811124
rn14_eta0.2,14.0,0.2,F6,10,2,12.471216118072448
rn14_eta0.2,14.0,0.2,F6,10,3,11.365261151083928
rn14_eta0.2,14.0,0.2,F6,10,4,11.529121766745677
rn14_eta0.2,14.0,0.2,F6,10,5,11.20140053542218
rn14_eta0.2,14.0,0.2,F6,10,6,11.692982382407536
rn14_eta0.2,14.0,0.2,F6,10,7,12.471205366975369
rn14_eta0.2,14.0,0.2,F6,10,8,11.20140053542218
rn14_eta0.2,14.0,0.2,F6,10,9,12.30739475774226
rn14_eta0.2,14.0,0.2,F6,30,0,37.39606343531932
rn14_eta0.2,14.0,0.2,F6,30,1,34.84964406354902
rn14_eta0.2,14.0,0.2,F6,30,2,35.01433225540859
rn14_eta0.2,14.0,0.2,F6,30,3,40.70894516841645
rn14_eta0.2,14.0,0.2,F6,30,4,37.39606343531932
rn14_eta0.2,14.0,0.2,F6,30,5,39.17602044576256
rn14_eta0.2,14.0,0.2,F6,30,6,39.98365485505451
rn14_eta0.2,14.0,0.2,F6,30,7,39.134846040204025
rn14_eta0.2,14.0,0.2,F6,30,8,34.08318170222208
rn14_eta0.2,14.0,0.2,F6,30,9,38.20369784461127
rn14_eta0.2,14.0,0.2,F7,10,0,4.000057013405126
rn14_eta0.2,14.0,0.2,F7,10,1,8.000000055354462
rn14_eta0.2,14.0,0.2,F7,10,2,6.0000101340828
rn14_eta0.2,14.0,0.2,F7,10,3,8.0
rn14_eta0.2,14.0,0.2,F7,10,4,6.0
rn14_eta0.2,14.0,0.2,F7,10,5,6.0
rn14_eta0.2,14.0,0.2,F7,10,6,8.000001541535994
rn14_eta0.2,14.0,0.2,F7,10,7,6.4442702508613365
rn14_eta0.2,14.0,0.2,F7,10,8,8.000000630510044
rn14_eta0.2,14.0,0.2,F7,10,9,6.0
rn14_eta0.2,14.0,0.2,F7,30,0,32.0
rn14_eta0.2,14.0,0.2,F7,30,1,22.0
rn14_eta0.2,14.0,0.2,F7,30,2,26.00000000000648
rn14_eta0.2,14.0,0.2,F7,30,3,24.0
rn14_eta0.2,14.0,0.2,F7,30,4,30.000000000000117
rn14_eta0.2,14.0,0.2,F7,30,5,30.0
rn14_eta0.2,14.0,0.2,F7,30,6,30.000000000000227
rn14_eta0.2,14.0,0.2,F7,30,7,26.0
rn14_eta0.2,14.0,0.2,F7,30,8,28.0
rn14_eta0.2,14.0,0.2,F7,30,9,20.000000000000117
rn14_eta0.2,14.0,0.2,F9,10,0,6.896774771203127
rn14_eta0.2,14.0,0.2,F9,10,1,3.539869569770417
rn14_eta0.2,14.0,0.2,F9,10,2,7.03425442979551
rn14_eta0.2,14.0,0.2,F9,10,3,6.954830257462163
rn14_eta0.2,14.0,0.2,F9,10,4,10.249819927105818
rn14_eta0.2,14.0,0.2,F9,10,5,3.593417493972993
rn14_eta0.2,14.0,0.2,F9,10,6,3.421405113329456
rn14_eta0.2,14.0,0.2,F9,10,7,121.9896192936285
rn14_eta0.2,14.0,0.2,F9,10,8,3.6023295535133
rn14_eta0.2,14.0,0.2,F9,10,9,0.317571917836176
rn14_eta0.2,14.0,0.2,F9,30,0,938.7706964573554
rn14_eta0.2,14.0,0.2,F9,30,1,792.9418869403053
rn14_eta0.2,14.0,0.2,F9,30,2,951.464755761208
rn14_eta0.2,14.0,0.2,F9,30,3,466.178266559964
rn14_eta0.2,14.0,0.2,F9,30,4,949.429670197409
rn14_eta0.2,14.0,0.2,F9,30,5,884.3751778203623
rn14_eta0.2,14.0,0.2,F9,30,6,458.42624281686585
rn14_eta0.2,14.0,0.2,F9,30,7,467.9195133030953
rn14_eta0.2,14.0,0.2,F9,30,8,925.1469267722968
rn14_eta0.2,14.0,0.2,F9,30,9,933.2767816548858
rn14_eta0.2,14.0,0.2,F10,10,0,0.0
rn14_eta0.2,14.0,0.2,F10,10,1,4.696387667523368
rn14_eta0.2,14.0,0.2,F10,10,2,0.0
rn14_eta0.2,14.0,0.2,F10,10,3,3.701428610430071
rn14_eta0.2,14.0,0.2,F10,10,4,1.9899181141865936
rn14_eta0.2,14.0,0.2,F10,10,5,0.0
rn14_eta0.2,14.0,0.2,F10,10,6,0.0
rn14_eta0.2,14.0,0.2,F10,10,7,4.696387667523368
rn14_eta0.2,14.0,0.2,F10,10,8,0.0
rn14_eta0.2,14.0,0.2,F10,10,9,0.0
rn14_eta0.2,14.0,0.2,F10,30,0,0.9949590570934106
rn14_eta0.2,14.0,0.2,F10,30,1,0.9949590570934106
rn14_eta0.2,14.0,0.2,F10,30,2,0.0
rn14_eta0.2,14.0,0.2,F10,30,3,0.0
rn14_eta0.2,14.0,0.2,F10,30,4,1.9899181141867075
rn14_eta0.2,14.0,0.2,F10,30,5,0.0
rn14_eta0.2,14.0,0.2,F10,30,6,0.0
rn14_eta0.2,14.0,0.2,F10,30,7,0.9949590570932968
rn14_eta0.2,14.0,0.2,F10,30,8,1.9899181141867075
rn14_eta0.2,14.0,0.2,F10,30,9,0.9949590570932968
rn14_eta0.2,14.0,0.2,F11,10,0,217.1396693905731
rn14_eta0.2,14.0,0.2,F11,10,1,0.2081429846455194
rn14_eta0.2,14.0,0.2,F11,10,2,0.2081429846455194
rn14_eta0.2,14.0,0.2,F11,10,3,0.2081429846455194
rn14_eta0.2,14.0,0.2,F11,10,4,275.9318487675428
rn14_eta0.2,14.0,0.2,F11,10,5,0.0
rn14_eta0.2,14.0,0.2,F11,10,6,0.2081429846455194
rn14_eta0.2,14.0,0.2,F11,10,7,174.7754566939102
rn14_eta0.2,14.0,0.2,F11,10,8,0.2081429846455194
rn14_eta0.2,14.0,0.2,F11,10,9,0.2081429846455194
rn14_eta0.2,14.0,0.2,F11,30,0,0.0
rn14_eta0.2,14.0,0.2,F11,30,1,0.0
rn14_eta0.2,14.0,0.2,F11,30,2,0.0
rn14_eta0.2,14.0,0.2,F11,30,3,0.0693932123849663
rn14_eta0.2,14.0,0.2,F11,30,4,0.0
rn14_eta0.2,14.0,0.2,F11,30,5,0.0693932123849663
rn14_eta0.2,14.0,0.2,F11,30,6,0.0693932123849663
rn14_eta0.2,14.0,0.2,F11,30,7,0.0693932123849663
rn14_eta0.2,14.0,0.2,F11,30,8,0.0693932123849663
rn14_eta0.2,14.0,0.2,F11,30,9,0.0693932123849663
rn14_eta0.2,14.0,0.2,F15,10,0,435.6753482576603
rn14_eta0.2,14.0,0.2,F15,10,1,0.7264008258621288
rn14_eta0.2,14.0,0.2,F15,10,2,435.6346414577242
rn14_eta0.2,14.0,0.2,F15,10,3,233.05945996759192
rn14_eta0.2,14.0,0.2,F15,10,4,1.706362051744691
rn14_eta0.2,14.0,0.2,F15,10,5,1.6969322915999785
rn14_eta0.2,14.0,0.2,F15,10,6,0.4344920458147498
rn14_eta0.2,14.0,0.2,F15,10,7,0.7214024814588811
rn14_eta0.2,14.0,0.2,F15,10,8,0.4322798307225639
rn14_eta0.2,14.0,0.2,F15,10,9,1.168429205139546
rn14_eta0.2,14.0,0.2,F15,30,0,2.684560935522313
rn14_eta0.2,14.0,0.2,F15,30,1,3.5050701718957957
rn14_eta0.2,14.0,0.2,F15,30,2,2.409767519074876
rn14_eta0.2,14.0,0.2,F15,30,3,220.4864785919324
rn14_eta0.2,14.0,0.2,F15,30,4,3.1079172960405685
rn14_eta0.2,14.0,0.2,F15,30,5,3.559743485114496
rn14_eta0.2,14.0,0.2,F15,30,6,2.700316411894619
rn14_eta0.2,14.0,0.2,F15,30,7,3.5298357044327986
rn14_eta0.2,14.0,0.2,F15,30,8,3.1370152410497667
rn14_eta0.2,14.0,0.2,F15,30,9,3.34846282366766
rn18_eta0.1,18.0,0.1,F1,10,0,0.0
rn18_eta0.1,18.0,0.1,F1,10,1,0.0
rn18_eta0.1,18.0,0.1,F1,10,2,0.0
rn18_eta0.1,18.0,0.1,F1,10,3,0.0
rn18_eta0.1,18.0,0.1,F1,10,4,0.0
rn18_eta0.1,18.0,0.1,F1,10,5,0.0
rn18_eta0.1,18.0,0.1,F1,10,6,0.0
rn18_eta0.1,18.0,0.1,F1,10,7,0.0
rn18_eta0.1,18.0,0.1,F1,10,8,0.0
rn18_eta0.1,18.0,0.1,F1,10,9,0.0
rn18_eta0.1,18.0,0.1,F1,30,0,0.0
rn18_eta0.1,18.0,0.1,F1,30,1,0.0
rn18_eta0.1,18.0,0.1,F1,30,2,0.0
rn18_eta0.1,18.0,0.1,F1,30,3,0.0
rn18_eta0.1,18.0,0.1,F1,30,4,0.0
rn18_eta0.1,18.0,0.1,F1,30,5,0.0
rn18_eta0.1,18.0,0.1,F1,30,6,0.0
rn18_eta0.1,18.0,0.1,F1,30,7,0.0
rn18_eta0.1,18.0,0.1,F1,30,8,0.0
rn18_eta0.1,18.0,0.1,F1,30,9,0.0
rn18_eta0.1,18.0,0.1,F3,10,0,3.986579112347158
rn18_eta0.1,18.0,0.1,F3,10,1,3.986579112347158
rn18_eta0.1,18.0,0.1,F3,10,2,3.986579112347158
rn18_eta0.1,18.0,0.1,F3,10,3,3.986579112347158
rn18_eta0.1,18.0,0.1,F3,10,4,3.986579112347158
rn18_eta0.1,18.0,0.1,F3,10,5,3.986579112347158
rn18_eta0.1,18.0,0.1,F3,10,6,3.986579112347158
rn18_eta0.1,18.0,0.1,F3,10,7,3.986579112347158
rn18_eta0.1,18.0,0.1,F3,10,8,3.986579112347158
rn18_eta0.1,18.0,0.1,F3,10,9,3.986579112347158
rn18_eta0.1,18.0,0.1,F3,30,0,31.810711664704968
rn18_eta0.1,18.0,0.1,F3,30,1,31.810711664704968
rn18_eta0.1,18.0,0.1,F3,30,2,31.810711664704968
rn18_eta0.1,18.0,0.1,F3,30,3,31.810711664704968
rn18_eta0.1,18.0,0.1,F3,30,4,31.810711664704968
rn18_eta0.1,18.0,0.1,F3,30,5,31.810711664704968
rn18_eta0.1,18.0,0.1,F3,30,6,31.810711664704968
rn18_eta0.1,18.0,0.1,F3,30,7,31.810711664704968
rn18_eta0.1,18.0,0.1,F3,30,8,31.810711664704968
rn18_eta0.1,18.0,0.1,F3,30,9,31.810711664704968
rn18_eta0.1,18.0,0.1,F4,10,0,0.0
rn18_eta0.1,18.0,0.1,F4,10,1,0.0
rn18_eta0.1,18.0,0.1,F4,10,2,0.0
rn18_eta0.1,18.0,0.1,F4,10,3,1.9899181141865936
rn18_eta0.1,18.0,0.1,F4,10,4,1.989918114186992
rn18_eta0.1,18.0,0.1,F4,10,5,0.9949590570932968
rn18_eta0.1,18.0,0.1,F4,10,6,0.9949590570932968
rn18_eta0.1,18.0,0.1,F4,10,7,0.0
rn18_eta0.1,18.0,0.1,F4,10,8,0.0
rn18_eta0.1,18.0,0.1,F4,10,9,0.9949590570932968
rn18_eta0.1,18.0,0.1,F4,30,0,6.964713399653135
rn18_eta0.1,18.0,0.1,F4,30,1,4.9747952854664845
rn18_eta0.1,18.0,0.1,F4,30,2,3.979836228373188
rn18_eta0.1,18.0,0.1,F4,30,3,3.979836228373188
rn18_eta0.1,18.0,0.1,F4,30,4,6.964713399653192
rn18_eta0.1,18.0,0.1,F4,30,5,3.979836228373245
rn18_eta0.1,18.0,0.1,F4,30,6,7.959672456746432
rn18_eta0.1,18.0,0.1,F4,30,7,6.964713399653078
rn18_eta0.1,18.0,0.1,F4,30,8,3.979836228373188
rn18_eta0.1,18.0,0.1,F4,30,9,5.969754342559838
rn18_eta0.1,18.0,0.1,F5,10,0,0.0
rn18_eta0.1,18.0,0.1,F5,10,1,0.0
rn18_eta0.1,18.0,0.1,F5,10,2,0.0
rn18_eta0.1,18.0,0.1,F5,10,3,0.0
rn18_eta0.1,18.0,0.1,F5,10,4,0.0
rn18_eta0.1,18.0,0.1,F5,10,5,0.0
rn18_eta0.1,18.0,0.1,F5,10,6,0.0
rn18_eta0.1,18.0,0.1,F5,10,7,0.0
rn18_eta0.1,18.0,0.1,F5,10,8,0.0
rn18_eta0.1,18.0,0.1,F5,10,9,0.0
rn18_eta0.1,18.0,0.1,F5,30,0,0.0
rn18_eta0.1,18.0,0.1,F5,30,1,0.0
rn18_eta0.1,18.0,0.1,F5,30,2,0.0
rn18_eta0.1,18.0,0.1,F5,30,3,0.0
rn18_eta0.1,18.0,0.1,F5,30,4,0.0
rn18_eta0.1,18.0,0.1,F5,30,5,0.0
rn18_eta0.1,18.0,0.1,F5,30,6,0.0
rn18_eta0.1,18.0,0.1,F5,30,7,0.0
rn18_eta0.1,18.0,0.1,F5,30,8,0.0
rn18_eta0.1,18.0,0.1,F5,30,9,0.0
rn18_eta0.1,18.0,0.1,F6,10,0,12.020704611965584
rn18_eta0.1,18.0,0.1,F6,10,1,11.365261151083928
rn18_eta0.1,18.0,0.1,F6,10,2,11.529121766745789
rn18_eta0.1,18.0,0.1,F6,10,3,11.037539919760434
rn18_eta0.1,18.0,0.1,F6,10,4,10.873679304147233
rn18_eta0.1,18.0,0.1,F6,10,5,11.20140053544685
rn18_eta0.1,18.0,0.1,F6,10,6,12.307344751313964
rn18_eta0.1,18.0,0.1,F6,10,7,11.20196968253913
rn18_eta0.1,18.0,0.1,F6,10,8,11.365261151083928
rn18_eta0.1,18.0,0.1,F6,10,9,13.577149582867037
rn18_eta0.1,18.0,0.1,F6,30,0,36.54725697806259
rn18_eta0.1,18.0,0.1,F6,30,1,36.711945169922274
rn18_eta0.1,18.0,0.1,F6,30,2,36.62960107399249
rn18_eta0.1,18.0,0.1,F6,30,3,35.698450520805864
rn18_eta0.1,18.0,0.1,F6,30,4,37.35489138735443
rn18_eta0.1,18.0,0.1,F6,30,5,34.12435375018697
rn18_eta0.1,18.0,0.1,F6,30,6,36.62960107399226
rn18_eta0.1,18.0,0.1,F6,30,7,34.9731602074437
rn18_eta0.1,18.0,0.1,F6,30,8,38.24486989257616
rn18_eta0.1,18.0,0.1,F6,30,9,35.73962256877076
rn18_eta0.1,18.0,0.1,F7,10,0,4.000594108832161
rn18_eta0.1,18.0,0.1,F7,10,1,6.000316427985922
rn18_eta0.1,18.0,0.1,F7,10,2,6.0
rn18_eta0.1,18.0,0.1,F7,10,3,6.00000016727563
rn18_eta0.1,18.0,0.1,F7,10,4,6.000004343023306
rn18_eta0.1,18.0,0.1,F7,10,5,4.0
rn18_eta0.1,18.0,0.1,F7,10,6,4.0
rn18_eta0.1,18.0,0.1,F7,10,7,6.000000000326054
rn18_eta0.1,18.0,0.1,F7,10,8,6.0
rn18_eta0.1,18.0,0.1,F7,10,9,6.0
rn18_eta0.1,18.0,0.1,F7,30,0,26.0
rn18_eta0.1,18.0,0.1,F7,30,1,28.0
rn18_eta0.1,18.0,0.1,F7,30,2,18.000000000000114
rn18_eta0.1,18.0,0.1,F7,30,3,26.00000004305616
rn18_eta0.1,18.0,0.1,F7,30,4,28.000000000000117
rn18_eta0.1,18.0,0.1,F7,30,5,22.0
rn18_eta0.1,18.0,0.1,F7,30,6,22.000000000000117
rn18_eta0.1,18.0,0.1,F7,30,7,24.000000000000117
rn18_eta0.1,18.0,0.1,F7,30,8,28.000000000404498
rn18_eta0.1,18.0,0.1,F7,30,9,26.000000000000227
rn18_eta0.1,18.0,0.1,F9,10,0,0.187363323117097
rn18_eta0.1,18.0,0.1,F9,10,1,3.6742585287911433
rn18_eta0.1,18.0,0.1,F9,10,2,6.832749987478564
rn18_eta0.1,18.0,0.1,F9,10,3,10.85343114704665
rn18_eta0.1,18.0,0.1,F9,10,4,3.664790991426344
rn18_eta0.1,18.0,0.1,F9,10,5,3.727232892886605
rn18_eta0.1,18.0,0.1,F9,10,6,6.894971086308942
rn18_eta0.1,18.0,0.1,F9,10,7,3.7272486247384222
rn18_eta0.1,18.0,0.1,F9,10,8,3.611540130478716
rn18_eta0.1,18.0,0.1,F9,10,9,3.621095882802365
rn18_eta0.1,18.0,0.1,F9,30,0,706.5213115898005
rn18_eta0.1,18.0,0.1,F9,30,1,759.1116202202102
rn18_eta0.1,18.0,0.1,F9,30,2,748.1588783498228
rn18_eta0.1,18.0,0.1,F9,30,3,663.9575172940076
rn18_eta0.1,18.0,0.1,F9,30,4,585.9882480527303
rn18_eta0.1,18.0,0.1,F9,30,5,753.6023305487233
rn18_eta0.1,18.0,0.1,F9,30,6,454.5796991732332
rn18_eta0.1,18.0,0.1,F9,30,7,658.9590305387319
rn18_eta0.1,18.0,0.1,F9,30,8,483.5615155669111
rn18_eta0.1,18.0,0.1,F9,30,9,943.6651338932752
rn18_eta0.1,18.0,0.1,F10,10,0,0.0
rn18_eta0.1,18.0,0.1,F10,10,1,3.701428610430071
rn18_eta0.1,18.0,0.1,F10,10,2,0.0
rn18_eta0.1,18.0,0.1,F10,10,3,0.0
rn18_eta0.1,18.0,0.1,F10,10,4,3.701428610430071
rn18_eta0.1,18.0,0.1,F10,10,5,0.0
rn18_eta0.1,18.0,0.1,F10,10,6,3.701428610430071
rn18_eta0.1,18.0,0.1,F10,10,7,0.0
rn18_eta0.1,18.0,0.1,F10,10,8,0.0
rn18_eta0.1,18.0,0.1,F10,10,9,0.9949590570932968
rn18_eta0.1,18.0,0.1,F10,30,0,0.9949590570932968
rn18_eta0.1,18.0,0.1,F10,30,1,0.9949590570932968
rn18_eta0.1,18.0,0.1,F10,30,2,0.9949590570934106
rn18_eta0.1,18.0,0.1,F10,30,3,4.9747952854664845
rn18_eta0.1,18.0,0.1,F10,30,4,3.986621104720598
rn18_eta0.1,18.0,0.1,F10,30,5,0.9949590570934106
rn18_eta0.1,18.0,0.1,F10,30,6,0.9949590570934106
rn18_eta0.1,18.0,0.1,F10,30,7,0.0
rn18_eta0.1,18.0,0.1,F10,30,8,1.9899181141867075
rn18_eta0.1,18.0,0.1,F10,30,9,0.0
rn18_eta0.1,18.0,0.1,F11,10,0,0.2081429846455194
rn18_eta0.1,18.0,0.1,F11,10,1,0.0
rn18_eta0.1,18.0,0.1,F11,10,2,0.2081429846455194
rn18_eta0.1,18.0,0.1,F11,10,3,0.2081429846455194
rn18_eta0.1,18.0,0.1,F11,10,4,0.2081429846455194
rn18_eta0.1,18.0,0.1,F11,10,5,0.2081429846455194
rn18_eta0.1,18.0,0.1,F11,10,6,218.39770832970223
rn18_eta0.1,18.0,0.1,F11,10,7,0.2081429846455194
rn18_eta0.1,18.0,0.1,F11,10,8,0.2081429846455194
rn18_eta0.1,18.0,0.1,F11,10,9,218.39770832970223
rn18_eta0.1,18.0,0.1,F11,30,0,0.0693932123849663
rn18_eta0.1,18.0,0.1,F11,30,1,0.0
rn18_eta0.1,18.0,0.1,F11,30,2,0.0
rn18_eta0.1,18.0,0.1,F11,30,3,0.0
rn18_eta0.1,18.0,0.1,F11,30,4,0.0
rn18_eta0.1,18.0,0.1,F11,30,5,0.0693932123849663
rn18_eta0.1,18.0,0.1,F11,30,6,0.0
rn18_eta0.1,18.0,0.1,F11,30,7,0.0
rn18_eta0.1,18.0,0.1,F11,30,8,0.0
rn18_eta0.1,18.0,0.1,F11,30,9,12.109996747208696
rn18_eta0.1,18.0,0.1,F15,10,0,1.22697911838236
rn18_eta0.1,18.0,0.1,F15,10,1,0.5001244899829089
rn18_eta0.1,18.0,0.1,F15,10,2,1.3911046782382073
rn18_eta0.1,18.0,0.1,F15,10,3,1.4450305122891225
rn18_eta0.1,18.0,0.1,F15,10,4,435.9748727529718
rn18_eta0.1,18.0,0.1,F15,10,5,233.05785669901752
rn18_eta0.1,18.0,0.1,F15,10,6,435.00676630311
rn18_eta0.1,18.0,0.1,F15,10,7,1.414655188351162
rn18_eta0.1,18.0,0.1,F15,10,8,1.6109305168904484
rn18_eta0.1,18.0,0.1,F15,10,9,1.7053659560529013
rn18_eta0.1,18.0,0.1,F15,30,0,219.65720079689368
rn18_eta0.1,18.0,0.1,F15,30,1,3.006955091547752
rn18_eta0.1,18.0,0.1,F15,30,2,2.5789043522042903
rn18_eta0.1,18.0,0.1,F15,30,3,3.3779993641505826
rn18_eta0.1,18.0,0.1,F15,30,4,3.2131058100712835
rn18_eta0.1,18.0,0.1,F15,30,5,2.747800170951905
rn18_eta0.1,18.0,0.1,F15,30,6,3.3446926590472685
rn18_eta0.1,18.0,0.1,F15,30,7,3.3096270778939925
rn18_eta0.1,18.0,0.1,F15,30,8,3.1918109478056067
rn18_eta0.1,18.0,0.1,F15,30,9,3.061348622224159
rn18_eta0.2,18.0,0.2,F1,10,0,0.0
rn18_eta0.2,18.0,0.2,F1,10,1,0.0
rn18_eta0.2,18.0,0.2,F1,10,2,0.0
rn18_eta0.2,18.0,0.2,F1,10,3,0.0
rn18_eta0.2,18.0,0.2,F1,10,4,0.0
rn18_eta0.2,18.0,0.2,F1,10,5,0.0
rn18_eta0.2,18.0,0.2,F1,10,6,0.0
rn18_eta0.2,18.0,0.2,F1,10,7,0.0
rn18_eta0.2,18.0,0.2,F1,10,8,0.0
rn18_eta0.2,18.0,0.2,F1,10,9,0.0
rn18_eta0.2,18.0,0.2,F1,30,0,0.0
rn18_eta0.2,18.0,0.2,F1,30,1,0.0
rn18_eta0.2,18.0,0.2,F1,30,2,0.0
rn18_eta0.2,18.0,0.2,F1,30,3,0.0
rn18_eta0.2,18.0,0.2,F1,30,4,0.0
rn18_eta0.2,18.0,0.2,F1,30,5,0.0
rn18_eta0.2,18.0,0.2,F1,30,6,0.0
rn18_eta0.2,18.0,0.2,F1,30,7,0.0
rn18_eta0.2,18.0,0.2,F1,30,8,0.0
rn18_eta0.2,18.0,0.2,F1,30,9,0.0
rn18_eta0.2,18.0,0.2,F3,10,0,0.0
rn18_eta0.2,18.0,0.2,F3,10,1,3.986579112347158
rn18_eta0.2,18.0,0.2,F3,10,2,3.986579112347158
rn18_eta0.2,18.0,0.2,F3,10,3,3.986579112347158
rn18_eta0.2,18.0,0.2,F3,10,4,3.986579112347158
rn18_eta0.2,18.0,0.2,F3,10,5,3.986579112347158
rn18_eta0.2,18.0,0.2,F3,10,6,3.986579112347158
rn18_eta0.2,18.0,0.2,F3,10,7,3.986579112347158
rn18_eta0.2,18.0,0.2,F3,10,8,3.986579112347158
rn18_eta0.2,18.0,0.2,F3,10,9,0.0
rn18_eta0.2,18.0,0.2,F3,30,0,31.810711664704968
rn18_eta0.2,18.0,0.2,F3,30,1,31.810711664704968
rn18_eta0.2,18.0,0.2,F3,30,2,31.810711664704968
rn18_eta0.2,18.0,0.2,F3,30,3,31.810711664704968
rn18_eta0.2,18.0,0.2,F3,30,4,31.810711664704968
rn18_eta0.2,18.0,0.2,F3,30,5,31.810711664704968
rn18_eta0.2,18.0,0.2,F3,30,6,31.810711664704968
rn18_eta0.2,18.0,0.2,F3,30,7,31.810711664704968
rn18_eta0.2,18.0,0.2,F3,30,8,31.810711664704968
rn18_eta0.2,18.0,0.2,F3,30,9,31.810711664704968
rn18_eta0.2,18.0,0.2,F4,10,0,0.9949590570932968
rn18_eta0.2,18.0,0.2,F4,10,1,0.0
rn18_eta0.2,18.0,0.2,F4,10,2,0.9949590570932968
rn18_eta0.2,18.0,0.2,F4,10,3,0.9949590570932968
rn18_eta0.2,18.0,0.2,F4,10,4,0.9949590570932968
rn18_eta0.2,18.0,0.2,F4,10,5,0.0
rn18_eta0.2,18.0,0.2,F4,10,6,1.9899181141866509
rn18_eta0.2,18.0,0.2,F4,10,7,1.9899181141865936
rn18_eta0.2,18.0,0.2,F4,10,8,0.0
rn18_eta0.2,18.0,0.2,F4,10,9,0.9949590570932968
rn18_eta0.2,18.0,0.2,F4,30,0,3.979836228373245
rn18_eta0.2,18.0,0.2,F4,30,1,4.9747952854664845
rn18_eta0.2,18.0,0.2,F4,30,2,6.964713399653192
rn18_eta0.2,18.0,0.2,F4,30,3,6.964713399653135
rn18_eta0.2,18.0,0.2,F4,30,4,3.979836228373245
rn18_eta0.2,18.0,0.2,F4,30,5,5.969754342559838
rn18_eta0.2,18.0,0.2,F4,30,6,8.95463279675863
rn18_eta0.2,18.0,0.2,F4,30,7,3.979836228373245
rn18_eta0.2,18.0,0.2,F4,30,8,6.964713399653135
rn18_eta0.2,18.0,0.2,F4,30,9,2.984877171279948
rn18_eta0.2,18.0,0.2,F5,10,0,0.0
rn18_eta0.2,18.0,0.2,F5,10,1,0.0
rn18_eta0.2,18.0,0.2,F5,10,2,0.0
rn18_eta0.2,18.0,0.2,F5,10,3,0.0
rn18_eta0.2,18.0,0.2,F5,10,4,0.0
rn18_eta0.2,18.0,0.2,F5,10,5,0.0
rn18_eta0.2,18.0,0.2,F5,10,6,0.0
rn18_eta0.2,18.0,0.2,F5,10,7,0.0
rn18_eta0.2,18.0,0.2,F5,10,8,0.0
rn18_eta0.2,18.0,0.2,F5,10,9,0.0
rn18_eta0.2,18.0,0.2,F5,30,0,0.0
rn18_eta0.2,18.0,0.2,F5,30,1,0.0
rn18_eta0.2,18.0,0.2,F5,30,2,0.0
rn18_eta0.2,18.0,0.2,F5,30,3,0.0
rn18_eta0.2,18.0,0.2,F5,30,4,0.0
rn18_eta0.2,18.0,0.2,F5,30,5,0.0
rn18_eta0.2,18.0,0.2,F5,30,6,0.0
rn18_eta0.2,18.0,0.2,F5,30,7,0.0
rn18_eta0.2,18.0,0.2,F5,30,8,0.0
rn18_eta0.2,18.0,0.2,F5,30,9,1.2443774721759837e-07
rn18_eta0.2,18.0,0.2,F6,10,0,11.692982382407536
rn18_eta0.2,18.0,0.2,F6,10,1,11.365261908489174
rn18_eta0.2,18.0,0.2,F6,10,2,11.037539919760434
rn18_eta0.2,18.0,0.2,F6,10,3,11.529121766745677
rn18_eta0.2,18.0,0.2,F6,10,4,11.365261151084042
rn18_eta0.2,18.0,0.2,F6,10,5,11.037539919760434
rn18_eta0.2,18.0,0.2,F6,10,6,12.02070361373103
rn18_eta0.2,18.0,0.2,F6,10,7,11.365315501543025
rn18_eta0.2,18.0,0.2,F6,10,8,11.365261151084042
rn18_eta0.2,18.0,0.2,F6,10,9,11.20140053550449
rn18_eta0.2,18.0,0.2,F6,30,0,35.01433225540882
rn18_eta0.2,18.0,0.2,F6,30,1,33.357891388860025
rn18_eta0.2,18.0,0.2,F6,30,2,36.58842902602749
rn18_eta0.2,18.0,0.2,F6,30,3,39.011332253904925
rn18_eta0.2,18.0,0.2,F6,30,4,34.97316020744381
rn18_eta0.2,18.0,0.2,F6,30,5,35.780794616735534
rn18_eta0.2,18.0,0.2,F6,30,6,40.83246131231135
rn18_eta0.2,18.0,0.2,F6,30,7,38.28604194054094
rn18_eta0.2,18.0,0.2,F6,30,8,35.73962256877087
rn18_eta0.2,18.0,0.2,F6,30,9,34.9731602074437
rn18_eta0.2,18.0,0.2,F7,10,0,2.0
rn18_eta0.2,18.0,0.2,F7,10,1,6.000045862823299
rn18_eta0.2,18.0,0.2,F7,10,2,4.000066537131602
rn18_eta0.2,18.0,0.2,F7,10,3,6.0
rn18_eta0.2,18.0,0.2,F7,10,4,6.000013483784642
rn18_eta0.2,18.0,0.2,F7,10,5,4.0
rn18_eta0.2,18.0,0.2,F7,10,6,6.0
rn18_eta0.2,18.0,0.2,F7,10,7,6.000035704608536
rn18_eta0.2,18.0,0.2,F7,10,8,8.000105239057348
rn18_eta0.2,18.0,0.2,F7,10,9,6.0
rn18_eta0.2,18.0,0.2,F7,30,0,24.001656749967765
rn18_eta0.2,18.0,0.2,F7,30,1,26.000000000000117
rn18_eta0.2,18.0,0.2,F7,30,2,16.000000000000114
rn18_eta0.2,18.0,0.2,F7,30,3,22.00000018224455
rn18_eta0.2,18.0,0.2,F7,30,4,28.000000000000227
rn18_eta0.2,18.0,0.2,F7,30,5,16.0
rn18_eta0.2,18.0,0.2,F7,30,6,18.0
rn18_eta0.2,18.0,0.2,F7,30,7,24.000000000000117
rn18_eta0.2,18.0,0.2,F7,30,8,24.000000487019637
rn18_eta0.2,18.0,0.2,F7,30,9,26.00000000000034
rn18_eta0.2,18.0,0.2,F9,10,0,3.727232892886605
rn18_eta0.2,18.0,0.2,F9,10,1,3.727232892886605
rn18_eta0.2,18.0,0.2,F9,10,2,10.13330216398208
rn18_eta0.2,18.0,0.2,F9,10,3,6.830319886787947
rn18_eta0.2,18.0,0.2,F9,10,4,0.2516103596781249
rn18_eta0.2,18.0,0.2,F9,10,5,6.892637337682572
rn18_eta0.2,18.0,0.2,F9,10,6,3.539923485599502
rn18_eta0.2,18.0,0.2,F9,10,7,6.955204363206576
rn18_eta0.2,18.0,0.2,F9,10,8,3.727232892886605
rn18_eta0.2,18.0,0.2,F9,10,9,0.3122722051948585
rn18_eta0.2,18.0,0.2,F9,30,0,675.3188731458795
rn18_eta0.2,18.0,0.2,F9,30,1,694.4429577711817
rn18_eta0.2,18.0,0.2,F9,30,2,589.7321582478289
rn18_eta0.2,18.0,0.2,F9,30,3,925.3287778263148
rn18_eta0.2,18.0,0.2,F9,30,4,664.3294695274271
rn18_eta0.2,18.0,0.2,F9,30,5,807.7152561201292
rn18_eta0.2,18.0,0.2,F9,30,6,491.8333420234849
rn18_eta0.2,18.0,0.2,F9,30,7,586.4189097083727
rn18_eta0.2,18.0,0.2,F9,30,8,667.4998979297707
rn18_eta0.2,18.0,0.2,F9,30,9,806.7099733309406
rn18_eta0.2,18.0,0.2,F10,10,0,0.0
rn18_eta0.2,18.0,0.2,F10,10,1,3.701428610430071
rn18_eta0.2,18.0,0.2,F10,10,2,4.696387667523368
rn18_eta0.2,18.0,0.2,F10,10,3,0.9949590570932968
rn18_eta0.2,18.0,0.2,F10,10,4,0.0
rn18_eta0.2,18.0,0.2,F10,10,5,3.701428610430071
rn18_eta0.2,18.0,0.2,F10,10,6,0.0
rn18_eta0.2,18.0,0.2,F10,10,7,0.0
rn18_eta0.2,18.0,0.2,F10,10,8,3.701428610430071
rn18_eta0.2,18.0,0.2,F10,10,9,0.0
rn18_eta0.2,18.0,0.2,F10,30,0,0.9949590570934106
rn18_eta0.2,18.0,0.2,F10,30,1,0.0
rn18_eta0.2,18.0,0.2,F10,30,2,0.9949590570934106
rn18_eta0.2,18.0,0.2,F10,30,3,0.0
rn18_eta0.2,18.0,0.2,F10,30,4,0.0
rn18_eta0.2,18.0,0.2,F10,30,5,0.9949590570932968
rn18_eta0.2,18.0,0.2,F10,30,6,0.9949590570932968
rn18_eta0.2,18.0,0.2,F10,30,7,0.9949590570934106
rn18_eta0.2,18.0,0.2,F10,30,8,0.9949590570932968
rn18_eta0.2,18.0,0.2,F10,30,9,3.986621104720598
rn18_eta0.2,18.0,0.2,F11,10,0,217.3478123752184
rn18_eta0.2,18.0,0.2,F11,10,1,0.2081429846455194
rn18_eta0.2,18.0,0.2,F11,10,2,0.2081429846455194
rn18_eta0.2,18.0,0.2,F11,10,3,217.3478123752184
rn18_eta0.2,18.0,0.2,F11,10,4,217.3478123752184
rn18_eta0.2,18.0,0.2,F11,10,5,0.2081429846455194
rn18_eta0.2,18.0,0.2,F11,10,6,0.2081429846455194
rn18_eta0.2,18.0,0.2,F11,10,7,0.2081429846455194
rn18_eta0.2,18.0,0.2,F11,10,8,0.0
rn18_eta0.2,18.0,0.2,F11,10,9,0.2081429846455194
rn18_eta0.2,18.0,0.2,F11,30,0,52.32050897372165
rn18_eta0.2,18.0,0.2,F11,30,1,0.0
rn18_eta0.2,18.0,0.2,F11,30,2,0.0
rn18_eta0.2,18.0,0.2,F11,30,3,0.0
rn18_eta0.2,18.0,0.2,F11,30,4,0.0693932123849663
rn18_eta0.2,18.0,0.2,F11,30,5,0.0
rn18_eta0.2,18.0,0.2,F11,30,6,0.0
rn18_eta0.2,18.0,0.2,F11,30,7,0.0
rn18_eta0.2,18.0,0.2,F11,30,8,0.0
rn18_eta0.2,18.0,0.2,F11,30,9,0.0693932123849663
rn18_eta0.2,18.0,0.2,F15,10,0,434.5297358471266
rn18_eta0.2,18.0,0.2,F15,10,1,434.7389970793645
rn18_eta0.2,18.0,0.2,F15,10,2,0.5110500576358845
rn18_eta0.2,18.0,0.2,F15,10,3,1.6810518346039771
rn18_eta0.2,18.0,0.2,F15,10,4,233.26937977384296
rn18_eta0.2,18.0,0.2,F15,10,5,435.0067645438824
rn18_eta0.2,18.0,0.2,F15,10,6,1.4426453251510338
rn18_eta0.2,18.0,0.2,F15,10,7,1.4835199442406974
rn18_eta0.2,18.0,0.2,F15,10,8,0.2517315427166977
rn18_eta0.2,18.0,0.2,F15,10,9,1.70775457600962
rn18_eta0.2,18.0,0.2,F15,30,0,3.3288528475554813
rn18_eta0.2,18.0,0.2,F15,30,1,2.7034691400112933
rn18_eta0.2,18.0,0.2,F15,30,2,3.468488246119932
rn18_eta0.2,18.0,0.2,F15,30,3,2.4471627152011024
rn18_eta0.2,18.0,0.2,F15,30,4,2.8569550799836634
rn18_eta0.2,18.0,0.2,F15,30,5,3.435868777630276
rn18_eta0.2,18.0,0.2,F15,30,6,3.273822736047123
rn18_eta0.2,18.0,0.2,F15,30,7,3.3680811917333813
rn18_eta0.2,18.0,0.2,F15,30,8,2.95284807902226
rn18_eta0.2,18.0,0.2,F15,30,9,3.2150844667150977
rn6_eta0.1,6.0,0.1,F1,10,0,0.0
rn6_eta0.1,6.0,0.1,F1,10,1,0.0
rn6_eta0.1,6.0,0.1,F1,10,2,0.0
rn6_eta0.1,6.0,0.1,F1,10,3,0.0
rn6_eta0.1,6.0,0.1,F1,10,4,0.0
rn6_eta0.1,6.0,0.1,F1,10,5,0.0
rn6_eta0.1,6.0,0.1,F1,10,6,0.0
rn6_eta0.1,6.0,0.1,F1,10,7,0.0
rn6_eta0.1,6.0,0.1,F1,10,8,0.0
rn6_eta0.1,6.0,0.1,F1,10,9,0.0
rn6_eta0.1,6.0,0.1,F1,30,0,0.0
rn6_eta0.1,6.0,0.1,F1,30,1,0.0
rn6_eta0.1,6.0,0.1,F1,30,2,0.0
rn6_eta0.1,6.0,0.1,F1,30,3,0.0
rn6_eta0.1,6.0,0.1,F1,30,4,0.0
rn6_eta0.1,6.0,0.1,F1,30,5,0.0
rn6_eta0.1,6.0,0.1,F1,30,6,0.0
rn6_eta0.1,6.0,0.1,F1,30,7,0.0
rn6_eta0.1,6.0,0.1,F1,30,8,0.0
rn6_eta0.1,6.0,0.1,F1,30,9,0.0
rn6_eta0.1,6.0,0.1,F3,10,0,3.986579112347158
rn6_eta0.1,6.0,0.1,F3,10,1,0.0
rn6_eta0.1,6.0,0.1,F3,10,2,0.0
rn6_eta0.1,6.0,0.1,F3,10,3,3.986579112347158
rn6_eta0.1,6.0,0.1,F3,10,4,3.986579112347158
rn6_eta0.1,6.0,0.1,F3,10,5,3.986579112347158
rn6_eta0.1,6.0,0.1,F3,10,6,3.986579112347158
rn6_eta0.1,6.0,0.1,F3,10,7,3.986579112347158
rn6_eta0.1,6.0,0.1,F3,10,8,3.986579112347158
rn6_eta0.1,6.0,0.1,F3,10,9,3.986579112347158
rn6_eta0.1,6.0,0.1,F3,30,0,31.810711664704968
rn6_eta0.1,6.0,0.1,F3,30,1,31.810711664704968
rn6_eta0.1,6.0,0.1,F3,30,2,31.810711664704968
rn6_eta0.1,6.0,0.1,F3,30,3,31.810711664704968
rn6_eta0.1,6.0,0.1,F3,30,4,31.810711664704968
rn6_eta0.1,6.0,0.1,F3,30,5,31.810711664704968
rn6_eta0.1,6.0,0.1,F3,30,6,31.810711664704968
rn6_eta0.1,6.0,0.1,F3,30,7,31.810711664704968
rn6_eta0.1,6.0,0.1,F3,30,8,31.810711664704968
rn6_eta0.1,6.0,0.1,F3,30,9,31.810711664704968
rn6_eta0.1,6.0,0.1,F4,10,0,0.9949590570932968
rn6_eta0.1,6.0,0.1,F4,10,1,2.9848771712798907
rn6_eta0.1,6.0,0.1,F4,10,2,0.9949590570932968
rn6_eta0.1,6.0,0.1,F4,10,3,0.9949590570932968
rn6_eta0.1,6.0,0.1,F4,10,4,2.9848771712798907
rn6_eta0.1,6.0,0.1,F4,10,5,3.979836228373188
rn6_eta0.1,6.0,0.1,F4,10,6,2.9848771712798907
rn6_eta0.1,6.0,0.1,F4,10,7,2.9848771712798907
rn6_eta0.1,6.0,0.1,F4,10,8,2.9848771712798907
rn6_eta0.1,6.0,0.1,F4,10,9,1.9899181141865936
rn6_eta0.1,6.0,0.1,F4,30,0,6.964713399653078
rn6_eta0.1,6.0,0.1,F4,30,1,10.94454962802621
rn6_eta0.1,6.0,0.1,F4,30,2,8.954631513839672
rn6_eta0.1,6.0,0.1,F4,30,3,9.949590570932967
rn6_eta0.1,6.0,0.1,F4,30,4,7.959672456746375
rn6_eta0.1,6.0,0.1,F4,30,5,5.969754342559781
rn6_eta0.1,6.0,0.1,F4,30,6,10.944549628026266
rn6_eta0.1,6.0,0.1,F4,30,7,7.959672456746375
rn6_eta0.1,6.0,0.1,F4,30,8,6.964713399653078
rn6_eta0.1,6.0,0.1,F4,30,9,8.954631513839615
rn6_eta0.1,6.0,0.1,F5,10,0,0.0
rn6_eta0.1,6.0,0.1,F5,10,1,0.0
rn6_eta0.1,6.0,0.1,F5,10,2,0.0
rn6_eta0.1,6.0,0.1,F5,10,3,0.0
rn6_eta0.1,6.0,0.1,F5,10,4,0.0
rn6_eta0.1,6.0,0.1,F5,10,5,0.0
rn6_eta0.1,6.0,0.1,F5,10,6,0.0
rn6_eta0.1,6.0,0.1,F5,10,7,0.0
rn6_eta0.1,6.0,0.1,F5,10,8,0.0
rn6_eta0.1,6.0,0.1,F5,10,9,0.0
rn6_eta0.1,6.0,0.1,F5,30,0,0.0
rn6_eta0.1,6.0,0.1,F5,30,1,0.0
rn6_eta0.1,6.0,0.1,F5,30,2,0.0
rn6_eta0.1,6.0,0.1,F5,30,3,0.0
rn6_eta0.1,6.0,0.1,F5,30,4,0.0
rn6_eta0.1,6.0,0.1,F5,30,5,0.0
rn6_eta0.1,6.0,0.1,F5,30,6,0.0
rn6_eta0.1,6.0,0.1,F5,30,7,0.0
rn6_eta0.1,6.0,0.1,F5,30,8,1.0965095498249866e-08
rn6_eta0.1,6.0,0.1,F5,30,9,0.0
rn6_eta0.1,6.0,0.1,F6,10,0,12.798926598298864
rn6_eta0.1,6.0,0.1,F6,10,1,13.290508229922011
rn6_eta0.1,6.0,0.1,F6,10,2,12.471205366975369
rn6_eta0.1,6.0,0.1,F6,10,3,13.57714958286681
rn6_eta0.1,6.0,0.1,F6,10,4,13.741010198528556
rn6_eta0.1,6.0,0.1,F6,10,5,11.856843885420176
rn6_eta0.1,6.0,0.1,F6,10,6,12.962787213960723
rn6_eta0.1,6.0,0.1,F6,10,7,12.635065982637116
rn6_eta0.1,6.0,0.1,F6,10,8,13.904870598828095
rn6_eta0.1,6.0,0.1,F6,10,9,13.577149582866925
rn6_eta0.1,6.0,0.1,F6,30,0,39.901308401530514
rn6_eta0.1,6.0,0.1,F6,30,1,39.90131075912461
rn6_eta0.1,6.0,0.1,F6,30,2,39.94248032924463
rn6_eta0.1,6.0,0.1,F6,30,3,40.79128678650136
rn6_eta0.1,6.0,0.1,F6,30,4,43.173018086662864
rn6_eta0.1,6.0,0.1,F6,30,5,42.40655808292991
rn6_eta0.1,6.0,0.1,F6,30,6,40.75011485878724
rn6_eta0.1,6.0,0.1,F6,30,7,39.90131075912461
rn6_eta0.1,6.0,0.1,F6,30,8,39.90131075912461
rn6_eta0.1,6.0,0.1,F6,30,9,36.50608493009759
rn6_eta0.1,6.0,0.1,F7,10,0,8.0
rn6_eta0.1,6.0,0.1,F7,10,1,6.0
rn6_eta0.1,6.0,0.1,F7,10,2,10.0
rn6_eta0.1,6.0,0.1,F7,10,3,4.0
rn6_eta0.1,6.0,0.1,F7,10,4,6.0
rn6_eta0.1,6.0,0.1,F7,10,5,6.0
rn6_eta0.1,6.0,0.1,F7,10,6,6.0
rn6_eta0.1,6.0,0.1,F7,10,7,6.0
rn6_eta0.1,6.0,0.1,F7,10,8,10.00000000455907
rn6_eta0.1,6.0,0.1,F7,10,9,6.000004446181606
rn6_eta0.1,6.0,0.1,F7,30,0,32.0
rn6_eta0.1,6.0,0.1,F7,30,1,36.0
rn6_eta0.1,6.0,0.1,F7,30,2,32.0
rn6_eta0.1,6.0,0.1,F7,30,3,32.0
rn6_eta0.1,6.0,0.1,F7,30,4,38.0
rn6_eta0.1,6.0,0.1,F7,30,5,32.0
rn6_eta0.1,6.0,0.1,F7,30,6,36.0
rn6_eta0.1,6.0,0.1,F7,30,7,42.0
rn6_eta0.1,6.0,0.1,F7,30,8,42.0
rn6_eta0.1,6.0,0.1,F7,30,9,20.0
rn6_eta0.1,6.0,0.1,F9,10,0,18.659446554645
rn6_eta0.1,6.0,0.1,F9,10,1,125.26825598982214
rn6_eta0.1,6.0,0.1,F9,10,2,6.8299213753844015
rn6_eta0.1,6.0,0.1,F9,10,3,10.307336504114572
rn6_eta0.1,6.0,0.1,F9,10,4,7.104786741901989
rn6_eta0.1,6.0,0.1,F9,10,5,18.472083231527904
rn6_eta0.1,6.0,0.1,F9,10,6,7.079739139653611
rn6_eta0.1,6.0,0.1,F9,10,7,41.75640694381582
rn6_eta0.1,6.0,0.1,F9,10,8,7.01728529373122
rn6_eta0.1,6.0,0.1,F9,10,9,15.119576984876405
rn6_eta0.1,6.0,0.1,F9,30,0,882.4867620933637
rn6_eta0.1,6.0,0.1,F9,30,1,461.9672422835065
rn6_eta0.1,6.0,0.1,F9,30,2,1234.4424770539065
rn6_eta0.1,6.0,0.1,F9,30,3,991.7903842339912
rn6_eta0.1,6.0,0.1,F9,30,4,1220.5064683181226
rn6_eta0.1,6.0,0.1,F9,30,5,897.5698492503107
rn6_eta0.1,6.0,0.1,F9,30,6,1017.7769976673808
rn6_eta0.1,6.0,0.1,F9,30,7,993.1334079612552
rn6_eta0.1,6.0,0.1,F9,30,8,1246.6468336482358
rn6_eta0.1,6.0,0.1,F9,30,9,1472.493466366579
rn6_eta0.1,6.0,0.1,F10,10,0,0.0
rn6_eta0.1,6.0,0.1,F10,10,1,0.0
rn6_eta0.1,6.0,0.1,F10,10,2,0.0
rn6_eta0.1,6.0,0.1,F10,10,3,0.0
rn6_eta0.1,6.0,0.1,F10,10,4,5.691346724616551
rn6_eta0.1,6.0,0.1,F10,10,5,0.0
rn6_eta0.1,6.0,0.1,F10,10,6,0.9949590570932968
rn6_eta0.1,6.0,0.1,F10,10,7,0.0
rn6_eta0.1,6.0,0.1,F10,10,8,0.0
rn6_eta0.1,6.0,0.1,F10,10,9,0.0
rn6_eta0.1,6.0,0.1,F10,30,0,0.9949590570932968
rn6_eta0.1,6.0,0.1,F10,30,1,2.9848771712798907
rn6_eta0.1,6.0,0.1,F10,30,2,2.9848771712798907
rn6_eta0.1,6.0,0.1,F10,30,3,4.981580161813895
rn6_eta0.1,6.0,0.1,F10,30,4,4.974795285466598
rn6_eta0.1,6.0,0.1,F10,30,5,3.979836228373301
rn6_eta0.1,6.0,0.1,F10,30,6,2.9848771712798907
rn6_eta0.1,6.0,0.1,F10,30,7,0.9949590570934106
rn6_eta0.1,6.0,0.1,F10,30,8,0.0
rn6_eta0.1,6.0,0.1,F10,30,9,1.9899181141867075
rn6_eta0.1,6.0,0.1,F11,10,0,217.3478123752184
rn6_eta0.1,6.0,0.1,F11,10,1,275.9318487675428
rn6_eta0.1,6.0,0.1,F11,10,2,217.1396693905731
rn6_eta0.1,6.0,0.1,F11,10,3,0.0
rn6_eta0.1,6.0,0.1,F11,10,4,0.0
rn6_eta0.1,6.0,0.1,F11,10,5,217.3478123752186
rn6_eta0.1,6.0,0.1,F11,10,6,0.2081429846455194
rn6_eta0.1,6.0,0.1,F11,10,7,0.2081429846455194
rn6_eta0.1,6.0,0.1,F11,10,8,0.0
rn6_eta0.1,6.0,0.1,F11,10,9,0.2081429846455194
rn6_eta0.1,6.0,0.1,F11,30,0,0.0
rn6_eta0.1,6.0,0.1,F11,30,1,0.0693932123851936
rn6_eta0.1,6.0,0.1,F11,30,2,12.054741962877188
rn6_eta0.1,6.0,0.1,F11,30,3,0.0693932123849663
rn6_eta0.1,6.0,0.1,F11,30,4,320.1454123732226
rn6_eta0.1,6.0,0.1,F11,30,5,126.8471970117514
rn6_eta0.1,6.0,0.1,F11,30,6,52.32050897372142
rn6_eta0.1,6.0,0.1,F11,30,7,175.77297329520025
rn6_eta0.1,6.0,0.1,F11,30,8,0.0693932123849663
rn6_eta0.1,6.0,0.1,F11,30,9,0.0
rn6_eta0.1,6.0,0.1,F15,10,0,1.3398349092849458
rn6_eta0.1,6.0,0.1,F15,10,1,1.394849496080269
rn6_eta0.1,6.0,0.1,F15,10,2,435.9847822957763
rn6_eta0.1,6.0,0.1,F15,10,3,0.0354160339352347
rn6_eta0.1,6.0,0.1,F15,10,4,0.5158629244306212
rn6_eta0.1,6.0,0.1,F15,10,5,1.489679982458938
rn6_eta0.1,6.0,0.1,F15,10,6,232.5470048832717
rn6_eta0.1,6.0,0.1,F15,10,7,0.6556573855657462
rn6_eta0.1,6.0,0.1,F15,10,8,1.6970571108408876
rn6_eta0.1,6.0,0.1,F15,10,9,232.54024814593689
rn6_eta0.1,6.0,0.1,F15,30,0,2.8012787038035185
rn6_eta0.1,6.0,0.1,F15,30,1,3.610574182310757
rn6_eta0.1,6.0,0.1,F15,30,2,2.6387819277147173
rn6_eta0.1,6.0,0.1,F15,30,3,3.176922337449696
rn6_eta0.1,6.0,0.1,F15,30,4,224.7872024825024
rn6_eta0.1,6.0,0.1,F15,30,5,220.49283460447555
rn6_eta0.1,6.0,0.1,F15,30,6,2.950422444944252
rn6_eta0.1,6.0,0.1,F15,30,7,3.495481391958265
rn6_eta0.1,6.0,0.1,F15,30,8,3.449657060415348
rn6_eta0.1,6.0,0.1,F15,30,9,3.485189866631345
rn6_eta0.2,6.0,0.2,F1,10,0,0.0
rn6_eta0.2,6.0,0.2,F1,10,1,0.0
rn6_eta0.2,6.0,0.2,F1,10,2,0.0
rn6_eta0.2,6.0,0.2,F1,10,3,0.0
rn6_eta0.2,6.0,0.2,F1,10,4,0.0
rn6_eta0.2,6.0,0.2,F1,10,5,0.0
rn6_eta0.2,6.0,0.2,F1,10,6,0.0
rn6_eta0.2,6.0,0.2,F1,10,7,0.0
rn6_eta0.2,6.0,0.2,F1,10,8,0.0
rn6_eta0.2,6.0,0.2,F1,10,9,0.0
rn6_eta0.2,6.0,0.2,F1,30,0,0.0
rn6_eta0.2,6.0,0.2,F1,30,1,0.0
rn6_eta0.2,6.0,0.2,F1,30,2,0.0
rn6_eta0.2,6.0,0.2,F1,30,3,0.0
rn6_eta0.2,6.0,0.2,F1,30,4,0.0
rn6_eta0.2,6.0,0.2,F1,30,5,0.0
rn6_eta0.2,6.0,0.2,F1,30,6,0.0
rn6_eta0.2,6.0,0.2,F1,30,7,0.0
rn6_eta0.2,6.0,0.2,F1,30,8,0.0
rn6_eta0.2,6.0,0.2,F1,30,9,0.0
rn6_eta0.2,6.0,0.2,F3,10,0,3.986579112347158
rn6_eta0.2,6.0,0.2,F3,10,1,0.0
rn6_eta0.2,6.0,0.2,F3,10,2,3.986579112347158
rn6_eta0.2,6.0,0.2,F3,10,3,3.986579112347158
rn6_eta0.2,6.0,0.2,F3,10,4,3.986579112347158
rn6_eta0.2,6.0,0.2,F3,10,5,3.986579112347158
rn6_eta0.2,6.0,0.2,F3,10,6,3.986579112347158
rn6_eta0.2,6.0,0.2,F3,10,7,3.986579112347158
rn6_eta0.2,6.0,0.2,F3,10,8,3.986579112347158
rn6_eta0.2,6.0,0.2,F3,10,9,3.986579112347158
rn6_eta0.2,6.0,0.2,F3,30,0,31.810711664704968
rn6_eta0.2,6.0,0.2,F3,30,1,31.810711664704968
rn6_eta0.2,6.0,0.2,F3,30,2,31.810711664704968
rn6_eta0.2,6.0,0.2,F3,30,3,31.810711664704968
rn6_eta0.2,6.0,0.2,F3,30,4,31.810711664704968
rn6_eta0.2,6.0,0.2,F3,30,5,31.810711664704968
rn6_eta0.2,6.0,0.2,F3,30,6,31.810711664704968
rn6_eta0.2,6.0,0.2,F3,30,7,31.810711664704968
rn6_eta0.2,6.0,0.2,F3,30,8,31.810711664704968
rn6_eta0.2,6.0,0.2,F3,30,9,31.810711664704968
rn6_eta0.2,6.0,0.2,F4,10,0,2.984877171279948
rn6_eta0.2,6.0,0.2,F4,10,1,3.979836228373188
rn6_eta0.2,6.0,0.2,F4,10,2,0.9949590570932968
rn6_eta0.2,6.0,0.2,F4,10,3,3.979836228373188
rn6_eta0.2,6.0,0.2,F4,10,4,1.9899181141865936
rn6_eta0.2,6.0,0.2,F4,10,5,1.9899181141865936
rn6_eta0.2,6.0,0.2,F4,10,6,3.979836228373188
rn6_eta0.2,6.0,0.2,F4,10,7,2.9848771712798907
rn6_eta0.2,6.0,0.2,F4,10,8,0.9949590570932968
rn6_eta0.2,6.0,0.2,F4,10,9,3.979836233085109
rn6_eta0.2,6.0,0.2,F4,30,0,6.964713399653078
rn6_eta0.2,6.0,0.2,F4,30,1,7.959672456746375
rn6_eta0.2,6.0,0.2,F4,30,2,10.94454962802621
rn6_eta0.2,6.0,0.2,F4,30,3,7.959672456746375
rn6_eta0.2,6.0,0.2,F4,30,4,5.969754342559838
rn6_eta0.2,6.0,0.2,F4,30,5,7.959672456746375
rn6_eta0.2,6.0,0.2,F4,30,6,8.954631513839672
rn6_eta0.2,6.0,0.2,F4,30,7,10.944549628026266
rn6_eta0.2,6.0,0.2,F4,30,8,9.949590570932912
rn6_eta0.2,6.0,0.2,F4,30,9,9.949590570932967
rn6_eta0.2,6.0,0.2,F5,10,0,0.0
rn6_eta0.2,6.0,0.2,F5,10,1,0.0
rn6_eta0.2,6.0,0.2,F5,10,2,0.0
rn6_eta0.2,6.0,0.2,F5,10,3,0.0
rn6_eta0.2,6.0,0.2,F5,10,4,0.0
rn6_eta0.2,6.0,0.2,F5,10,5,0.0
rn6_eta0.2,6.0,0.2,F5,10,6,0.0
rn6_eta0.2,6.0,0.2,F5,10,7,0.0
rn6_eta0.2,6.0,0.2,F5,10,8,0.0
rn6_eta0.2,6.0,0.2,F5,10,9,0.0
rn6_eta0.2,6.0,0.2,F5,30,0,0.0
rn6_eta0.2,6.0,0.2,F5,30,1,3.8923360534681706e-08
rn6_eta0.2,6.0,0.2,F5,30,2,0.0
rn6_eta0.2,6.0,0.2,F5,30,3,0.0
rn6_eta0.2,6.0,0.2,F5,30,4,0.0
rn6_eta0.2,6.0,0.2,F5,30,5,3.8923360534681706e-08
rn6_eta0.2,6.0,0.2,F5,30,6,0.0
rn6_eta0.2,6.0,0.2,F5,30,7,0.0
rn6_eta0.2,6.0,0.2,F5,30,8,0.0
rn6_eta0.2,6.0,0.2,F5,30,9,0.0
rn6_eta0.2,6.0,0.2,F6,10,0,12.635065982637116
rn6_eta0.2,6.0,0.2,F6,10,1,13.741010198528556
rn6_eta0.2,6.0,0.2,F6,10,2,11.529121766745789
rn6_eta0.2,6.0,0.2,F6,10,3,12.798926598298976
rn6_eta0.2,6.0,0.2,F6,10,4,11.856842998069284
rn6_eta0.2,6.0,0.2,F6,10,5,13.741010198528556
rn6_eta0.2,6.0,0.2,F6,10,6,11.856843012105742
rn6_eta0.2,6.0,0.2,F6,10,7,11.692982382407536
rn6_eta0.2,6.0,0.2,F6,10,8,12.471205366975369
rn6_eta0.2,6.0,0.2,F6,10,9,11.365261151083928
rn6_eta0.2,6.0,0.2,F6,30,0,39.90131075912461
rn6_eta0.2,6.0,0.2,F6,30,1,43.17301796641209
rn6_eta0.2,6.0,0.2,F6,30,2,41.59892367363807
rn6_eta0.2,6.0,0.2,F6,30,3,38.32721398850583
rn6_eta0.2,6.0,0.2,F6,30,4,39.01133225390299
rn6_eta0.2,6.0,0.2,F6,30,5,42.28304193903534
rn6_eta0.2,6.0,0.2,F6,30,6,39.13484839779767
rn6_eta0.2,6.0,0.2,F6,30,7,40.70894516841645
rn6_eta0.2,6.0,0.2,F6,30,8,40.70894516841645
rn6_eta0.2,6.0,0.2,F6,30,9,41.59892367363807
rn6_eta0.2,6.0,0.2,F7,10,0,8.0
rn6_eta0.2,6.0,0.2,F7,10,1,6.0
rn6_eta0.2,6.0,0.2,F7,10,2,8.0
rn6_eta0.2,6.0,0.2,F7,10,3,8.0
rn6_eta0.2,6.0,0.2,F7,10,4,6.0
rn6_eta0.2,6.0,0.2,F7,10,5,8.0
rn6_eta0.2,6.0,0.2,F7,10,6,8.0
rn6_eta0.2,6.0,0.2,F7,10,7,6.0
rn6_eta0.2,6.0,0.2,F7,10,8,4.0
rn6_eta0.2,6.0,0.2,F7,10,9,8.000000000020577
rn6_eta0.2,6.0,0.2,F7,30,0,36.0
rn6_eta0.2,6.0,0.2,F7,30,1,28.0
rn6_eta0.2,6.0,0.2,F7,30,2,32.0
rn6_eta0.2,6.0,0.2,F7,30,3,40.0000000000008
rn6_eta0.2,6.0,0.2,F7,30,4,22.0
rn6_eta0.2,6.0,0.2,F7,30,5,40.0
rn6_eta0.2,6.0,0.2,F7,30,6,46.0
rn6_eta0.2,6.0,0.2,F7,30,7,46.0
rn6_eta0.2,6.0,0.2,F7,30,8,32.0
rn6_eta0.2,6.0,0.2,F7,30,9,32.0
rn6_eta0.2,6.0,0.2,F9,10,0,125.90800697522444
rn6_eta0.2,6.0,0.2,F9,10,1,18.53453767256815
rn6_eta0.2,6.0,0.2,F9,10,2,7.017284698500589
rn6_eta0.2,6.0,0.2,F9,10,3,7.018133663145818
rn6_eta0.2,6.0,0.2,F9,10,4,7.017284698500589
rn6_eta0.2,6.0,0.2,F9,10,5,16.824985674305026
rn6_eta0.2,6.0,0.2,F9,10,6,3.6647784518481785
rn6_eta0.2,6.0,0.2,F9,10,7,6.954830257462163
rn6_eta0.2,6.0,0.2,F9,10,8,6.892375816422828
rn6_eta0.2,6.0,0.2,F9,10,9,10.18242762203772
rn6_eta0.2,6.0,0.2,F9,30,0,813.8067191491427
rn6_eta0.2,6.0,0.2,F9,30,1,1018.0485903278968
rn6_eta0.2,6.0,0.2,F9,30,2,990.020677875904
rn6_eta0.2,6.0,0.2,F9,30,3,996.8074492885024
rn6_eta0.2,6.0,0.2,F9,30,4,972.6641574868408
rn6_eta0.2,6.0,0.2,F9,30,5,1183.1996906738932
rn6_eta0.2,6.0,0.2,F9,30,6,1165.2165228353952
rn6_eta0.2,6.0,0.2,F9,30,7,1036.5029804650603
rn6_eta0.2,6.0,0.2,F9,30,8,1234.1378613727102
rn6_eta0.2,6.0,0.2,F9,30,9,596.4575217133133
rn6_eta0.2,6.0,0.2,F10,10,0,0.0
rn6_eta0.2,6.0,0.2,F10,10,1,0.0
rn6_eta0.2,6.0,0.2,F10,10,2,0.0
rn6_eta0.2,6.0,0.2,F10,10,3,0.0
rn6_eta0.2,6.0,0.2,F10,10,4,0.0
rn6_eta0.2,6.0,0.2,F10,10,5,3.701428610430071
rn6_eta0.2,6.0,0.2,F10,10,6,3.701428610430071
rn6_eta0.2,6.0,0.2,F10,10,7,3.979831190554137
rn6_eta0.2,6.0,0.2,F10,10,8,0.0
rn6_eta0.2,6.0,0.2,F10,10,9,3.701428610430071
rn6_eta0.2,6.0,0.2,F10,30,0,2.9848771712800044
rn6_eta0.2,6.0,0.2,F10,30,1,1.9899181141867075
rn6_eta0.2,6.0,0.2,F10,30,2,1.9899181141865936
rn6_eta0.2,6.0,0.2,F10,30,3,5.976539218907305
rn6_eta0.2,6.0,0.2,F10,30,4,0.0
rn6_eta0.2,6.0,0.2,F10,30,5,2.9848771712798907
rn6_eta0.2,6.0,0.2,F10,30,6,3.979836228373188
rn6_eta0.2,6.0,0.2,F10,30,7,1.9899181141865936
rn6_eta0.2,6.0,0.2,F10,30,8,1.9899181141867075
rn6_eta0.2,6.0,0.2,F10,30,9,0.9949590570934106
rn6_eta0.2,6.0,0.2,F11,10,0,0.2081429846455194
rn6_eta0.2,6.0,0.2,F11,10,1,217.3478123752186
rn6_eta0.2,6.0,0.2,F11,10,2,217.1396693905731
rn6_eta0.2,6.0,0.2,F11,10,3,217.1396693905731
rn6_eta0.2,6.0,0.2,F11,10,4,218.39770832970223
rn6_eta0.2,6.0,0.2,F11,10,5,0.2081429846455194
rn6_eta0.2,6.0,0.2,F11,10,6,217.3478123752184
rn6_eta0.2,6.0,0.2,F11,10,7,275.9318487675428
rn6_eta0.2,6.0,0.2,F11,10,8,0.2081429846455194
rn6_eta0.2,6.0,0.2,F11,10,9,0.2081429846455194
rn6_eta0.2,6.0,0.2,F11,30,0,52.32050897372187
rn6_eta0.2,6.0,0.2,F11,30,1,52.32050897372142
rn6_eta0.2,6.0,0.2,F11,30,2,0.0
rn6_eta0.2,6.0,0.2,F11,30,3,0.0693932123849663
rn6_eta0.2,6.0,0.2,F11,30,4,0.0693932123849663
rn6_eta0.2,6.0,0.2,F11,30,5,0.0693932123849663
rn6_eta0.2,6.0,0.2,F11,30,6,30.51083666605723
rn6_eta0.2,6.0,0.2,F11,30,7,52.32050897372142
rn6_eta0.2,6.0,0.2,F11,30,8,12.109996747208696
rn6_eta0.2,6.0,0.2,F11,30,9,0.0
rn6_eta0.2,6.0,0.2,F15,10,0,434.789588248349
rn6_eta0.2,6.0,0.2,F15,10,1,1.707288039636751
rn6_eta0.2,6.0,0.2,F15,10,2,435.0066882260594
rn6_eta0.2,6.0,0.2,F15,10,3,1.1262747862101603
rn6_eta0.2,6.0,0.2,F15,10,4,0.5502473376122907
rn6_eta0.2,6.0,0.2,F15,10,5,1.3142262253545596
rn6_eta0.2,6.0,0.2,F15,10,6,434.6447157597004
rn6_eta0.2,6.0,0.2,F15,10,7,1.4859814109706804
rn6_eta0.2,6.0,0.2,F15,10,8,435.9290012242057
rn6_eta0.2,6.0,0.2,F15,10,9,0.3556797281180479
rn6_eta0.2,6.0,0.2,F15,30,0,3.621985360636245
rn6_eta0.2,6.0,0.2,F15,30,1,3.945019869770931
rn6_eta0.2,6.0,0.2,F15,30,2,3.5624472984945896
rn6_eta0.2,6.0,0.2,F15,30,3,398.1968722782701
rn6_eta0.2,6.0,0.2,F15,30,4,2.947444953320882
rn6_eta0.2,6.0,0.2,F15,30,5,3.47040563582118
rn6_eta0.2,6.0,0.2,F15,30,6,3.616026549412709
rn6_eta0.2,6.0,0.2,F15,30,7,2.4624493242936296
rn6_eta0.2,6.0,0.2,F15,30,8,279.4980615110194
rn6_eta0.2,6.0,0.2,F15,30,9,3.6056571155897927
rn8_eta0.1,8.0,0.1,F1,10,0,0.0
rn8_eta0.1,8.0,0.1,F1,10,1,0.0
rn8_eta0.1,8.0,0.1,F1,10,2,0.0
rn8_eta0.1,8.0,0.1,F1,10,3,0.0
rn8_eta0.1,8.0,0.1,F1,10,4,0.0
rn8_eta0.1,8.0,0.1,F1,10,5,0.0
rn8_eta0.1,8.0,0.1,F1,10,6,0.0
rn8_eta0.1,8.0,0.1,F1,10,7,0.0
rn8_eta0.1,8.0,0.1,F1,10,8,0.0
rn8_eta0.1,8.0,0.1,F1,10,9,0.0
rn8_eta0.1,8.0,0.1,F1,30,0,0.0
rn8_eta0.1,8.0,0.1,F1,30,1,0.0
rn8_eta0.1,8.0,0.1,F1,30,2,0.0
rn8_eta0.1,8.0,0.1,F1,30,3,0.0
rn8_eta0.1,8.0,0.1,F1,30,4,0.0
rn8_eta0.1,8.0,0.1,F1,30,5,0.0
rn8_eta0.1,8.0,0.1,F1,30,6,0.0
rn8_eta0.1,8.0,0.1,F1,30,7,0.0
rn8_eta0.1,8.0,0.1,F1,30,8,0.0
rn8_eta0.1,8.0,0.1,F1,30,9,0.0
rn8_eta0.1,8.0,0.1,F3,10,0,3.986579112347158
rn8_eta0.1,8.0,0.1,F3,10,1,3.986579112347158
rn8_eta0.1,8.0,0.1,F3,10,2,3.986579112347158
rn8_eta0.1,8.0,0.1,F3,10,3,3.986579112347158
rn8_eta0.1,8.0,0.1,F3,10,4,3.986579112347158
rn8_eta0.1,8.0,0.1,F3,10,5,3.986579112347158
rn8_eta0.1,8.0,0.1,F3,10,6,3.986579112347158
rn8_eta0.1,8.0,0.1,F3,10,7,3.986579112347158
rn8_eta0.1,8.0,0.1,F3,10,8,3.986579112347158
rn8_eta0.1,8.0,0.1,F3,10,9,3.986579112347158
rn8_eta0.1,8.0,0.1,F3,30,0,31.810711664704968
rn8_eta0.1,8.0,0.1,F3,30,1,31.810711664704968
rn8_eta0.1,8.0,0.1,F3,30,2,31.810711664704968
rn8_eta0.1,8.0,0.1,F3,30,3,31.810711664704968
rn8_eta0.1,8.0,0.1,F3,30,4,31.810711664704968
rn8_eta0.1,8.0,0.1,F3,30,5,31.810711664704968
rn8_eta0.1,8.0,0.1,F3,30,6,31.810711664704968
rn8_eta0.1,8.0,0.1,F3,30,7,31.810711664704968
rn8_eta0.1,8.0,0.1,F3,30,8,31.810711664704968
rn8_eta0.1,8.0,0.1,F3,30,9,31.810711664704968
rn8_eta0.1,8.0,0.1,F4,10,0,1.9899181141865936
rn8_eta0.1,8.0,0.1,F4,10,1,2.9848771712798907
rn8_eta0.1,8.0,0.1,F4,10,2,2.9848771712798907
rn8_eta0.1,8.0,0.1,F4,10,3,1.9899181141865936
rn8_eta0.1,8.0,0.1,F4,10,4,1.9899181141896636
rn8_eta0.1,8.0,0.1,F4,10,5,1.9899181141865936
rn8_eta0.1,8.0,0.1,F4,10,6,0.9949590570932968
rn8_eta0.1,8.0,0.1,F4,10,7,1.9899181141865936
rn8_eta0.1,8.0,0.1,F4,10,8,1.9899181141865936
rn8_eta0.1,8.0,0.1,F4,10,9,2.9848771712798907
rn8_eta0.1,8.0,0.1,F4,30,0,6.964713399653078
rn8_eta0.1,8.0,0.1,F4,30,1,6.964713399653078
rn8_eta0.1,8.0,0.1,F4,30,2,7.959672456746375
rn8_eta0.1,8.0,0.1,F4,30,3,5.969754342559781
rn8_eta0.1,8.0,0.1,F4,30,4,6.964713399653078
rn8_eta0.1,8.0,0.1,F4,30,5,5.969754342559781
rn8_eta0.1,8.0,0.1,F4,30,6,7.959672456746375
rn8_eta0.1,8.0,0.1,F4,30,7,9.949590570932967
rn8_eta0.1,8.0,0.1,F4,30,8,9.949590570932967
rn8_eta0.1,8.0,0.1,F4,30,9,8.954631513839672
rn8_eta0.1,8.0,0.1,F5,10,0,0.0
rn8_eta0.1,8.0,0.1,F5,10,1,0.0
rn8_eta0.1,8.0,0.1,F5,10,2,0.0
rn8_eta0.1,8.0,0.1,F5,10,3,0.0
rn8_eta0.1,8.0,0.1,F5,10,4,0.0
rn8_eta0.1,8.0,0.1,F5,10,5,0.0
rn8_eta0.1,8.0,0.1,F5,10,6,0.0
rn8_eta0.1,8.0,0.1,F5,10,7,0.0
rn8_eta0.1,8.0,0.1,F5,10,8,0.0
rn8_eta0.1,8.0,0.1,F5,10,9,0.0
rn8_eta0.1,8.0,0.1,F5,30,0,3.8923360534681706e-08
rn8_eta0.1,8.0,0.1,F5,30,1,0.0
rn8_eta0.1,8.0,0.1,F5,30,2,1.0965095498249866e-08
rn8_eta0.1,8.0,0.1,F5,30,3,1.8722005279414592e-08
rn8_eta0.1,8.0,0.1,F5,30,4,0.0
rn8_eta0.1,8.0,0.1,F5,30,5,0.0
rn8_eta0.1,8.0,0.1,F5,30,6,0.0
rn8_eta0.1,8.0,0.1,F5,30,7,0.0
rn8_eta0.1,8.0,0.1,F5,30,8,0.0
rn8_eta0.1,8.0,0.1,F5,30,9,0.0
rn8_eta0.1,8.0,0.1,F6,10,0,13.413288967205062
rn8_eta0.1,8.0,0.1,F6,10,1,12.307344751313622
rn8_eta0.1,8.0,0.1,F6,10,2,13.249428351543315
rn8_eta0.1,8.0,0.1,F6,10,3,11.529128837411122
rn8_eta0.1,8.0,0.1,F6,10,4,13.74101019852867
rn8_eta0.1,8.0,0.1,F6,10,5,13.741010198528556
rn8_eta0.1,8.0,0.1,F6,10,6,13.57714958286681
rn8_eta0.1,8.0,0.1,F6,10,7,13.904878213733696
rn8_eta0.1,8.0,0.1,F6,10,8,11.692982382407536
rn8_eta0.1,8.0,0.1,F6,10,9,11.365261151083928
rn8_eta0.1,8.0,0.1,F6,30,0,39.13484839779767
rn8_eta0.1,8.0,0.1,F6,30,1,40.83245895471714
rn8_eta0.1,8.0,0.1,F6,30,2,39.093676349832776
rn8_eta0.1,8.0,0.1,F6,30,3,40.832461312311125
rn8_eta0.1,8.0,0.1,F6,30,4,39.13484839779767
rn8_eta0.1,8.0,0.1,F6,30,5,40.626601072486665
rn8_eta0.1,8.0,0.1,F6,30,6,38.32721398850583
rn8_eta0.1,8.0,0.1,F6,30,7,39.81896430560073
rn8_eta0.1,8.0,0.1,F6,30,8,37.39606343531932
rn8_eta0.1,8.0,0.1,F6,30,9,41.43423312418452
rn8_eta0.1,8.0,0.1,F7,10,0,8.000000000015348
rn8_eta0.1,8.0,0.1,F7,10,1,6.0
rn8_eta0.1,8.0,0.1,F7,10,2,6.0
rn8_eta0.1,8.0,0.1,F7,10,3,6.0
rn8_eta0.1,8.0,0.1,F7,10,4,8.0
rn8_eta0.1,8.0,0.1,F7,10,5,10.000000000193154
rn8_eta0.1,8.0,0.1,F7,10,6,12.0
rn8_eta0.1,8.0,0.1,F7,10,7,8.0
rn8_eta0.1,8.0,0.1,F7,10,8,4.0
rn8_eta0.1,8.0,0.1,F7,10,9,8.0
rn8_eta0.1,8.0,0.1,F7,30,0,34.0
rn8_eta0.1,8.0,0.1,F7,30,1,26.0
rn8_eta0.1,8.0,0.1,F7,30,2,30.0
rn8_eta0.1,8.0,0.1,F7,30,3,34.0
rn8_eta0.1,8.0,0.1,F7,30,4,24.0
rn8_eta0.1,8.0,0.1,F7,30,5,40.00000000000239
rn8_eta0.1,8.0,0.1,F7,30,6,32.0
rn8_eta0.1,8.0,0.1,F7,30,7,32.0
rn8_eta0.1,8.0,0.1,F7,30,8,30.0
rn8_eta0.1,8.0,0.1,F7,30,9,36.0
rn8_eta0.1,8.0,0.1,F9,10,0,7.017284698500589
rn8_eta0.1,8.0,0.1,F9,10,1,6.893063295780848
rn8_eta0.1,8.0,0.1,F9,10,2,10.313451925424488
rn8_eta0.1,8.0,0.1,F9,10,3,7.017284698500589
rn8_eta0.1,8.0,0.1,F9,10,4,6.892375816422828
rn8_eta0.1,8.0,0.1,F9,10,5,6.767466934345066
rn8_eta0.1,8.0,0.1,F9,10,6,13.47643801041704
rn8_eta0.1,8.0,0.1,F9,10,7,3.7286264685080814
rn8_eta0.1,8.0,0.1,F9,10,8,13.597397046839433
rn8_eta0.1,8.0,0.1,F9,10,9,7.079739139539015
rn8_eta0.1,8.0,0.1,F9,30,0,1257.729674336264
rn8_eta0.1,8.0,0.1,F9,30,1,752.9519497566307
rn8_eta0.1,8.0,0.1,F9,30,2,899.2204768839783
rn8_eta0.1,8.0,0.1,F9,30,3,1029.633960066256
rn8_eta0.1,8.0,0.1,F9,30,4,808.3960734747652
rn8_eta0.1,8.0,0.1,F9,30,5,1042.259470955265
rn8_eta0.1,8.0,0.1,F9,30,6,899.2555420222216
rn8_eta0.1,8.0,0.1,F9,30,7,1028.553794587675
rn8_eta0.1,8.0,0.1,F9,30,8,703.9755279176698
rn8_eta0.1,8.0,0.1,F9,30,9,23.49236511094932
rn8_eta0.1,8.0,0.1,F10,10,0,0.0
rn8_eta0.1,8.0,0.1,F10,10,1,0.0
rn8_eta0.1,8.0,0.1,F10,10,2,0.0
rn8_eta0.1,8.0,0.1,F10,10,3,0.0
rn8_eta0.1,8.0,0.1,F10,10,4,0.0
rn8_eta0.1,8.0,0.1,F10,10,5,0.0
rn8_eta0.1,8.0,0.1,F10,10,6,0.0
rn8_eta0.1,8.0,0.1,F10,10,7,0.0
rn8_eta0.1,8.0,0.1,F10,10,8,0.0
rn8_eta0.1,8.0,0.1,F10,10,9,0.0
rn8_eta0.1,8.0,0.1,F10,30,0,0.9949590570934106
rn8_eta0.1,8.0,0.1,F10,30,1,1.9899181141867075
rn8_eta0.1,8.0,0.1,F10,30,2,3.979836228373188
rn8_eta0.1,8.0,0.1,F10,30,3,0.9949590570934106
rn8_eta0.1,8.0,0.1,F10,30,4,0.0
rn8_eta0.1,8.0,0.1,F10,30,5,1.9899181141865936
rn8_eta0.1,8.0,0.1,F10,30,6,4.981580161813895
rn8_eta0.1,8.0,0.1,F10,30,7,1.9899181141867075
rn8_eta0.1,8.0,0.1,F10,30,8,2.9848771712798907
rn8_eta0.1,8.0,0.1,F10,30,9,1.9899181141865936
rn8_eta0.1,8.0,0.1,F11,10,0,275.9318487675428
rn8_eta0.1,8.0,0.1,F11,10,1,0.0
rn8_eta0.1,8.0,0.1,F11,10,2,217.1396693905731
rn8_eta0.1,8.0,0.1,F11,10,3,217.3478123752184
rn8_eta0.1,8.0,0.1,F11,10,4,217.3478123752184
rn8_eta0.1,8.0,0.1,F11,10,5,0.2081429846455194
rn8_eta0.1,8.0,0.1,F11,10,6,217.3478123752184
rn8_eta0.1,8.0,0.1,F11,10,7,0.0
rn8_eta0.1,8.0,0.1,F11,10,8,217.1396693905731
rn8_eta0.1,8.0,0.1,F11,10,9,217.3478123752184
rn8_eta0.1,8.0,0.1,F11,30,0,0.0
rn8_eta0.1,8.0,0.1,F11,30,1,0.0693932123849663
rn8_eta0.1,8.0,0.1,F11,30,2,52.32050897372142
rn8_eta0.1,8.0,0.1,F11,30,3,0.0
rn8_eta0.1,8.0,0.1,F11,30,4,0.0
rn8_eta0.1,8.0,0.1,F11,30,5,0.0693932123849663
rn8_eta0.1,8.0,0.1,F11,30,6,12.054741962877188
rn8_eta0.1,8.0,0.1,F11,30,7,0.0
rn8_eta0.1,8.0,0.1,F11,30,8,0.0
rn8_eta0.1,8.0,0.1,F11,30,9,0.0
rn8_eta0.1,8.0,0.1,F15,10,0,0.2436722586285213
rn8_eta0.1,8.0,0.1,F15,10,1,1.499085353879991
rn8_eta0.1,8.0,0.1,F15,10,2,1.3454479498798264
rn8_eta0.1,8.0,0.1,F15,10,3,0.6955445763830994
rn8_eta0.1,8.0,0.1,F15,10,4,233.03796732193905
rn8_eta0.1,8.0,0.1,F15,10,5,435.9394132045077
rn8_eta0.1,8.0,0.1,F15,10,6,435.818718054248
rn8_eta0.1,8.0,0.1,F15,10,7,0.4990797405550893
rn8_eta0.1,8.0,0.1,F15,10,8,0.7075540868399912
rn8_eta0.1,8.0,0.1,F15,10,9,435.9087164844516
rn8_eta0.1,8.0,0.1,F15,30,0,2.861423159079777
rn8_eta0.1,8.0,0.1,F15,30,1,220.1531933521228
rn8_eta0.1,8.0,0.1,F15,30,2,3.0473188096475496
rn8_eta0.1,8.0,0.1,F15,30,3,3.5677966242767525
rn8_eta0.1,8.0,0.1,F15,30,4,3.2213907169475533
rn8_eta0.1,8.0,0.1,F15,30,5,3.5482096613163776
rn8_eta0.1,8.0,0.1,F15,30,6,3.338510220215994
rn8_eta0.1,8.0,0.1,F15,30,7,408.6429226325233
rn8_eta0.1,8.0,0.1,F15,30,8,220.3846545842312
rn8_eta0.1,8.0,0.1,F15,30,9,631.0043605679102
rn8_eta0.2,8.0,0.2,F1,10,0,0.0
rn8_eta0.2,8.0,0.2,F1,10,1,0.0
rn8_eta0.2,8.0,0.2,F1,10,2,0.0
rn8_eta0.2,8.0,0.2,F1,10,3,0.0
rn8_eta0.2,8.0,0.2,F1,10,4,0.0
rn8_eta0.2,8.0,0.2,F1,10,5,0.0
rn8_eta0.2,8.0,0.2,F1,10,6,0.0
rn8_eta0.2,8.0,0.2,F1,10,7,0.0
rn8_eta0.2,8.0,0.2,F1,10,8,0.0
rn8_eta0.2,8.0,0.2,F1,10,9,0.0
rn8_eta0.2,8.0,0.2,F1,30,0,0.0
rn8_eta0.2,8.0,0.2,F1,30,1,0.0
rn8_eta0.2,8.0,0.2,F1,30,2,0.0
rn8_eta0.2,8.0,0.2,F1,30,3,0.0
rn8_eta0.2,8.0,0.2,F1,30,4,0.0
rn8_eta0.2,8.0,0.2,F1,30,5,0.0
rn8_eta0.2,8.0,0.2,F1,30,6,0.0
rn8_eta0.2,8.0,0.2,F1,30,7,0.0
rn8_eta0.2,8.0,0.2,F1,30,8,0.0
rn8_eta0.2,8.0,0.2,F1,30,9,0.0
rn8_eta0.2,8.0,0.2,F3,10,0,0.0
rn8_eta0.2,8.0,0.2,F3,10,1,0.0
rn8_eta0.2,8.0,0.2,F3,10,2,3.986579112347158
rn8_eta0.2,8.0,0.2,F3,10,3,3.986579112347158
rn8_eta0.2,8.0,0.2,F3,10,4,0.0
rn8_eta0.2,8.0,0.2,F3,10,5,3.986579112347158
rn8_eta0.2,8.0,0.2,F3,10,6,3.986579112347158
rn8_eta0.2,8.0,0.2,F3,10,7,3.986579112347158
rn8_eta0.2,8.0,0.2,F3,10,8,3.986579112347158
rn8_eta0.2,8.0,0.2,F3,10,9,0.0
rn8_eta0.2,8.0,0.2,F3,30,0,31.810711664704968
rn8_eta0.2,8.0,0.2,F3,30,1,31.810711664704968
rn8_eta0.2,8.0,0.2,F3,30,2,31.810711664704968
rn8_eta0.2,8.0,0.2,F3,30,3,31.810711664704968
rn8_eta0.2,8.0,0.2,F3,30,4,31.810711664704968
rn8_eta0.2,8.0,0.2,F3,30,5,31.810711664704968
rn8_eta0.2,8.0,0.2,F3,30,6,31.810711664704968
rn8_eta0.2,8.0,0.2,F3,30,7,31.810711664704968
rn8_eta0.2,8.0,0.2,F3,30,8,31.810711664704968
rn8_eta0.2,8.0,0.2,F3,30,9,31.810711664704968
rn8_eta0.2,8.0,0.2,F4,10,0,0.9949590570932968
rn8_eta0.2,8.0,0.2,F4,10,1,2.9848771712798907
rn8_eta0.2,8.0,0.2,F4,10,2,1.9899181141865936
rn8_eta0.2,8.0,0.2,F4,10,3,1.9899181141865936
rn8_eta0.2,8.0,0.2,F4,10,4,0.9949590570932968
rn8_eta0.2,8.0,0.2,F4,10,5,0.9949590570932968
rn8_eta0.2,8.0,0.2,F4,10,6,1.989918114189152
rn8_eta0.2,8.0,0.2,F4,10,7,2.9848771712798907
rn8_eta0.2,8.0,0.2,F4,10,8,0.9949590570932968
rn8_eta0.2,8.0,0.2,F4,10,9,2.9848771712798907
rn8_eta0.2,8.0,0.2,F4,30,0,10.94454962802621
rn8_eta0.2,8.0,0.2,F4,30,1,7.959672456746375
rn8_eta0.2,8.0,0.2,F4,30,2,6.964713399653078
rn8_eta0.2,8.0,0.2,F4,30,3,7.959672456746489
rn8_eta0.2,8.0,0.2,F4,30,4,7.959672456746375
rn8_eta0.2,8.0,0.2,F4,30,5,7.959672456746375
rn8_eta0.2,8.0,0.2,F4,30,6,12.934467742212805
rn8_eta0.2,8.0,0.2,F4,30,7,7.959672456746375
rn8_eta0.2,8.0,0.2,F4,30,8,8.954631513839615
rn8_eta0.2,8.0,0.2,F4,30,9,9.949590570932967
rn8_eta0.2,8.0,0.2,F5,10,0,0.0
rn8_eta0.2,8.0,0.2,F5,10,1,0.0
rn8_eta0.2,8.0,0.2,F5,10,2,0.0
rn8_eta0.2,8.0,0.2,F5,10,3,0.0
rn8_eta0.2,8.0,0.2,F5,10,4,0.0
rn8_eta0.2,8.0,0.2,F5,10,5,0.0
rn8_eta0.2,8.0,0.2,F5,10,6,0.0
rn8_eta0.2,8.0,0.2,F5,10,7,0.0
rn8_eta0.2,8.0,0.2,F5,10,8,0.0
rn8_eta0.2,8.0,0.2,F5,10,9,0.0
rn8_eta0.2,8.0,0.2,F5,30,0,0.0
rn8_eta0.2,8.0,0.2,F5,30,1,0.0
rn8_eta0.2,8.0,0.2,F5,30,2,1.8722005279414592e-08
rn8_eta0.2,8.0,0.2,F5,30,3,0.0
rn8_eta0.2,8.0,0.2,F5,30,4,0.0
rn8_eta0.2,8.0,0.2,F5,30,5,4.0402045442533563e-07
rn8_eta0.2,8.0,0.2,F5,30,6,0.0
rn8_eta0.2,8.0,0.2,F5,30,7,0.0
rn8_eta0.2,8.0,0.2,F5,30,8,0.0
rn8_eta0.2,8.0,0.2,F5,30,9,3.343691901136481e-07
rn8_eta0.2,8.0,0.2,F6,10,0,11.692982382407536
rn8_eta0.2,8.0,0.2,F6,10,1,11.85684299806951
rn8_eta0.2,8.0,0.2,F6,10,2,13.904870598828095
rn8_eta0.2,8.0,0.2,F6,10,3,11.692982382409582
rn8_eta0.2,8.0,0.2,F6,10,4,1.9899181141865936
rn8_eta0.2,8.0,0.2,F6,10,5,11.20140053542218
rn8_eta0.2,8.0,0.2,F6,10,6,12.798926382936656
rn8_eta0.2,8.0,0.2,F6,10,7,12.635065982637116
rn8_eta0.2,8.0,0.2,F6,10,8,12.798926598298976
rn8_eta0.2,8.0,0.2,F6,10,9,11.529121766745677
rn8_eta0.2,8.0,0.2,F6,30,0,44.870630880925546
rn8_eta0.2,8.0,0.2,F6,30,1,41.55775162567329
rn8_eta0.2,8.0,0.2,F6,30,2,40.62660107248678
rn8_eta0.2,8.0,0.2,F6,30,3,38.36838603647072
rn8_eta0.2,8.0,0.2,F6,30,4,38.20369784461116
rn8_eta0.2,8.0,0.2,F6,30,5,40.70894516841645
rn8_eta0.2,8.0,0.2,F6,30,6,40.02482690301929
rn8_eta0.2,8.0,0.2,F6,30,7,38.24486989257605
rn8_eta0.2,8.0,0.2,F6,30,8,38.32721398850583
rn8_eta0.2,8.0,0.2,F6,30,9,37.39606343531932
rn8_eta0.2,8.0,0.2,F7,10,0,8.0
rn8_eta0.2,8.0,0.2,F7,10,1,4.0
rn8_eta0.2,8.0,0.2,F7,10,2,6.0
rn8_eta0.2,8.0,0.2,F7,10,3,6.0
rn8_eta0.2,8.0,0.2,F7,10,4,6.0
rn8_eta0.2,8.0,0.2,F7,10,5,8.000000013027716
rn8_eta0.2,8.0,0.2,F7,10,6,6.0
rn8_eta0.2,8.0,0.2,F7,10,7,6.0
rn8_eta0.2,8.0,0.2,F7,10,8,8.000000000000341
rn8_eta0.2,8.0,0.2,F7,10,9,6.000010750837646
rn8_eta0.2,8.0,0.2,F7,30,0,36.0
rn8_eta0.2,8.0,0.2,F7,30,1,40.00000000006776
rn8_eta0.2,8.0,0.2,F7,30,2,36.0
rn8_eta0.2,8.0,0.2,F7,30,3,32.0
rn8_eta0.2,8.0,0.2,F7,30,4,22.0
rn8_eta0.2,8.0,0.2,F7,30,5,30.0
rn8_eta0.2,8.0,0.2,F7,30,6,26.0
rn8_eta0.2,8.0,0.2,F7,30,7,26.000000000000227
rn8_eta0.2,8.0,0.2,F7,30,8,36.000000000000114
rn8_eta0.2,8.0,0.2,F7,30,9,26.0
rn8_eta0.2,8.0,0.2,F9,10,0,0.1873633252944273
rn8_eta0.2,8.0,0.2,F9,10,1,3.789687333925031
rn8_eta0.2,8.0,0.2,F9,10,2,7.07975260969215
rn8_eta0.2,8.0,0.2,F9,10,3,18.47589932109895
rn8_eta0.2,8.0,0.2,F9,10,4,3.602416688538142
rn8_eta0.2,8.0,0.2,F9,10,5,7.017284698500589
rn8_eta0.2,8.0,0.2,F9,10,6,6.892375816424647
rn8_eta0.2,8.0,0.2,F9,10,7,26.824193282057426
rn8_eta0.2,8.0,0.2,F9,10,8,18.596992113605666
rn8_eta0.2,8.0,0.2,F9,10,9,7.079739139539015
rn8_eta0.2,8.0,0.2,F9,30,0,581.569860395759
rn8_eta0.2,8.0,0.2,F9,30,1,1026.5097655739828
rn8_eta0.2,8.0,0.2,F9,30,2,680.9839654819316
rn8_eta0.2,8.0,0.2,F9,30,3,728.8859299664837
rn8_eta0.2,8.0,0.2,F9,30,4,1166.7845514486253
rn8_eta0.2,8.0,0.2,F9,30,5,1121.9834170341455
rn8_eta0.2,8.0,0.2,F9,30,6,690.951935191486
rn8_eta0.2,8.0,0.2,F9,30,7,1056.5116522937878
rn8_eta0.2,8.0,0.2,F9,30,8,924.4967403061146
rn8_eta0.2,8.0,0.2,F9,30,9,888.2697191084535
rn8_eta0.2,8.0,0.2,F10,10,0,3.979831190554137
rn8_eta0.2,8.0,0.2,F10,10,1,3.701428610430071
rn8_eta0.2,8.0,0.2,F10,10,2,0.0
rn8_eta0.2,8.0,0.2,F10,10,3,0.0
rn8_eta0.2,8.0,0.2,F10,10,4,0.0
rn8_eta0.2,8.0,0.2,F10,10,5,0.9949590570932968
rn8_eta0.2,8.0,0.2,F10,10,6,3.979831190554137
rn8_eta0.2,8.0,0.2,F10,10,7,3.701428610430071
rn8_eta0.2,8.0,0.2,F10,10,8,3.701428610430071
rn8_eta0.2,8.0,0.2,F10,10,9,3.701428610430071
rn8_eta0.2,8.0,0.2,F10,30,0,0.9949590570934106
rn8_eta0.2,8.0,0.2,F10,30,1,0.9949590570932968
rn8_eta0.2,8.0,0.2,F10,30,2,1.9899181141865936
rn8_eta0.2,8.0,0.2,F10,30,3,0.9949590570932968
rn8_eta0.2,8.0,0.2,F10,30,4,1.9899181141865936
rn8_eta0.2,8.0,0.2,F10,30,5,1.9899181141865936
rn8_eta0.2,8.0,0.2,F10,30,6,10.944544590207215
rn8_eta0.2,8.0,0.2,F10,30,7,2.9848771712800044
rn8_eta0.2,8.0,0.2,F10,30,8,7.966457333093786
rn8_eta0.2,8.0,0.2,F10,30,9,2.9848771712800044
rn8_eta0.2,8.0,0.2,F11,10,0,0.0
rn8_eta0.2,8.0,0.2,F11,10,1,0.0
rn8_eta0.2,8.0,0.2,F11,10,2,0.2081429846455194
rn8_eta0.2,8.0,0.2,F11,10,3,217.1396693905731
rn8_eta0.2,8.0,0.2,F11,10,4,109.88050492509753
rn8_eta0.2,8.0,0.2,F11,10,5,109.88050492509753
rn8_eta0.2,8.0,0.2,F11,10,6,0.0
rn8_eta0.2,8.0,0.2,F11,10,7,0.2081429846455194
rn8_eta0.2,8.0,0.2,F11,10,8,0.2081429846455194
rn8_eta0.2,8.0,0.2,F11,10,9,0.0
rn8_eta0.2,8.0,0.2,F11,30,0,0.0693932123849663
rn8_eta0.2,8.0,0.2,F11,30,1,0.0693932123849663
rn8_eta0.2,8.0,0.2,F11,30,2,0.0693932123849663
rn8_eta0.2,8.0,0.2,F11,30,3,0.0
rn8_eta0.2,8.0,0.2,F11,30,4,0.0
rn8_eta0.2,8.0,0.2,F11,30,5,0.0
rn8_eta0.2,8.0,0.2,F11,30,6,767.8874637242084
rn8_eta0.2,8.0,0.2,F11,30,7,0.0693932123849663
rn8_eta0.2,8.0,0.2,F11,30,8,0.0
rn8_eta0.2,8.0,0.2,F11,30,9,0.0
rn8_eta0.2,8.0,0.2,F15,10,0,1.6233249758547572
rn8_eta0.2,8.0,0.2,F15,10,1,1.2768011472689975
rn8_eta0.2,8.0,0.2,F15,10,2,0.7219504990689529
rn8_eta0.2,8.0,0.2,F15,10,3,0.3350634552696192
rn8_eta0.2,8.0,0.2,F15,10,4,1.2052521335267556
rn8_eta0.2,8.0,0.2,F15,10,5,435.0015584460525
rn8_eta0.2,8.0,0.2,F15,10,6,0.4064466180041108
rn8_eta0.2,8.0,0.2,F15,10,7,434.9988511915508
rn8_eta0.2,8.0,0.2,F15,10,8,1.4546253476926267
rn8_eta0.2,8.0,0.2,F15,10,9,434.981487539596
rn8_eta0.2,8.0,0.2,F15,30,0,690.1906388940438
rn8_eta0.2,8.0,0.2,F15,30,1,3.288964595121797
rn8_eta0.2,8.0,0.2,F15,30,2,3.380522225682398
rn8_eta0.2,8.0,0.2,F15,30,3,3.251069139802894
rn8_eta0.2,8.0,0.2,F15,30,4,3.2773325552611823
rn8_eta0.2,8.0,0.2,F15,30,5,230.6288064911412
rn8_eta0.2,8.0,0.2,F15,30,6,3.473498205836677
rn8_eta0.2,8.0,0.2,F15,30,7,2.9472837920570782
rn8_eta0.2,8.0,0.2,F15,30,8,2.7350974813709854
rn8_eta0.2,8.0,0.2,F15,30,9,2.8210899000728205
